{
  "trained_at": "2026-07-24T17:41:59+00:00",
  "samples": 54,
  "wins": 17,
  "losses": 37,
  "positive_rate": 0.3148148148148148,
  "milestone": 80,
  "selected_model": "hist_gradient_boosting",
  "selected_validation_score": 0.36010642081877564,
  "selected_metrics": {
    "accuracy": 0.7142857142857143,
    "brier_score": 0.23079110525337196,
    "log_loss": 0.6564397010388914
  },
  "candidate_models": [
    {
      "model_type": "logistic_regression",
      "accuracy": 0.42857142857142855,
      "brier_score": 0.3251462721754195,
      "log_loss": 1.0672419648297318,
      "validation_score": 0.19285714285714284
    },
    {
      "model_type": "random_forest",
      "accuracy": 0.5714285714285714,
      "brier_score": 0.23938091517158946,
      "log_loss": 0.6573327340460311,
      "validation_score": 0.28188375446995884
    },
    {
      "model_type": "hist_gradient_boosting",
      "accuracy": 0.7142857142857143,
      "brier_score": 0.23079110525337196,
      "log_loss": 0.6564397010388914,
      "validation_score": 0.36010642081877564
    }
  ],
  "next_milestone": 80,
  "model_path": "models/football_meta_model.pkl",
  "metadata_path": "models/football_meta_model.json",
  "importance_path": "exports/football_meta_v14_feature_importance.json"
}