{
  "trained_at": "2026-07-21T08:36:18+00:00",
  "samples": 34,
  "wins": 9,
  "losses": 25,
  "positive_rate": 0.2647058823529412,
  "milestone": 50,
  "selected_model": "logistic_regression",
  "selected_validation_score": 0.34881257914229147,
  "selected_metrics": {
    "accuracy": 0.6666666666666666,
    "brier_score": 0.21949213803606785,
    "log_loss": 0.7067574032562391
  },
  "candidate_models": [
    {
      "model_type": "logistic_regression",
      "accuracy": 0.6666666666666666,
      "brier_score": 0.21949213803606785,
      "log_loss": 0.7067574032562391,
      "validation_score": 0.34881257914229147
    },
    {
      "model_type": "random_forest",
      "accuracy": 0.4444444444444444,
      "brier_score": 0.21068456435799615,
      "log_loss": 0.5973040631894744,
      "validation_score": 0.2836455218761615
    },
    {
      "model_type": "hist_gradient_boosting",
      "accuracy": 0.6666666666666666,
      "brier_score": 0.33664726970207665,
      "log_loss": 1.2735541808337367,
      "validation_score": 0.3
    }
  ],
  "next_milestone": 50,
  "model_path": "models/football_meta_model.pkl",
  "metadata_path": "models/football_meta_model.json",
  "importance_path": "exports/football_meta_v14_feature_importance.json"
}