{
  "trained_at": "2026-07-18T13:49:42+00:00",
  "samples": 25,
  "wins": 7,
  "losses": 18,
  "positive_rate": 0.28,
  "milestone": 50,
  "selected_model": "logistic_regression",
  "selected_validation_score": 0.5699762061445021,
  "selected_metrics": {
    "accuracy": 0.8571428571428571,
    "brier_score": 0.15726249824786817,
    "log_loss": 0.5273373762848842
  },
  "candidate_models": [
    {
      "model_type": "logistic_regression",
      "accuracy": 0.8571428571428571,
      "brier_score": 0.15726249824786817,
      "log_loss": 0.5273373762848842,
      "validation_score": 0.5699762061445021
    },
    {
      "model_type": "random_forest",
      "accuracy": 0.8571428571428571,
      "brier_score": 0.18557074719497993,
      "log_loss": 0.5574473478935245,
      "validation_score": 0.5181670801236062
    },
    {
      "model_type": "hist_gradient_boosting",
      "accuracy": 0.7142857142857143,
      "brier_score": 0.20414462081128745,
      "log_loss": 0.5984256704424669,
      "validation_score": 0.41529528233298224
    }
  ],
  "next_milestone": 50,
  "model_path": "models/football_meta_model.pkl",
  "metadata_path": "models/football_meta_model.json",
  "importance_path": "exports/football_meta_v14_feature_importance.json"
}