average_clv_probability,bookmaker,brier_score,bucket,hit_rate,league,log_loss,losses,samples,section,wins
,,0.4837561373586532,,1.0,FIFA World Cup,1.189168921872277,0,1,by_league,1
,Betfair,0.4837561373586532,,1.0,,1.189168921872277,0,1,by_bookmaker,1
,,0.4837561373586532,missing,1.0,,1.189168921872277,0,1,by_confidence,1
,,0.4837561373586532,<0.50,1.0,,1.189168921872277,0,1,by_consensus_safety,1
,,0.4837561373586532,<0.40,1.0,,1.189168921872277,0,1,calibration,1
