{
  "trained_at": "2026-07-20T18:10:07+00:00",
  "samples": 33,
  "wins": 9,
  "losses": 24,
  "positive_rate": 0.2727272727272727,
  "milestone": 50,
  "selected_model": "logistic_regression",
  "selected_validation_score": 0.48202482828585946,
  "selected_metrics": {
    "accuracy": 0.6666666666666666,
    "brier_score": 0.1707837753440066,
    "log_loss": 0.43770445268497293
  },
  "candidate_models": [
    {
      "model_type": "logistic_regression",
      "accuracy": 0.6666666666666666,
      "brier_score": 0.1707837753440066,
      "log_loss": 0.43770445268497293,
      "validation_score": 0.48202482828585946
    },
    {
      "model_type": "random_forest",
      "accuracy": 0.5555555555555556,
      "brier_score": 0.1744485336312255,
      "log_loss": 0.517765303781156,
      "validation_score": 0.40883570158626337
    },
    {
      "model_type": "hist_gradient_boosting",
      "accuracy": 0.6666666666666666,
      "brier_score": 0.3111463345878338,
      "log_loss": 1.0048787473813534,
      "validation_score": 0.3
    }
  ],
  "next_milestone": 50,
  "model_path": "models/football_meta_model.pkl",
  "metadata_path": "models/football_meta_model.json",
  "importance_path": "exports/football_meta_v14_feature_importance.json"
}