{
  "trained_at": "2026-07-19T17:02:58+00:00",
  "samples": 32,
  "wins": 9,
  "losses": 23,
  "positive_rate": 0.28125,
  "milestone": 50,
  "selected_model": "logistic_regression",
  "selected_validation_score": 0.3996822856891386,
  "selected_metrics": {
    "accuracy": 0.625,
    "brier_score": 0.19987839504802227,
    "log_loss": 0.5164512709577883
  },
  "candidate_models": [
    {
      "model_type": "logistic_regression",
      "accuracy": 0.625,
      "brier_score": 0.19987839504802227,
      "log_loss": 0.5164512709577883,
      "validation_score": 0.3996822856891386
    },
    {
      "model_type": "random_forest",
      "accuracy": 0.5,
      "brier_score": 0.2297048275662123,
      "log_loss": 0.6381576590307578,
      "validation_score": 0.26937220642161985
    },
    {
      "model_type": "hist_gradient_boosting",
      "accuracy": 0.5,
      "brier_score": 0.32232363941675574,
      "log_loss": 1.0591524714510778,
      "validation_score": 0.225
    }
  ],
  "next_milestone": 50,
  "model_path": "models/football_meta_model.pkl",
  "metadata_path": "models/football_meta_model.json",
  "importance_path": "exports/football_meta_v14_feature_importance.json"
}