source_hash,sport_key,league,event,home_team,away_team,selection,bookmaker,commence_time,result,target,opening_odds,opening_probability,model_probability,market_probability,consensus_probability,closing_odds,closing_probability,closing_captured_at,closing_bookmaker,closing_is_window,clv_probability,clv_odds_ratio,xg_home,xg_away,xg_difference,elo_home,elo_away,elo_difference,form_home,form_away,form_difference,model_dispersion,consensus_safety,competition_importance,is_international,is_knockout,is_qualification,season_stage,context_reliability,raw_edge,market_overround,bookmaker_count,confidence,risk,has_closing_line,has_xg,has_elo,has_form,training_ready,feature_version,created_at,updated_at
4e388fab28b6586538f1bba9,soccer_spain_la_liga,La Liga,Espanyol vs Levante,Espanyol,Levante,Levante,Betfair,2026-08-16T19:00:00Z,LOST,0,4.2,0.23809523809523808,0.2841072769704242,0.24677271720716495,0.2841072769704242,,,,,0,,,,,,1540.3633427187979,1459.6366572812021,80.72668543759573,1.0,0.0,1.0,0.018892246529522955,0.0,0.0,0.0,0.0,0.0,0.0,0.0,0.19325056327578172,0.0016420361247946325,15,,,0,0,1,1,1,v15,2026-08-20T13:18:47+00:00,2026-08-20T13:18:47+00:00
afa7f779954736288ac690db,soccer_spain_la_liga,La Liga,Real Racing Club de Santander vs Villarreal,Real Racing Club de Santander,Villarreal,Real Racing Club de Santander,Betfair,2026-08-16T19:00:00Z,LOST,0,3.4,0.29411764705882354,0.33815940672761013,0.28838067102983245,0.33815940672761013,,,,,0,,,,,,1493.0691373158681,1506.9308626841319,-13.861725368263706,0.3333333333333333,0.3333333333333333,0.0,0.021592499414196276,0.0,0.0,0.0,0.0,0.0,0.0,0.0,0.1497419828738744,0.020578937581354984,13,,,0,0,1,1,1,v15,2026-08-20T13:18:47+00:00,2026-08-20T13:18:47+00:00
1df092392ed1e7f66fa73f8a,soccer_netherlands_eredivisie,Eredivisie,Go Ahead Eagles vs Willem II,Go Ahead Eagles,Willem II,Willem II,1xBet,2026-08-08T16:45:00Z,LOST,0,4.46,0.2242152466367713,0.278937793095126,0.2396518964589235,0.278937793095126,,,,,0,,,,,,1540.3633427187979,1459.6366572812021,80.72668543759573,1.0,0.0,1.0,0.020584140149147317,0.0,0.0,0.0,0.0,0.0,0.0,0.0,0.24406255720426207,0.029915438470150324,17,,,0,0,1,1,1,v15,2026-08-20T13:18:47+00:00,2026-08-20T13:18:47+00:00
91b999d39069c47bff7f5170,soccer_england_league1,League One,Notts County vs Leicester City,Notts County,Leicester City,Notts County,1xBet,2026-08-15T11:30:00Z,LOST,0,3.44,0.29069767441860467,0.33378634483897157,0.28665897105622534,0.33378634483897157,,,,,0,,,,,,1496.3845703841525,1503.6154296158475,-7.230859231694922,0.3333333333333333,0.3333333333333333,0.0,0.01743600760338012,0.0,0.0,0.0,0.0,0.0,0.0,0.0,0.14822502624606226,0.05718119090212115,11,,,0,0,1,1,1,v15,2026-08-20T13:18:47+00:00,2026-08-20T13:18:47+00:00
703141b85615b7beaeec85de,soccer_england_league1,League One,Barnsley vs Bromley FC,Barnsley,Bromley FC,Bromley FC,Betsson,2026-08-15T14:00:00Z,WON,1,4.15,0.24096385542168672,0.28712537333186683,0.24818628780773233,0.28712537333186683,,,,,0,,,,,,1476.8345703841526,1523.1654296158474,-46.33085923169483,0.0,1.0,-1.0,0.015934556984146378,0.0,0.0,0.0,0.0,0.0,0.0,0.0,0.19157029932724745,0.05708107153890274,11,,,0,0,1,1,1,v15,2026-08-20T13:18:47+00:00,2026-08-20T13:18:47+00:00
53671f4cc5a9191dec53d348,soccer_england_league1,League One,Bradford City vs Peterborough United,Bradford City,Peterborough United,Peterborough United,Marathon Bet,2026-08-15T14:00:00Z,LOST,0,4.25,0.23529411764705882,0.282849154830686,0.2404113450783126,0.282849154830686,,,,,0,,,,,,1517.003537591651,1482.996462408349,34.00707518330182,1.0,0.0,1.0,0.015934556984146378,0.0,0.0,0.0,0.0,0.0,0.0,0.0,0.20210890803041548,0.04054446791621302,11,,,0,0,1,1,1,v15,2026-08-20T13:18:47+00:00,2026-08-20T13:18:47+00:00
f0cdf6a7903681e691a6a067,soccer_england_league2,League Two,Grimsby Town vs Exeter City,Grimsby Town,Exeter City,Exeter City,Nordic Bet,2026-08-15T14:00:00Z,LOST,0,4.25,0.23529411764705882,0.28337763235800434,0.24137221330980044,0.28337763235800434,,,,,0,,,,,,1515.9345703841527,1484.0654296158473,31.869140768305442,1.0,0.0,1.0,0.015934556984146378,0.0,0.0,0.0,0.0,0.0,0.0,0.0,0.20435493752151834,0.05571480781847882,11,,,0,0,1,1,1,v15,2026-08-20T13:18:47+00:00,2026-08-20T13:18:47+00:00
7f5d147b491dad25a101bf55,soccer_spl,Scottish Premiership,Aberdeen vs Hearts,Aberdeen,Hearts,Aberdeen,Tipico,2026-08-01T16:30:00Z,WON,1,4.2,0.23809523809523808,0.31144873896015224,0.2447257885764222,0.31144873896015224,,,,,0,,,,,,1515.9345703841527,1484.0654296158473,31.869140768305442,1.0,0.0,1.0,0.018307098504925998,0.0,0.0,0.0,0.0,0.0,0.0,0.0,0.3080847036326395,0.016717050357853314,13,,,0,0,1,1,1,v15,2026-08-20T13:18:47+00:00,2026-08-20T13:18:47+00:00
c1fee4eb3db22c9cbc1f7ef9,soccer_austria_bundesliga,Austrian Bundesliga,WSG Tirol vs Sturm Graz,WSG Tirol,Sturm Graz,WSG Tirol,Pinnacle,2026-08-01T15:00:00Z,LOST,0,3.56,0.2808988764044944,0.3336344003720113,0.28374650977423216,0.3336344003720113,,,,,0,,,,,,1449.048789510151,1503.6154296158475,-54.56664010569648,0.1111111111111111,0.3333333333333333,-0.2222222222222222,0.01918805732852577,0.0,0.0,0.0,0.0,0.0,0.0,0.0,0.18773846532436034,0.02074043019953642,14,,,0,0,1,1,1,v15,2026-08-20T13:18:47+00:00,2026-08-20T13:18:47+00:00
061d04d6b15bfdc576b8b7f9,soccer_austria_bundesliga,Austrian Bundesliga,Rapid Wien vs Rheindorf Altach,Rapid Wien,Rheindorf Altach,Rheindorf Altach,Tipico,2026-08-02T17:00:00Z,LOST,0,4.4,0.22727272727272727,0.27494249985981234,0.22833792150830945,0.27494249985981234,,,,,0,,,,,,1546.858667415341,1501.1868668491034,45.67180056623761,1.0,0.5,0.5,0.017608385538147232,0.0,0.0,0.0,0.0,0.0,0.0,0.0,0.20974699938317443,0.0346697145536603,14,,,0,0,1,1,1,v15,2026-08-20T13:18:47+00:00,2026-08-20T13:18:47+00:00
2e5f445a2b656ef5e95575c8,soccer_denmark_superliga,Danish Superliga,AC Horsens vs FC Nordsjaelland,AC Horsens,FC Nordsjaelland,AC Horsens,Tipico,2026-07-26T16:00:00Z,LOST,0,3.8,0.2631578947368421,0.32038171420732525,0.25965071674753026,0.32038171420732525,,,,,0,,,,,,1496.3845703841525,1519.317634525591,-22.933064141438535,0.3333333333333333,0.6666666666666666,-0.3333333333333333,0.01918805732852577,0.0,0.0,0.0,0.0,0.0,0.0,0.0,0.217450513987836,0.03487506645401384,19,,,0,0,1,1,1,v15,2026-08-20T13:18:47+00:00,2026-08-20T13:18:47+00:00
df504c0452d29331533aa5d1,soccer_norway_eliteserien,Eliteserien,Sandefjord vs HamKam,Sandefjord,HamKam,HamKam,1xBet,2026-07-12T15:00:00Z,LOST,0,4.01,0.24937655860349128,0.28518000883996175,0.24979696969492682,0.28518000883996175,,,,,0,,,,,,1537.8007046575171,1456.8866052004837,80.91409945703344,0.6444444444444444,0.2,0.44444444444444436,0.019715109376227107,0.0,0.0,0.0,0.0,0.0,0.0,0.0,0.14357183544824648,0.021264428936957458,23,,,0,0,1,1,1,v15,2026-08-20T13:18:47+00:00,2026-08-20T13:18:47+00:00
6ab37b23cff9771f030c2767,soccer_norway_eliteserien,Eliteserien,Sarpsborg FK vs Viking FK,Sarpsborg FK,Viking FK,Sarpsborg FK,Coolbet,2026-07-12T17:15:00Z,WON,1,4.3,0.23255813953488372,0.3095777203443131,0.236726238717719,0.3095777203443131,,,,,0,,,,,,1482.03829667719,1479.8511090463885,2.187187630801418,0.26333333333333336,0.25,0.013333333333333364,0.021423558153955986,0.0,0.0,0.0,0.0,0.0,0.0,0.0,0.3311841974805463,0.017101465061815757,23,,,0,0,1,1,1,v15,2026-08-20T13:18:47+00:00,2026-08-20T13:18:47+00:00
0e08f2d74df2729a0bf3b8b0,soccer_sweden_allsvenskan,Allsvenskan,Västerås SK vs Degerfors IF,Västerås SK,Degerfors IF,Degerfors IF,Unibet (SE),2026-07-12T12:00:00Z,LOST,0,3.9,0.25641025641025644,0.29030500219426614,0.2585489459717207,0.29030500219426614,,,,,0,,,,,,1508.4234846969098,1487.2549878537748,21.168496843135017,0.5022222222222222,0.3333333333333333,0.16888888888888892,0.0192932927799766,0.0,0.0,0.0,0.0,0.0,0.0,0.0,0.1321895085576379,0.014957264957264904,21,,,0,0,1,1,1,v15,2026-08-20T13:18:47+00:00,2026-08-20T13:18:47+00:00
943a0e27354f33a1d60fdc66,soccer_sweden_allsvenskan,Allsvenskan,Malmo FF vs IFK Goteborg,Malmo FF,IFK Goteborg,IFK Goteborg,Unibet (SE),2026-07-12T12:00:00Z,LOST,0,4.4,0.22727272727272727,0.2831023980466463,0.24545330206695742,0.2831023980466463,,,,,0,,,,,,1566.3697024743026,1449.680847644593,116.6888548297095,0.6888888888888889,0.25,0.4388888888888889,0.0192932927799766,0.0,0.0,0.0,0.0,0.0,0.0,0.0,0.2456505514052436,0.0,22,,,0,0,1,1,1,v15,2026-08-20T13:18:47+00:00,2026-08-20T13:18:47+00:00
7e100a08c2216d0202332f8d,soccer_sweden_allsvenskan,Allsvenskan,GAIS vs IF Elfsborg,GAIS,IF Elfsborg,IF Elfsborg,Betfair,2026-07-12T14:30:00Z,LOST,0,4.1,0.24390243902439027,0.28087659938076637,0.24140639540172112,0.28087659938076637,,,,,0,,,,,,1524.3052304298994,1571.8236215336442,-47.51839110374476,0.6,0.8857142857142857,-0.2857142857142857,0.0192932927799766,0.0,0.0,0.0,0.0,0.0,0.0,0.0,0.15159405746114207,0.01561961074156204,21,,,0,0,1,1,1,v15,2026-08-20T13:18:47+00:00,2026-08-20T13:18:47+00:00
cb3e6587200eab33c7d9b566,soccer_sweden_allsvenskan,Allsvenskan,IF Brommapojkarna vs IK Sirius,IF Brommapojkarna,IK Sirius,Draw,Unibet (SE),2026-07-12T14:30:00Z,LOST,0,4.5,0.2222222222222222,0.24842054094098187,0.2282577047146473,0.24842054094098187,,,,,0,,,,,,1419.6760270010195,1547.1802088362838,-127.50418183526426,0.0,0.75,-0.75,0.004341977439501252,0.0,0.0,0.0,0.0,0.0,0.0,0.0,0.11789243423441853,0.0,22,,,0,0,1,1,1,v15,2026-08-20T13:18:47+00:00,2026-08-20T13:18:47+00:00
387fbfb2572dc7caf13fed7a,soccer_sweden_allsvenskan,Allsvenskan,IFK Goteborg vs IF Brommapojkarna,IFK Goteborg,IF Brommapojkarna,IF Brommapojkarna,Unibet (SE),2026-07-17T17:00:00Z,LOST,0,4.5,0.2222222222222222,0.27459963053085956,0.22999372476552696,0.27459963053085956,,,,,0,,,,,,1449.680847644593,1419.6760270010195,30.004820643573566,0.25,0.0,0.25,0.0192932927799766,0.0,0.0,0.0,0.0,0.0,0.0,0.0,0.23569833738886814,0.018976678194555063,9,,,0,0,1,1,1,v15,2026-08-20T13:18:47+00:00,2026-08-20T13:18:47+00:00
ff136dc0d6a69dc82c94091a,soccer_sweden_allsvenskan,Allsvenskan,Mjällby AIF vs Västerås SK,Mjällby AIF,Västerås SK,Västerås SK,Unibet (SE),2026-07-17T17:00:00Z,LOST,0,4.2,0.23809523809523808,0.2862725850194906,0.2512172783812197,0.2862725850194906,,,,,0,,,,,,1473.301286793252,1508.4234846969098,-35.12219790365771,0.3333333333333333,0.5022222222222222,-0.16888888888888892,0.0192932927799766,0.0,0.0,0.0,0.0,0.0,0.0,0.0,0.20234485708186067,0.018668831168831224,12,,,0,0,1,1,1,v15,2026-08-20T13:18:47+00:00,2026-08-20T13:18:47+00:00
17e9d54e50e451ef4650eded,soccer_germany_bundesliga2,2. Bundesliga,VfL Bochum vs Hertha Berlin,VfL Bochum,Hertha Berlin,Draw,Tipico,2026-08-07T18:30:00Z,LOST,0,3.7,0.27027027027027023,0.2916239860960081,0.30629405529082276,0.2916239860960081,,,,,0,,,,,,1476.8345703841526,1523.1654296158474,-46.33085923169483,0.0,1.0,-1.0,0.003933201230692327,0.0,0.0,0.0,0.0,0.0,0.0,0.0,0.07900874855522999,0.07542324933629274,5,,,0,0,1,1,1,v15,2026-08-20T13:18:47+00:00,2026-08-20T13:18:47+00:00
a7029924acd313dc3ecf4ca6,soccer_germany_bundesliga2,2. Bundesliga,Karlsruher SC vs Arminia Bielefeld,Karlsruher SC,Arminia Bielefeld,Draw,Tipico,2026-08-08T11:00:00Z,LOST,0,3.6,0.2777777777777778,0.2973567451110018,0.3167172534999022,0.2973567451110018,,,,,0,,,,,,1515.9345703841527,1526.2059424385973,-10.271372054444555,1.0,0.6666666666666666,0.33333333333333337,0.003933201230692327,0.0,0.0,0.0,0.0,0.0,0.0,0.0,0.07048428239960658,0.051587301587301626,5,,,0,0,1,1,1,v15,2026-08-20T13:18:47+00:00,2026-08-20T13:18:47+00:00
424b50e4126d70375bba44a0,soccer_germany_bundesliga2,2. Bundesliga,SV Darmstadt 98 vs Holstein Kiel,SV Darmstadt 98,Holstein Kiel,Draw,Winamax (DE),2026-08-08T11:00:00Z,WON,1,3.65,0.273972602739726,0.2964521327572267,0.3150725037657656,0.2964521327572267,,,,,0,,,,,,1496.3845703841525,1503.6154296158475,-7.230859231694922,0.3333333333333333,0.3333333333333333,0.0,0.003933201230692327,0.0,0.0,0.0,0.0,0.0,0.0,0.0,0.08205028456387753,0.04870101897757606,5,,,0,0,1,1,1,v15,2026-08-20T13:18:47+00:00,2026-08-20T13:18:47+00:00
23dd8965eb0be580a5f08883,soccer_germany_bundesliga2,2. Bundesliga,1. FC Nürnberg vs Dynamo Dresden,1. FC Nürnberg,Dynamo Dresden,Draw,Tipico,2026-08-09T11:30:00Z,LOST,0,3.7,0.27027027027027023,0.2941221687948212,0.31083620565230113,0.2941221687948212,,,,,0,,,,,,1540.3633427187979,1459.6366572812021,80.72668543759573,1.0,0.0,1.0,0.003933201230692327,0.0,0.0,0.0,0.0,0.0,0.0,0.0,0.08825202454083869,0.030474351902923358,5,,,0,0,1,1,1,v15,2026-08-20T13:18:47+00:00,2026-08-20T13:18:47+00:00
9f46a8f034b2fd1ce899165a,soccer_germany_bundesliga2,2. Bundesliga,FC Energie Cottbus vs Hannover 96,FC Energie Cottbus,Hannover 96,Draw,Winamax (DE),2026-08-09T11:30:00Z,LOST,0,3.65,0.273972602739726,0.2953709691397781,0.3131067517340409,0.2953709691397781,,,,,0,,,,,,1490.23060812675,1467.6288790505,22.601729076249967,0.5,0.0,0.5,0.003933201230692327,0.0,0.0,0.0,0.0,0.0,0.0,0.0,0.07810403736019,0.036923053190176525,5,,,0,0,1,1,1,v15,2026-08-20T13:18:47+00:00,2026-08-20T13:18:47+00:00
5bd3c444110383700f440370,soccer_brazil_campeonato,Brazil Serie A,Botafogo vs Santos,Botafogo,Santos,Santos,Betfair,2026-07-16T22:30:00Z,LOST,0,4.0,0.25,0.2907390211308082,0.2530323690824734,0.2907390211308082,,,,,0,,,,,,1520.5218046289951,1492.7311790856838,27.790625543311307,0.6666666666666666,0.3333333333333333,0.3333333333333333,0.01471714619813586,0.0,0.0,0.0,0.0,0.0,0.0,0.0,0.16295608452323274,0.0016725698543880174,22,,,0,0,1,1,1,v15,2026-08-20T13:18:47+00:00,2026-08-20T13:18:47+00:00
1c41120dba1acbbb8e997bcf,soccer_brazil_campeonato,Brazil Serie A,Fluminense vs Bragantino-SP,Fluminense,Bragantino-SP,Bragantino-SP,Betfair,2026-07-17T23:00:00Z,LOST,0,4.4,0.22727272727272727,0.2793810606263212,0.232381531801588,0.2793810606263212,,,,,0,,,,,,1496.4157773194183,1508.407481147736,-11.991703828317668,0.3333333333333333,0.3333333333333333,0.0,0.01471714619813586,0.0,0.0,0.0,0.0,0.0,0.0,0.0,0.22927666675581326,0.02060122618498239,22,,,0,0,1,1,1,v15,2026-08-20T13:18:47+00:00,2026-08-20T13:18:47+00:00
a1052f8d8edbc83a09b1d35b,soccer_brazil_campeonato,Brazil Serie A,Mirassol vs Grêmio,Mirassol,Grêmio,Grêmio,Betfair,2026-07-17T23:00:00Z,LOST,0,4.1,0.24390243902439027,0.2836595308946259,0.24016056865305113,0.2836595308946259,,,,,0,,,,,,1482.7949135252704,1480.675973962875,2.118939562395326,0.4444444444444444,0.16666666666666666,0.2777777777777778,0.01471714619813586,0.0,0.0,0.0,0.0,0.0,0.0,0.0,0.16300407666796612,0.029649618393490007,22,,,0,0,1,1,1,v15,2026-08-20T13:18:47+00:00,2026-08-20T13:18:47+00:00
0d83cfbba89f955de55fba29,soccer_brazil_campeonato,Brazil Serie A,Coritiba vs Palmeiras,Coritiba,Palmeiras,Coritiba,1xBet,2026-07-22T22:30:00Z,LOST,0,3.7,0.27027027027027023,0.3203338531689859,0.26261457334217814,0.3203338531689859,,,,,0,,,,,,1452.850113436016,1559.5909672896312,-106.74085385361514,0.0,1.0,-1.0,0.01705425077866063,0.0,0.0,0.0,0.0,0.0,0.0,0.0,0.18523525672524777,0.03967479352181602,17,,,0,0,1,1,1,v15,2026-08-20T13:18:47+00:00,2026-08-20T13:18:47+00:00
ea7c8d12e7fe4f84b8846c7f,soccer_brazil_campeonato,Brazil Serie A,Sao Paulo vs Atletico Paranaense,Sao Paulo,Atletico Paranaense,Atletico Paranaense,Unibet (NL),2026-07-23T00:30:00Z,WON,1,4.3,0.23255813953488372,0.2836971575811608,0.24022898081038735,0.2836971575811608,,,,,0,,,,,,1476.8345703841526,1560.3427667951953,-83.50819641104272,0.0,0.7333333333333333,-0.7333333333333333,0.01471714619813586,0.0,0.0,0.0,0.0,0.0,0.0,0.0,0.21989777759899143,0.014480664642487762,19,,,0,0,1,1,1,v15,2026-08-20T13:18:47+00:00,2026-08-20T13:18:47+00:00
6056e5c2a73bfee7a5668c34,soccer_argentina_primera_division,Argentina Primera Division,Sarmiento de Junin vs Argentinos Juniors,Sarmiento de Junin,Argentinos Juniors,Sarmiento de Junin,Pinnacle,2026-07-23T22:30:00Z,LOST,0,4.38,0.22831050228310504,0.2987061702233531,0.22395939485737953,0.2987061702233531,,,,,0,,,,,,1495.5787951999725,1517.3500755679174,-21.771280367944883,0.5,0.6666666666666666,-0.16666666666666663,0.016612681651218972,0.0,0.0,0.0,0.0,0.0,0.0,0.0,0.30833302557828657,0.03694858551135205,10,,,0,0,1,1,1,v15,2026-08-20T13:18:47+00:00,2026-08-20T13:18:47+00:00
233ccc43aff073185fd1c04a,soccer_argentina_primera_division,Argentina Primera Division,Estudiantes de Río Cuarto vs CA Tigre BA,Estudiantes de Río Cuarto,CA Tigre BA,Estudiantes de Río Cuarto,1xBet,2026-07-25T17:45:00Z,WON,1,3.69,0.2710027100271003,0.317366866290003,0.25788793316037945,0.317366866290003,,,,,0,,,,,,1493.4417732963786,1536.5082098204718,-43.066436524093206,0.5,0.75,-0.25,0.016612681651218972,0.0,0.0,0.0,0.0,0.0,0.0,0.0,0.171083736610111,0.04265301280798095,9,,,0,0,1,1,1,v15,2026-08-20T13:18:47+00:00,2026-08-20T13:18:47+00:00
f98b935baac718daf4eb4b81,soccer_argentina_primera_division,Argentina Primera Division,Lanus vs San Lorenzo,Lanus,San Lorenzo,San Lorenzo,Codere (IT),2026-07-26T00:30:00Z,LOST,0,4.3,0.23255813953488372,0.2763386059503862,0.22626192599556968,0.2763386059503862,,,,,0,,,,,,1482.6746670206933,1500.402852545982,-17.72818552528861,0.4,0.5,-0.09999999999999998,0.014310084377760057,0.0,0.0,0.0,0.0,0.0,0.0,0.0,0.18825600558666045,0.04467544536794854,9,,,0,0,1,1,1,v15,2026-08-20T13:18:47+00:00,2026-08-20T13:18:47+00:00
5e1a5da227014ca0c5b7ea84,soccer_argentina_primera_division,Argentina Primera Division,Deportivo Riestra vs Boca Juniors,Deportivo Riestra,Boca Juniors,Deportivo Riestra,Codere (IT),2026-07-26T22:30:00Z,WON,1,4.3,0.23255813953488372,0.2980599929382568,0.2227845270662954,0.2980599929382568,,,,,0,,,,,,1482.1657048270865,1502.4050682822558,-20.23936345516927,0.4,0.4166666666666667,-0.016666666666666663,0.016612681651218972,0.0,0.0,0.0,0.0,0.0,0.0,0.0,0.2816579696345043,0.04773166657281758,7,,,0,0,1,1,1,v15,2026-08-20T13:18:47+00:00,2026-08-20T13:18:47+00:00
ef451a27e2a34e260b6fa144,soccer_mexico_ligamx,Liga MX,Tijuana vs Tigres,Tijuana,Tigres,Tijuana,Tipico,2026-07-17T03:00:00Z,WON,1,3.7,0.27027027027027023,0.32783075723391775,0.2649901373929085,0.32783075723391775,,,,,0,,,,,,1534.5367084971383,1425.0205317997563,109.51617669738198,0.7777777777777778,0.0,0.7777777777777778,0.024845531546595336,0.0,0.0,0.0,0.0,0.0,0.0,0.0,0.21297380176549563,0.02881727881727869,16,,,0,0,1,1,1,v15,2026-08-20T13:18:47+00:00,2026-08-20T13:18:47+00:00
4d276ec42adea2b88b72bedc,soccer_mexico_ligamx,Liga MX,Atlético San Luis vs Cruz Azul,Atlético San Luis,Cruz Azul,Atlético San Luis,Unibet (NL),2026-07-18T01:00:00Z,LOST,0,4.1,0.24390243902439027,0.3121504345835744,0.2364804598468296,0.3121504345835744,,,,,0,,,,,,1455.4089656651045,1523.1654296158474,-67.75646395074295,0.1111111111111111,1.0,-0.8888888888888888,0.024845531546595336,0.0,0.0,0.0,0.0,0.0,0.0,0.0,0.2798167817926549,0.034129315115140724,15,,,0,0,1,1,1,v15,2026-08-20T13:18:47+00:00,2026-08-20T13:18:47+00:00
93a536debd304d5aad930b80,soccer_mexico_ligamx,Liga MX,Querétaro vs América,Querétaro,América,Querétaro,Tipico,2026-07-19T03:00:00Z,LOST,0,3.9,0.25641025641025644,0.32225383129655794,0.2548502720522543,0.32225383129655794,,,,,0,,,,,,1498.532136618268,1566.7486120275207,-68.21647540925278,0.4666666666666667,0.7333333333333333,-0.2666666666666666,0.024845531546595336,0.0,0.0,0.0,0.0,0.0,0.0,0.0,0.256789942056576,0.03418803418803429,11,,,0,0,1,1,1,v15,2026-08-20T13:18:47+00:00,2026-08-20T13:18:47+00:00
c2402ef8e7ef0a7940a7eb68,soccer_argentina_primera_division,Argentina Primera Division,Gimnasia Mendoza vs Central Córdoba,Gimnasia Mendoza,Central Córdoba,Central Córdoba,Pinnacle,2026-07-24T19:45:00Z,LOST,0,4.49,0.22271714922048996,0.27519045760191607,0.22417438354380587,0.27519045760191607,,,,,0,,,,,,1530.7362698481147,1418.7927025235122,111.94356732460255,0.75,0.0,0.75,0.014310084377760057,0.0,0.0,0.0,0.0,0.0,0.0,0.0,0.23560515463260323,0.03379932423853149,7,,,0,0,1,1,1,v15,2026-08-20T13:18:47+00:00,2026-08-20T13:18:47+00:00
0755183ef0289eb0063b0411,soccer_fifa_world_cup,FIFA World Cup,Norway vs England,Norway,England,England,Betfair,2026-07-11T21:01:00Z,WON,1,3.7,0.27027027027027023,0.30447420079579135,0.27206064380469736,0.30447420079579135,,,,,0,,,,,,1476.8345703841526,1547.021712898002,-70.1871425138495,0.0,1.0,-1.0,0.010861497847038923,0.0,0.0,0.0,0.0,0.0,0.0,0.0,0.12655454294442814,0.0,16,,,0,0,1,1,1,v15,2026-08-20T13:18:47+00:00,2026-08-20T13:18:47+00:00
31fdce39f64aa5342b03b4cc,soccer_norway_eliteserien,Eliteserien,Sarpsborg FK vs Viking FK,Sarpsborg FK,Viking FK,Draw,Matchbook,2026-07-12T17:15:00Z,LOST,0,4.5,0.2222222222222222,0.24934186445510798,0.2300215072953229,0.24934186445510798,,,,,0,,,,,,1482.03829667719,1479.8511090463885,2.187187630801418,0.26333333333333336,0.25,0.013333333333333364,0.004408239442263739,0.0,0.0,0.0,0.0,0.0,0.0,0.0,0.12203839004798578,0.006242197253433224,23,,,0,0,1,1,1,v15,2026-08-20T13:18:47+00:00,2026-08-20T13:18:47+00:00
93f166694b86626b0b86d7ae,soccer_mexico_ligamx,Liga MX,Necaxa vs Atlante FC,Necaxa,Atlante FC,Atlante FC,Pinnacle,2026-07-17T01:00:00Z,LOST,0,3.93,0.2544529262086514,0.2884715798207892,0.25867939853296673,0.2884715798207892,,,,,0,,,,,,1531.2111977751451,1480.9646127790877,50.246584996057436,1.0,0.2222222222222222,0.7777777777777778,0.021852739263469066,0.0,0.0,0.0,0.0,0.0,0.0,0.0,0.1336933086957015,0.028024586215131597,16,,,0,0,1,1,1,v15,2026-08-20T13:18:47+00:00,2026-08-20T13:18:47+00:00
7709da5e7c09ec5afd758115,soccer_norway_eliteserien,Eliteserien,Rosenborg vs Kristiansund BK,Rosenborg,Kristiansund BK,Draw,Betfair,2026-07-12T15:00:00Z,LOST,0,4.5,0.2222222222222222,0.24396060206752587,0.22923176842563536,0.24396060206752587,,,,,0,,,,,,1525.8186475734608,1493.9500533687758,31.868594204684996,0.6,0.5,0.09999999999999998,0.003781190015024444,0.0,0.0,0.0,0.0,0.0,0.0,0.0,0.09782270930386638,0.0,23,,,0,0,1,1,1,v15,2026-08-20T13:18:47+00:00,2026-08-20T13:18:47+00:00
485c4b4069d6bef2619e4987,soccer_usa_mls,MLS,FC Cincinnati vs Vancouver Whitecaps FC,FC Cincinnati,Vancouver Whitecaps FC,FC Cincinnati,1xBet,2026-07-22T23:30:00Z,WON,1,3.6,0.2777777777777778,0.3166902497031967,0.2756371044359693,0.3166902497031967,,,,,0,,,,,,1541.0353142748856,1514.645790778093,26.389523496792663,0.6457142857142857,0.5314285714285714,0.11428571428571432,0.018898129407348082,0.0,0.0,0.0,0.0,0.0,0.0,0.0,0.14008489893150822,0.012700960534026251,8,,,0,0,1,1,1,v15,2026-08-20T13:18:47+00:00,2026-08-20T13:18:47+00:00
d59f0c1975170be0e005180a,soccer_usa_mls,MLS,Sporting Kansas City vs Minnesota United FC,Sporting Kansas City,Minnesota United FC,Sporting Kansas City,1xBet,2026-07-23T00:30:00Z,WON,1,3.61,0.2770083102493075,0.31629243028254217,0.27473425394481304,0.31629243028254217,,,,,0,,,,,,1469.1966304590667,1440.2825264718517,28.914103987214958,0.3333333333333333,0.1961904761904762,0.13714285714285712,0.018898129407348082,0.0,0.0,0.0,0.0,0.0,0.0,0.0,0.14181567331997713,0.030172867211332832,8,,,0,0,1,1,1,v15,2026-08-20T13:18:47+00:00,2026-08-20T13:18:47+00:00
6becb0adb302d327ec0ee0c3,soccer_usa_mls,MLS,Los Angeles FC vs Real Salt Lake,Los Angeles FC,Real Salt Lake,Real Salt Lake,Betsson,2026-07-23T02:30:00Z,LOST,0,4.45,0.2247191011235955,0.2541320146456111,0.22114498237742214,0.2541320146456111,,,,,0,,,,,,1494.4344718258442,1441.3801321842827,53.054339641561455,0.3333333333333333,0.18666666666666665,0.14666666666666667,0.0173741917849089,0.0,0.0,0.0,0.0,0.0,0.0,0.0,0.13088746517296945,0.02930753869075664,8,,,0,0,1,1,1,v15,2026-08-20T13:18:47+00:00,2026-08-20T13:18:47+00:00
88bbca62f26e150e23500a5a,soccer_sweden_allsvenskan,Allsvenskan,Malmo FF vs IFK Goteborg,Malmo FF,IFK Goteborg,Malmo FF,Pinnacle,2026-07-12T12:00:00Z,WON,1,1.4,0.7142857142857143,0.7860463942643431,0.8334056750751238,0.7860463942643431,,,,,0,,,,,,1566.3697024743026,1449.680847644593,116.6888548297095,0.6888888888888889,0.25,0.4388888888888889,0.016504494932620992,0.52,0.68,0.0,0.0,0.0,0.15,0.55,0.10046495197008021,0.0,14,,,0,0,1,1,1,v15,2026-08-20T13:18:47+00:00,2026-08-20T13:18:47+00:00
65be934425f27d901a38517e,soccer_norway_eliteserien,Eliteserien,KFUM vs Bodø/Glimt,KFUM,Bodø/Glimt,Bodø/Glimt,Pinnacle,2026-07-12T12:30:00Z,WON,1,1.52,0.6578947368421053,0.7087157139064044,0.7560554791480067,0.7087157139064044,,,,,0,,,,,,1483.3454344257252,1524.719477450835,-41.37404302510981,0.3333333333333333,1.0,-0.6666666666666667,0.01662646723998564,0.542,0.68,0.0,0.0,0.0,0.15,0.55,0.07724788513773473,0.0,14,,,0,0,1,1,1,v15,2026-08-20T13:18:47+00:00,2026-08-20T13:18:47+00:00
5923bdee8ccb16a08cd11877,soccer_sweden_allsvenskan,Allsvenskan,Västerås SK vs Degerfors IF,Västerås SK,Degerfors IF,Draw,Betfair,2026-07-12T12:00:00Z,LOST,0,4.5,0.2222222222222222,0.244351932886937,0.22969860677706275,0.244351932886937,,,,,0,,,,,,1508.4234846969098,1487.2549878537748,21.168496843135017,0.5022222222222222,0.3333333333333333,0.16888888888888892,0.0037363233087810825,0.952,0.68,0.0,0.0,0.0,0.15,0.55,0.09958369799121636,0.009780907668231587,15,,,0,0,1,1,1,v15,2026-08-20T13:18:47+00:00,2026-08-20T13:18:47+00:00
3c4330ca5f6386cedcaa08f2,soccer_norway_eliteserien,Eliteserien,Sandefjord vs HamKam,Sandefjord,HamKam,Sandefjord,Pinnacle,2026-07-12T15:00:00Z,LOST,0,2.0,0.5,0.5473456140775138,0.5946406378398046,0.5473456140775138,,,,,0,,,,,,1537.8007046575171,1456.8866052004837,80.91409945703344,0.6444444444444444,0.2,0.44444444444444436,0.016906101485682487,0.776,0.68,0.0,0.0,0.0,0.15,0.55,0.09469122815502762,0.0,23,,,0,0,1,1,1,v15,2026-08-20T13:18:47+00:00,2026-08-20T13:18:47+00:00
02f1b3299b7b2c220f64be57,soccer_sweden_allsvenskan,Allsvenskan,IF Brommapojkarna vs IK Sirius,IF Brommapojkarna,IK Sirius,IK Sirius,Pinnacle,2026-07-12T14:30:00Z,WON,1,1.26,0.7936507936507936,0.8512912210562389,0.8986951150644331,0.8512912210562389,,,,,0,,,,,,1419.6760270010195,1547.1802088362838,-127.50418183526426,0.0,0.75,-0.75,0.016225662448786243,0.389,0.68,0.0,0.0,0.0,0.15,0.55,0.07262693853086111,0.0,13,,,0,0,1,1,1,v15,2026-08-20T13:18:47+00:00,2026-08-20T13:18:47+00:00
bade1d08df25be1405893702,soccer_sweden_allsvenskan,Allsvenskan,IF Elfsborg vs IK Sirius,IF Elfsborg,IK Sirius,IF Elfsborg,Unibet (SE),2026-07-19T14:30:00Z,LOST,0,3.45,0.2898550724637681,0.33276586050192514,0.3014867614129456,0.33276586050192514,,,,,0,,,,,,1571.8236215336442,1547.1802088362838,24.643412697360418,0.8857142857142857,0.75,0.13571428571428568,0.016516657027724868,0.892,0.68,0.0,0.0,0.0,0.15,0.55,0.1480422187316417,0.0,9,,,0,0,1,1,1,v15,2026-08-20T13:18:47+00:00,2026-08-20T13:18:47+00:00
dcd85d7268ed4650ec0eadd6,soccer_mexico_ligamx,Liga MX,Toluca vs Pumas,Toluca,Pumas,Pumas,1xBet,2026-07-22T03:00:00Z,WON,1,4.34,0.2304147465437788,0.27735053245134533,0.256189965433799,0.27735053245134533,,,,,0,,,,,,1476.8345703841526,1519.6713441893814,-42.83677380522886,0.0,0.6666666666666666,-0.6666666666666666,0.018577158421242045,0.905,0.68,0.0,0.0,0.0,0.15,0.55,0.2037013108388388,0.04221249935276772,6,,,0,0,1,1,1,v15,2026-08-20T13:18:47+00:00,2026-08-20T13:18:47+00:00
19766604b8d236ab0b226459,soccer_norway_eliteserien,Eliteserien,HamKam vs Tromso,HamKam,Tromso,HamKam,Betsson,2026-07-18T12:00:00Z,LOST,0,3.55,0.28169014084507044,0.3194274939024768,0.28322598722669023,0.3194274939024768,,,,,0,,,,,,1456.8866052004837,1564.2803723994111,-107.39376719892743,0.2,1.0,-0.8,0.025020871907458306,0.868,0.68,0.0,0.0,0.0,0.15,0.55,0.13396760335379265,0.04133807584845561,14,,,0,0,1,1,1,v15,2026-08-20T13:18:47+00:00,2026-08-20T13:18:47+00:00
a885c420876e7c15c1cc165d,soccer_norway_eliteserien,Eliteserien,Lillestrom vs KFUM,Lillestrom,KFUM,KFUM,GTbets,2026-07-18T14:00:00Z,LOST,0,4.5,0.2222222222222222,0.2619600353588317,0.23720497887651312,0.2619600353588317,,,,,0,,,,,,1490.8648000639541,1483.3454344257252,7.519365638228919,0.5,0.3333333333333333,0.16666666666666669,0.009332197380491916,0.919,0.68,0.0,0.0,0.0,0.15,0.55,0.1788201591147427,0.04043023144146751,12,,,0,0,1,1,1,v15,2026-08-20T13:18:47+00:00,2026-08-20T13:18:47+00:00
c59ff0a69d1436f011344c86,soccer_sweden_allsvenskan,Allsvenskan,Kalmar FF vs Malmo FF,Kalmar FF,Malmo FF,Kalmar FF,Coolbet,2026-07-20T17:00:00Z,LOST,0,2.9,0.3448275862068966,0.37538715021827707,0.3762160823562774,0.37538715021827707,,,,,0,,,,,,1468.0745723598727,1566.3697024743026,-98.29513011442987,0.25,0.6888888888888889,-0.4388888888888889,0.05686869178450961,0.862,0.68,0.0,0.0,0.0,0.15,0.55,0.08862273563300338,0.0,9,,,0,0,1,1,1,v15,2026-08-20T13:18:47+00:00,2026-08-20T13:18:47+00:00
c475d1726db0acd1efd86486,soccer_germany_bundesliga2,2. Bundesliga,1. FC Heidenheim vs VfL Osnabrück,1. FC Heidenheim,VfL Osnabrück,Draw,Winamax (DE),2026-08-08T11:00:00Z,LOST,0,4.4,0.22727272727272727,0.260257068279593,0.252873405912154,0.260257068279593,,,,,0,,,,,,1515.9345703841527,1484.0654296158473,31.869140768305442,1.0,0.0,1.0,0.0034515010818866446,0.976,0.85,0.0,0.0,0.0,0.15,0.55,0.14513110043020938,0.05895589558955905,9,,,0,0,1,1,1,v15,2026-08-20T13:18:47+00:00,2026-08-20T13:18:47+00:00
6c9a245abbe91bc970176ef3,soccer_germany_bundesliga2,2. Bundesliga,1. FC Magdeburg vs Eintracht Braunschweig,1. FC Magdeburg,Eintracht Braunschweig,Eintracht Braunschweig,Tipico,2026-08-08T11:00:00Z,WON,1,4.3,0.23255813953488372,0.2641068350807714,0.23145805545376363,0.2641068350807714,,,,,0,,,,,,1459.6842687326944,1540.3157312673056,-80.63146253461127,0.0,1.0,-1.0,0.013825402287021062,0.878,0.85,0.0,0.0,0.0,0.15,0.55,0.13565939084731693,0.06395348837209314,9,,,0,0,1,1,1,v15,2026-08-20T13:18:47+00:00,2026-08-20T13:18:47+00:00
ae72ddc26bfef3126b8cb7c6,soccer_germany_bundesliga2,2. Bundesliga,FC St. Pauli vs Greuther Fürth,FC St. Pauli,Greuther Fürth,Draw,Tipico,2026-08-09T11:30:00Z,WON,1,4.0,0.25,0.2703342106452372,0.2681797031395219,0.2703342106452372,,,,,0,,,,,,1493.0691373158681,1506.9308626841319,-13.861725368263706,0.3333333333333333,0.3333333333333333,0.0,0.0034515010818866446,0.99,0.85,0.0,0.0,0.0,0.15,0.55,0.08133684258094886,0.06385615865044114,9,,,0,0,1,1,1,v15,2026-08-20T13:18:47+00:00,2026-08-20T13:18:47+00:00
77fdbdec0652aee7853dd75e,soccer_mexico_ligamx,Liga MX,Atlante FC vs América,Atlante FC,América,Atlante FC,Marathon Bet,2026-07-25T03:00:00Z,LOST,0,4.5,0.2222222222222222,0.27460598239895395,0.2278317734708122,0.27460598239895395,,,,,0,,,,,,1480.9646127790877,1566.7486120275207,-85.78399924843302,0.2222222222222222,0.7333333333333333,-0.5111111111111111,0.020161194199114326,0.809,0.68,0.0,0.0,0.0,0.15,0.55,0.23572692079529278,0.04376023477147073,9,,,0,0,1,1,1,v15,2026-08-20T13:18:47+00:00,2026-08-20T13:18:47+00:00
0506daf82b86dda831436ef2,soccer_mexico_ligamx,Liga MX,Pachuca vs Querétaro,Pachuca,Querétaro,Draw,Coolbet,2026-07-27T01:00:00Z,LOST,0,4.2,0.23809523809523808,0.2568037160801149,0.24955013963097977,0.2568037160801149,,,,,0,,,,,,1454.1618053134757,1498.532136618268,-44.37033130479222,0.0,0.4666666666666667,-0.4666666666666667,0.0032757673905604956,0.975,0.68,0.0,0.0,0.0,0.15,0.55,0.07857560753648252,0.044913419913420016,9,,,0,0,1,1,1,v15,2026-08-20T13:18:47+00:00,2026-08-20T13:18:47+00:00
b58601a363e9f4e0d5fc0322,soccer_england_league1,League One,Leyton Orient vs Sheffield Wednesday,Leyton Orient,Sheffield Wednesday,Leyton Orient,888sport,2026-08-15T14:00:00Z,LOST,0,3.2,0.3125,0.3429690015477138,0.3186777387283063,0.3429690015477138,,,,,0,,,,,,1476.8345703841526,1523.1654296158474,-46.33085923169483,0.0,1.0,-1.0,0.013366277552541125,0.917,0.68,0.0,0.0,0.0,0.15,0.55,0.0975008049526842,0.06318456555132568,9,,,0,0,1,1,1,v15,2026-08-20T13:18:47+00:00,2026-08-20T13:18:47+00:00
2bc62f483970678622fd92e7,soccer_denmark_superliga,Danish Superliga,Randers FC vs Silkeborg IF,Randers FC,Silkeborg IF,Silkeborg IF,Codere (IT),2026-07-27T17:00:00Z,LOST,0,4.5,0.2222222222222222,0.25345430718700945,0.21788522511952838,0.25345430718700945,,,,,0,,,,,,1409.3968300665224,1472.9359217034273,-63.539091636904914,0.2088888888888889,0.3333333333333333,-0.12444444444444441,0.014624231827840523,0.865,0.68,0.0,0.0,0.0,0.15,0.55,0.14054438234154265,0.03418803418803407,18,,,0,0,1,1,1,v15,2026-08-20T13:18:47+00:00,2026-08-20T13:18:47+00:00
0afc3d0d3ab85b391a6b0d5b,soccer_germany_bundesliga2,2. Bundesliga,1. FC Nürnberg vs Dynamo Dresden,1. FC Nürnberg,Dynamo Dresden,Dynamo Dresden,Marathon Bet,2026-08-09T11:30:00Z,LOST,0,4.05,0.2469135802469136,0.2779800458654045,0.2527784873936608,0.2779800458654045,,,,,0,,,,,,1540.3633427187979,1459.6366572812021,80.72668543759573,1.0,0.0,1.0,0.013825402287021062,0.9,0.85,0.0,0.0,0.0,0.15,0.55,0.12581918575488804,0.020275556616408785,10,,,0,0,1,1,1,v15,2026-08-20T13:18:47+00:00,2026-08-20T13:18:47+00:00
98106b3e8887ca1d54edc39b,soccer_argentina_primera_division,Argentina Primera Division,Velez Sarsfield BA vs Instituto de Córdoba,Velez Sarsfield BA,Instituto de Córdoba,Instituto de Córdoba,Unibet (SE),2026-07-24T22:00:00Z,LOST,0,4.3,0.23255813953488372,0.26740359639800165,0.23506275842896654,0.26740359639800165,,,,,0,,,,,,1556.037503535372,1549.1190283887179,6.918475146654146,1.0,0.75,0.25,0.01140103075025033,0.88,0.68,0.0,0.0,0.0,0.15,0.55,0.14983546451140706,0.0037737358651588337,12,,,0,0,1,1,1,v15,2026-08-20T13:18:47+00:00,2026-08-20T13:18:47+00:00
9ffbd0fe9e1a85518c356883,soccer_norway_eliteserien,Eliteserien,Vålerenga vs Aalesund,Vålerenga,Aalesund,Aalesund,Betfair,2026-07-16T17:00:00Z,LOST,0,4.4,0.22727272727272727,0.2566905547185237,0.22523172435483102,0.2566905547185237,,,,,0,,,,,,1573.46208439578,1420.1760971632866,153.28598723249343,1.0,0.08333333333333333,0.9166666666666666,0.016696446552290852,0.874,0.68,0.0,0.0,0.0,0.15,0.55,0.12943844076150435,0.01634320735444339,21,,,0,0,1,1,1,v15,2026-08-20T13:18:47+00:00,2026-08-20T13:18:47+00:00
eb80f1d3ebbbe132a4fb9409,soccer_mexico_ligamx,Liga MX,Tijuana vs Tigres,Tijuana,Tigres,Tijuana,Betfair,2026-07-17T03:10:00Z,WON,1,3.7,0.27027027027027023,0.309339270423755,0.26504999351771824,0.309339270423755,,,,,0,,,,,,1534.5367084971383,1425.0205317997563,109.51617669738198,0.7777777777777778,0.0,0.7777777777777778,0.020161194199114326,0.848,0.68,0.0,0.0,0.0,0.15,0.55,0.14455530056789345,0.02881727881727869,19,,,0,0,1,1,1,v15,2026-08-20T13:18:47+00:00,2026-08-20T13:18:47+00:00
8cb7d9296dfd15103c2c8d04,soccer_belgium_first_div,Belgian Pro League,Charleroi vs Leuven,Charleroi,Leuven,Leuven,1xBet,2026-08-09T14:00:00Z,LOST,0,4.18,0.23923444976076558,0.2710850955361709,0.24254819401935163,0.2710850955361709,,,,,0,,,,,,1539.8080896281974,1452.2205693010224,87.58752032717507,1.0,0.0,1.0,0.01376189678065578,0.89,0.68,0.0,0.0,0.0,0.15,0.55,0.1331356993411943,0.023548175250961645,10,,,0,0,1,1,1,v15,2026-08-20T13:18:47+00:00,2026-08-20T13:18:47+00:00
fd77b6fe9f863ae1cd01f97a,soccer_belgium_first_div,Belgian Pro League,SV Zulte-Waregem vs Genk,SV Zulte-Waregem,Genk,SV Zulte-Waregem,Tipico,2026-08-09T14:00:00Z,WON,1,3.5,0.2857142857142857,0.3203413577778742,0.28436684862088196,0.3203413577778742,,,,,0,,,,,,1515.9345703841527,1499.5574049763088,16.377165407843904,1.0,0.5,0.5,0.015168294508591114,0.879,0.68,0.0,0.0,0.0,0.15,0.55,0.12119475222255982,0.03654485049833878,11,,,0,0,1,1,1,v15,2026-08-20T13:18:47+00:00,2026-08-20T13:18:47+00:00
28dc0e4b9444c45334dc2f90,soccer_norway_eliteserien,Eliteserien,Vålerenga vs Aalesund,Vålerenga,Aalesund,Draw,Betfair,2026-07-16T17:00:00Z,LOST,0,4.5,0.2222222222222222,0.24423652996872935,0.22955653953693325,0.24423652996872935,,,,,0,,,,,,1573.46208439578,1420.1760971632866,153.28598723249343,1.0,0.08333333333333333,0.9166666666666666,0.0037977202192535637,0.952,0.68,0.0,0.0,0.0,0.15,0.55,0.09906438485928204,0.011292702303938196,21,,,0,0,1,1,1,v15,2026-08-20T13:18:47+00:00,2026-08-20T13:18:47+00:00
14dd36c5ce69b4888d0d03ce,soccer_usa_mls,MLS,Inter Miami CF vs Chicago Fire,Inter Miami CF,Chicago Fire,Chicago Fire,1xBet,2026-07-22T23:30:00Z,LOST,0,4.09,0.24449877750611249,0.27281279791331886,0.24867190388402166,0.27281279791331886,,,,,0,,,,,,1514.940246665178,1530.4582747725315,-15.51802810735353,0.4095238095238095,0.6666666666666666,-0.2571428571428571,0.0173741917849089,0.898,0.68,0.0,0.0,0.0,0.15,0.55,0.11580434346547408,0.02851875253732361,8,,,0,0,1,1,1,v15,2026-08-20T13:18:47+00:00,2026-08-20T13:18:47+00:00
1fd87407e348ce26241dd8fe,soccer_usa_mls,MLS,FC Cincinnati vs Vancouver Whitecaps FC,FC Cincinnati,Vancouver Whitecaps FC,Draw,Coolbet,2026-07-22T23:30:00Z,LOST,0,4.4,0.22727272727272727,0.2467834102403953,0.23443307057543955,0.2467834102403953,,,,,0,,,,,,1541.0353142748856,1514.645790778093,26.389523496792663,0.6457142857142857,0.5314285714285714,0.11428571428571432,0.0031145928517986145,0.959,0.68,0.0,0.0,0.0,0.15,0.55,0.08584700505773935,0.012202083630655114,10,,,0,0,1,1,1,v15,2026-08-20T13:18:47+00:00,2026-08-20T13:18:47+00:00
0a4d5c6521d52e3322f0f7bb,soccer_mexico_ligamx,Liga MX,Querétaro vs América,Querétaro,América,Querétaro,Tipico,2026-07-19T03:10:00Z,LOST,0,3.8,0.2631578947368421,0.30573072559533243,0.25981769595183474,0.30573072559533243,,,,,0,,,,,,1498.532136618268,1566.7486120275207,-68.21647540925278,0.4666666666666667,0.7333333333333333,-0.2666666666666666,0.020161194199114326,0.842,0.68,0.0,0.0,0.0,0.15,0.55,0.16177675726226326,0.028740550563400413,19,,,0,0,1,1,1,v15,2026-08-20T13:18:47+00:00,2026-08-20T13:18:47+00:00
caf6e2be8752be8390fd0715,soccer_spain_la_liga,La Liga,Espanyol vs Levante,Espanyol,Levante,Levante,Betfair,2026-08-16T17:00:00Z,LOST,0,4.1,0.24390243902439027,0.2727586580677155,0.2478357653594758,0.2727586580677155,,,,,0,,,,,,1540.3633427187979,1459.6366572812021,80.72668543759573,1.0,0.0,1.0,0.015766315418923732,0.896,0.85,0.0,0.0,0.0,0.15,0.55,0.1183104980776335,0.0074492370539469555,18,,,0,0,1,1,1,v15,2026-08-20T13:18:47+00:00,2026-08-20T13:18:47+00:00
f9a36727781df137d64d572f,soccer_sweden_allsvenskan,Allsvenskan,AIK vs GAIS,AIK,GAIS,AIK,Betfair,2026-07-18T13:01:00Z,WON,1,3.6,0.2777777777777778,0.31354032695345846,0.2846893402305276,0.31354032695345846,,,,,0,,,,,,1543.1678152113834,1524.3052304298994,18.862584781483974,0.7777777777777778,0.6,0.1777777777777778,0.041987445599382306,0.858,0.68,0.0,0.0,0.0,0.15,0.55,0.1287451770324506,0.0,14,,,0,0,1,1,1,v15,2026-08-20T13:18:47+00:00,2026-08-20T13:18:47+00:00
c7bb662c7408f8ea47e90f52,soccer_usa_mls,MLS,Philadelphia Union vs New York Red Bulls,Philadelphia Union,New York Red Bulls,New York Red Bulls,LeoVegas (SE),2026-07-22T23:30:00Z,LOST,0,4.5,0.2222222222222222,0.26227122816400794,0.23411709366138952,0.26227122816400794,,,,,0,,,,,,1569.4900187717903,1411.8293380665884,157.6606807052019,0.8666666666666667,0.0,0.8666666666666667,0.0173741917849089,0.883,0.68,0.0,0.0,0.0,0.15,0.55,0.18022052673803568,0.021350922621130586,22,,,0,0,1,1,1,v15,2026-08-20T13:18:47+00:00,2026-08-20T13:18:47+00:00
45f672374fed596d0bde4e3e,soccer_usa_mls,MLS,Charlotte FC vs Atlanta United FC,Charlotte FC,Atlanta United FC,Atlanta United FC,LeoVegas (SE),2026-07-23T00:15:00Z,LOST,0,4.5,0.2222222222222222,0.25551359684039887,0.2243984159434958,0.25551359684039887,,,,,0,,,,,,1517.9615699586354,1540.7692888732934,-22.807718914657926,0.5555555555555556,0.7276190476190476,-0.17206349206349203,0.0173741917849089,0.873,0.68,0.0,0.0,0.0,0.15,0.55,0.14981118578179498,0.012139321366253952,20,,,0,0,1,1,1,v15,2026-08-20T13:18:47+00:00,2026-08-20T13:18:47+00:00
ebb92e2a1fc9e7b06b48eb9b,soccer_usa_mls,MLS,Austin FC vs Seattle Sounders FC,Austin FC,Seattle Sounders FC,Austin FC,1xBet,2026-07-23T00:30:00Z,WON,1,3.64,0.2747252747252747,0.3159155897865224,0.27599228032036616,0.3159155897865224,,,,,0,,,,,,1458.8104787661644,1371.8269586179763,86.98352014818806,0.27,0.0,0.27,0.018898129407348082,0.862,0.68,0.0,0.0,0.0,0.15,0.55,0.14993274682294166,0.0,20,,,0,0,1,1,1,v15,2026-08-20T13:18:47+00:00,2026-08-20T13:18:47+00:00
a9d1d7a96cd19b2316c46f3e,soccer_usa_mls,MLS,LA Galaxy vs St. Louis City SC,LA Galaxy,St. Louis City SC,St. Louis City SC,LeoVegas (SE),2026-07-23T02:30:00Z,WON,1,3.75,0.26666666666666666,0.2898764880520162,0.2743743451600093,0.2898764880520162,,,,,0,,,,,,1481.3618556433871,1578.079965427936,-96.71810978454891,0.3733333333333333,0.6457142857142857,-0.2723809523809524,0.0173741917849089,0.922,0.68,0.0,0.0,0.0,0.15,0.55,0.08703683019506081,0.016666666666666607,22,,,0,0,1,1,1,v15,2026-08-20T13:18:47+00:00,2026-08-20T13:18:47+00:00
42d50c9f1038e8963d78431b,soccer_brazil_campeonato,Brazil Serie A,Atletico Paranaense vs Internacional,Atletico Paranaense,Internacional,Internacional,Unibet (SE),2026-07-25T21:30:00Z,LOST,0,4.3,0.23255813953488372,0.2662436128539174,0.2335445914336013,0.2662436128539174,,,,,0,,,,,,1560.3427667951953,1480.1749408377989,80.16782595739642,0.7333333333333333,0.16666666666666666,0.5666666666666667,0.011788384944739416,0.879,0.85,0.0,0.0,0.0,0.15,0.55,0.1448475352718448,0.023393320613967372,16,,,0,0,1,1,1,v15,2026-08-20T13:18:47+00:00,2026-08-20T13:18:47+00:00
939905fee52c5140c80b6cdf,soccer_brazil_campeonato,Brazil Serie A,Cruzeiro vs Botafogo,Cruzeiro,Botafogo,Botafogo,1xBet,2026-07-26T19:00:00Z,WON,1,4.37,0.22883295194508008,0.26052540271256686,0.224965151683499,0.26052540271256686,,,,,0,,,,,,1521.9513688432169,1520.5218046289951,1.4295642142217275,0.6666666666666666,0.6666666666666666,0.0,0.011788384944739416,0.87,0.85,0.0,0.0,0.0,0.15,0.55,0.1384960098539172,0.03292651919654199,16,,,0,0,1,1,1,v15,2026-08-20T13:18:47+00:00,2026-08-20T13:18:47+00:00
c524a0900078016941bc7a48,soccer_fifa_world_cup,FIFA World Cup,France vs England,France,England,England,Betclic (FR),2026-07-18T21:00:00Z,WON,1,4.0,0.25,0.28204484391747,0.25041366778885477,0.28204484391747,,,,,0,,,,,,1476.1437167178453,1547.021712898002,-70.87799618015674,0.0,1.0,-1.0,0.039240742022221616,0.831,1.0,1.0,0.0,0.0,0.9,0.55,0.1281793756698799,0.0035591556210112785,25,,,0,0,1,1,1,v15,2026-08-20T13:18:47+00:00,2026-08-20T13:18:47+00:00
a8546a5b0ace27a2c7311176,soccer_fifa_world_cup,FIFA World Cup,Spain vs Argentina,Spain,Argentina,Argentina,Betfair,2026-07-19T19:00:00Z,LOST,0,3.8,0.2631578947368421,0.29163130345009547,0.26678922154762014,0.29163130345009547,,,,,0,,,,,,1515.9345703841527,1484.0654296158473,31.869140768305442,1.0,0.0,1.0,0.00823828610280586,0.91,1.0,1.0,0.0,0.0,0.9,0.55,0.10819895311036265,0.0,25,,,0,0,1,1,1,v15,2026-08-20T13:18:47+00:00,2026-08-20T13:18:47+00:00
31fb27cfcd24c4541a9e5a3d,soccer_england_league1,League One,Oxford United vs Milton Keynes Dons,Oxford United,Milton Keynes Dons,Milton Keynes Dons,Tipico,2026-08-15T11:30:00Z,LOST,0,3.5,0.2857142857142857,0.3091383338217368,0.2979593255781982,0.3091383338217368,,,,,0,,,,,,1496.3845703841525,1503.6154296158475,-7.230859231694922,0.3333333333333333,0.3333333333333333,0.0,0.01303008676435624,0.943,0.68,0.0,0.0,0.0,0.15,0.55,0.08198416837607869,0.04385704385704381,12,,,0,0,1,1,1,v15,2026-08-20T13:18:47+00:00,2026-08-20T13:18:47+00:00
0c8452221fb79ad95f269326,soccer_norway_eliteserien,Eliteserien,SK Brann vs Vålerenga,SK Brann,Vålerenga,Vålerenga,Codere (IT),2026-07-26T12:30:00Z,WON,1,4.3,0.23255813953488372,0.26714924400859597,0.23443413695215837,0.26714924400859597,,,,,0,,,,,,1511.075480902149,1573.46208439578,-62.38660349363113,0.6666666666666666,1.0,-0.33333333333333337,0.05743738447725858,0.799,0.68,0.0,0.0,0.0,0.15,0.55,0.1487417492369627,0.0025682712471430946,17,,,0,0,1,1,1,v15,2026-08-20T13:18:47+00:00,2026-08-20T13:18:47+00:00
a133b3d3659f0549d5713673,soccer_norway_eliteserien,Eliteserien,Rosenborg vs Fredrikstad FK,Rosenborg,Fredrikstad FK,Fredrikstad FK,1xBet,2026-07-27T17:00:00Z,LOST,0,4.4,0.22727272727272727,0.25602540381322675,0.23183737407174465,0.25602540381322675,,,,,0,,,,,,1525.8186475734608,1515.8850615321198,9.93358604134096,0.6,0.6666666666666666,-0.06666666666666665,0.017746610736949643,0.912,0.68,0.0,0.0,0.0,0.15,0.55,0.1265117767781978,0.04122621564482021,12,,,0,0,1,1,1,v15,2026-08-20T13:18:47+00:00,2026-08-20T13:18:47+00:00
826ac532d8d154ca84c69b33,soccer_sweden_allsvenskan,Allsvenskan,Malmo FF vs IF Elfsborg,Malmo FF,IF Elfsborg,IF Elfsborg,Betsson,2026-07-26T14:30:00Z,WON,1,4.3,0.23255813953488372,0.25596366707299845,0.2450550793857982,0.25596366707299845,,,,,0,,,,,,1566.3697024743026,1571.8236215336442,-5.453919059341615,0.6888888888888889,0.8857142857142857,-0.1968253968253968,0.048643084907390846,0.886,0.68,0.0,0.0,0.0,0.15,0.55,0.10064376841389322,0.012572321610921477,14,,,0,0,1,1,1,v15,2026-08-20T13:18:47+00:00,2026-08-20T13:18:47+00:00
d7e5a31a299ca171999470dd,soccer_sweden_allsvenskan,Allsvenskan,BK Hacken vs AIK,BK Hacken,AIK,AIK,Pinnacle,2026-07-27T17:00:00Z,LOST,0,3.88,0.2577319587628866,0.2893748288948513,0.2675177378480508,0.2893748288948513,,,,,0,,,,,,1489.949391661636,1543.1678152113834,-53.21842354974751,0.3333333333333333,0.7777777777777778,-0.4444444444444445,0.05347184912247414,0.827,0.68,0.0,0.0,0.0,0.15,0.55,0.12277433611202282,0.0,10,,,0,0,1,1,1,v15,2026-08-20T13:18:47+00:00,2026-08-20T13:18:47+00:00
8be8bb3eb3fb2fa907b1e9a4,soccer_usa_mls,MLS,Columbus Crew SC vs FC Cincinnati,Columbus Crew SC,FC Cincinnati,FC Cincinnati,Coolbet,2026-07-25T23:00:00Z,LOST,0,4.0,0.25,0.27753410266576173,0.2564728285064941,0.27753410266576173,,,,,0,,,,,,1473.8632350723276,1541.0353142748856,-67.17207920255805,0.43555555555555553,0.6457142857142857,-0.21015873015873016,0.0173741917849089,0.905,0.68,0.0,0.0,0.0,0.15,0.55,0.11013641066304691,0.00909415532057034,14,,,0,0,1,1,1,v15,2026-08-20T13:18:47+00:00,2026-08-20T13:18:47+00:00
6a7093546e787e2607dbd793,soccer_usa_mls,MLS,New England Revolution vs Atlanta United FC,New England Revolution,Atlanta United FC,Atlanta United FC,GTbets,2026-07-25T23:30:00Z,LOST,0,3.79,0.2638522427440633,0.2875826825256209,0.27100832793731705,0.2875826825256209,,,,,0,,,,,,1550.3497372274146,1540.7692888732934,9.580448354121245,0.48,0.7276190476190476,-0.24761904761904763,0.0173741917849089,0.919,0.68,0.0,0.0,0.0,0.15,0.55,0.0899383667721032,0.020159029201603618,14,,,0,0,1,1,1,v15,2026-08-20T13:18:47+00:00,2026-08-20T13:18:47+00:00
3c480f4b2b3bed04bf52c961,soccer_usa_mls,MLS,D.C. United vs Toronto FC,D.C. United,Toronto FC,Toronto FC,GTbets,2026-07-25T23:30:00Z,LOST,0,3.95,0.2531645569620253,0.28209655126889055,0.2630927143993104,0.28209655126889055,,,,,0,,,,,,1456.1443909166737,1518.6251436173561,-62.48075270068239,0.3333333333333333,0.52,-0.1866666666666667,0.0173741917849089,0.911,0.68,0.0,0.0,0.0,0.15,0.55,0.11428137751211764,0.0110831089982244,14,,,0,0,1,1,1,v15,2026-08-20T13:18:47+00:00,2026-08-20T13:18:47+00:00
cb5904d7f732fc47f645a90a,soccer_usa_mls,MLS,San Jose Earthquakes vs LA Galaxy,San Jose Earthquakes,LA Galaxy,LA Galaxy,Coolbet,2026-07-26T02:30:00Z,LOST,0,4.5,0.2222222222222222,0.2660192120866835,0.2392469761075933,0.2660192120866835,,,,,0,,,,,,1417.7684209190168,1481.3618556433871,-63.593434724370354,0.08444444444444445,0.3733333333333333,-0.28888888888888886,0.0173741917849089,0.888,0.68,0.0,0.0,0.0,0.15,0.55,0.19708645439007566,0.03199508156682418,11,,,0,0,1,1,1,v15,2026-08-20T13:18:47+00:00,2026-08-20T13:18:47+00:00
a7a5f97adf171199cbeeb4b5,soccer_usa_mls,MLS,Houston Dynamo vs Austin FC,Houston Dynamo,Austin FC,Draw,Coolbet,2026-07-26T00:30:00Z,LOST,0,4.5,0.2222222222222222,0.24457213351183005,0.2311051036541974,0.24457213351183005,,,,,0,,,,,,1580.1269189648378,1458.8104787661644,121.31644019867349,0.8666666666666667,0.27,0.5966666666666667,0.0031145928517986145,0.956,0.68,0.0,0.0,0.0,0.15,0.55,0.1005746008032351,0.029046658105546186,11,,,0,0,1,1,1,v15,2026-08-20T13:18:47+00:00,2026-08-20T13:18:47+00:00
8dcc55edecbefddf79e72ed1,soccer_usa_mls,MLS,St. Louis City SC vs Colorado Rapids,St. Louis City SC,Colorado Rapids,Colorado Rapids,1xBet,2026-07-26T00:30:00Z,LOST,0,3.99,0.2506265664160401,0.2821044684665989,0.26295323911621277,0.2821044684665989,,,,,0,,,,,,1578.079965427936,1557.1176392983143,20.962326129621715,0.6457142857142857,0.8133333333333334,-0.16761904761904767,0.0173741917849089,0.911,0.68,0.0,0.0,0.0,0.15,0.55,0.12559682918172976,0.028831524655467344,13,,,0,0,1,1,1,v15,2026-08-20T13:18:47+00:00,2026-08-20T13:18:47+00:00
3ee4276b647fe029f0832ded,soccer_usa_mls,MLS,Minnesota United FC vs Vancouver Whitecaps FC,Minnesota United FC,Vancouver Whitecaps FC,Minnesota United FC,1xBet,2026-07-26T00:30:00Z,LOST,0,3.43,0.29154518950437314,0.3312882495789985,0.2976648128632399,0.3312882495789985,,,,,0,,,,,,1440.2825264718517,1514.645790778093,-74.36326430624126,0.1961904761904762,0.5314285714285714,-0.33523809523809517,0.018898129407348082,0.883,0.68,0.0,0.0,0.0,0.15,0.55,0.1363186960559648,0.022314420273603863,11,,,0,0,1,1,1,v15,2026-08-20T13:18:47+00:00,2026-08-20T13:18:47+00:00
7a3083ccfcf3a6a7d5492ae4,soccer_usa_mls,MLS,San Jose Earthquakes vs LA Galaxy,San Jose Earthquakes,LA Galaxy,Draw,1xBet,2026-07-26T02:30:00Z,WON,1,4.42,0.22624434389140272,0.24709815242246874,0.23490561619468428,0.24709815242246874,,,,,0,,,,,,1417.7684209190168,1481.3618556433871,-63.593434724370354,0.08444444444444445,0.3733333333333333,-0.28888888888888886,0.0031145928517986145,0.96,0.68,0.0,0.0,0.0,0.15,0.55,0.09217383370731191,0.029861914950834123,11,,,0,0,1,1,1,v15,2026-08-20T13:18:47+00:00,2026-08-20T13:18:47+00:00
8b54044b0d36816d28ae4716,soccer_norway_eliteserien,Eliteserien,Lillestrom vs Viking FK,Lillestrom,Viking FK,Lillestrom,Coolbet,2026-07-22T17:00:00Z,LOST,0,3.2,0.3125,0.3495307023990527,0.3109464247210798,0.3495307023990527,,,,,0,,,,,,1490.8648000639541,1479.8511090463885,11.013691017565634,0.5,0.25,0.25,0.04600004696201438,0.813,0.68,0.0,0.0,0.0,0.15,0.55,0.1184982476769687,0.00426104819009554,13,,,0,0,1,1,1,v15,2026-08-20T13:18:47+00:00,2026-08-20T13:18:47+00:00
34041c5f3b3f88c73f8922be,soccer_usa_mls,MLS,New England Revolution vs Toronto FC,New England Revolution,Toronto FC,Toronto FC,LeoVegas (SE),2026-07-22T23:30:00Z,LOST,0,4.1,0.24390243902439027,0.27292301134988195,0.2497429224597075,0.27292301134988195,,,,,0,,,,,,1550.3497372274146,1518.6251436173561,31.72459361005849,0.48,0.52,-0.040000000000000036,0.0173741917849089,0.899,0.68,0.0,0.0,0.0,0.15,0.55,0.11898434653451595,0.011256911962619576,23,,,0,0,1,1,1,v15,2026-08-20T13:18:47+00:00,2026-08-20T13:18:47+00:00
07b41f947d0aefde39a247cf,soccer_usa_mls,MLS,Houston Dynamo vs D.C. United,Houston Dynamo,D.C. United,D.C. United,Betfair,2026-07-23T00:30:00Z,LOST,0,4.5,0.2222222222222222,0.25199759788577514,0.2190631272670501,0.25199759788577514,,,,,0,,,,,,1580.1269189648378,1456.1443909166737,123.98252804816411,0.8666666666666667,0.3333333333333333,0.5333333333333334,0.0173741917849089,0.868,0.68,0.0,0.0,0.0,0.15,0.55,0.133989190485988,0.027068242470453585,23,,,0,0,1,1,1,v15,2026-08-20T13:18:47+00:00,2026-08-20T13:18:47+00:00
b60def1d99476eb51bdb7748,soccer_usa_mls,MLS,Colorado Rapids vs San Diego FC,Colorado Rapids,San Diego FC,Draw,Betfair,2026-07-23T01:30:00Z,LOST,0,4.3,0.23255813953488372,0.25153227608694767,0.24172540863045747,0.25153227608694767,,,,,0,,,,,,1557.1176392983143,1472.828532104358,84.2891071939564,0.8133333333333334,0.1111111111111111,0.7022222222222223,0.0031145928517986145,0.967,0.68,0.0,0.0,0.0,0.15,0.55,0.08158878717387497,0.014313267966083343,21,,,0,0,1,1,1,v15,2026-08-20T13:18:47+00:00,2026-08-20T13:18:47+00:00
b3bff4993aeebabf686eaa94,soccer_denmark_superliga,Danish Superliga,Viborg FF vs OB Odense BK,Viborg FF,OB Odense BK,OB Odense BK,Pinnacle,2026-07-24T17:00:00Z,LOST,0,4.02,0.24875621890547267,0.27695121856719,0.25249225913027734,0.27695121856719,,,,,0,,,,,,1519.1761885829958,1467.2243794106437,51.951809172352114,0.5833333333333334,0.0,0.5833333333333334,0.014624231827840523,0.9,0.68,0.0,0.0,0.0,0.15,0.55,0.11334389864010386,0.02375011124782711,20,,,0,0,1,1,1,v15,2026-08-20T13:18:47+00:00,2026-08-20T13:18:47+00:00
1fdc02c1be4286d5124045fc,soccer_usa_mls,MLS,CF Montreal vs Inter Miami CF,CF Montreal,Inter Miami CF,CF Montreal,LeoVegas (SE),2026-07-25T23:30:00Z,LOST,0,3.65,0.273972602739726,0.33064817988826245,0.29732971620492304,0.33064817988826245,,,,,0,,,,,,1474.9889291415332,1514.940246665178,-39.951317523644775,0.3733333333333333,0.4095238095238095,-0.03619047619047622,0.018898129407348082,0.883,0.68,0.0,0.0,0.0,0.15,0.55,0.20686585659215795,0.0,18,,,0,0,1,1,1,v15,2026-08-20T13:18:47+00:00,2026-08-20T13:18:47+00:00
d4040ac2b236be8af791e616,soccer_argentina_primera_division,Argentina Primera Division,Boca Juniors vs Estudiantes,Boca Juniors,Estudiantes,Estudiantes,Codere (IT),2026-08-05T22:00:00Z,LOST,0,4.0,0.25,0.2862793774695019,0.26169136578305857,0.2862793774695019,,,,,0,,,,,,1502.4050682822558,1471.3674271867983,31.037641095457502,0.4166666666666667,0.25,0.16666666666666669,0.01140103075025033,0.908,0.68,0.0,0.0,0.0,0.15,0.55,0.14511750987800753,0.0435285053929122,8,,,0,0,1,1,1,v15,2026-08-20T13:18:47+00:00,2026-08-20T13:18:47+00:00
7cffa759a35260097911d49f,soccer_mexico_ligamx,Liga MX,Querétaro vs Tigres,Querétaro,Tigres,Querétaro,Coolbet,2026-08-01T23:00:00Z,WON,1,4.5,0.2222222222222222,0.27178197167619,0.21703416362496855,0.27178197167619,,,,,0,,,,,,1498.532136618268,1425.0205317997563,73.51160481851161,0.4666666666666667,0.0,0.4666666666666667,0.020326199679865747,0.795,0.68,0.0,0.0,0.0,0.15,0.55,0.22301887254285502,0.05068664169787773,8,,,0,0,1,1,1,v15,2026-08-20T13:18:47+00:00,2026-08-20T13:18:47+00:00
79f73cc994ac42a0b20452c4,soccer_usa_mls,MLS,Austin FC vs Seattle Sounders FC,Austin FC,Seattle Sounders FC,Austin FC,LeoVegas (SE),2026-07-23T01:30:00Z,WON,1,3.6,0.2777777777777778,0.31806647976363145,0.2790232582854698,0.31806647976363145,,,,,0,,,,,,1458.8104787661644,1371.8269586179763,86.98352014818806,0.27,0.0,0.27,0.018898129407348082,0.865,0.68,0.0,0.0,0.0,0.15,0.55,0.1450393271490733,0.004807757144205782,24,,,0,0,1,1,1,v15,2026-08-20T13:18:47+00:00,2026-08-20T13:18:47+00:00
aff71449b4e204a833f7563a,soccer_argentina_primera_division,Argentina Primera Division,River Plate vs Barracas Central,River Plate,Barracas Central,Draw,Unibet (SE),2026-07-25T22:15:00Z,LOST,0,4.5,0.2222222222222222,0.24704246081236553,0.23413609136665792,0.24704246081236553,,,,,0,,,,,,1433.092800930315,1537.629293634609,-104.536492704294,0.18666666666666665,0.75,-0.5633333333333334,0.002240809810401667,0.958,0.68,0.0,0.0,0.0,0.15,0.55,0.1116910736556449,0.021522921522921568,15,,,0,0,1,1,1,v15,2026-08-20T13:18:47+00:00,2026-08-20T13:18:47+00:00
f31e8578c7a71a499f158e11,soccer_spain_la_liga,La Liga,Sevilla vs Rayo Vallecano,Sevilla,Rayo Vallecano,Rayo Vallecano,Betfair,2026-08-15T19:30:00Z,LOST,0,3.65,0.273972602739726,0.2980469879791757,0.28477787083471523,0.2980469879791757,,,,,0,,,,,,1515.9345703841527,1484.0654296158473,31.869140768305442,1.0,0.0,1.0,0.015766315418923732,0.931,0.85,0.0,0.0,0.0,0.15,0.55,0.08787150612399142,0.0,19,,,0,0,1,1,1,v15,2026-08-20T13:18:47+00:00,2026-08-20T13:18:47+00:00
6ed54dde7268e26903a151ee,soccer_usa_mls,MLS,Columbus Crew SC vs FC Cincinnati,Columbus Crew SC,FC Cincinnati,FC Cincinnati,1xBet,2026-07-25T23:15:00Z,LOST,0,4.25,0.23529411764705882,0.2700910477141455,0.24551306172706902,0.2700910477141455,,,,,0,,,,,,1473.8632350723276,1541.0353142748856,-67.17207920255805,0.43555555555555553,0.6457142857142857,-0.21015873015873016,0.0173741917849089,0.894,0.68,0.0,0.0,0.0,0.15,0.55,0.14788695278511832,0.021226062796880996,19,,,0,0,1,1,1,v15,2026-08-20T13:18:47+00:00,2026-08-20T13:18:47+00:00
e63f905b7ea10523f1c54b7a,soccer_usa_mls,MLS,CF Montreal vs Inter Miami CF,CF Montreal,Inter Miami CF,Draw,Coolbet,2026-07-25T23:30:00Z,LOST,0,4.2,0.23809523809523808,0.2566519303195437,0.24944597209640795,0.2566519303195437,,,,,0,,,,,,1474.9889291415332,1514.940246665178,-39.951317523644775,0.3733333333333333,0.4095238095238095,-0.03619047619047622,0.0031145928517986145,0.975,0.68,0.0,0.0,0.0,0.15,0.55,0.0779381073420835,0.0,18,,,0,0,1,1,1,v15,2026-08-20T13:18:47+00:00,2026-08-20T13:18:47+00:00
d9dd9246c4b87b92205a0774,soccer_brazil_campeonato,Brazil Serie A,Atletico Mineiro vs Bahia,Atletico Mineiro,Bahia,Bahia,Betfair,2026-07-21T22:30:00Z,LOST,0,4.1,0.24390243902439027,0.27661033998874895,0.24925145513661812,0.27661033998874895,,,,,0,,,,,,1496.3845703841525,1506.6051345165959,-10.220564132443315,0.3333333333333333,0.3333333333333333,0.0,0.011955251347010233,0.895,0.85,0.0,0.0,0.0,0.15,0.55,0.13410239395387058,0.004368787726032997,24,,,0,0,1,1,1,v15,2026-08-20T13:18:47+00:00,2026-08-20T13:18:47+00:00
ce750d434fac87dcbbb2e09c,soccer_norway_eliteserien,Eliteserien,Sarpsborg FK vs HamKam,Sarpsborg FK,HamKam,HamKam,1xBet,2026-07-26T15:00:00Z,LOST,0,4.39,0.22779043280182235,0.2613431007253591,0.24602227441536711,0.2613431007253591,,,,,0,,,,,,1482.03829667719,1456.8866052004837,25.15169147670622,0.26333333333333336,0.2,0.06333333333333335,0.026801877732323523,0.927,0.68,0.0,0.0,0.0,0.15,0.55,0.14729621218432642,0.0,19,,,0,0,1,1,1,v15,2026-08-20T13:18:47+00:00,2026-08-20T13:18:47+00:00
27bdfcf0b74617575c88f66d,soccer_usa_mls,MLS,Columbus Crew SC vs New York City FC,Columbus Crew SC,New York City FC,New York City FC,Betfair,2026-07-22T23:30:00Z,WON,1,4.2,0.23809523809523808,0.2725411433782925,0.24930450357690515,0.2725411433782925,,,,,0,,,,,,1473.8632350723276,1448.0009615367635,25.8622735355641,0.43555555555555553,0.1288888888888889,0.30666666666666664,0.0173741917849089,0.898,0.68,0.0,0.0,0.0,0.15,0.55,0.1446728021888286,0.0,24,,,0,0,1,1,1,v15,2026-08-20T13:18:47+00:00,2026-08-20T13:18:47+00:00
880526ba52b696c94fa867e2,soccer_spain_la_liga,La Liga,Real Racing Club de Santander vs Villarreal,Real Racing Club de Santander,Villarreal,Real Racing Club de Santander,Betfair,2026-08-16T15:00:00Z,LOST,0,3.45,0.2898550724637681,0.32439141556144757,0.2893245751929404,0.32439141556144757,,,,,0,,,,,,1493.0691373158681,1506.9308626841319,-13.861725368263706,0.3333333333333333,0.3333333333333333,0.0,0.017226563890552327,0.879,0.85,0.0,0.0,0.0,0.15,0.55,0.11915038368699427,0.011885539222314723,18,,,0,0,1,1,1,v15,2026-08-20T13:18:47+00:00,2026-08-20T13:18:47+00:00
d1624818cf7e9661650b1d33,soccer_usa_mls,MLS,Orlando City SC vs Nashville SC,Orlando City SC,Nashville SC,Orlando City SC,BetOnline.ag,2026-07-25T23:30:00Z,WON,1,3.45,0.2898550724637681,0.3268109029178543,0.2916249620994187,0.3268109029178543,,,,,0,,,,,,1469.5417252274685,1575.3510643202126,-105.80933909274404,0.3333333333333333,0.808888888888889,-0.4755555555555557,0.018898129407348082,0.877,0.68,0.0,0.0,0.0,0.15,0.55,0.1274976150665974,0.009338640538885556,22,,,0,0,1,1,1,v15,2026-08-20T13:18:47+00:00,2026-08-20T13:18:47+00:00
9b34bf1218197a208a6569a5,soccer_brazil_campeonato,Brazil Serie A,Fluminense vs Bahia,Fluminense,Bahia,Bahia,Nordic Bet,2026-07-30T00:30:00Z,LOST,0,4.45,0.2247191011235955,0.25935683053324,0.22082027993077719,0.25935683053324,,,,,0,,,,,,1496.4157773194183,1506.6051345165959,-10.189357197177515,0.3333333333333333,0.3333333333333333,0.0,0.013452855466411638,0.867,0.85,0.0,0.0,0.0,0.15,0.55,0.15413789587291804,0.031926308330802566,16,,,0,0,1,1,1,v15,2026-08-20T13:18:47+00:00,2026-08-20T13:18:47+00:00
4d3ff9a7465ad8c37810e631,soccer_brazil_campeonato,Brazil Serie A,Corinthians vs Atletico Paranaense,Corinthians,Atletico Paranaense,Atletico Paranaense,1xBet,2026-07-30T22:30:00Z,LOST,0,4.37,0.22883295194508008,0.2610937760574037,0.22410454232149374,0.2610937760574037,,,,,0,,,,,,1475.2211502606635,1560.3427667951953,-85.12161653453177,0.16666666666666666,0.7333333333333333,-0.5666666666666667,0.0433853405196489,0.808,0.85,0.0,0.0,0.0,0.15,0.55,0.14097980137085409,0.04195376506589321,10,,,0,0,1,1,1,v15,2026-08-20T13:18:47+00:00,2026-08-20T13:18:47+00:00
e7079a089518d1fd37c3c920,soccer_switzerland_superleague,Swiss Super League,FC Luzern vs FC Thun,FC Luzern,FC Thun,Draw,Betfair,2026-07-25T18:30:00Z,LOST,0,4.3,0.23255813953488372,0.2516317195708275,0.24030334543387102,0.2516317195708275,,,,,0,,,,,,1459.828630269493,1446.9218432555087,12.906787013984285,0.1111111111111111,0.25,-0.1388888888888889,0.0034515010818866446,0.963,0.68,0.0,0.0,0.0,0.15,0.55,0.08201639415455819,0.003709318453053001,22,,,0,0,1,1,1,v15,2026-08-20T13:18:47+00:00,2026-08-20T13:18:47+00:00
fecc12286d7c889bf3b579bb,soccer_brazil_campeonato,Brazil Serie A,Vasco da Gama vs Mirassol,Vasco da Gama,Mirassol,Mirassol,Matchbook,2026-07-25T23:30:00Z,LOST,0,3.9,0.25641025641025644,0.2847284480167103,0.2586140904757898,0.2847284480167103,,,,,0,,,,,,1468.6914391984299,1482.7949135252704,-14.10347432684057,0.2222222222222222,0.4444444444444444,-0.2222222222222222,0.04364773167636005,0.837,0.85,0.0,0.0,0.0,0.15,0.55,0.11044094726517018,0.005390116881495155,24,,,0,0,1,1,1,v15,2026-08-20T13:18:47+00:00,2026-08-20T13:18:47+00:00
b2e792534d30344628abeca3,soccer_argentina_primera_division,Argentina Primera Division,Estudiantes vs Independiente,Estudiantes,Independiente,Independiente,Unibet (SE),2026-07-26T20:15:00Z,WON,1,4.0,0.25,0.2778732435088167,0.2501848323314882,0.2778732435088167,,,,,0,,,,,,1471.3674271867983,1532.8472554162379,-61.47982822943959,0.25,0.6666666666666666,-0.41666666666666663,0.01140103075025033,0.896,0.68,0.0,0.0,0.0,0.15,0.55,0.11149297403526681,0.02716401245813005,15,,,0,0,1,1,1,v15,2026-08-20T13:18:47+00:00,2026-08-20T13:18:47+00:00
3e921f1b86987fc29bb22aff,soccer_argentina_primera_division,Argentina Primera Division,Banfield vs Sarmiento de Junin,Banfield,Sarmiento de Junin,Sarmiento de Junin,Nordic Bet,2026-07-28T22:00:00Z,LOST,0,3.95,0.2531645569620253,0.28538469507368097,0.26083661344509035,0.28538469507368097,,,,,0,,,,,,1490.369260904935,1495.5787951999725,-5.209534295037656,0.5,0.5,0.0,0.01140103075025033,0.907,0.68,0.0,0.0,0.0,0.15,0.55,0.12726954554103997,0.033522097203847245,10,,,0,0,1,1,1,v15,2026-08-20T13:18:47+00:00,2026-08-20T13:18:47+00:00
09264565f51184b6b937ff41,soccer_mexico_ligamx,Liga MX,Atlante FC vs América,Atlante FC,América,Draw,Betfair,2026-07-25T03:00:00Z,WON,1,4.4,0.22727272727272727,0.2522585218909982,0.24415608084056484,0.2522585218909982,,,,,0,,,,,,1480.9646127790877,1566.7486120275207,-85.78399924843302,0.2222222222222222,0.7333333333333333,-0.5111111111111111,0.008272405930210365,0.969,0.68,0.0,0.0,0.0,0.15,0.55,0.10993749632039207,0.0,18,,,0,0,1,1,1,v15,2026-08-20T13:18:47+00:00,2026-08-20T13:18:47+00:00
9da05fd45448689cff09592a,soccer_netherlands_eredivisie,Eredivisie,Go Ahead Eagles vs Willem II,Go Ahead Eagles,Willem II,Draw,Tipico,2026-08-08T16:45:00Z,LOST,0,4.4,0.22727272727272727,0.2487566915289372,0.23752238077539997,0.2487566915289372,,,,,0,,,,,,1540.3633427187979,1459.6366572812021,80.72668543759573,1.0,0.0,1.0,0.0031145928517986145,0.962,0.68,0.0,0.0,0.0,0.15,0.55,0.09452944272732378,0.022911624114029028,20,,,0,0,1,1,1,v15,2026-08-20T13:18:47+00:00,2026-08-20T13:18:47+00:00
cc85af6433136fed3634981e,soccer_argentina_primera_division,Argentina Primera Division,Platense vs Union Santa Fe,Platense,Union Santa Fe,Union Santa Fe,Betfair,2026-07-25T00:15:00Z,LOST,0,3.6,0.2777777777777778,0.30238758088399087,0.286617013696697,0.30238758088399087,,,,,0,,,,,,1492.5698726830637,1502.8164342754749,-10.246561592411126,0.3333333333333333,0.4444444444444444,-0.1111111111111111,0.011450747207328334,0.933,0.68,0.0,0.0,0.0,0.15,0.55,0.08859529118236709,0.00047166808456466924,16,,,0,0,1,1,1,v15,2026-08-20T13:18:47+00:00,2026-08-20T13:18:47+00:00
0cab2322dba66741bb86b6af,soccer_switzerland_superleague,Swiss Super League,FC Lausanne-Sport vs Grasshopper Zürich,FC Lausanne-Sport,Grasshopper Zürich,Grasshopper Zürich,Betfair,2026-07-25T16:00:00Z,LOST,0,4.3,0.23255813953488372,0.2692919963521306,0.24066952621216348,0.2692919963521306,,,,,0,,,,,,1515.7209167032977,1472.471816379307,43.24910032399066,0.5,0.16666666666666666,0.33333333333333337,0.013825402287021062,0.888,0.68,0.0,0.0,0.0,0.15,0.55,0.15795558431416135,0.0,24,,,0,0,1,1,1,v15,2026-08-20T13:18:47+00:00,2026-08-20T13:18:47+00:00
5ae3d6cf481a98c3646f1d1a,soccer_argentina_primera_division,Argentina Primera Division,San Lorenzo vs Gimnasia Mendoza,San Lorenzo,Gimnasia Mendoza,Gimnasia Mendoza,Unibet (SE),2026-07-28T22:00:00Z,LOST,0,4.1,0.24390243902439027,0.28694939729408075,0.26307505926801117,0.28694939729408075,,,,,0,,,,,,1500.402852545982,1530.7362698481147,-30.33341730213283,0.5,0.75,-0.25,0.011450747207328334,0.909,0.68,0.0,0.0,0.0,0.15,0.55,0.17649252890573108,0.02992335927349843,9,,,0,0,1,1,1,v15,2026-08-20T13:18:47+00:00,2026-08-20T13:18:47+00:00
9b69ba77e6f45d28cf76bac5,soccer_argentina_primera_division,Argentina Primera Division,Defensa y Justicia vs Deportivo Riestra,Defensa y Justicia,Deportivo Riestra,Deportivo Riestra,Unibet (SE),2026-07-29T20:00:00Z,LOST,0,3.9,0.25641025641025644,0.2865954521384486,0.26278046162900043,0.2865954521384486,,,,,0,,,,,,1531.3663611359887,1482.1657048270865,49.200656308902126,1.0,0.4,0.6,0.011450747207328334,0.909,0.68,0.0,0.0,0.0,0.15,0.55,0.1177222633399495,0.04243117665936458,11,,,0,0,1,1,1,v15,2026-08-20T13:18:47+00:00,2026-08-20T13:18:47+00:00
76abc121252f51f5f33c2348,soccer_argentina_primera_division,Argentina Primera Division,Gimnasia La Plata vs River Plate,Gimnasia La Plata,River Plate,Gimnasia La Plata,1xBet,2026-07-29T22:15:00Z,WON,1,3.85,0.2597402597402597,0.30487724506050695,0.2634592933420069,0.30487724506050695,,,,,0,,,,,,1487.9036641029213,1433.092800930315,54.81086317260633,0.5,0.18666666666666665,0.31333333333333335,0.012816740571849918,0.863,0.68,0.0,0.0,0.0,0.15,0.55,0.17377739348295185,0.04103650123182523,11,,,0,0,1,1,1,v15,2026-08-20T13:18:47+00:00,2026-08-20T13:18:47+00:00
5311385489e8ce18f2cfc01e,soccer_argentina_primera_division,Argentina Primera Division,Lanus vs Instituto de Córdoba,Lanus,Instituto de Córdoba,Instituto de Córdoba,1xBet,2026-08-03T00:30:00Z,WON,1,3.75,0.26666666666666666,0.30180200775408017,0.2847535103522841,0.30180200775408017,,,,,0,,,,,,1482.6746670206933,1549.1190283887179,-66.4443613680246,0.4,0.75,-0.35,0.011450747207328334,0.931,0.68,0.0,0.0,0.0,0.15,0.55,0.13175752907780058,0.052485380116959135,7,,,0,0,1,1,1,v15,2026-08-20T13:18:47+00:00,2026-08-20T13:18:47+00:00
4e70c8ff3c9283aca3616ecb,soccer_argentina_primera_division,Argentina Primera Division,Union Santa Fe vs Lanus,Union Santa Fe,Lanus,Lanus,Codere (IT),2026-08-06T22:00:00Z,LOST,0,3.65,0.273972602739726,0.2991656808126357,0.2799667659429409,0.2991656808126357,,,,,0,,,,,,1502.8164342754749,1482.6746670206933,20.1417672547816,0.4444444444444444,0.4,0.0444444444444444,0.01785120591744759,0.916,0.68,0.0,0.0,0.0,0.15,0.55,0.09195473496612028,0.041707422198683286,8,,,0,0,1,1,1,v15,2026-08-20T13:18:47+00:00,2026-08-20T13:18:47+00:00
c488cfcc22a27fc6b43144db,soccer_denmark_superliga,Danish Superliga,Silkeborg IF vs FC Copenhagen,Silkeborg IF,FC Copenhagen,Silkeborg IF,Codere (IT),2026-08-02T16:00:00Z,LOST,0,4.5,0.2222222222222222,0.26206369240403726,0.21445291808247008,0.26206369240403726,,,,,0,,,,,,1472.9359217034273,1636.0259001301706,-163.0899784267433,0.3333333333333333,1.0,-0.6666666666666667,0.014932660490205002,0.806,0.68,0.0,0.0,0.0,0.15,0.55,0.17928661581816763,0.044733044733044736,8,,,0,0,1,1,1,v15,2026-08-20T13:18:47+00:00,2026-08-20T13:18:47+00:00
2cf02023068811630c8e6f2a,soccer_switzerland_superleague,Swiss Super League,Servette vs FC Basel,Servette,FC Basel,FC Basel,Betfair,2026-07-25T16:00:00Z,WON,1,4.2,0.23809523809523808,0.2742254201674459,0.24783734896301068,0.2742254201674459,,,,,0,,,,,,1461.132365474409,1533.297352491378,-72.16498701696901,0.0,0.75,-0.75,0.013825402287021062,0.895,0.68,0.0,0.0,0.0,0.15,0.55,0.15174676470327286,0.004412254412254457,15,,,0,0,1,1,1,v15,2026-08-20T13:18:47+00:00,2026-08-20T13:18:47+00:00
3870f139d5e8b893b90a0475,soccer_switzerland_superleague,Swiss Super League,FC St Gallen vs FC Zurich,FC St Gallen,FC Zurich,FC Zurich,Coolbet,2026-07-26T14:30:00Z,LOST,0,4.5,0.2222222222222222,0.2537436523548878,0.2176861740259012,0.2537436523548878,,,,,0,,,,,,1510.6146250165896,1499.767634525591,10.846990490998678,0.6666666666666666,0.5,0.16666666666666663,0.013825402287021062,0.864,0.68,0.0,0.0,0.0,0.15,0.55,0.14184643559699528,0.014466700907378893,16,,,0,0,1,1,1,v15,2026-08-20T13:18:47+00:00,2026-08-20T13:18:47+00:00
59e684fd6a38ef0f74c81de1,soccer_denmark_superliga,Danish Superliga,FC Nordsjaelland vs Randers FC,FC Nordsjaelland,Randers FC,Randers FC,Codere (IT),2026-08-02T12:00:00Z,LOST,0,4.0,0.25,0.28337381635734815,0.26112090895892226,0.28337381635734815,,,,,0,,,,,,1519.317634525591,1409.3968300665224,109.92080445906868,0.6666666666666666,0.2088888888888889,0.45777777777777773,0.01464771366511739,0.909,0.68,0.0,0.0,0.0,0.15,0.55,0.1334952654293926,0.055860805860805884,9,,,0,0,1,1,1,v15,2026-08-20T13:18:47+00:00,2026-08-20T13:18:47+00:00
0b99a0c261595830319918ed,soccer_denmark_superliga,Danish Superliga,Brondby IF vs Viborg FF,Brondby IF,Viborg FF,Viborg FF,Codere (IT),2026-08-02T14:00:00Z,LOST,0,3.95,0.2531645569620253,0.2897238755256372,0.26712685944570613,0.2897238755256372,,,,,0,,,,,,1516.1363283743474,1519.1761885829958,-3.039860208648406,1.0,0.5833333333333334,0.41666666666666663,0.04387005866706981,0.848,0.68,0.0,0.0,0.0,0.15,0.55,0.14440930832626697,0.04148970698930299,9,,,0,0,1,1,1,v15,2026-08-20T13:18:47+00:00,2026-08-20T13:18:47+00:00
e7af5962049d9e4329cf6e1b,soccer_mexico_ligamx,Liga MX,Necaxa vs Monterrey,Necaxa,Monterrey,Necaxa,Matchbook,2026-07-26T23:00:00Z,WON,1,3.25,0.3076923076923077,0.34596843459976434,0.30843898835425043,0.34596843459976434,,,,,0,,,,,,1531.2111977751451,1484.7233726090076,46.487825166137554,1.0,0.0,1.0,0.009241776473727892,0.871,0.68,0.0,0.0,0.0,0.15,0.55,0.12439741244923419,0.0,19,,,0,0,1,1,1,v15,2026-08-20T13:18:47+00:00,2026-08-20T13:18:47+00:00
09982c47ff2fdcb009f12f70,soccer_usa_mls,MLS,Inter Miami CF vs Columbus Crew SC,Inter Miami CF,Columbus Crew SC,Columbus Crew SC,Pinnacle,2026-08-01T23:30:00Z,LOST,0,4.05,0.2469135802469136,0.27624204886927295,0.26876072875628704,0.27624204886927295,,,,,0,,,,,,1514.940246665178,1473.8632350723276,41.07701159285034,0.4095238095238095,0.43555555555555553,-0.026031746031746017,0.035750765120664385,0.911,0.68,0.0,0.0,0.0,0.15,0.55,0.11878029792055544,0.019768176630921674,15,,,0,0,1,1,1,v15,2026-08-20T13:18:47+00:00,2026-08-20T13:18:47+00:00
8c7a4975a9400175aa915844,soccer_usa_mls,MLS,Vancouver Whitecaps FC vs Los Angeles FC,Vancouver Whitecaps FC,Los Angeles FC,Los Angeles FC,Nordic Bet,2026-08-01T23:30:00Z,LOST,0,4.25,0.23529411764705882,0.26916381493821995,0.2312240301547608,0.26916381493821995,,,,,0,,,,,,1514.645790778093,1494.4344718258442,20.211318952248803,0.5314285714285714,0.3333333333333333,0.19809523809523805,0.08346162275615066,0.745,0.68,0.0,0.0,0.0,0.15,0.55,0.14394621348743475,0.028379364414015784,14,,,0,0,1,1,1,v15,2026-08-20T13:18:47+00:00,2026-08-20T13:18:47+00:00
0eb70fed07cdb05eaa3575ef,soccer_usa_mls,MLS,Sporting Kansas City vs Houston Dynamo,Sporting Kansas City,Houston Dynamo,Sporting Kansas City,1xBet,2026-08-02T00:30:00Z,LOST,0,3.41,0.29325513196480935,0.34197607984868666,0.3014117562279623,0.34197607984868666,,,,,0,,,,,,1469.1966304590667,1580.1269189648378,-110.93028850577116,0.3333333333333333,0.8666666666666667,-0.5333333333333334,0.019631343739462744,0.85,0.68,0.0,0.0,0.0,0.15,0.55,0.1661384322840216,0.0009651434722892649,13,,,0,0,1,1,1,v15,2026-08-20T13:18:47+00:00,2026-08-20T13:18:47+00:00
c710d8aee1c4491b9c429b33,soccer_usa_mls,MLS,Colorado Rapids vs Austin FC,Colorado Rapids,Austin FC,Austin FC,1xBet,2026-08-02T01:30:00Z,LOST,0,4.26,0.2347417840375587,0.2731241071287172,0.2450807821239481,0.2731241071287172,,,,,0,,,,,,1557.1176392983143,1458.8104787661644,98.30716053214996,0.8133333333333334,0.27,0.5433333333333333,0.028656062783430754,0.878,0.68,0.0,0.0,0.0,0.15,0.55,0.1635086963683352,0.03093069312605512,13,,,0,0,1,1,1,v15,2026-08-20T13:18:47+00:00,2026-08-20T13:18:47+00:00
574a2f22a705da96f66e3e95,soccer_mexico_ligamx,Liga MX,Puebla vs Guadalajara,Puebla,Guadalajara,Puebla,Pinnacle,2026-08-01T01:00:00Z,LOST,0,4.16,0.24038461538461536,0.2852366475731887,0.23840359657875856,0.2852366475731887,,,,,0,,,,,,1515.1967386626832,1506.9308626841319,8.265875978551321,0.5555555555555556,0.3333333333333333,0.22222222222222227,0.0197934312848119,0.821,0.68,0.0,0.0,0.0,0.15,0.55,0.186584453904465,0.009974167623421515,11,,,0,0,1,1,1,v15,2026-08-20T13:18:47+00:00,2026-08-20T13:18:47+00:00
465a6459f255f9b8a579ed45,soccer_switzerland_superleague,Swiss Super League,FC Zurich vs Servette,FC Zurich,Servette,FC Zurich,Coolbet,2026-08-01T16:00:00Z,WON,1,4.3,0.23255813953488372,0.28885575312423184,0.23861096945991475,0.28885575312423184,,,,,0,,,,,,1499.767634525591,1461.132365474409,38.63526905118192,0.5,0.0,0.5,0.010970102098018141,0.809,0.68,0.0,0.0,0.0,0.15,0.55,0.24207973843419683,0.023139565475425616,9,,,0,0,1,1,1,v15,2026-08-20T13:18:47+00:00,2026-08-20T13:18:47+00:00
1223ccf8c513783bfc377470,soccer_switzerland_superleague,Swiss Super League,Grasshopper Zürich vs FC Lugano,Grasshopper Zürich,FC Lugano,Grasshopper Zürich,Pinnacle,2026-08-02T14:30:00Z,LOST,0,3.89,0.2570694087403599,0.29395701447012024,0.24903850351628268,0.29395701447012024,,,,,0,,,,,,1472.471816379307,1531.1436132365404,-58.6717968572334,0.16666666666666666,1.0,-0.8333333333333334,0.021965441051070542,0.843,0.68,0.0,0.0,0.0,0.15,0.55,0.14349278628876783,0.0418707904329334,12,,,0,0,1,1,1,v15,2026-08-20T13:18:47+00:00,2026-08-20T13:18:47+00:00
b7f19a641c057c3b92c07bbc,soccer_denmark_superliga,Danish Superliga,Lyngby vs AGF Aarhus,Lyngby,AGF Aarhus,Lyngby,Tipico,2026-08-01T16:00:00Z,LOST,0,3.9,0.25641025641025644,0.29860299175637206,0.2533039416874246,0.29860299175637206,,,,,0,,,,,,1473.083429564116,1488.176953533923,-15.093523969807165,0.25,0.16666666666666666,0.08333333333333334,0.014932660490205002,0.847,0.68,0.0,0.0,0.0,0.15,0.55,0.1645516678498511,0.017417208169262066,17,,,0,0,1,1,1,v15,2026-08-20T13:18:47+00:00,2026-08-20T13:18:47+00:00
c6825468803a28e4ad68c92f,soccer_norway_eliteserien,Eliteserien,Molde vs Sarpsborg FK,Molde,Sarpsborg FK,Sarpsborg FK,1xBet,2026-08-02T15:00:00Z,LOST,0,4.43,0.22573363431151244,0.2566027662072556,0.22118288528657787,0.2566027662072556,,,,,0,,,,,,1463.8060483499528,1482.03829667719,-18.23224832723713,0.16666666666666666,0.26333333333333336,-0.0966666666666667,0.049264190449741646,0.808,0.68,0.0,0.0,0.0,0.15,0.55,0.13675025429814225,0.047069161529392556,13,,,0,0,1,1,1,v15,2026-08-20T13:18:47+00:00,2026-08-20T13:18:47+00:00
bb71f19658c6b7b318c9c71f,soccer_brazil_campeonato,Brazil Serie A,Grêmio vs Fluminense,Grêmio,Fluminense,Grêmio,Matchbook,2026-07-26T21:30:00Z,LOST,0,3.35,0.29850746268656714,0.33312493335186844,0.3128687863699657,0.33312493335186844,,,,,0,,,,,,1480.675973962875,1496.4157773194183,-15.739803356543234,0.16666666666666666,0.3333333333333333,-0.16666666666666666,0.03475138928330612,0.894,0.85,0.0,0.0,0.0,0.15,0.55,0.11596852672875935,0.0,24,,,0,0,1,1,1,v15,2026-08-20T13:18:47+00:00,2026-08-20T13:18:47+00:00
6cb61a6300e3041165b5b866,soccer_brazil_campeonato,Brazil Serie A,Internacional vs Flamengo,Internacional,Flamengo,Internacional,BetOnline.ag,2026-07-29T22:30:00Z,LOST,0,3.8,0.2631578947368421,0.29697227936091686,0.2645778962507089,0.29697227936091686,,,,,0,,,,,,1480.1749408377989,1539.8162442984515,-59.64130346065258,0.16666666666666666,0.6666666666666666,-0.5,0.04124622878615612,0.851,0.85,0.0,0.0,0.0,0.15,0.55,0.12849466157148393,0.02057029365867491,17,,,0,0,1,1,1,v15,2026-08-20T13:18:47+00:00,2026-08-20T13:18:47+00:00
400f29a9c16e3c87109e1f5f,soccer_turkey_super_league,Turkish Super Lig,Kasimpasa SK vs Trabzonspor,Kasimpasa SK,Trabzonspor,Kasimpasa SK,1xBet,2026-08-15T16:00:00Z,LOST,0,3.45,0.2898550724637681,0.325977944173228,0.29284356537271355,0.325977944173228,,,,,0,,,,,,1496.3845703841525,1503.6154296158475,-7.230859231694922,0.3333333333333333,0.3333333333333333,0.0,0.015705055741443846,0.886,0.68,0.0,0.0,0.0,0.15,0.55,0.12462390739763674,0.009228291836987479,12,,,0,0,1,1,1,v15,2026-08-20T13:18:47+00:00,2026-08-20T13:18:47+00:00
aa8304edea28741198a4ba19,soccer_austria_bundesliga,Austrian Bundesliga,LASK vs Grazer AK,LASK,Grazer AK,LASK,BetOnline.ag,2026-07-31T17:30:00Z,WON,1,2.1,0.47619047619047616,0.5066832482972743,0.5542969698175789,0.5066832482972743,,,,,0,,,,,,1567.4994476163076,1463.6159659619082,103.88348165439947,1.0,0.3333333333333333,0.6666666666666667,0.014914240498096367,0.816,0.85,0.0,0.0,0.0,0.15,0.55,0.06403482142427608,0.0,20,,,0,0,1,1,1,v15,2026-08-20T13:18:47+00:00,2026-08-20T13:18:47+00:00
59b0a0f005190a1648abddbc,soccer_switzerland_superleague,Swiss Super League,FC Sion vs FC Luzern,FC Sion,FC Luzern,FC Luzern,Coolbet,2026-08-02T14:30:00Z,LOST,0,4.2,0.23809523809523808,0.26705267637746793,0.24227280178373586,0.26705267637746793,,,,,0,,,,,,1520.771837647235,1459.828630269493,60.943207377742056,1.0,0.1111111111111111,0.8888888888888888,0.010446172199131699,0.919,0.68,0.0,0.0,0.0,0.15,0.55,0.1216212407853654,0.016731016731016624,14,,,0,0,1,1,1,v15,2026-08-20T13:18:47+00:00,2026-08-20T13:18:47+00:00
36fc32a63694315e798b5e02,soccer_brazil_campeonato,Brazil Serie A,Vitoria vs Palmeiras,Vitoria,Palmeiras,Vitoria,Pinnacle,2026-07-30T00:30:00Z,LOST,0,4.13,0.24213075060532688,0.28071300006711675,0.24394497964106052,0.28071300006711675,,,,,0,,,,,,1483.3632808753473,1559.5909672896312,-76.22768641428388,0.5,1.0,-0.5,0.044526464671287534,0.834,0.85,0.0,0.0,0.0,0.15,0.55,0.15934469027719222,0.021685290868033835,23,,,0,0,1,1,1,v15,2026-08-20T13:18:47+00:00,2026-08-20T13:18:47+00:00
b96361c5e7022ad9d568888b,soccer_norway_eliteserien,Eliteserien,SK Brann vs Rosenborg,SK Brann,Rosenborg,Rosenborg,GTbets,2026-08-02T17:15:00Z,LOST,0,4.5,0.2222222222222222,0.2634050422167348,0.22340504221673477,0.2634050422167348,,,,,0,,,,,,1511.075480902149,1525.8186475734608,-14.743166671311883,0.6666666666666666,0.6,0.06666666666666665,0.08926358426818362,0.715,0.68,0.0,0.0,0.0,0.15,0.55,0.18532268997530643,0.02556586875101763,18,,,0,0,1,1,1,v15,2026-08-20T13:18:47+00:00,2026-08-20T13:18:47+00:00
f13fb980f596077ddc49ccc4,soccer_sweden_allsvenskan,Allsvenskan,BK Hacken vs Kalmar FF,BK Hacken,Kalmar FF,Kalmar FF,Coolbet,2026-08-01T13:00:00Z,LOST,0,4.5,0.2222222222222222,0.26528058454497444,0.23699600720673286,0.26528058454497444,,,,,0,,,,,,1489.949391661636,1468.0745723598727,21.874819301763182,0.3333333333333333,0.25,0.08333333333333331,0.013196431103862644,0.894,0.68,0.0,0.0,0.0,0.15,0.55,0.19376263045238495,0.0,19,,,0,0,1,1,1,v15,2026-08-20T13:18:47+00:00,2026-08-20T13:18:47+00:00
2075b2522ac192beb3be53ec,soccer_usa_mls,MLS,New York City FC vs Toronto FC,New York City FC,Toronto FC,Draw,1xBet,2026-07-31T23:30:00Z,WON,1,4.37,0.22883295194508008,0.24700253660452376,0.23687565009039194,0.24700253660452376,,,,,0,,,,,,1448.0009615367635,1518.6251436173561,-70.62418208059262,0.1288888888888889,0.52,-0.39111111111111113,0.006397963554983911,0.968,0.68,0.0,0.0,0.0,0.15,0.55,0.07940108496176879,0.005747491345746036,22,,,0,0,1,1,1,v15,2026-08-20T13:18:47+00:00,2026-08-20T13:18:47+00:00
ace09b2aff63c58ffc182ff6,soccer_usa_mls,MLS,Philadelphia Union vs Atlanta United FC,Philadelphia Union,Atlanta United FC,Draw,1xBet,2026-08-01T23:30:00Z,LOST,0,4.42,0.22624434389140272,0.24624737058111018,0.2362967066815444,0.24624737058111018,,,,,0,,,,,,1569.4900187717903,1540.7692888732934,28.720729898496984,0.8666666666666667,0.7276190476190476,0.1390476190476191,0.007438346420623506,0.968,0.68,0.0,0.0,0.0,0.15,0.55,0.08841337796850701,0.00275949540655418,21,,,0,0,1,1,1,v15,2026-08-20T13:18:47+00:00,2026-08-20T13:18:47+00:00
29f9787e6096e17a941dbd5a,soccer_usa_mls,MLS,Vancouver Whitecaps FC vs Los Angeles FC,Vancouver Whitecaps FC,Los Angeles FC,Draw,1xBet,2026-08-01T23:30:00Z,WON,1,4.49,0.22271714922048996,0.24423402876064854,0.23176926997095612,0.24423402876064854,,,,,0,,,,,,1514.645790778093,1494.4344718258442,20.211318952248803,0.5314285714285714,0.3333333333333333,0.19809523809523805,0.007533793921442597,0.959,0.68,0.0,0.0,0.0,0.15,0.55,0.09661078913531207,0.005088394537058116,21,,,0,0,1,1,1,v15,2026-08-20T13:18:47+00:00,2026-08-20T13:18:47+00:00
e929124d145d6ae62a7974be,soccer_usa_mls,MLS,Sporting Kansas City vs Houston Dynamo,Sporting Kansas City,Houston Dynamo,Draw,1xBet,2026-08-02T00:30:00Z,LOST,0,4.12,0.24271844660194175,0.2676499408274413,0.26578660973477236,0.2676499408274413,,,,,0,,,,,,1469.1966304590667,1580.1269189648378,-110.93028850577116,0.3333333333333333,0.8666666666666667,-0.5333333333333334,0.002337368695552585,0.992,0.68,0.0,0.0,0.0,0.15,0.55,0.10271775620905821,0.0,21,,,0,0,1,1,1,v15,2026-08-20T13:18:47+00:00,2026-08-20T13:18:47+00:00
90d6c203183bd1540b2d954a,soccer_usa_mls,MLS,Minnesota United FC vs San Diego FC,Minnesota United FC,San Diego FC,Draw,1xBet,2026-08-02T00:30:00Z,WON,1,4.34,0.2304147465437788,0.251660811690572,0.2409106313525554,0.251660811690572,,,,,0,,,,,,1440.2825264718517,1472.828532104358,-32.546005632506194,0.1961904761904762,0.1111111111111111,0.08507936507936509,0.002748493915257042,0.967,0.68,0.0,0.0,0.0,0.15,0.55,0.09220792273708223,0.018751370574453752,21,,,0,0,1,1,1,v15,2026-08-20T13:18:47+00:00,2026-08-20T13:18:47+00:00
411377a7459027482b7c362b,soccer_usa_mls,MLS,Portland Timbers vs Seattle Sounders FC,Portland Timbers,Seattle Sounders FC,Draw,1xBet,2026-08-02T02:30:00Z,LOST,0,4.29,0.2331002331002331,0.2513219445707077,0.24265049575489872,0.2513219445707077,,,,,0,,,,,,1543.0577616586165,1371.8269586179763,171.23080304064024,1.0,0.0,1.0,0.00439414389399171,0.973,0.68,0.0,0.0,0.0,0.15,0.55,0.07817114220833621,0.0,21,,,0,0,1,1,1,v15,2026-08-20T13:18:47+00:00,2026-08-20T13:18:47+00:00
c23f2b9a10850d962129c188,soccer_usa_mls,MLS,Houston Dynamo vs LA Galaxy,Houston Dynamo,LA Galaxy,Draw,1xBet,2026-08-16T00:30:00Z,LOST,0,4.44,0.2252252252252252,0.24476755104842407,0.23181722741941893,0.24476755104842407,,,,,0,,,,,,1580.1269189648378,1481.3618556433871,98.76506332145073,0.8666666666666667,0.3733333333333333,0.4933333333333334,0.004832017230686196,0.963,0.68,0.0,0.0,0.0,0.15,0.55,0.08676792665500299,0.0274675173460599,8,,,0,0,1,1,1,v15,2026-08-20T13:18:47+00:00,2026-08-20T13:18:47+00:00
feec423deb0b2d9457d0de0f,soccer_usa_mls,MLS,Real Salt Lake vs Minnesota United FC,Real Salt Lake,Minnesota United FC,Minnesota United FC,1xBet,2026-08-16T01:30:00Z,LOST,0,4.42,0.22624434389140272,0.2554291101142496,0.2195297675347252,0.2554291101142496,,,,,0,,,,,,1441.3801321842827,1440.2825264718517,1.0976057124310046,0.18666666666666665,0.1961904761904762,-0.009523809523809545,0.03475733555362008,0.847,0.68,0.0,0.0,0.0,0.15,0.55,0.12899666670498333,0.030523369863730387,8,,,0,0,1,1,1,v15,2026-08-20T13:18:47+00:00,2026-08-20T13:18:47+00:00
b9b56d78d4582554720934e5,soccer_brazil_campeonato,Brazil Serie A,Bahia vs Vasco da Gama,Bahia,Vasco da Gama,Vasco da Gama,1xBet,2026-08-09T19:00:00Z,LOST,0,4.47,0.2237136465324385,0.26972898786562294,0.2370578801926469,0.26972898786562294,,,,,0,,,,,,1506.6051345165959,1468.6914391984299,37.91369531816599,0.3333333333333333,0.2222222222222222,0.1111111111111111,0.014081484780069984,0.885,0.85,0.0,0.0,0.0,0.15,0.55,0.20568857575933452,0.03682840063079906,12,,,0,0,1,1,1,v15,2026-08-20T13:18:47+00:00,2026-08-20T13:18:47+00:00
21c1dc6f8bbc2e072e8d0ae4,soccer_argentina_primera_division,Argentina Primera Division,Rosario Central vs Racing Club,Rosario Central,Racing Club,Racing Club,Betfair,2026-07-29T00:15:00Z,LOST,0,3.9,0.25641025641025644,0.28585895278968243,0.2627620124158409,0.28585895278968243,,,,,0,,,,,,1541.51552157514,1463.3876758365632,78.12784573857675,0.7777777777777778,0.1111111111111111,0.6666666666666667,0.011934974591752932,0.909,0.68,0.0,0.0,0.0,0.15,0.55,0.11484991587976134,0.009811023762889892,15,,,0,0,1,1,1,v15,2026-08-20T13:18:47+00:00,2026-08-20T13:18:47+00:00
87d542a6f3b816dbb523d9c6,soccer_norway_eliteserien,Eliteserien,Aalesund vs Tromso,Aalesund,Tromso,Aalesund,Tipico,2026-08-02T15:00:00Z,LOST,0,4.1,0.24390243902439027,0.2765533027053094,0.24789697110079634,0.2765533027053094,,,,,0,,,,,,1420.1760971632866,1564.2803723994111,-144.10427523612452,0.08333333333333333,1.0,-0.9166666666666666,0.08661103312906539,0.785,0.68,0.0,0.0,0.0,0.15,0.55,0.1338685410917686,0.017819557589028534,19,,,0,0,1,1,1,v15,2026-08-20T13:18:47+00:00,2026-08-20T13:18:47+00:00
79526ffd7a48740434fd1c5f,soccer_usa_mls,MLS,New York City FC vs Philadelphia Union,New York City FC,Philadelphia Union,Philadelphia Union,1xBet,2026-08-16T22:00:00Z,WON,1,4.45,0.2247191011235955,0.2579802890718654,0.2247797797130218,0.2579802890718654,,,,,0,,,,,,1448.0009615367635,1569.4900187717903,-121.48905723502685,0.1288888888888889,0.8666666666666667,-0.7377777777777779,0.026029536047845955,0.865,0.68,0.0,0.0,0.0,0.15,0.55,0.14801228636980102,0.03158673514960064,7,,,0,0,1,1,1,v15,2026-08-20T13:18:47+00:00,2026-08-20T13:18:47+00:00
862033c06c0f6101d2084066,soccer_efl_champ,Championship,Watford vs Southampton,Watford,Southampton,Watford,LeoVegas (SE),2026-08-16T12:30:00Z,WON,1,3.95,0.2531645569620253,0.31194718923803344,0.2745816641804571,0.31194718923803344,,,,,0,,,,,,1515.9345703841527,1484.0654296158473,31.869140768305442,1.0,0.0,1.0,0.013166366668595001,0.874,0.72,0.0,0.0,0.0,0.15,0.55,0.2321913974902321,0.0,18,,,0,0,1,1,1,v15,2026-08-20T13:18:47+00:00,2026-08-20T13:18:47+00:00
d6492f0212c8cb5a21bdfa35,soccer_turkey_super_league,Turkish Super Lig,Amed SK vs Erzurum BB,Amed SK,Erzurum BB,Erzurum BB,Coolbet,2026-08-16T18:30:00Z,LOST,0,3.3,0.30303030303030304,0.32406979410950887,0.3221820256020736,0.32406979410950887,,,,,0,,,,,,1521.4560755650866,1478.5439244349134,42.91215113017324,1.0,0.0,1.0,0.01542489018912072,0.957,0.68,0.0,0.0,0.0,0.15,0.55,0.0694303205613791,0.05250619401562795,4,,,0,0,1,1,1,v15,2026-08-20T13:18:47+00:00,2026-08-20T13:18:47+00:00
dfd457e7496e7b6728589bb4,soccer_usa_mls,MLS,St. Louis City SC vs Real Salt Lake,St. Louis City SC,Real Salt Lake,Draw,1xBet,2026-08-02T00:30:00Z,WON,1,4.21,0.23752969121140144,0.255097179321319,0.25079740379284654,0.255097179321319,,,,,0,,,,,,1578.079965427936,1441.3801321842827,136.6998332436533,0.6457142857142857,0.18666666666666665,0.45904761904761904,0.00949867693448925,0.978,0.68,0.0,0.0,0.0,0.15,0.55,0.07395912494275292,0.002518378994206927,22,,,0,0,1,1,1,v15,2026-08-20T13:18:47+00:00,2026-08-20T13:18:47+00:00
ae842f9fa53e8fd38df948ab,soccer_usa_mls,MLS,Colorado Rapids vs Austin FC,Colorado Rapids,Austin FC,Draw,1xBet,2026-08-02T01:30:00Z,LOST,0,4.4,0.22727272727272727,0.24791786198361807,0.2341554363263337,0.24791786198361807,,,,,0,,,,,,1557.1176392983143,1458.8104787661644,98.30716053214996,0.8133333333333334,0.27,0.5433333333333333,0.0028417980860815173,0.959,0.68,0.0,0.0,0.0,0.15,0.55,0.09083859272791961,0.013789581205311485,21,,,0,0,1,1,1,v15,2026-08-20T13:18:47+00:00,2026-08-20T13:18:47+00:00
bb19a61eb14273d7517521cc,soccer_usa_mls,MLS,San Jose Earthquakes vs St. Louis City SC,San Jose Earthquakes,St. Louis City SC,St. Louis City SC,Coolbet,2026-08-16T02:30:00Z,WON,1,4.5,0.2222222222222222,0.2607741814151047,0.22051508356864358,0.2607741814151047,,,,,0,,,,,,1417.7684209190168,1578.079965427936,-160.31154450891927,0.08444444444444445,0.6457142857142857,-0.5612698412698413,0.07592138410276417,0.761,0.68,0.0,0.0,0.0,0.15,0.55,0.17348381636797128,0.027377256036181574,8,,,0,0,1,1,1,v15,2026-08-20T13:18:47+00:00,2026-08-20T13:18:47+00:00
b6c9442615322eb4effa92dd,soccer_brazil_campeonato,Brazil Serie A,Coritiba vs Cruzeiro,Coritiba,Cruzeiro,Coritiba,Betfair,2026-07-31T00:30:00Z,LOST,0,3.55,0.28169014084507044,0.32041253095289823,0.2879187226583658,0.32041253095289823,,,,,0,,,,,,1452.850113436016,1521.9513688432169,-69.10125540720082,0.0,0.6666666666666666,-0.6666666666666666,0.018703893516617165,0.888,0.85,0.0,0.0,0.0,0.15,0.55,0.13746448488278862,0.010590396599546192,22,,,0,0,1,1,1,v15,2026-08-20T13:18:47+00:00,2026-08-20T13:18:47+00:00
9010cfd2396c3491ea9fd214,soccer_switzerland_superleague,Swiss Super League,FC Basel vs FC Lausanne-Sport,FC Basel,FC Lausanne-Sport,FC Lausanne-Sport,Betfair,2026-08-01T16:00:00Z,WON,1,3.75,0.26666666666666666,0.28919194018240735,0.2777876929662615,0.28919194018240735,,,,,0,,,,,,1533.297352491378,1515.7209167032977,17.57643578808029,0.75,0.5,0.25,0.017445748769344824,0.947,0.68,0.0,0.0,0.0,0.15,0.55,0.08446977568402758,0.004761904761904745,22,,,0,0,1,1,1,v15,2026-08-20T13:18:47+00:00,2026-08-20T13:18:47+00:00
7116d1be36c3b6b1fe08a547,soccer_switzerland_superleague,Swiss Super League,FC Thun vs BSC Young Boys,FC Thun,BSC Young Boys,FC Thun,Betfair,2026-08-01T18:30:00Z,LOST,0,2.78,0.3597122302158274,0.390280858265983,0.37945169578006316,0.390280858265983,,,,,0,,,,,,1446.9218432555087,1548.3293650006506,-101.40752174514182,0.25,0.5555555555555556,-0.3055555555555556,0.020766146145378077,0.931,0.68,0.0,0.0,0.0,0.15,0.55,0.0849807859794327,0.0,22,,,0,0,1,1,1,v15,2026-08-20T13:18:47+00:00,2026-08-20T13:18:47+00:00
6f3af70e6a041bd531d08aed,soccer_argentina_primera_division,Argentina Primera Division,Racing Club vs CA Tigre BA,Racing Club,CA Tigre BA,CA Tigre BA,Betfair,2026-08-01T23:30:00Z,WON,1,4.4,0.22727272727272727,0.26339439309106183,0.2337553681212339,0.26339439309106183,,,,,0,,,,,,1463.3876758365632,1536.5082098204718,-73.12053398390867,0.1111111111111111,0.75,-0.6388888888888888,0.009206340650652851,0.904,0.68,0.0,0.0,0.0,0.15,0.55,0.15893532960067214,0.004398826979472137,13,,,0,0,1,1,1,v15,2026-08-20T13:18:47+00:00,2026-08-20T13:18:47+00:00
87ee8eb507a5ab9739ca2a45,soccer_argentina_primera_division,Argentina Primera Division,Newells Old Boys vs Boca Juniors,Newells Old Boys,Boca Juniors,Newells Old Boys,Nordic Bet,2026-08-02T20:00:00Z,LOST,0,3.7,0.27027027027027023,0.31942502998611844,0.276749067410205,0.31942502998611844,,,,,0,,,,,,1497.1362404746108,1502.4050682822558,-5.268827807645039,0.4444444444444444,0.4166666666666667,0.027777777777777735,0.01940063235615589,0.839,0.68,0.0,0.0,0.0,0.15,0.55,0.18187261094863838,0.034159159159159014,12,,,0,0,1,1,1,v15,2026-08-20T13:18:47+00:00,2026-08-20T13:18:47+00:00
5c63a932444233464ee248f5,soccer_usa_mls,MLS,Portland Timbers vs Seattle Sounders FC,Portland Timbers,Seattle Sounders FC,Draw,1xBet,2026-08-02T02:45:00Z,LOST,0,4.3,0.23255813953488372,0.2508539688741492,0.2419372832093822,0.2508539688741492,,,,,0,,,,,,1543.0577616586165,1371.8269586179763,171.23080304064024,1.0,0.0,1.0,0.00439414389399171,0.972,0.68,0.0,0.0,0.0,0.15,0.55,0.07867206615884137,0.0,23,,,0,0,1,1,1,v15,2026-08-20T13:18:47+00:00,2026-08-20T13:18:47+00:00
5f5338dbe51c3eb5a497daad,soccer_argentina_primera_division,Argentina Primera Division,Barracas Central vs Aldosivi Mar del Plata,Barracas Central,Aldosivi Mar del Plata,Aldosivi Mar del Plata,Betfair,2026-07-29T17:30:00Z,LOST,0,4.1,0.24390243902439027,0.2760390710767689,0.25371852189596156,0.2760390710767689,,,,,0,,,,,,1537.629293634609,1484.4980361072708,53.13125752733822,0.75,0.0,0.75,0.010825890080011233,0.926,0.68,0.0,0.0,0.0,0.15,0.55,0.13176019141475237,0.005016433143054888,16,,,0,0,1,1,1,v15,2026-08-20T13:18:47+00:00,2026-08-20T13:18:47+00:00
a2a7195f26d3ad283bc4918b,soccer_argentina_primera_division,Argentina Primera Division,Talleres vs Velez Sarsfield BA,Talleres,Velez Sarsfield BA,Velez Sarsfield BA,Pinnacle,2026-07-30T22:00:00Z,WON,1,3.69,0.2710027100271003,0.29952731148824596,0.27961423078898706,0.29952731148824596,,,,,0,,,,,,1430.503672591225,1556.037503535372,-125.53383094414698,0.0,1.0,-1.0,0.041510514358894995,0.858,0.68,0.0,0.0,0.0,0.15,0.55,0.10525577939162756,0.0,16,,,0,0,1,1,1,v15,2026-08-20T13:18:47+00:00,2026-08-20T13:18:47+00:00
6b19816ecb33be049107aade,soccer_portugal_primeira_liga,Primeira Liga,Gil Vicente vs Rio Ave FC,Gil Vicente,Rio Ave FC,Rio Ave FC,Coolbet,2026-08-09T19:30:00Z,LOST,0,4.5,0.2222222222222222,0.25296768867040265,0.2165898112517609,0.25296768867040265,,,,,0,,,,,,1515.9345703841527,1484.0654296158473,31.869140768305442,1.0,0.0,1.0,0.014161364612919825,0.863,0.68,0.0,0.0,0.0,0.15,0.55,0.1383545990168118,0.022503022503022496,11,,,0,0,1,1,1,v15,2026-08-20T13:18:47+00:00,2026-08-20T13:18:47+00:00
ec32ed741cc2527218d4c040,soccer_portugal_primeira_liga,Primeira Liga,Santa Clara vs Nacional,Santa Clara,Nacional,Nacional,Tipico,2026-08-10T19:15:00Z,LOST,0,4.3,0.23255813953488372,0.27002738227288453,0.24168736075015707,0.27002738227288453,,,,,0,,,,,,1519.5247638060682,1503.6154296158475,15.909334190220761,0.6666666666666666,0.3333333333333333,0.3333333333333333,0.014161364612919825,0.889,0.68,0.0,0.0,0.0,0.15,0.55,0.1611177437734035,0.02172529154420233,11,,,0,0,1,1,1,v15,2026-08-20T13:18:47+00:00,2026-08-20T13:18:47+00:00
d3d3092dd3f64998b0177cc3,soccer_sweden_allsvenskan,Allsvenskan,BK Hacken vs Kalmar FF,BK Hacken,Kalmar FF,Draw,Matchbook,2026-08-01T13:00:00Z,WON,1,4.4,0.22727272727272727,0.2504838338757967,0.23796844080113666,0.2504838338757967,,,,,0,,,,,,1489.949391661636,1468.0745723598727,21.874819301763182,0.3333333333333333,0.25,0.08333333333333331,0.003582324804025789,0.961,0.68,0.0,0.0,0.0,0.15,0.55,0.1021288690535056,0.003107385460326517,21,,,0,0,1,1,1,v15,2026-08-20T13:18:47+00:00,2026-08-20T13:18:47+00:00
929291d80ae7c585dcd205ff,soccer_argentina_primera_division,Argentina Primera Division,Deportivo Riestra vs Barracas Central,Deportivo Riestra,Barracas Central,Barracas Central,Betfair,2026-08-02T17:30:00Z,WON,1,4.4,0.22727272727272727,0.26352875139455667,0.22879116511113823,0.26352875139455667,,,,,0,,,,,,1482.1657048270865,1537.629293634609,-55.463588807522456,0.4,0.75,-0.35,0.0018965011623217527,0.891,0.68,0.0,0.0,0.0,0.15,0.55,0.15952650613604935,0.007287641515829391,14,,,0,0,1,1,1,v15,2026-08-20T13:18:47+00:00,2026-08-20T13:18:47+00:00
68be68aff6f4ab25842c67ee,soccer_argentina_primera_division,Argentina Primera Division,River Plate vs Rosario Central,River Plate,Rosario Central,Rosario Central,Betfair,2026-08-02T22:15:00Z,WON,1,4.4,0.22727272727272727,0.2703265080048543,0.2366176020535109,0.2703265080048543,,,,,0,,,,,,1433.092800930315,1541.51552157514,-108.42272064482495,0.18666666666666665,0.7777777777777778,-0.5911111111111111,0.035944473845573165,0.841,0.68,0.0,0.0,0.0,0.15,0.55,0.189436635221359,0.011765382773006872,14,,,0,0,1,1,1,v15,2026-08-20T13:18:47+00:00,2026-08-20T13:18:47+00:00
ca5aa2e2a9809b1b50580a7f,soccer_portugal_primeira_liga,Primeira Liga,Estoril vs Famalicão,Estoril,Famalicão,Estoril,Pinnacle,2026-08-07T19:15:00Z,LOST,0,3.49,0.28653295128939826,0.3243469609885967,0.29047245908641994,0.3243469609885967,,,,,0,,,,,,1496.3845703841525,1503.6154296158475,-7.230859231694922,0.3333333333333333,0.3333333333333333,0.0,0.01557633468909902,0.884,0.68,0.0,0.0,0.0,0.15,0.55,0.13197089385020266,0.017331821055645236,12,,,0,0,1,1,1,v15,2026-08-20T13:18:47+00:00,2026-08-20T13:18:47+00:00
bfc0a2187e963b8549e9f307,soccer_norway_eliteserien,Eliteserien,Molde vs Sarpsborg FK,Molde,Sarpsborg FK,Draw,Betfair,2026-08-02T15:00:00Z,WON,1,4.5,0.2222222222222222,0.24367298074765364,0.22834739493584788,0.24367298074765364,,,,,0,,,,,,1463.8060483499528,1482.03829667719,-18.23224832723713,0.16666666666666666,0.26333333333333336,-0.0966666666666667,0.0037038582450325498,0.953,0.68,0.0,0.0,0.0,0.15,0.55,0.09652841336444151,0.008300012116805977,20,,,0,0,1,1,1,v15,2026-08-20T13:18:47+00:00,2026-08-20T13:18:47+00:00
d1de1f6a60e08a9462f88d79,soccer_usa_mls,MLS,D.C. United vs Nashville SC,D.C. United,Nashville SC,D.C. United,Betfair,2026-08-01T23:30:00Z,LOST,0,3.1,0.3225806451612903,0.35791587560155336,0.3211043387845905,0.35791587560155336,,,,,0,,,,,,1456.1443909166737,1575.3510643202126,-119.20667340353884,0.3333333333333333,0.808888888888889,-0.4755555555555557,0.02005658092035583,0.865,0.68,0.0,0.0,0.0,0.15,0.55,0.10953921436481551,0.00449930121787756,23,,,0,0,1,1,1,v15,2026-08-20T13:18:47+00:00,2026-08-20T13:18:47+00:00
875064ad35d35f106465333b,soccer_usa_mls,MLS,LA Galaxy vs FC Dallas,LA Galaxy,FC Dallas,Draw,1xBet,2026-08-02T02:30:00Z,WON,1,4.22,0.23696682464454977,0.25602987228977564,0.247820671468912,0.25602987228977564,,,,,0,,,,,,1481.3618556433871,1585.732678437602,-104.37082279421497,0.3733333333333333,0.8666666666666667,-0.4933333333333334,0.0008494193901893033,0.975,0.68,0.0,0.0,0.0,0.15,0.55,0.08044606106285324,0.0008557135334386068,23,,,0,0,1,1,1,v15,2026-08-20T13:18:47+00:00,2026-08-20T13:18:47+00:00
c033a226a1f2bd48e9abab8a,soccer_argentina_primera_division,Argentina Primera Division,Central Córdoba vs Atlético Tucuman,Central Córdoba,Atlético Tucuman,Central Córdoba,Betfair,2026-07-31T00:15:00Z,LOST,0,3.5,0.2857142857142857,0.3170090069740168,0.29054425030123643,0.3170090069740168,,,,,0,,,,,,1418.7927025235122,1549.5668972882406,-130.77419476472846,0.0,0.7777777777777778,-0.7777777777777778,0.03688493429342664,0.874,0.68,0.0,0.0,0.0,0.15,0.55,0.10953152440905889,0.01844143776844387,16,,,0,0,1,1,1,v15,2026-08-20T13:18:47+00:00,2026-08-20T13:18:47+00:00
6576b80b503993a609884c54,soccer_argentina_primera_division,Argentina Primera Division,CA Tigre BA vs River Plate,CA Tigre BA,River Plate,CA Tigre BA,1xBet,2026-08-09T20:00:00Z,WON,1,3.4,0.29411764705882354,0.32801817159627655,0.29406582203016607,0.32801817159627655,,,,,0,,,,,,1536.5082098204718,1433.092800930315,103.41540889015687,0.75,0.18666666666666665,0.5633333333333334,0.019590989861947253,0.883,0.68,0.0,0.0,0.0,0.15,0.55,0.11526178342734017,0.05389641316670346,8,,,0,0,1,1,1,v15,2026-08-20T13:18:47+00:00,2026-08-20T13:18:47+00:00
e67eb209dc4df6309cf9dd19,soccer_mexico_ligamx,Liga MX,Puebla vs Guadalajara,Puebla,Guadalajara,Draw,Matchbook,2026-08-01T01:00:00Z,WON,1,4.4,0.22727272727272727,0.2482751235698582,0.23683322974813012,0.2482751235698582,,,,,0,,,,,,1515.1967386626832,1506.9308626841319,8.265875978551321,0.5555555555555556,0.3333333333333333,0.22222222222222227,0.003220175889485785,0.962,0.68,0.0,0.0,0.0,0.15,0.55,0.09241054370737611,0.022594364699627834,19,,,0,0,1,1,1,v15,2026-08-20T13:18:47+00:00,2026-08-20T13:18:47+00:00
96cece64777715abe4e9cc46,soccer_spl,Scottish Premiership,Falkirk F.C. vs St Mirren,Falkirk F.C.,St Mirren,St Mirren,Matchbook,2026-08-01T14:00:00Z,WON,1,3.9,0.25641025641025644,0.28386323914127043,0.26187482448337945,0.28386323914127043,,,,,0,,,,,,1479.6384719450268,1524.719477450835,-45.08100550580821,0.16666666666666666,1.0,-0.8333333333333334,0.013825402287021062,0.909,0.68,0.0,0.0,0.0,0.15,0.55,0.10706663265095462,0.012117419884410063,19,,,0,0,1,1,1,v15,2026-08-20T13:18:47+00:00,2026-08-20T13:18:47+00:00
6bb94b771ba718ed623594a4,soccer_belgium_first_div,Belgian Pro League,Gent vs KV Mechelen,Gent,KV Mechelen,KV Mechelen,Tipico,2026-08-09T11:30:00Z,LOST,0,3.8,0.2631578947368421,0.2894154554890478,0.2700242969605256,0.2894154554890478,,,,,0,,,,,,1517.003537591651,1482.996462408349,34.00707518330182,1.0,0.0,1.0,0.01376189678065578,0.917,0.68,0.0,0.0,0.0,0.15,0.55,0.09977873085838151,0.008890149903059363,18,,,0,0,1,1,1,v15,2026-08-20T13:18:47+00:00,2026-08-20T13:18:47+00:00
75f85e56092c51f54c4be21e,soccer_norway_eliteserien,Eliteserien,SK Brann vs Rosenborg,SK Brann,Rosenborg,Draw,Betfair,2026-08-02T17:15:00Z,LOST,0,4.3,0.23255813953488372,0.25247217412151357,0.24394069434288765,0.25247217412151357,,,,,0,,,,,,1511.075480902149,1525.8186475734608,-14.743166671311883,0.6666666666666666,0.6,0.06666666666666665,0.01078457671988599,0.964,0.68,0.0,0.0,0.0,0.15,0.55,0.0856303487225083,0.005118912095656292,22,,,0,0,1,1,1,v15,2026-08-20T13:18:47+00:00,2026-08-20T13:18:47+00:00
f1cd364b2b4a59ec146cc941,soccer_sweden_allsvenskan,Allsvenskan,IF Brommapojkarna vs Malmo FF,IF Brommapojkarna,Malmo FF,IF Brommapojkarna,Unibet (SE),2026-08-02T12:00:00Z,LOST,0,3.5,0.2857142857142857,0.30849674800690907,0.29551625151262645,0.30849674800690907,,,,,0,,,,,,1419.6760270010195,1566.3697024743026,-146.69367547328307,0.0,0.6888888888888889,-0.6888888888888889,0.07743444573228045,0.831,0.68,0.0,0.0,0.0,0.15,0.55,0.0797386180241817,0.0,22,,,0,0,1,1,1,v15,2026-08-20T13:18:47+00:00,2026-08-20T13:18:47+00:00
ab27b2700eb838a10d7b8739,soccer_usa_mls,MLS,CF Montreal vs New England Revolution,CF Montreal,New England Revolution,Draw,1xBet,2026-08-01T23:30:00Z,WON,1,4.04,0.24752475247524752,0.2638090986535323,0.2612356622460733,0.2638090986535323,,,,,0,,,,,,1474.9889291415332,1550.3497372274146,-75.36080808588144,0.3733333333333333,0.48,-0.10666666666666669,0.006948215336676976,0.982,0.68,0.0,0.0,0.0,0.15,0.55,0.06578875856027055,0.0,23,,,0,0,1,1,1,v15,2026-08-20T13:18:47+00:00,2026-08-20T13:18:47+00:00
8e1b5eeaf496b84cfb34e9ea,soccer_argentina_primera_division,Argentina Primera Division,Gimnasia Mendoza vs Union Santa Fe,Gimnasia Mendoza,Union Santa Fe,Gimnasia Mendoza,Betfair,2026-08-01T18:30:00Z,WON,1,3.3,0.30303030303030304,0.3366920184600287,0.3056247584463389,0.3366920184600287,,,,,0,,,,,,1530.7362698481147,1502.8164342754749,27.91983557263984,0.75,0.4444444444444444,0.3055555555555556,0.008662894576408241,0.901,0.68,0.0,0.0,0.0,0.15,0.55,0.11108366091809474,0.005106005106005007,14,,,0,0,1,1,1,v15,2026-08-20T13:18:47+00:00,2026-08-20T13:18:47+00:00
7cbe4ab25e690e4208e696d3,soccer_argentina_primera_division,Argentina Primera Division,Atlético Huracán vs Atlético Tucuman,Atlético Huracán,Atlético Tucuman,Atlético Tucuman,Betfair,2026-08-04T00:15:00Z,LOST,0,4.2,0.23809523809523808,0.268491027471447,0.23511007352567884,0.268491027471447,,,,,0,,,,,,1480.0403632580776,1549.5668972882406,-69.52653403016302,0.16666666666666666,0.7777777777777778,-0.6111111111111112,0.049116410393113874,0.804,0.68,0.0,0.0,0.0,0.15,0.55,0.12766231538007733,0.014394583827797236,14,,,0,0,1,1,1,v15,2026-08-20T13:18:47+00:00,2026-08-20T13:18:47+00:00
713334026d841bd9adc766c3,soccer_mexico_ligamx,Liga MX,Atlético San Luis vs Tijuana,Atlético San Luis,Tijuana,Tijuana,Betfair,2026-08-01T03:00:00Z,LOST,0,3.5,0.2857142857142857,0.31580440664018694,0.2947484965452009,0.31580440664018694,,,,,0,,,,,,1455.4089656651045,1534.5367084971383,-79.12774283203385,0.1111111111111111,0.7777777777777778,-0.6666666666666667,0.09011244480888059,0.768,0.68,0.0,0.0,0.0,0.15,0.55,0.10531542324065435,0.0,19,,,0,0,1,1,1,v15,2026-08-20T13:18:47+00:00,2026-08-20T13:18:47+00:00
6c3f8231d08a866117cd46b8,soccer_japan_j_league,J-League,Yokohama F Marinos vs Kashima Antlers,Yokohama F Marinos,Kashima Antlers,Yokohama F Marinos,Tipico,2026-08-07T10:25:00Z,LOST,0,3.9,0.25641025641025644,0.29662865634775565,0.2498585082586937,0.29662865634775565,,,,,0,,,,,,1476.8345703841526,1538.6673935085767,-61.83282312442407,0.0,1.0,-1.0,0.01413389641605908,0.845,0.68,0.0,0.0,0.0,0.15,0.55,0.1568517597562471,0.04050116550116556,10,,,0,0,1,1,1,v15,2026-08-20T13:18:47+00:00,2026-08-20T13:18:47+00:00
ec3e4eb0c1bc49a9f80063ee,soccer_usa_mls,MLS,CF Montreal vs New England Revolution,CF Montreal,New England Revolution,New England Revolution,Betfair,2026-08-01T23:30:00Z,LOST,0,3.7,0.27027027027027023,0.30358349386371164,0.2785801508445139,0.30358349386371164,,,,,0,,,,,,1474.9889291415332,1550.3497372274146,-75.36080808588144,0.3733333333333333,0.48,-0.10666666666666669,0.08029564778520691,0.79,0.68,0.0,0.0,0.0,0.15,0.55,0.12325892729573318,0.0,23,,,0,0,1,1,1,v15,2026-08-20T13:18:47+00:00,2026-08-20T13:18:47+00:00
f3240f774afc64c3940b7d5c,soccer_argentina_primera_division,Argentina Primera Division,Velez Sarsfield BA vs Independiente,Velez Sarsfield BA,Independiente,Independiente,Unibet (SE),2026-08-03T22:00:00Z,LOST,0,3.45,0.2898550724637681,0.31237895467403637,0.3011022599726772,0.31237895467403637,,,,,0,,,,,,1556.037503535372,1532.8472554162379,23.19024811913414,1.0,0.6666666666666666,0.33333333333333337,0.015379139955450554,0.946,0.68,0.0,0.0,0.0,0.15,0.55,0.07770739362542556,0.0,15,,,0,0,1,1,1,v15,2026-08-20T13:18:47+00:00,2026-08-20T13:18:47+00:00
9436cf644262c5d12b414bd0,soccer_sweden_allsvenskan,Allsvenskan,Mjällby AIF vs IF Elfsborg,Mjällby AIF,IF Elfsborg,IF Elfsborg,Unibet (SE),2026-08-08T15:30:00Z,WON,1,3.85,0.2597402597402597,0.2968974926334571,0.2827858169534778,0.2968974926334571,,,,,0,,,,,,1473.301286793252,1571.8236215336442,-98.52233474039213,0.3333333333333333,0.8857142857142857,-0.5523809523809524,0.013716970263556658,0.944,0.68,0.0,0.0,0.0,0.15,0.55,0.1430553466388098,0.009216150725584793,14,,,0,0,1,1,1,v15,2026-08-20T13:18:47+00:00,2026-08-20T13:18:47+00:00
6bd7ca039d3254ed23f2d9e4,soccer_germany_bundesliga2,2. Bundesliga,FC St. Pauli vs Greuther Fürth,FC St. Pauli,Greuther Fürth,Greuther Fürth,Tipico,2026-08-09T11:30:00Z,LOST,0,4.2,0.23809523809523808,0.2696435565704096,0.24089448613358863,0.2696435565704096,,,,,0,,,,,,1493.0691373158681,1506.9308626841319,-13.861725368263706,0.3333333333333333,0.3333333333333333,0.0,0.013825402287021062,0.888,0.85,0.0,0.0,0.0,0.15,0.55,0.13250293759572052,0.022854596384008108,14,,,0,0,1,1,1,v15,2026-08-20T13:18:47+00:00,2026-08-20T13:18:47+00:00
9c822596f408329ce11ae4eb,soccer_france_ligue_two,Ligue 2,Sochaux vs Saint Etienne,Sochaux,Saint Etienne,Sochaux,Marathon Bet,2026-08-08T18:45:00Z,LOST,0,4.25,0.23529411764705882,0.2739814562231895,0.225825083983495,0.2739814562231895,,,,,0,,,,,,1473.268320580387,1531.1925076329412,-57.924187052554316,0.16666666666666666,1.0,-0.8333333333333334,0.011522673501909594,0.826,0.72,0.0,0.0,0.0,0.15,0.55,0.1644211889485554,0.06343234592382307,8,,,0,0,1,1,1,v15,2026-08-20T13:18:47+00:00,2026-08-20T13:18:47+00:00
254a3690f4b86bd10585db57,soccer_usa_mls,MLS,FC Cincinnati vs San Jose Earthquakes,FC Cincinnati,San Jose Earthquakes,San Jose Earthquakes,Matchbook,2026-08-01T23:30:00Z,LOST,0,3.85,0.2597402597402597,0.28536182505914254,0.2681104148286216,0.28536182505914254,,,,,0,,,,,,1541.0353142748856,1417.7684209190168,123.26689335586889,0.6457142857142857,0.08444444444444445,0.5612698412698413,0.009613800547298056,0.945,0.68,0.0,0.0,0.0,0.15,0.55,0.09864302647769874,0.0,24,,,0,0,1,1,1,v15,2026-08-20T13:18:47+00:00,2026-08-20T13:18:47+00:00
f10c903c4c1b45d2aa07e9b3,soccer_japan_j_league,J-League,Avispa Fukuoka vs Vissel Kobe,Avispa Fukuoka,Vissel Kobe,Avispa Fukuoka,Coolbet,2026-08-08T10:00:00Z,LOST,0,4.2,0.23809523809523808,0.2879410757951331,0.2402024992217026,0.2879410757951331,,,,,0,,,,,,1476.8345703841526,1523.1654296158474,-46.33085923169483,0.0,1.0,-1.0,0.01413389641605908,0.835,0.68,0.0,0.0,0.0,0.15,0.55,0.20935251833955903,0.034657443314816794,7,,,0,0,1,1,1,v15,2026-08-20T13:18:47+00:00,2026-08-20T13:18:47+00:00
fdc4c56c2b2445ea43f19145,soccer_denmark_superliga,Danish Superliga,Silkeborg IF vs FC Copenhagen,Silkeborg IF,FC Copenhagen,Draw,Betfair,2026-08-02T16:00:00Z,LOST,0,4.4,0.22727272727272727,0.24781281307477915,0.23452517338682874,0.24781281307477915,,,,,0,,,,,,1472.9359217034273,1636.0259001301706,-163.0899784267433,0.3333333333333333,1.0,-0.6666666666666667,0.0035057022437876384,0.958,0.68,0.0,0.0,0.0,0.15,0.55,0.09037637752902827,0.0005778120184900537,25,,,0,0,1,1,1,v15,2026-08-20T13:18:47+00:00,2026-08-20T13:18:47+00:00
0c9be266a50b03c75ea6e142,soccer_france_ligue_two,Ligue 2,Clermont vs Stade de Reims,Clermont,Stade de Reims,Clermont,Tipico,2026-08-08T18:45:00Z,LOST,0,4.0,0.25,0.289381878152731,0.24174293847900924,0.289381878152731,,,,,0,,,,,,1496.3845703841525,1503.6154296158475,-7.230859231694922,0.3333333333333333,0.3333333333333333,0.0,0.011522673501909594,0.843,0.72,0.0,0.0,0.0,0.15,0.55,0.1575275126109239,0.04069767441860472,11,,,0,0,1,1,1,v15,2026-08-20T13:18:47+00:00,2026-08-20T13:18:47+00:00
f54a9df8edc32eedd49bb9dc,soccer_usa_mls,MLS,Real Salt Lake vs Minnesota United FC,Real Salt Lake,Minnesota United FC,Draw,1xBet,2026-08-16T01:30:00Z,WON,1,4.42,0.22624434389140272,0.24629011037496085,0.23253031478478553,0.24629011037496085,,,,,0,,,,,,1441.3801321842827,1440.2825264718517,1.0976057124310046,0.18666666666666665,0.1961904761904762,-0.009523809523809545,0.0025736745620140848,0.959,0.68,0.0,0.0,0.0,0.15,0.55,0.08860228785732693,0.023917259211376773,10,,,0,0,1,1,1,v15,2026-08-20T13:18:47+00:00,2026-08-20T13:18:47+00:00
266d80bc6c5b1e0b2b27c91e,soccer_argentina_primera_division,Argentina Primera Division,Sarmiento de Junin vs Independiente Rivadavia,Sarmiento de Junin,Independiente Rivadavia,Sarmiento de Junin,Betfair,2026-08-03T19:45:00Z,WON,1,3.7,0.27027027027027023,0.3025124605084848,0.270429995855836,0.3025124605084848,,,,,0,,,,,,1495.5787951999725,1467.402407886057,28.176387313915484,0.5,0.0,0.5,0.03513762834049799,0.867,0.68,0.0,0.0,0.0,0.15,0.55,0.11929610388139378,0.009517582098227173,16,,,0,0,1,1,1,v15,2026-08-20T13:18:47+00:00,2026-08-20T13:18:47+00:00
07aaaf8bfacced7be5bbb13d,soccer_austria_bundesliga,Austrian Bundesliga,Austria Lustenau vs Ried,Austria Lustenau,Ried,Austria Lustenau,Betfair,2026-08-02T15:00:00Z,LOST,0,4.1,0.24390243902439027,0.29561396566179343,0.24911363557195237,0.29561396566179343,,,,,0,,,,,,1493.5125089846777,1506.9308626841319,-13.418353699454201,0.4166666666666667,0.3333333333333333,0.08333333333333337,0.01496166580579884,0.843,0.85,0.0,0.0,0.0,0.15,0.55,0.2120172592133529,0.007439187873256481,16,,,0,0,1,1,1,v15,2026-08-20T13:18:47+00:00,2026-08-20T13:18:47+00:00
87b8c4528ae41a4eaeb89686,soccer_austria_bundesliga,Austrian Bundesliga,Wolfsberger AC vs Austria Wien,Wolfsberger AC,Austria Wien,Draw,Betfair,2026-08-02T15:00:00Z,LOST,0,4.5,0.2222222222222222,0.24714362923485358,0.23363876849066886,0.24714362923485358,,,,,0,,,,,,1500.6079192412453,1432.5005523836924,68.10736685755296,0.4444444444444444,0.0,0.4444444444444444,0.0035533421682119168,0.956,0.85,0.0,0.0,0.0,0.15,0.55,0.11214633155684117,0.013404096074028704,16,,,0,0,1,1,1,v15,2026-08-20T13:18:47+00:00,2026-08-20T13:18:47+00:00
840d422355217d1843fbe5bc,soccer_austria_bundesliga,Austrian Bundesliga,Rheindorf Altach vs WSG Tirol,Rheindorf Altach,WSG Tirol,WSG Tirol,1xBet,2026-08-07T17:30:00Z,LOST,0,3.98,0.25125628140703515,0.28503399524439443,0.26346641811540156,0.28503399524439443,,,,,0,,,,,,1501.1868668491034,1449.048789510151,52.13807733895237,0.5,0.1111111111111111,0.3888888888888889,0.009425345892701357,0.923,0.85,0.0,0.0,0.0,0.15,0.55,0.13443530107268975,0.05780390045465422,9,,,0,0,1,1,1,v15,2026-08-20T13:18:47+00:00,2026-08-20T13:18:47+00:00
bf37eb86d051f4037302b07d,soccer_norway_eliteserien,Eliteserien,Kristiansund BK vs Molde,Kristiansund BK,Molde,Kristiansund BK,1xBet,2026-08-09T17:15:00Z,WON,1,4.25,0.23529411764705882,0.2795631267398408,0.23649182076676167,0.2795631267398408,,,,,0,,,,,,1493.9500533687758,1463.8060483499528,30.14400501882301,0.5,0.16666666666666666,0.33333333333333337,0.0471437266185396,0.815,0.68,0.0,0.0,0.0,0.15,0.55,0.18814328864432328,0.048268582795437,7,,,0,0,1,1,1,v15,2026-08-20T13:18:47+00:00,2026-08-20T13:18:47+00:00
d294e4c02d7b7c4b0d2cbea8,soccer_sweden_allsvenskan,Allsvenskan,Örgryte IS vs AIK,Örgryte IS,AIK,Örgryte IS,Unibet (SE),2026-08-08T13:00:00Z,LOST,0,4.1,0.24390243902439027,0.29616022459106933,0.25436651266094895,0.29616022459106933,,,,,0,,,,,,1477.4087080502304,1543.1678152113834,-65.759107161153,0.0,0.7777777777777778,-0.7777777777777778,0.031221452100435802,0.844,0.68,0.0,0.0,0.0,0.15,0.55,0.2142569208233842,0.011365087472864355,15,,,0,0,1,1,1,v15,2026-08-20T13:18:47+00:00,2026-08-20T13:18:47+00:00
1b1999d21c500829bbfc4a88,soccer_sweden_allsvenskan,Allsvenskan,Halmstads BK vs GAIS,Halmstads BK,GAIS,Halmstads BK,Unibet (FR),2026-08-09T14:30:00Z,LOST,0,4.45,0.2247191011235955,0.2866216897380886,0.23531775121358542,0.2866216897380886,,,,,0,,,,,,1452.0734241491416,1524.3052304298994,-72.23180628075784,0.0,0.6,-0.6,0.01685038422185504,0.819,0.68,0.0,0.0,0.0,0.15,0.55,0.2754665193344943,0.028417536400977994,13,,,0,0,1,1,1,v15,2026-08-20T13:18:47+00:00,2026-08-20T13:18:47+00:00
0c69be21c77077ef84c99653,soccer_sweden_allsvenskan,Allsvenskan,Västerås SK vs Djurgardens IF,Västerås SK,Djurgardens IF,Västerås SK,1xBet,2026-08-10T17:00:00Z,WON,1,3.77,0.26525198938992045,0.30546229377523515,0.25084902982813245,0.30546229377523515,,,,,0,,,,,,1508.4234846969098,1485.488478252396,22.935006444513874,0.5022222222222222,0.0,0.5022222222222222,0.008667100330607986,0.816,0.68,0.0,0.0,0.0,0.15,0.55,0.15159284753263647,0.060324777743783864,5,,,0,0,1,1,1,v15,2026-08-20T13:18:47+00:00,2026-08-20T13:18:47+00:00
675bb2f64f5426e925dc3fc1,soccer_usa_mls,MLS,Nashville SC vs Inter Miami CF,Nashville SC,Inter Miami CF,Draw,1xBet,2026-08-16T00:30:00Z,LOST,0,4.32,0.23148148148148145,0.25131701984468896,0.24030983335763884,0.25131701984468896,,,,,0,,,,,,1575.3510643202126,1514.940246665178,60.410817655034634,0.808888888888889,0.4095238095238095,0.3993650793650795,0.0063954991902828075,0.965,0.68,0.0,0.0,0.0,0.15,0.55,0.08568952572905641,0.003411306042884865,10,,,0,0,1,1,1,v15,2026-08-20T13:18:47+00:00,2026-08-20T13:18:47+00:00
df06d1f22199b825120003d6,soccer_usa_mls,MLS,Orlando City SC vs Chicago Fire,Orlando City SC,Chicago Fire,Orlando City SC,Marathon Bet,2026-08-19T23:30:00Z,LOST,0,3.22,0.3105590062111801,0.35110807525695875,0.31216751738716975,0.35110807525695875,,,,,0,,,,,,1469.5417252274685,1530.4582747725315,-60.916549545062935,0.3333333333333333,0.6666666666666666,-0.3333333333333333,0.0333697172906345,0.832,0.68,0.0,0.0,0.0,0.15,0.55,0.13056800232740717,0.023473434908951818,9,,,0,0,1,1,1,v15,2026-08-20T13:18:47+00:00,2026-08-20T13:18:47+00:00
925926b5a789ae0f20e3ea36,soccer_usa_mls,MLS,Real Salt Lake vs FC Dallas,Real Salt Lake,FC Dallas,FC Dallas,Marathon Bet,2026-08-20T01:30:00Z,WON,1,3.72,0.26881720430107525,0.2967606587903908,0.27962324485236273,0.2967606587903908,,,,,0,,,,,,1441.3801321842827,1585.732678437602,-144.35254625331936,0.18666666666666665,0.8666666666666667,-0.68,0.038916032145349146,0.886,0.68,0.0,0.0,0.0,0.15,0.55,0.10394965070025397,0.01640790724892094,9,,,0,0,1,1,1,v15,2026-08-20T13:18:47+00:00,2026-08-20T13:18:47+00:00
36f78783b6094d8e584052b2,soccer_brazil_campeonato,Brazil Serie A,Mirassol vs Flamengo,Mirassol,Flamengo,Mirassol,1xBet,2026-08-16T21:30:00Z,LOST,0,4.03,0.24813895781637715,0.29525474069768964,0.24046983847311526,0.29525474069768964,,,,,0,,,,,,1482.7949135252704,1539.8162442984515,-57.021330773181035,0.4444444444444444,0.6666666666666666,-0.2222222222222222,0.007594361096409982,0.818,0.85,0.0,0.0,0.0,0.15,0.55,0.18987660501168935,0.03549527965545751,12,,,0,0,1,1,1,v15,2026-08-20T13:18:47+00:00,2026-08-20T13:18:47+00:00
644a4236e46aa8e3fbd27636,soccer_argentina_primera_division,Argentina Primera Division,CA Tigre BA vs River Plate,CA Tigre BA,River Plate,CA Tigre BA,1xBet,2026-08-08T20:00:00Z,WON,1,3.4,0.29411764705882354,0.3387883684331557,0.29625187807124753,0.3387883684331557,,,,,0,,,,,,1536.5082098204718,1433.092800930315,103.41540889015687,0.75,0.18666666666666665,0.5633333333333334,0.021453754954882116,0.854,0.68,0.0,0.0,0.0,0.15,0.55,0.15188045267272932,0.05208124205313536,7,,,0,0,1,1,1,v15,2026-08-20T13:18:47+00:00,2026-08-20T13:18:47+00:00
736dee19d591c9b693fb3a45,soccer_austria_bundesliga,Austrian Bundesliga,Austria Lustenau vs Ried,Austria Lustenau,Ried,Draw,Pinnacle,2026-08-02T15:00:00Z,WON,1,2.44,0.4098360655737705,0.46076358129640255,0.5101950465494887,0.46076358129640255,,,,,0,,,,,,1493.5125089846777,1506.9308626841319,-13.418353699454201,0.4166666666666667,0.3333333333333333,0.08333333333333337,0.0035533421682119168,0.743,0.85,0.0,0.0,0.0,0.15,0.55,0.12426313836322223,0.0,16,,,0,0,1,1,1,v15,2026-08-20T13:18:47+00:00,2026-08-20T13:18:47+00:00
d459f915e5f437165e042b62,soccer_austria_bundesliga,Austrian Bundesliga,Grazer AK vs Austria Lustenau,Grazer AK,Austria Lustenau,Austria Lustenau,BetOnline.ag,2026-08-08T15:00:00Z,LOST,0,3.6,0.2777777777777778,0.30847940159672005,0.29313941461429144,0.30847940159672005,,,,,0,,,,,,1463.6159659619082,1493.5125089846777,-29.896543022769492,0.3333333333333333,0.4166666666666667,-0.08333333333333337,0.049066678502244804,0.852,0.85,0.0,0.0,0.0,0.15,0.55,0.11052584574819213,0.02930494528394023,13,,,0,0,1,1,1,v15,2026-08-20T13:18:47+00:00,2026-08-20T13:18:47+00:00
9978052117cff28d62f4bf40,soccer_spl,Scottish Premiership,Hibernian vs Motherwell,Hibernian,Motherwell,Hibernian,Matchbook,2026-08-02T15:30:00Z,LOST,0,3.7,0.27027027027027023,0.3150376851717574,0.278266125095206,0.3150376851717574,,,,,0,,,,,,1500.2909398247568,1518.8074802199856,-18.51654039522873,0.5,0.6666666666666666,-0.16666666666666663,0.01418279772734377,0.875,0.68,0.0,0.0,0.0,0.15,0.55,0.1656394351355024,0.0,12,,,0,0,1,1,1,v15,2026-08-20T13:18:47+00:00,2026-08-20T13:18:47+00:00
22c139e228d5cb7292503b20,soccer_portugal_primeira_liga,Primeira Liga,Vitória SC vs Arouca,Vitória SC,Arouca,Arouca,Betfair,2026-08-08T17:00:00Z,WON,1,4.3,0.23255813953488372,0.26433373721639486,0.23335909294794396,0.26433373721639486,,,,,0,,,,,,1476.8345703841526,1547.135034940352,-70.30046455619936,0.0,1.0,-1.0,0.014161364612919825,0.881,0.68,0.0,0.0,0.0,0.15,0.55,0.1366350700304979,0.03588223925787548,15,,,0,0,1,1,1,v15,2026-08-20T13:18:47+00:00,2026-08-20T13:18:47+00:00
53fff980728842aa4d3e8913,soccer_austria_bundesliga,Austrian Bundesliga,Wolfsberger AC vs RB Salzburg,Wolfsberger AC,RB Salzburg,Wolfsberger AC,Tipico,2026-08-09T15:00:00Z,LOST,0,3.8,0.2631578947368421,0.30969617879480343,0.2617358307969792,0.30969617879480343,,,,,0,,,,,,1500.6079192412453,1534.6229897375943,-34.015070496348926,0.4444444444444444,0.6666666666666666,-0.2222222222222222,0.025247825013598568,0.808,0.85,0.0,0.0,0.0,0.15,0.55,0.17684547942025297,0.04238916088671285,12,,,0,0,1,1,1,v15,2026-08-20T13:18:47+00:00,2026-08-20T13:18:47+00:00
c44ad85a3468048bcc404fd0,soccer_denmark_superliga,Danish Superliga,Randers FC vs Lyngby,Randers FC,Lyngby,Lyngby,Codere (IT),2026-08-09T14:00:00Z,LOST,0,3.7,0.27027027027027023,0.29545873874691075,0.2747630889194665,0.29545873874691075,,,,,0,,,,,,1409.3968300665224,1473.083429564116,-63.686599497593534,0.2088888888888889,0.25,-0.0411111111111111,0.03257492002504195,0.89,0.68,0.0,0.0,0.0,0.15,0.55,0.09319733336356983,0.013707513912599945,17,,,0,0,1,1,1,v15,2026-08-20T13:18:47+00:00,2026-08-20T13:18:47+00:00
00e22dc9dfc96e62fb66f452,soccer_usa_mls,MLS,New York City FC vs Philadelphia Union,New York City FC,Philadelphia Union,Draw,1xBet,2026-08-16T22:00:00Z,LOST,0,4.37,0.22883295194508008,0.2481482605231876,0.23499917692949637,0.2481482605231876,,,,,0,,,,,,1448.0009615367635,1569.4900187717903,-121.48905723502685,0.1288888888888889,0.8666666666666667,-0.7377777777777779,0.0030743506109844458,0.961,0.68,0.0,0.0,0.0,0.15,0.55,0.0844078984863299,0.0030026025192251282,11,,,0,0,1,1,1,v15,2026-08-20T13:18:47+00:00,2026-08-20T13:18:47+00:00
5aa88e2d3751b54fb7932354,soccer_usa_mls,MLS,FC Cincinnati vs New York City FC,FC Cincinnati,New York City FC,Draw,1xBet,2026-08-19T23:30:00Z,LOST,0,4.36,0.2293577981651376,0.24934914875686554,0.2339423647977947,0.24934914875686554,,,,,0,,,,,,1541.0353142748856,1448.0009615367635,93.03435273812215,0.6457142857142857,0.1288888888888889,0.5168253968253969,0.005149356714808084,0.956,0.68,0.0,0.0,0.0,0.15,0.55,0.08716228857993391,0.020299308116675352,11,,,0,0,1,1,1,v15,2026-08-20T13:18:47+00:00,2026-08-20T13:18:47+00:00
e5e612e10cf4705624ada75d,soccer_argentina_primera_division,Argentina Primera Division,Belgrano de Cordoba vs Independiente Rivadavia,Belgrano de Cordoba,Independiente Rivadavia,Independiente Rivadavia,Codere (IT),2026-08-15T22:00:00Z,LOST,0,4.3,0.23255813953488372,0.27758514835032266,0.24994644213329945,0.27758514835032266,,,,,0,,,,,,1540.7741638559967,1467.402407886057,73.37175596993961,1.0,0.0,1.0,0.012348287688392835,0.897,0.68,0.0,0.0,0.0,0.15,0.55,0.19361613790638743,0.03823057213578762,8,,,0,0,1,1,1,v15,2026-08-20T13:18:47+00:00,2026-08-20T13:18:47+00:00
b5a1d01c857017a1abc5de49,soccer_argentina_primera_division,Argentina Primera Division,Newells Old Boys vs Deportivo Riestra,Newells Old Boys,Deportivo Riestra,Deportivo Riestra,Codere (IT),2026-08-15T22:00:00Z,LOST,0,4.3,0.23255813953488372,0.27881993064498395,0.24902640932892728,0.27881993064498395,,,,,0,,,,,,1497.1362404746108,1482.1657048270865,14.97053564752423,0.4444444444444444,0.4,0.0444444444444444,0.022633164582937917,0.881,0.68,0.0,0.0,0.0,0.15,0.55,0.19892570177343094,0.03987954544783889,8,,,0,0,1,1,1,v15,2026-08-20T13:18:47+00:00,2026-08-20T13:18:47+00:00
69832bd7ee814f244d6bf2cf,soccer_argentina_primera_division,Argentina Primera Division,Platense vs Boca Juniors,Platense,Boca Juniors,Platense,1xBet,2026-08-16T00:15:00Z,LOST,0,3.34,0.29940119760479045,0.33586728842510527,0.2976157955045728,0.33586728842510527,,,,,0,,,,,,1492.5698726830637,1502.4050682822558,-9.835195599192048,0.3333333333333333,0.4166666666666667,-0.08333333333333337,0.01561572615250756,0.867,0.68,0.0,0.0,0.0,0.15,0.55,0.12179674333985147,0.05222075967729145,8,,,0,0,1,1,1,v15,2026-08-20T13:18:47+00:00,2026-08-20T13:18:47+00:00
b7b6e448ad1239657f2240d0,soccer_argentina_primera_division,Argentina Primera Division,Barracas Central vs Rosario Central,Barracas Central,Rosario Central,Barracas Central,Codere (IT),2026-08-16T23:15:00Z,LOST,0,3.55,0.28169014084507044,0.3294485411079666,0.28492074625771474,0.3294485411079666,,,,,0,,,,,,1537.629293634609,1541.51552157514,-3.8862279405309437,0.75,0.7777777777777778,-0.02777777777777779,0.023663301924431522,0.84,0.68,0.0,0.0,0.0,0.15,0.55,0.16954232093328137,0.0475750269016304,8,,,0,0,1,1,1,v15,2026-08-20T13:18:47+00:00,2026-08-20T13:18:47+00:00
7ae8ad188e44f34a48ff3c73,soccer_usa_mls,MLS,San Jose Earthquakes vs St. Louis City SC,San Jose Earthquakes,St. Louis City SC,Draw,1xBet,2026-08-16T02:30:00Z,LOST,0,4.5,0.2222222222222222,0.2485644806332205,0.2359378758406435,0.2485644806332205,,,,,0,,,,,,1417.7684209190168,1578.079965427936,-160.31154450891927,0.08444444444444445,0.6457142857142857,-0.5612698412698413,0.0062556818042056594,0.961,0.68,0.0,0.0,0.0,0.15,0.55,0.1185401628494922,0.0012284491887999405,16,,,0,0,1,1,1,v15,2026-08-20T13:18:47+00:00,2026-08-20T13:18:47+00:00
4cd0e582829fb8dafc39cd19,soccer_usa_mls,MLS,Austin FC vs FC Dallas,Austin FC,FC Dallas,Draw,1xBet,2026-08-17T00:30:00Z,LOST,0,4.11,0.24330900243309,0.2615181467550891,0.25389367719304107,0.2615181467550891,,,,,0,,,,,,1458.8104787661644,1585.732678437602,-126.92219967143774,0.27,0.8666666666666667,-0.5966666666666667,0.0043184678543646765,0.976,0.68,0.0,0.0,0.0,0.15,0.55,0.07483958316341632,0.011424944462075537,16,,,0,0,1,1,1,v15,2026-08-20T13:18:47+00:00,2026-08-20T13:18:47+00:00
ee4fb310df71cdd1dced9acb,soccer_turkey_super_league,Turkish Super Lig,Basaksehir vs Kocaelispor,Basaksehir,Kocaelispor,Draw,Tipico,2026-08-16T16:00:00Z,LOST,0,4.4,0.22727272727272727,0.24702696453186257,0.23351188140822707,0.24702696453186257,,,,,0,,,,,,1517.003537591651,1482.996462408349,34.00707518330182,1.0,0.0,1.0,0.0036444300125550114,0.956,0.68,0.0,0.0,0.0,0.15,0.55,0.08691864394019544,0.02346625474378783,13,,,0,0,1,1,1,v15,2026-08-20T13:18:47+00:00,2026-08-20T13:18:47+00:00
ff2b00b5720aecd6652b5329,soccer_norway_eliteserien,Eliteserien,Sandefjord vs KFUM,Sandefjord,KFUM,KFUM,Coolbet,2026-08-07T17:00:00Z,WON,1,3.63,0.27548209366391185,0.2957031361327831,0.28859721890291506,0.2957031361327831,,,,,0,,,,,,1537.8007046575171,1483.3454344257252,54.45527023179193,0.6444444444444444,0.3333333333333333,0.31111111111111106,0.008111603809289387,0.974,0.68,0.0,0.0,0.0,0.15,0.55,0.07340238416200262,0.027193520730789178,19,,,0,0,1,1,1,v15,2026-08-20T13:18:47+00:00,2026-08-20T13:18:47+00:00
f1277af11eecbac41b931b71,soccer_spain_segunda_division,Segunda Division,Real Sociedad B vs CD Castellón,Real Sociedad B,CD Castellón,Real Sociedad B,Tipico,2026-08-14T18:30:00Z,LOST,0,4.1,0.24390243902439027,0.2807522645562886,0.23277052845842766,0.2807522645562886,,,,,0,,,,,,1476.8345703841526,1523.1654296158474,-46.33085923169483,0.0,1.0,-1.0,0.012614149388369198,0.831,0.72,0.0,0.0,0.0,0.15,0.55,0.15108428468078317,0.034849303962196654,8,,,0,0,1,1,1,v15,2026-08-20T13:18:47+00:00,2026-08-20T13:18:47+00:00
b3dd0321f9fd8cfafe9a7c7d,soccer_france_ligue_two,Ligue 2,Nantes vs Red Star,Nantes,Red Star,Red Star,Tipico,2026-08-08T18:45:00Z,WON,1,4.3,0.23255813953488372,0.26324112510921627,0.22806973957602608,0.26324112510921627,,,,,0,,,,,,1461.1151013740357,1518.7046014025193,-57.5895000284836,0.0,0.6666666666666666,-0.6666666666666666,0.01107284321217898,0.873,0.72,0.0,0.0,0.0,0.15,0.55,0.13193683796962996,0.032112966151566,16,,,0,0,1,1,1,v15,2026-08-20T13:18:47+00:00,2026-08-20T13:18:47+00:00
46d6a9ebe4c2e228dcdbba77,soccer_usa_mls,MLS,New York Red Bulls vs Nashville SC,New York Red Bulls,Nashville SC,Draw,1xBet,2026-08-19T23:30:00Z,LOST,0,4.22,0.23696682464454977,0.2565400504025674,0.24799185569726162,0.2565400504025674,,,,,0,,,,,,1411.8293380665884,1575.3510643202126,-163.52172625362414,0.0,0.808888888888889,-0.808888888888889,0.0033927159402124215,0.974,0.68,0.0,0.0,0.0,0.15,0.55,0.0825990126988343,0.022611236481184793,12,,,0,0,1,1,1,v15,2026-08-20T13:18:47+00:00,2026-08-20T13:18:47+00:00
a82b5f88a7f6d1585b478799,soccer_usa_mls,MLS,Sporting Kansas City vs St. Louis City SC,Sporting Kansas City,St. Louis City SC,Draw,1xBet,2026-08-20T00:00:00Z,WON,1,4.33,0.23094688221709006,0.2508025137826271,0.23878829339696037,0.2508025137826271,,,,,0,,,,,,1469.1966304590667,1578.079965427936,-108.88333496886935,0.3333333333333333,0.6457142857142857,-0.31238095238095237,0.006509388494851522,0.962,0.68,0.0,0.0,0.0,0.15,0.55,0.08597488467877534,0.025500226523539338,10,,,0,0,1,1,1,v15,2026-08-20T13:18:47+00:00,2026-08-20T13:18:47+00:00
4c15c711a05a1139c2792914,soccer_england_league2,League Two,Newport County vs Rochdale,Newport County,Rochdale,Newport County,Pinnacle,2026-08-15T11:30:00Z,WON,1,3.17,0.31545741324921134,0.34546116169078467,0.32335969410351967,0.34546116169078467,,,,,0,,,,,,1521.4560755650866,1478.5439244349134,42.91215113017324,1.0,0.0,1.0,0.013366277552541125,0.922,0.68,0.0,0.0,0.0,0.15,0.55,0.09511188255978742,0.01719068238739152,13,,,0,0,1,1,1,v15,2026-08-20T13:18:47+00:00,2026-08-20T13:18:47+00:00
4c0178b377cf9c1758d062d9,soccer_spl,Scottish Premiership,Motherwell vs Falkirk F.C.,Motherwell,Falkirk F.C.,Falkirk F.C.,Betfair,2026-08-09T14:00:00Z,LOST,0,4.5,0.2222222222222222,0.2454953037707057,0.2239644402908485,0.2454953037707057,,,,,0,,,,,,1518.8074802199856,1479.6384719450268,39.16900827495874,0.6666666666666666,0.16666666666666666,0.5,0.04278406750203588,0.878,0.68,0.0,0.0,0.0,0.15,0.55,0.10472886696817563,0.028083028083027983,17,,,0,0,1,1,1,v15,2026-08-20T13:18:47+00:00,2026-08-20T13:18:47+00:00
ae4e4906bef6f57c40212578,soccer_france_ligue_two,Ligue 2,Montpellier vs Dijon,Montpellier,Dijon,Dijon,Betfair,2026-08-08T18:45:00Z,LOST,0,4.1,0.24390243902439027,0.2753753138315591,0.24608776750038158,0.2753753138315591,,,,,0,,,,,,1496.3845703841525,1503.6154296158475,-7.230859231694922,0.3333333333333333,0.3333333333333333,0.0,0.01107284321217898,0.891,0.72,0.0,0.0,0.0,0.15,0.55,0.12903878670939228,0.02596125432420293,19,,,0,0,1,1,1,v15,2026-08-20T13:18:47+00:00,2026-08-20T13:18:47+00:00
885813a4ee34a59c27bed983,soccer_argentina_primera_division,Argentina Primera Division,Deportivo Riestra vs Estudiantes,Deportivo Riestra,Estudiantes,Deportivo Riestra,Betsson,2026-08-08T17:45:00Z,WON,1,3.45,0.2898550724637681,0.3307000837465076,0.28794173562498965,0.3307000837465076,,,,,0,,,,,,1482.1657048270865,1471.3674271867983,10.798277640288234,0.4,0.25,0.15000000000000002,0.01725631608153479,0.856,0.68,0.0,0.0,0.0,0.15,0.55,0.14091528892545124,0.043602517387683726,13,,,0,0,1,1,1,v15,2026-08-20T13:18:47+00:00,2026-08-20T13:18:47+00:00
f53301a5b973d5303ca568bc,soccer_germany_bundesliga2,2. Bundesliga,FC Energie Cottbus vs Hannover 96,FC Energie Cottbus,Hannover 96,FC Energie Cottbus,Betfair,2026-08-09T11:30:00Z,WON,1,3.4,0.29411764705882354,0.32800041099404176,0.2969455008200672,0.32800041099404176,,,,,0,,,,,,1490.23060812675,1467.6288790505,22.601729076249967,0.5,0.0,0.5,0.01413389641605908,0.894,0.85,0.0,0.0,0.0,0.15,0.55,0.11520139737974189,0.023341474874200685,21,,,0,0,1,1,1,v15,2026-08-20T13:18:47+00:00,2026-08-20T13:18:47+00:00
f41d79ceb9e6cf0590bbd6f5,soccer_usa_mls,MLS,Seattle Sounders FC vs Vancouver Whitecaps FC,Seattle Sounders FC,Vancouver Whitecaps FC,Seattle Sounders FC,LeoVegas (SE),2026-08-17T02:30:00Z,LOST,0,3.45,0.2898550724637681,0.3189372096091012,0.2896674036881919,0.3189372096091012,,,,,0,,,,,,1371.8269586179763,1514.645790778093,-142.8188321601167,0.0,0.5314285714285714,-0.5314285714285714,0.04954120340699754,0.852,0.68,0.0,0.0,0.0,0.15,0.55,0.10033337315139934,0.0007876354320808243,16,,,0,0,1,1,1,v15,2026-08-20T13:18:47+00:00,2026-08-20T13:18:47+00:00
b22a4c3969f05958b3de4000,soccer_usa_mls,MLS,LA Galaxy vs San Jose Earthquakes,LA Galaxy,San Jose Earthquakes,Draw,1xBet,2026-08-20T02:30:00Z,LOST,0,4.26,0.2347417840375587,0.2554009991570879,0.24352309628901203,0.2554009991570879,,,,,0,,,,,,1481.3618556433871,1417.7684209190168,63.593434724370354,0.3733333333333333,0.08444444444444445,0.28888888888888886,0.005040166092978519,0.965,0.68,0.0,0.0,0.0,0.15,0.55,0.08800825640919441,0.02752043395906556,10,,,0,0,1,1,1,v15,2026-08-20T13:18:47+00:00,2026-08-20T13:18:47+00:00
b66af8570b1714628d8708c1,soccer_mexico_ligamx,Liga MX,Atlas vs Tigres,Atlas,Tigres,Atlas,Tipico,2026-08-16T03:00:00Z,WON,1,3.4,0.29411764705882354,0.3447319679907893,0.3020975160039168,0.3447319679907893,,,,,0,,,,,,1526.8931113792999,1425.0205317997563,101.87257957954353,1.0,0.0,1.0,0.011235442985096412,0.858,0.68,0.0,0.0,0.0,0.15,0.55,0.17208869116868364,0.004901960784313708,13,,,0,0,1,1,1,v15,2026-08-20T13:18:47+00:00,2026-08-20T13:18:47+00:00
00a97fd8123b80378079183f,soccer_norway_eliteserien,Eliteserien,Kristiansund BK vs Molde,Kristiansund BK,Molde,Draw,Betfair,2026-08-09T17:15:00Z,LOST,0,4.3,0.23255813953488372,0.251820652701505,0.24186409737349218,0.251820652701505,,,,,0,,,,,,1493.9500533687758,1463.8060483499528,30.14400501882301,0.5,0.16666666666666666,0.33333333333333337,0.003723474103094235,0.97,0.68,0.0,0.0,0.0,0.15,0.55,0.08282880661647152,0.0,19,,,0,0,1,1,1,v15,2026-08-20T13:18:47+00:00,2026-08-20T13:18:47+00:00
78dda1686757e72ef72fde84,soccer_argentina_primera_division,Argentina Primera Division,Estudiantes vs Gimnasia La Plata,Estudiantes,Gimnasia La Plata,Gimnasia La Plata,1xBet,2026-08-15T19:45:00Z,LOST,0,4.03,0.24813895781637715,0.2914833379270166,0.2572728801277163,0.2914833379270166,,,,,0,,,,,,1471.3674271867983,1487.9036641029213,-16.536236916123016,0.25,0.5,-0.25,0.08402214820019668,0.752,0.68,0.0,0.0,0.0,0.15,0.55,0.17467785184587692,0.04178975146717079,9,,,0,0,1,1,1,v15,2026-08-20T13:18:47+00:00,2026-08-20T13:18:47+00:00
d35687438788f92102d700c2,soccer_japan_j_league,J-League,Cerezo Osaka vs Fagiano Okayama,Cerezo Osaka,Fagiano Okayama,Fagiano Okayama,Betfair,2026-08-08T10:00:00Z,LOST,0,4.2,0.23809523809523808,0.27044643052369693,0.241987697970296,0.27044643052369693,,,,,0,,,,,,1515.9345703841527,1500.402852545982,15.531717838170835,1.0,0.5,0.5,0.013825402287021062,0.889,0.68,0.0,0.0,0.0,0.15,0.55,0.13587500819952725,0.02966301695884277,12,,,0,0,1,1,1,v15,2026-08-20T13:18:47+00:00,2026-08-20T13:18:47+00:00
2c757959e3054d44da827db6,soccer_japan_j_league,J-League,Tokyo Verdy vs Kawasaki Frontale,Tokyo Verdy,Kawasaki Frontale,Tokyo Verdy,Betfair,2026-08-09T09:00:00Z,LOST,0,3.4,0.29411764705882354,0.327184185927641,0.29554032854840684,0.327184185927641,,,,,0,,,,,,1471.8736948925464,1503.6154296158475,-31.74173472330108,0.16666666666666666,0.3333333333333333,-0.16666666666666666,0.01413389641605908,0.892,0.68,0.0,0.0,0.0,0.15,0.55,0.11242623215397929,0.020876763648448593,11,,,0,0,1,1,1,v15,2026-08-20T13:18:47+00:00,2026-08-20T13:18:47+00:00
e5b284430c79991ad26fb7c9,soccer_england_league1,League One,Reading vs Luton,Reading,Luton,Reading,Pinnacle,2026-08-15T11:30:00Z,LOST,0,3.32,0.30120481927710846,0.33539692662125803,0.3083666873312187,0.33539692662125803,,,,,0,,,,,,1476.8345703841526,1523.1654296158474,-46.33085923169483,0.0,1.0,-1.0,0.013366277552541125,0.907,0.68,0.0,0.0,0.0,0.15,0.55,0.11351779638257664,0.03534959826493678,14,,,0,0,1,1,1,v15,2026-08-20T13:18:47+00:00,2026-08-20T13:18:47+00:00
866a959ef415b58059e6ba08,soccer_belgium_first_div,Belgian Pro League,Westerlo vs Union Saint-Gilloise,Westerlo,Union Saint-Gilloise,Westerlo,Betfair,2026-08-08T18:45:00Z,LOST,0,4.5,0.2222222222222222,0.26605869950716055,0.21848562662853513,0.26605869950716055,,,,,0,,,,,,1448.2946447280813,1536.2133799114572,-87.91873518337593,0.0,1.0,-1.0,0.015168294508591114,0.81,0.68,0.0,0.0,0.0,0.15,0.55,0.19726414778222257,0.03648851477956794,22,,,0,0,1,1,1,v15,2026-08-20T13:18:47+00:00,2026-08-20T13:18:47+00:00
f1f173991e407f12c65a4fcb,soccer_switzerland_superleague,Swiss Super League,FC Basel vs FC Thun,FC Basel,FC Thun,Draw,Betfair,2026-08-09T14:30:00Z,LOST,0,4.4,0.22727272727272727,0.249048139821923,0.23470521077805445,0.249048139821923,,,,,0,,,,,,1533.297352491378,1446.9218432555087,86.37550923586923,0.75,0.25,0.5,0.00286331749872054,0.957,0.68,0.0,0.0,0.0,0.15,0.55,0.09581181521646132,0.015597877300004948,21,,,0,0,1,1,1,v15,2026-08-20T13:18:47+00:00,2026-08-20T13:18:47+00:00
22b30c453b8577f1fe985a60,soccer_denmark_superliga,Danish Superliga,SonderjyskE vs Viborg FF,SonderjyskE,Viborg FF,SonderjyskE,Pinnacle,2026-08-07T17:00:00Z,LOST,0,3.73,0.2680965147453083,0.30808750936757784,0.267080932522128,0.30808750936757784,,,,,0,,,,,,1496.060529508734,1519.1761885829958,-23.115659074261885,0.3333333333333333,0.5833333333333334,-0.25000000000000006,0.019880700075718395,0.858,0.68,0.0,0.0,0.0,0.15,0.55,0.14916640994106523,0.007330964506073956,24,,,0,0,1,1,1,v15,2026-08-20T13:18:47+00:00,2026-08-20T13:18:47+00:00
f565ca570c1df651db95eee1,soccer_sweden_allsvenskan,Allsvenskan,Mjällby AIF vs IF Elfsborg,Mjällby AIF,IF Elfsborg,Mjällby AIF,Unibet (SE),2026-08-08T15:30:00Z,LOST,0,2.85,0.3508771929824561,0.3798846072372718,0.36799721517597433,0.3798846072372718,,,,,0,,,,,,1473.301286793252,1571.8236215336442,-98.52233474039213,0.3333333333333333,0.8857142857142857,-0.5523809523809524,0.015220859637186756,0.948,0.68,0.0,0.0,0.0,0.15,0.55,0.08267113062622466,0.0,21,,,0,0,1,1,1,v15,2026-08-20T13:18:47+00:00,2026-08-20T13:18:47+00:00
b1e8adebaebfa7b1bb8aaa09,soccer_usa_mls,MLS,Orlando City SC vs Chicago Fire,Orlando City SC,Chicago Fire,Draw,1xBet,2026-08-19T23:30:00Z,LOST,0,4.49,0.22271714922048996,0.25702063693870403,0.2515844144768041,0.25702063693870403,,,,,0,,,,,,1469.5417252274685,1530.4582747725315,-60.916549545062935,0.3333333333333333,0.6666666666666666,-0.3333333333333333,0.008011433287923302,0.979,0.68,0.0,0.0,0.0,0.15,0.55,0.15402265985478114,0.007150107566491926,10,,,0,0,1,1,1,v15,2026-08-20T13:18:47+00:00,2026-08-20T13:18:47+00:00
f0f632dd86bbfa8672b3094c,soccer_argentina_primera_division,Argentina Primera Division,Banfield vs Belgrano de Cordoba,Banfield,Belgrano de Cordoba,Banfield,Betsson,2026-08-10T22:00:00Z,LOST,0,3.35,0.29850746268656714,0.34239735645832525,0.31126048666148054,0.34239735645832525,,,,,0,,,,,,1490.369260904935,1540.7741638559967,-50.404902951061786,0.5,1.0,-0.5,0.0165137646192819,0.88,0.68,0.0,0.0,0.0,0.15,0.55,0.14703114413538954,0.018693317100609397,12,,,0,0,1,1,1,v15,2026-08-20T13:18:47+00:00,2026-08-20T13:18:47+00:00
d0effc00766998851d294c32,soccer_argentina_primera_division,Argentina Primera Division,Central Córdoba vs Instituto de Córdoba,Central Córdoba,Instituto de Córdoba,Central Córdoba,Unibet (SE),2026-08-16T18:00:00Z,LOST,0,3.75,0.26666666666666666,0.3078696792039373,0.28443202877952883,0.3078696792039373,,,,,0,,,,,,1418.7927025235122,1549.1190283887179,-130.32632586520572,0.0,0.75,-0.75,0.049362053752741816,0.866,0.68,0.0,0.0,0.0,0.15,0.55,0.15451129701476485,0.008351216022889796,10,,,0,0,1,1,1,v15,2026-08-20T13:18:47+00:00,2026-08-20T13:18:47+00:00
85c2dc697a3ed00834809852,soccer_austria_bundesliga,Austrian Bundesliga,WSG Tirol vs RB Salzburg,WSG Tirol,RB Salzburg,WSG Tirol,1xBet,2026-08-16T15:00:00Z,LOST,0,4.5,0.2222222222222222,0.2592098795441531,0.21081886587622858,0.2592098795441531,,,,,0,,,,,,1449.048789510151,1534.6229897375943,-85.57420022744327,0.1111111111111111,0.6666666666666666,-0.5555555555555556,0.022556164575471976,0.803,0.85,0.0,0.0,0.0,0.15,0.55,0.166444457948689,0.06393819855358318,6,,,0,0,1,1,1,v15,2026-08-20T13:18:47+00:00,2026-08-20T13:18:47+00:00
0be5f04a194ecfa0d62c5fd8,soccer_switzerland_superleague,Swiss Super League,FC St Gallen vs FC Luzern,FC St Gallen,FC Luzern,Draw,Betfair,2026-08-09T14:30:00Z,WON,1,4.3,0.23255813953488372,0.2503964844289948,0.242161155040996,0.2503964844289948,,,,,0,,,,,,1510.6146250165896,1459.828630269493,50.78599474709654,0.6666666666666666,0.1111111111111111,0.5555555555555556,0.01108023087858655,0.968,0.68,0.0,0.0,0.0,0.15,0.55,0.07670488304467771,0.0,22,,,0,0,1,1,1,v15,2026-08-20T13:18:47+00:00,2026-08-20T13:18:47+00:00
b6e21aa1e641eec882027db7,soccer_sweden_allsvenskan,Allsvenskan,Halmstads BK vs GAIS,Halmstads BK,GAIS,Draw,Unibet (SE),2026-08-09T14:30:00Z,LOST,0,4.35,0.2298850574712644,0.25019706747007936,0.23779799886458025,0.25019706747007936,,,,,0,,,,,,1452.0734241491416,1524.3052304298994,-72.23180628075784,0.0,0.6,-0.6,0.004086748653596092,0.961,0.68,0.0,0.0,0.0,0.15,0.55,0.0883572434948452,0.0,20,,,0,0,1,1,1,v15,2026-08-20T13:18:47+00:00,2026-08-20T13:18:47+00:00
cfbebfd68e88785d0a2cffea,soccer_usa_mls,MLS,Atlanta United FC vs New York Red Bulls,Atlanta United FC,New York Red Bulls,New York Red Bulls,LeoVegas (SE),2026-08-15T23:30:00Z,LOST,0,3.95,0.2531645569620253,0.2788796245438264,0.257842971299869,0.2788796245438264,,,,,0,,,,,,1540.7692888732934,1411.8293380665884,128.93995080670493,0.7276190476190476,0.0,0.7276190476190476,0.011372248466635789,0.928,0.68,0.0,0.0,0.0,0.15,0.55,0.10157451694811437,0.002944374326323329,17,,,0,0,1,1,1,v15,2026-08-20T13:18:47+00:00,2026-08-20T13:18:47+00:00
af265ecd6a4b85502afaec0c,soccer_usa_mls,MLS,D.C. United vs New England Revolution,D.C. United,New England Revolution,Draw,1xBet,2026-08-19T23:30:00Z,LOST,0,4.03,0.24813895781637715,0.2665321389981517,0.26158756067326105,0.2665321389981517,,,,,0,,,,,,1456.1443909166737,1550.3497372274146,-94.20534631074088,0.3333333333333333,0.48,-0.14666666666666667,0.0046518151947022735,0.983,0.68,0.0,0.0,0.0,0.15,0.55,0.07412452016255133,0.021305849404321453,12,,,0,0,1,1,1,v15,2026-08-20T13:18:47+00:00,2026-08-20T13:18:47+00:00
adcc67b1c2db1763b029bd8b,soccer_usa_mls,MLS,Philadelphia Union vs Inter Miami CF,Philadelphia Union,Inter Miami CF,Draw,1xBet,2026-08-19T23:30:00Z,WON,1,4.34,0.2304147465437788,0.2560014822235065,0.24559463834453338,0.2560014822235065,,,,,0,,,,,,1569.4900187717903,1514.940246665178,54.54977210661241,0.8666666666666667,0.4095238095238095,0.4571428571428572,0.002531197489826914,0.97,0.68,0.0,0.0,0.0,0.15,0.55,0.11104643285001825,0.03073487459499935,10,,,0,0,1,1,1,v15,2026-08-20T13:18:47+00:00,2026-08-20T13:18:47+00:00
3d11042084c02a6591f4cff3,soccer_usa_mls,MLS,Minnesota United FC vs Atlanta United FC,Minnesota United FC,Atlanta United FC,Draw,1xBet,2026-08-20T00:30:00Z,LOST,0,4.37,0.22883295194508008,0.2561455985471801,0.24597327005398298,0.2561455985471801,,,,,0,,,,,,1440.2825264718517,1540.7692888732934,-100.48676240144164,0.1961904761904762,0.7276190476190476,-0.5314285714285714,0.0049111696930291176,0.969,0.68,0.0,0.0,0.0,0.15,0.55,0.11935626565117707,0.026678517232505916,10,,,0,0,1,1,1,v15,2026-08-20T13:18:47+00:00,2026-08-20T13:18:47+00:00
98cf2770600ba9cbcc198270,soccer_usa_mls,MLS,Seattle Sounders FC vs Austin FC,Seattle Sounders FC,Austin FC,Draw,1xBet,2026-08-20T01:30:00Z,LOST,0,4.5,0.2222222222222222,0.25152396638518626,0.23818987639949904,0.25152396638518626,,,,,0,,,,,,1371.8269586179763,1458.8104787661644,-86.98352014818806,0.0,0.27,-0.27,0.002310228169402794,0.964,0.68,0.0,0.0,0.0,0.15,0.55,0.13185784873333817,0.029357950765136476,10,,,0,0,1,1,1,v15,2026-08-20T13:18:47+00:00,2026-08-20T13:18:47+00:00
6afb89d3a0ab3e4847435a89,soccer_usa_mls,MLS,Real Salt Lake vs FC Dallas,Real Salt Lake,FC Dallas,Draw,1xBet,2026-08-20T01:30:00Z,LOST,0,4.41,0.22675736961451246,0.25578230568914856,0.24679076755096513,0.25578230568914856,,,,,0,,,,,,1441.3801321842827,1585.732678437602,-144.35254625331936,0.18666666666666665,0.8666666666666667,-0.68,0.00295756793284792,0.973,0.68,0.0,0.0,0.0,0.15,0.55,0.12799996808914527,0.010748597684687944,10,,,0,0,1,1,1,v15,2026-08-20T13:18:47+00:00,2026-08-20T13:18:47+00:00
32f145ba70248bbd700bca73,soccer_argentina_primera_division,Argentina Primera Division,River Plate vs Argentinos Juniors,River Plate,Argentinos Juniors,Argentinos Juniors,Unibet (SE),2026-08-16T21:00:00Z,LOST,0,3.65,0.273972602739726,0.3135858487876245,0.2852772010203091,0.3135858487876245,,,,,0,,,,,,1433.092800930315,1517.3500755679174,-84.25727463760245,0.18666666666666665,0.6666666666666666,-0.48,0.08642170190698681,0.771,0.68,0.0,0.0,0.0,0.15,0.55,0.14458834807482956,0.02747400329995009,10,,,0,0,1,1,1,v15,2026-08-20T13:18:47+00:00,2026-08-20T13:18:47+00:00
0f0c5a2bea2922c9ae828454,soccer_mexico_ligamx,Liga MX,Pumas vs Querétaro,Pumas,Querétaro,Querétaro,Pinnacle,2026-08-16T18:00:00Z,LOST,0,4.36,0.2293577981651376,0.2603024348680512,0.23723440203648735,0.2603024348680512,,,,,0,,,,,,1519.6713441893814,1498.532136618268,21.139207571113502,0.6666666666666666,0.4666666666666667,0.19999999999999996,0.012278401775698387,0.926,0.68,0.0,0.0,0.0,0.15,0.55,0.13491861602470334,0.02385741619416737,14,,,0,0,1,1,1,v15,2026-08-20T13:18:47+00:00,2026-08-20T13:18:47+00:00
32dee0fe0e3d4dbdefc78766,soccer_mexico_ligamx,Liga MX,Pachuca vs Puebla,Pachuca,Puebla,Draw,Coolbet,2026-08-18T03:00:00Z,LOST,0,4.4,0.22727272727272727,0.2469447403789622,0.23353863264471708,0.2469447403789622,,,,,0,,,,,,1454.1618053134757,1515.1967386626832,-61.03493334920745,0.0,0.5555555555555556,-0.5555555555555556,0.001656828602506149,0.96,0.68,0.0,0.0,0.0,0.15,0.55,0.08655685766743382,0.019709422602671722,10,,,0,0,1,1,1,v15,2026-08-20T13:18:47+00:00,2026-08-20T13:18:47+00:00
7d81cbfaf48bec2da4b339b6,soccer_portugal_primeira_liga,Primeira Liga,Moreirense FC vs Braga,Moreirense FC,Braga,Draw,Betfair,2026-08-09T19:30:00Z,WON,1,4.2,0.23809523809523808,0.257863941903543,0.25081979157274004,0.257863941903543,,,,,0,,,,,,1472.414965059648,1503.6154296158475,-31.20046455619945,0.16666666666666666,0.3333333333333333,-0.16666666666666666,0.0026641391361560177,0.976,0.68,0.0,0.0,0.0,0.15,0.55,0.08302855599488068,0.0014619883040936088,20,,,0,0,1,1,1,v15,2026-08-20T13:18:47+00:00,2026-08-20T13:18:47+00:00
bec19012e0a9aecb6decd0ce,soccer_switzerland_superleague,Swiss Super League,FC Lausanne-Sport vs BSC Young Boys,FC Lausanne-Sport,BSC Young Boys,FC Lausanne-Sport,Betfair,2026-08-08T16:00:00Z,LOST,0,3.5,0.2857142857142857,0.31622478259426395,0.29283832977274826,0.31622478259426395,,,,,0,,,,,,1515.7209167032977,1548.3293650006506,-32.60844829735288,0.5,0.5555555555555556,-0.05555555555555558,0.04463308104407992,0.872,0.68,0.0,0.0,0.0,0.15,0.55,0.10678673907992375,0.0,23,,,0,0,1,1,1,v15,2026-08-20T13:18:47+00:00,2026-08-20T13:18:47+00:00
6782920612e25e6d83392c6c,soccer_switzerland_superleague,Swiss Super League,FC Basel vs FC Thun,FC Basel,FC Thun,FC Thun,Tipico,2026-08-09T14:30:00Z,LOST,0,4.0,0.25,0.2796078032266186,0.2528200033217888,0.2796078032266186,,,,,0,,,,,,1533.297352491378,1446.9218432555087,86.37550923586923,0.75,0.25,0.5,0.01091953588502487,0.912,0.68,0.0,0.0,0.0,0.15,0.55,0.1184312129064744,0.020010131712259405,22,,,0,0,1,1,1,v15,2026-08-20T13:18:47+00:00,2026-08-20T13:18:47+00:00
054c5478724151082c4be004,soccer_norway_eliteserien,Eliteserien,Rosenborg vs Viking FK,Rosenborg,Viking FK,Rosenborg,1xBet,2026-08-14T17:00:00Z,WON,1,3.5,0.2857142857142857,0.32919298548097464,0.27405977973188483,0.32919298548097464,,,,,0,,,,,,1525.8186475734608,1479.8511090463885,45.96753852707229,0.6,0.25,0.35,0.010041883022220319,0.837,0.68,0.0,0.0,0.0,0.15,0.55,0.1521754491834113,0.04818147731533551,11,,,0,0,1,1,1,v15,2026-08-20T13:18:47+00:00,2026-08-20T13:18:47+00:00
8d852b328ffd269bb3a8fbf8,soccer_france_ligue_two,Ligue 2,USL Dunkerque vs Grenoble,USL Dunkerque,Grenoble,Grenoble,Betfair,2026-08-08T18:45:00Z,LOST,0,4.0,0.25,0.27975009439812754,0.25265504729984456,0.27975009439812754,,,,,0,,,,,,1517.003537591651,1479.943020345823,37.060517245827896,1.0,0.16666666666666666,0.8333333333333334,0.01107284321217898,0.898,0.72,0.0,0.0,0.0,0.15,0.55,0.11900037759251014,0.017127034048953993,22,,,0,0,1,1,1,v15,2026-08-20T13:18:47+00:00,2026-08-20T13:18:47+00:00
7a0b17c68313678996c966c5,soccer_usa_mls,MLS,Nashville SC vs Inter Miami CF,Nashville SC,Inter Miami CF,Inter Miami CF,Pinnacle,2026-08-16T00:30:00Z,LOST,0,3.1,0.3225806451612903,0.3501148125471543,0.34195562265798346,0.3501148125471543,,,,,0,,,,,,1575.3510643202126,1514.940246665178,60.410817655034634,0.808888888888889,0.4095238095238095,0.3993650793650795,0.07849672101192072,0.829,0.68,0.0,0.0,0.0,0.15,0.55,0.08535591889617833,0.0,17,,,0,0,1,1,1,v15,2026-08-20T13:18:47+00:00,2026-08-20T13:18:47+00:00
830f2a07d913b5e8b0b31c20,soccer_usa_mls,MLS,Seattle Sounders FC vs Vancouver Whitecaps FC,Seattle Sounders FC,Vancouver Whitecaps FC,Draw,1xBet,2026-08-17T02:30:00Z,LOST,0,4.18,0.23923444976076558,0.25852731539984436,0.2489196928319556,0.25852731539984436,,,,,0,,,,,,1371.8269586179763,1514.645790778093,-142.8188321601167,0.0,0.5314285714285714,-0.5314285714285714,0.0016169199907408046,0.974,0.68,0.0,0.0,0.0,0.15,0.55,0.0806441783713494,0.004047638058853664,17,,,0,0,1,1,1,v15,2026-08-20T13:18:47+00:00,2026-08-20T13:18:47+00:00
33d28ed69cb041e7eddf8b29,soccer_argentina_primera_division,Argentina Primera Division,Gimnasia Mendoza vs Talleres,Gimnasia Mendoza,Talleres,Gimnasia Mendoza,Unibet (SE),2026-08-18T00:30:00Z,WON,1,3.1,0.3225806451612903,0.36077854424579453,0.32831567221493135,0.36077854424579453,,,,,0,,,,,,1530.7362698481147,1430.503672591225,100.23259725688968,0.75,0.0,0.75,0.03715031930237212,0.857,0.68,0.0,0.0,0.0,0.15,0.55,0.1184134871619631,0.018285424350642954,8,,,0,0,1,1,1,v15,2026-08-20T13:18:47+00:00,2026-08-20T13:18:47+00:00
a060e945bdee1606583e612b,soccer_netherlands_eredivisie,Eredivisie,NEC Nijmegen vs SC Telstar,NEC Nijmegen,SC Telstar,Draw,Coolbet,2026-08-08T14:30:00Z,LOST,0,4.5,0.2222222222222222,0.251932197390339,0.2423843138691883,0.251932197390339,,,,,0,,,,,,1476.8345703841526,1523.1654296158474,-46.33085923169483,0.0,1.0,-1.0,0.0031145928517986145,0.968,0.68,0.0,0.0,0.0,0.15,0.55,0.13369488825652542,0.0,15,,,0,0,1,1,1,v15,2026-08-20T13:18:47+00:00,2026-08-20T13:18:47+00:00
4c205983a076318777f41040,soccer_england_league2,League Two,Chesterfield FC vs Fleetwood Town,Chesterfield FC,Fleetwood Town,Fleetwood Town,Coolbet,2026-08-15T14:00:00Z,WON,1,4.3,0.23255813953488372,0.263270683802201,0.2300938698046671,0.263270683802201,,,,,0,,,,,,1476.8345703841526,1523.1654296158474,-46.33085923169483,0.0,1.0,-1.0,0.01303008676435624,0.876,0.68,0.0,0.0,0.0,0.15,0.55,0.13206394034946412,0.05881296578970985,14,,,0,0,1,1,1,v15,2026-08-20T13:18:47+00:00,2026-08-20T13:18:47+00:00
e991fb8fd96b2f65c5b0786c,soccer_switzerland_superleague,Swiss Super League,FC Lausanne-Sport vs BSC Young Boys,FC Lausanne-Sport,BSC Young Boys,Draw,Codere (IT),2026-08-08T16:00:00Z,WON,1,4.5,0.2222222222222222,0.2550399612603304,0.24533009477071127,0.2550399612603304,,,,,0,,,,,,1515.7209167032977,1548.3293650006506,-32.60844829735288,0.5,0.5555555555555556,-0.05555555555555558,0.004283291187654376,0.97,0.68,0.0,0.0,0.0,0.15,0.55,0.14767982567148685,0.0,16,,,0,0,1,1,1,v15,2026-08-20T13:18:47+00:00,2026-08-20T13:18:47+00:00
c472a051ded86daa544f832d,soccer_norway_eliteserien,Eliteserien,IK Start vs Fredrikstad FK,IK Start,Fredrikstad FK,Fredrikstad FK,Coolbet,2026-08-08T16:00:00Z,WON,1,4.33,0.23094688221709006,0.2630065411165825,0.2397279130554502,0.2630065411165825,,,,,0,,,,,,1476.0397267929704,1515.8850615321198,-39.84533473914939,0.0,0.6666666666666666,-0.6666666666666666,0.01143238712473392,0.922,0.68,0.0,0.0,0.0,0.15,0.55,0.13881832303480235,0.011710672881870776,15,,,0,0,1,1,1,v15,2026-08-20T13:18:47+00:00,2026-08-20T13:18:47+00:00
6765db4d9c4b3f1ea6cf5a88,soccer_france_ligue_two,Ligue 2,Metz vs Guingamp,Metz,Guingamp,Guingamp,Betfair,2026-08-08T18:45:00Z,LOST,0,4.0,0.25,0.28470486720194843,0.2600152395080466,0.28470486720194843,,,,,0,,,,,,1518.9880124466788,1484.0654296158473,34.922582830831516,0.6666666666666666,0.0,0.6666666666666666,0.01107284321217898,0.906,0.72,0.0,0.0,0.0,0.15,0.55,0.13881946880779372,0.012459371614301107,21,,,0,0,1,1,1,v15,2026-08-20T13:18:47+00:00,2026-08-20T13:18:47+00:00
c4241b938c632475eb3466f9,soccer_france_ligue_two,Ligue 2,Rodez AF vs Stade Lavallois,Rodez AF,Stade Lavallois,Stade Lavallois,Betfair,2026-08-08T18:45:00Z,LOST,0,3.9,0.25641025641025644,0.28402995987341706,0.2590000926186438,0.28402995987341706,,,,,0,,,,,,1517.003537591651,1498.715931418466,18.28760617318494,1.0,0.5,0.5,0.01107284321217898,0.905,0.72,0.0,0.0,0.0,0.15,0.55,0.10771684350632649,0.014290873445802932,22,,,0,0,1,1,1,v15,2026-08-20T13:18:47+00:00,2026-08-20T13:18:47+00:00
6e4654f0e4e427122b938852,soccer_brazil_campeonato,Brazil Serie A,Santos vs Atletico Paranaense,Santos,Atletico Paranaense,Atletico Paranaense,Betfair,2026-08-09T21:30:00Z,WON,1,3.75,0.26666666666666666,0.29998654699785804,0.26920735731478246,0.29998654699785804,,,,,0,,,,,,1492.7311790856838,1560.3427667951953,-67.61158770951147,0.3333333333333333,0.7333333333333333,-0.39999999999999997,0.07663297385631292,0.783,0.85,0.0,0.0,0.0,0.15,0.55,0.1249495512419676,0.015329768270944788,23,,,0,0,1,1,1,v15,2026-08-20T13:18:47+00:00,2026-08-20T13:18:47+00:00
413e249db6ffc73ca0a27f90,soccer_japan_j_league,J-League,Urawa Red Diamonds vs Hiroshima Sanfrecce FC,Urawa Red Diamonds,Hiroshima Sanfrecce FC,Urawa Red Diamonds,Pinnacle,2026-08-15T10:00:00Z,LOST,0,3.95,0.2531645569620253,0.2924187913321927,0.24468480213845423,0.2924187913321927,,,,,0,,,,,,1468.8074923670588,1531.1925076329412,-62.38501526588243,0.0,1.0,-1.0,0.014162567539134835,0.84,0.68,0.0,0.0,0.0,0.15,0.55,0.1550542257621612,0.032651736449204716,13,,,0,0,1,1,1,v15,2026-08-20T13:18:47+00:00,2026-08-20T13:18:47+00:00
7d665155f9c55cf5ba25e475,soccer_spain_la_liga,La Liga,Alavés vs Getafe,Alavés,Getafe,Getafe,Pinnacle,2026-08-15T17:30:00Z,LOST,0,3.83,0.2610966057441253,0.28543420973437816,0.2663938487888469,0.28543420973437816,,,,,0,,,,,,1521.4560755650866,1478.5439244349134,42.91215113017324,1.0,0.0,1.0,0.015766315418923732,0.914,0.85,0.0,0.0,0.0,0.15,0.55,0.09321302328266845,0.0,20,,,0,0,1,1,1,v15,2026-08-20T13:18:47+00:00,2026-08-20T13:18:47+00:00
7595e8c61dbaecd59bcdd979,soccer_netherlands_eredivisie,Eredivisie,Heerenveen vs FC Twente Enschede,Heerenveen,FC Twente Enschede,Heerenveen,Betfair,2026-08-09T14:45:00Z,WON,1,3.2,0.3125,0.3472398266729816,0.32131670191887485,0.3472398266729816,,,,,0,,,,,,1519.2774086764719,1484.0654296158473,35.21197906062457,0.6666666666666666,0.0,0.6666666666666666,0.018898129407348082,0.905,0.68,0.0,0.0,0.0,0.15,0.55,0.11116744535354117,0.003692865105908716,22,,,0,0,1,1,1,v15,2026-08-20T13:18:47+00:00,2026-08-20T13:18:47+00:00
e13db12df85d327ef9434b94,soccer_netherlands_eredivisie,Eredivisie,Excelsior vs PSV Eindhoven,Excelsior,PSV Eindhoven,Draw,Coolbet,2026-08-15T18:00:00Z,LOST,0,4.5,0.2222222222222222,0.2502417227316741,0.23978570729249263,0.2502417227316741,,,,,0,,,,,,1476.8345703841526,1523.1654296158474,-46.33085923169483,0.0,1.0,-1.0,0.0031145928517986145,0.965,0.68,0.0,0.0,0.0,0.15,0.55,0.12608775229253344,0.015375549126754429,12,,,0,0,1,1,1,v15,2026-08-20T13:18:47+00:00,2026-08-20T13:18:47+00:00
7be492b9464c38cb205abd84,soccer_england_league2,League Two,York City vs Bristol Rovers,York City,Bristol Rovers,Bristol Rovers,Pinnacle,2026-08-15T14:00:00Z,LOST,0,3.51,0.2849002849002849,0.3097720934154255,0.29878935157666664,0.3097720934154255,,,,,0,,,,,,1515.9345703841527,1484.0654296158473,31.869140768305442,1.0,0.0,1.0,0.01303008676435624,0.944,0.68,0.0,0.0,0.0,0.15,0.55,0.08730004788814338,0.030949825792875085,10,,,0,0,1,1,1,v15,2026-08-20T13:18:47+00:00,2026-08-20T13:18:47+00:00
22c09b5f43ec0f6f9f3665e4,soccer_belgium_first_div,Belgian Pro League,Leuven vs Club Brugge,Leuven,Club Brugge,Draw,Coolbet,2026-08-15T18:45:00Z,LOST,0,4.5,0.2222222222222222,0.24460664706617946,0.23054480281087708,0.24460664706617946,,,,,0,,,,,,1452.2205693010224,1530.7758931073267,-78.55532380630439,0.0,1.0,-1.0,0.002605440667847142,0.954,0.68,0.0,0.0,0.0,0.15,0.55,0.10072991179780755,0.044730288107771576,11,,,0,0,1,1,1,v15,2026-08-20T13:18:47+00:00,2026-08-20T13:18:47+00:00
b33936355b16295583546afc,soccer_austria_bundesliga,Austrian Bundesliga,Austria Wien vs LASK,Austria Wien,LASK,Draw,Betfair,2026-08-09T17:00:00Z,LOST,0,4.1,0.24390243902439027,0.26164198630908314,0.2580091131884198,0.26164198630908314,,,,,0,,,,,,1432.5005523836924,1567.4994476163076,-134.99889523261527,0.0,1.0,-1.0,0.012420031309075256,0.969,0.85,0.0,0.0,0.0,0.15,0.55,0.0727321438672408,0.0021098387117275408,21,,,0,0,1,1,1,v15,2026-08-20T13:18:47+00:00,2026-08-20T13:18:47+00:00
00b5955a973622ad615edd2d,soccer_argentina_primera_division,Argentina Primera Division,Argentinos Juniors vs Racing Club,Argentinos Juniors,Racing Club,Racing Club,Betfair,2026-08-09T23:15:00Z,LOST,0,4.3,0.23255813953488372,0.2575331293783102,0.23866441595362442,0.2575331293783102,,,,,0,,,,,,1517.3500755679174,1463.3876758365632,53.96239973135425,0.6666666666666666,0.1111111111111111,0.5555555555555556,0.03764748074471176,0.897,0.68,0.0,0.0,0.0,0.15,0.55,0.10739245632673367,0.01497244653935459,14,,,0,0,1,1,1,v15,2026-08-20T13:18:47+00:00,2026-08-20T13:18:47+00:00
433751fad853eee588ec73ef,soccer_japan_j_league,J-League,V-Varen Nagasaki vs Kyoto Purple Sanga,V-Varen Nagasaki,Kyoto Purple Sanga,V-Varen Nagasaki,Matchbook,2026-08-09T10:00:00Z,WON,1,3.5,0.2857142857142857,0.322415604618438,0.2890336390936184,0.322415604618438,,,,,0,,,,,,1499.597147454018,1484.0654296158473,15.531717838170835,0.5,0.0,0.5,0.014206644037756552,0.886,0.68,0.0,0.0,0.0,0.15,0.55,0.12845461616453302,0.0,17,,,0,0,1,1,1,v15,2026-08-20T13:18:47+00:00,2026-08-20T13:18:47+00:00
3a922beade4add81eb9cefa9,soccer_japan_j_league,J-League,JEF United Chiba vs FC Machida Zelvia,JEF United Chiba,FC Machida Zelvia,JEF United Chiba,Tipico,2026-08-15T10:00:00Z,LOST,0,3.9,0.25641025641025644,0.2988431325192787,0.2539929115765239,0.2988431325192787,,,,,0,,,,,,1463.7866200885428,1536.2133799114572,-72.42675982291439,0.0,1.0,-1.0,0.014206644037756552,0.85,0.68,0.0,0.0,0.0,0.15,0.55,0.16548821682518677,0.028996802990611137,12,,,0,0,1,1,1,v15,2026-08-20T13:18:47+00:00,2026-08-20T13:18:47+00:00
0916241ab896581d119bdc0a,soccer_spain_la_liga,La Liga,Deportivo La Coruña vs Elche CF,Deportivo La Coruña,Elche CF,Elche CF,Betfair,2026-08-17T19:00:00Z,LOST,0,3.55,0.28169014084507044,0.3062288922439868,0.2967035786733917,0.3062288922439868,,,,,0,,,,,,1496.3845703841525,1503.6154296158475,-7.230859231694922,0.3333333333333333,0.3333333333333333,0.0,0.015766315418923732,0.941,0.85,0.0,0.0,0.0,0.15,0.55,0.08711256746615303,0.0,16,,,0,0,1,1,1,v15,2026-08-20T13:18:47+00:00,2026-08-20T13:18:47+00:00
917b980d1d34c36693eea3e4,soccer_netherlands_eredivisie,Eredivisie,Fortuna Sittard vs SC Cambuur,Fortuna Sittard,SC Cambuur,SC Cambuur,BetOnline.ag,2026-08-15T19:00:00Z,LOST,0,4.33,0.23094688221709006,0.2632330446052273,0.23536319970781527,0.2632330446052273,,,,,0,,,,,,1517.003537591651,1482.996462408349,34.00707518330182,1.0,0.0,1.0,0.01736994844145617,0.884,0.68,0.0,0.0,0.0,0.15,0.55,0.13979908314063416,0.03288545827406919,13,,,0,0,1,1,1,v15,2026-08-20T13:18:47+00:00,2026-08-20T13:18:47+00:00
f8f2c47824cfad2ec78a5b2f,soccer_spl,Scottish Premiership,Rangers vs Hibernian,Rangers,Hibernian,Rangers,Matchbook,2026-08-09T15:01:00Z,LOST,0,3.85,0.2597402597402597,0.3160174625517125,0.27108358891125356,0.3160174625517125,,,,,0,,,,,,1476.5436305593958,1500.2909398247568,-23.747309265361082,0.0,0.5,-0.5,0.012938761062494688,0.841,0.68,0.0,0.0,0.0,0.15,0.55,0.21666723082409312,0.0,12,,,0,0,1,1,1,v15,2026-08-20T13:18:47+00:00,2026-08-20T13:18:47+00:00
13b9a171ae75129c1f3dbf0c,soccer_austria_bundesliga,Austrian Bundesliga,Austria Wien vs LASK,Austria Wien,LASK,Austria Wien,Betfair,2026-08-09T17:00:00Z,LOST,0,4.3,0.23255813953488372,0.2661822072540633,0.232474658443071,0.2661822072540633,,,,,0,,,,,,1432.5005523836924,1567.4994476163076,-134.99889523261527,0.0,1.0,-1.0,0.08824807951512598,0.763,0.85,0.0,0.0,0.0,0.15,0.55,0.14458349119247194,0.007630147914040597,21,,,0,0,1,1,1,v15,2026-08-20T13:18:47+00:00,2026-08-20T13:18:47+00:00
460ca08c53fb1950b0a2b453,soccer_austria_bundesliga,Austrian Bundesliga,Austria Lustenau vs Wolfsberger AC,Austria Lustenau,Wolfsberger AC,Austria Lustenau,Pinnacle,2026-08-15T15:00:00Z,WON,1,3.99,0.2506265664160401,0.2806459912837497,0.25343868268543035,0.2806459912837497,,,,,0,,,,,,1493.5125089846777,1500.6079192412453,-7.095410256567675,0.4166666666666667,0.4444444444444444,-0.027777777777777735,0.0801906366164265,0.797,0.85,0.0,0.0,0.0,0.15,0.55,0.11977750522216124,0.03391268539620995,12,,,0,0,1,1,1,v15,2026-08-20T13:18:47+00:00,2026-08-20T13:18:47+00:00
467c6d442e75c4f9dfb2573e,soccer_denmark_superliga,Danish Superliga,Lyngby vs FC Midtjylland,Lyngby,FC Midtjylland,Lyngby,Codere (IT),2026-08-16T14:00:00Z,LOST,0,4.3,0.23255813953488372,0.28845931187590534,0.24045446862583125,0.28845931187590534,,,,,0,,,,,,1473.083429564116,1506.0813342153763,-32.99790465126034,0.25,0.3333333333333333,-0.08333333333333331,0.020603059555055547,0.834,0.68,0.0,0.0,0.0,0.15,0.55,0.24037504106639296,0.008054961889367718,15,,,0,0,1,1,1,v15,2026-08-20T13:18:47+00:00,2026-08-20T13:18:47+00:00
e9c6be55f9db7bb249651dcf,soccer_denmark_superliga,Danish Superliga,Randers FC vs FC Copenhagen,Randers FC,FC Copenhagen,Randers FC,Pinnacle,2026-08-16T16:00:00Z,LOST,0,4.29,0.2331002331002331,0.26436083928472703,0.23194720147910797,0.26436083928472703,,,,,0,,,,,,1409.3968300665224,1636.0259001301706,-226.62907006364821,0.2088888888888889,1.0,-0.7911111111111111,0.07572365761432075,0.799,0.68,0.0,0.0,0.0,0.15,0.55,0.13410800053147898,0.04556655757631267,14,,,0,0,1,1,1,v15,2026-08-20T13:18:47+00:00,2026-08-20T13:18:47+00:00
99102e3c66a84a41acadbcf6,soccer_norway_eliteserien,Eliteserien,HamKam vs Aalesund,HamKam,Aalesund,Aalesund,Tipico,2026-08-09T15:00:00Z,LOST,0,3.8,0.2631578947368421,0.2970209248484347,0.2846057314380886,0.2970209248484347,,,,,0,,,,,,1456.8866052004837,1420.1760971632866,36.71050803719709,0.2,0.08333333333333333,0.11666666666666668,0.016267506476900707,0.949,0.68,0.0,0.0,0.0,0.15,0.55,0.1286795144240518,0.0,14,,,0,0,1,1,1,v15,2026-08-20T13:18:47+00:00,2026-08-20T13:18:47+00:00
9da5a904d33134f6278ebd0b,soccer_sweden_allsvenskan,Allsvenskan,IF Elfsborg vs Västerås SK,IF Elfsborg,Västerås SK,Västerås SK,Unibet (SE),2026-08-14T17:00:00Z,LOST,0,3.75,0.26666666666666666,0.2982495413732395,0.2719828625478807,0.2982495413732395,,,,,0,,,,,,1571.8236215336442,1508.4234846969098,63.40013683673442,0.8857142857142857,0.5022222222222222,0.38349206349206344,0.046228056650429165,0.873,0.68,0.0,0.0,0.0,0.15,0.55,0.11843578014964806,0.013127413127413057,12,,,0,0,1,1,1,v15,2026-08-20T13:18:47+00:00,2026-08-20T13:18:47+00:00
e9514949f6407849c2105dd7,soccer_argentina_primera_division,Argentina Primera Division,Defensa y Justicia vs Newells Old Boys,Defensa y Justicia,Newells Old Boys,Newells Old Boys,Betfair,2026-08-09T20:45:00Z,LOST,0,4.3,0.23255813953488372,0.2631690258990097,0.23904235682299632,0.2631690258990097,,,,,0,,,,,,1531.3663611359887,1497.1362404746108,34.230120661377896,1.0,0.4444444444444444,0.5555555555555556,0.01812674003750266,0.914,0.68,0.0,0.0,0.0,0.15,0.55,0.13162681136574172,0.0,15,,,0,0,1,1,1,v15,2026-08-20T13:18:47+00:00,2026-08-20T13:18:47+00:00
90608dce9dde57e26119f159,soccer_efl_champ,Championship,Norwich City vs West Bromwich Albion,Norwich City,West Bromwich Albion,West Bromwich Albion,Betfair,2026-08-15T14:00:00Z,WON,1,4.0,0.25,0.280473431728627,0.25469366169528995,0.280473431728627,,,,,0,,,,,,1476.8345703841526,1523.1654296158474,-46.33085923169483,0.0,1.0,-1.0,0.011788384944739416,0.901,0.72,0.0,0.0,0.0,0.15,0.55,0.12189372691450795,0.008547008547008517,22,,,0,0,1,1,1,v15,2026-08-20T13:18:47+00:00,2026-08-20T13:18:47+00:00
1ad32acfece11a5a64ba606b,soccer_belgium_first_div,Belgian Pro League,SK Beveren vs Anderlecht,SK Beveren,Anderlecht,SK Beveren,Tipico,2026-08-16T11:30:00Z,WON,1,3.6,0.2777777777777778,0.3171138222070908,0.2798598143062086,0.3171138222070908,,,,,0,,,,,,1515.9345703841527,1484.0654296158473,31.869140768305442,1.0,0.0,1.0,0.015256042274906503,0.874,0.68,0.0,0.0,0.0,0.15,0.55,0.14160975994552683,0.035190176699610554,14,,,0,0,1,1,1,v15,2026-08-20T13:18:47+00:00,2026-08-20T13:18:47+00:00
77dd8602bc43a8cfc570bad0,soccer_austria_bundesliga,Austrian Bundesliga,Rapid Wien vs Grazer AK,Rapid Wien,Grazer AK,Grazer AK,Betsson,2026-08-16T17:00:00Z,LOST,0,4.45,0.2247191011235955,0.2540782586433241,0.2260255042627652,0.2540782586433241,,,,,0,,,,,,1546.858667415341,1463.6159659619082,83.2427014534328,1.0,0.3333333333333333,0.6666666666666667,0.015913883031097417,0.907,0.85,0.0,0.0,0.0,0.15,0.55,0.13064825096279242,0.03725623719014326,14,,,0,0,1,1,1,v15,2026-08-20T13:18:47+00:00,2026-08-20T13:18:47+00:00
4259295fe8ad281bbfbf8d13,soccer_sweden_allsvenskan,Allsvenskan,Degerfors IF vs IFK Goteborg,Degerfors IF,IFK Goteborg,Degerfors IF,Unibet (SE),2026-08-16T12:00:00Z,WON,1,3.3,0.30303030303030304,0.3335499797984764,0.3095363984010069,0.3335499797984764,,,,,0,,,,,,1487.2549878537748,1449.680847644593,37.57414020918168,0.3333333333333333,0.25,0.08333333333333331,0.040131586896342844,0.878,0.68,0.0,0.0,0.0,0.15,0.55,0.10071493333497195,0.01661418905339329,15,,,0,0,1,1,1,v15,2026-08-20T13:18:47+00:00,2026-08-20T13:18:47+00:00
60373548ed25c0abea958187,soccer_sweden_allsvenskan,Allsvenskan,Kalmar FF vs Hammarby IF,Kalmar FF,Hammarby IF,Kalmar FF,Unibet (SE),2026-08-16T14:30:00Z,LOST,0,4.5,0.2222222222222222,0.27810271882243964,0.22665126189997672,0.27810271882243964,,,,,0,,,,,,1468.0745723598727,1535.8222130516608,-67.74764069178809,0.25,1.0,-0.75,0.028428394234606573,0.813,0.68,0.0,0.0,0.0,0.15,0.55,0.2514622347009783,0.02777777777777768,15,,,0,0,1,1,1,v15,2026-08-20T13:18:47+00:00,2026-08-20T13:18:47+00:00
5d169ba5c0349def67a60b18,soccer_usa_mls,MLS,Toronto FC vs Charlotte FC,Toronto FC,Charlotte FC,Draw,1xBet,2026-08-19T23:30:00Z,WON,1,4.03,0.24813895781637715,0.2655281291815181,0.26170459241947097,0.2655281291815181,,,,,0,,,,,,1518.6251436173561,1517.9615699586354,0.6635736587206793,0.52,0.5555555555555556,-0.03555555555555556,0.0035090081357837077,0.986,0.68,0.0,0.0,0.0,0.15,0.55,0.07007836060151784,0.0,14,,,0,0,1,1,1,v15,2026-08-20T13:18:47+00:00,2026-08-20T13:18:47+00:00
1892e554fca12858b1606daf,soccer_usa_mls,MLS,FC Cincinnati vs New York City FC,FC Cincinnati,New York City FC,New York City FC,LeoVegas (SE),2026-08-19T23:30:00Z,LOST,0,3.45,0.2898550724637681,0.31279071728375507,0.3056027552399991,0.31279071728375507,,,,,0,,,,,,1541.0353142748856,1448.0009615367635,93.03435273812215,0.6457142857142857,0.1288888888888889,0.5168253968253969,0.026229057843969894,0.939,0.68,0.0,0.0,0.0,0.15,0.55,0.07912797462895504,0.0,16,,,0,0,1,1,1,v15,2026-08-20T13:18:47+00:00,2026-08-20T13:18:47+00:00
cd6e025363d0487ce00e5928,soccer_usa_mls,MLS,New York Red Bulls vs Nashville SC,New York Red Bulls,Nashville SC,New York Red Bulls,LeoVegas (SE),2026-08-19T23:30:00Z,LOST,0,3.15,0.31746031746031744,0.3520066877646415,0.33243217538040637,0.3520066877646415,,,,,0,,,,,,1411.8293380665884,1575.3510643202126,-163.52172625362414,0.0,0.808888888888889,-0.808888888888889,0.0351909044324449,0.896,0.68,0.0,0.0,0.0,0.15,0.55,0.10882106645862066,0.0,16,,,0,0,1,1,1,v15,2026-08-20T13:18:47+00:00,2026-08-20T13:18:47+00:00
3e7274b871bee234268e1591,soccer_denmark_superliga,Danish Superliga,Silkeborg IF vs OB Odense BK,Silkeborg IF,OB Odense BK,Silkeborg IF,Betfair,2026-08-10T17:00:00Z,WON,1,3.15,0.31746031746031744,0.34918154687352115,0.3275947039621058,0.34918154687352115,,,,,0,,,,,,1472.9359217034273,1467.2243794106437,5.7115422927836335,0.3333333333333333,0.0,0.3333333333333333,0.015123659105903567,0.928,0.68,0.0,0.0,0.0,0.15,0.55,0.09992187265159158,0.004551004551004656,23,,,0,0,1,1,1,v15,2026-08-20T13:18:47+00:00,2026-08-20T13:18:47+00:00
af8ab2010f9531778bc473f0,soccer_germany_bundesliga2,2. Bundesliga,Arminia Bielefeld vs FC Energie Cottbus,Arminia Bielefeld,FC Energie Cottbus,Draw,Tipico,2026-08-16T11:30:00Z,LOST,0,4.2,0.23809523809523808,0.25866274195345856,0.25321775391084317,0.25866274195345856,,,,,0,,,,,,1526.2059424385973,1490.23060812675,35.97533431184729,0.6666666666666666,0.5,0.16666666666666663,0.01104772878024541,0.97,0.85,0.0,0.0,0.0,0.15,0.55,0.08638351620452611,0.005291005291005346,14,,,0,0,1,1,1,v15,2026-08-20T13:18:47+00:00,2026-08-20T13:18:47+00:00
06ae692cf70088458432322b,soccer_germany_bundesliga2,2. Bundesliga,Arminia Bielefeld vs FC Energie Cottbus,Arminia Bielefeld,FC Energie Cottbus,FC Energie Cottbus,Tipico,2026-08-16T11:30:00Z,LOST,0,4.2,0.23809523809523808,0.289366093871524,0.2539247333797764,0.289366093871524,,,,,0,,,,,,1526.2059424385973,1490.23060812675,35.97533431184729,0.6666666666666666,0.5,0.16666666666666663,0.09347015547573231,0.73,0.85,0.0,0.0,0.0,0.15,0.55,0.215337594260401,0.005291005291005346,14,,,0,0,1,1,1,v15,2026-08-20T13:18:47+00:00,2026-08-20T13:18:47+00:00
11d21abc9da1075f91b36fa6,soccer_usa_mls,MLS,CF Montreal vs D.C. United,CF Montreal,D.C. United,Draw,1xBet,2026-08-15T23:30:00Z,WON,1,3.94,0.25380710659898476,0.2701432555146585,0.268821894178095,0.2701432555146585,,,,,0,,,,,,1474.9889291415332,1456.1443909166737,18.844538224859434,0.3733333333333333,0.3333333333333333,0.03999999999999998,0.0027391601019418304,0.993,0.68,0.0,0.0,0.0,0.15,0.55,0.06436442672775455,0.0010897152946369726,21,,,0,0,1,1,1,v15,2026-08-20T13:18:47+00:00,2026-08-20T13:18:47+00:00
627144b866c63519490cd348,soccer_usa_mls,MLS,Toronto FC vs New England Revolution,Toronto FC,New England Revolution,Draw,1xBet,2026-08-15T23:30:00Z,LOST,0,4.02,0.24875621890547267,0.2660465285862787,0.2625054748816737,0.2660465285862787,,,,,0,,,,,,1518.6251436173561,1550.3497372274146,-31.72459361005849,0.52,0.48,0.040000000000000036,0.0021902164480301547,0.989,0.68,0.0,0.0,0.0,0.15,0.55,0.06950704491684023,0.0,22,,,0,0,1,1,1,v15,2026-08-20T13:18:47+00:00,2026-08-20T13:18:47+00:00
b818f0bb15268bcb1cc0b553,soccer_usa_mls,MLS,Colorado Rapids vs Los Angeles FC,Colorado Rapids,Los Angeles FC,Draw,1xBet,2026-08-20T01:30:00Z,LOST,0,4.05,0.2469135802469136,0.26425350632082767,0.2590015900944016,0.26425350632082767,,,,,0,,,,,,1557.1176392983143,1494.4344718258442,62.68316747247013,0.8133333333333334,0.3333333333333333,0.48000000000000004,0.004636710798314046,0.982,0.68,0.0,0.0,0.0,0.15,0.55,0.07022670059935199,0.0,14,,,0,0,1,1,1,v15,2026-08-20T13:18:47+00:00,2026-08-20T13:18:47+00:00
9c4500d42f6dd3c913ee122e,soccer_brazil_campeonato,Brazil Serie A,Atletico Paranaense vs Bragantino-SP,Atletico Paranaense,Bragantino-SP,Bragantino-SP,Pinnacle,2026-08-15T21:30:00Z,LOST,0,4.19,0.2386634844868735,0.26639817580446695,0.2451010868073577,0.26639817580446695,,,,,0,,,,,,1560.3427667951953,1508.407481147736,51.935285647459295,0.7333333333333333,0.3333333333333333,0.39999999999999997,0.020461081951973818,0.925,0.85,0.0,0.0,0.0,0.15,0.55,0.1162083566207166,0.004479244753244238,21,,,0,0,1,1,1,v15,2026-08-20T13:18:47+00:00,2026-08-20T13:18:47+00:00
70446fd877f8a1942c831c70,soccer_norway_eliteserien,Eliteserien,Fredrikstad FK vs Kristiansund BK,Fredrikstad FK,Kristiansund BK,Kristiansund BK,1xBet,2026-08-16T17:15:00Z,LOST,0,4.04,0.24752475247524752,0.2770431942108943,0.246712432517488,0.2770431942108943,,,,,0,,,,,,1515.8850615321198,1493.9500533687758,21.935008163344037,0.6666666666666666,0.5,0.16666666666666663,0.04050567317204934,0.861,0.68,0.0,0.0,0.0,0.15,0.55,0.11925450461201303,0.018527462502347714,18,,,0,0,1,1,1,v15,2026-08-20T13:18:47+00:00,2026-08-20T13:18:47+00:00
091276e7f303790ab0ee39f6,soccer_portugal_primeira_liga,Primeira Liga,Arouca vs Moreirense FC,Arouca,Moreirense FC,Moreirense FC,Betfair,2026-08-16T17:00:00Z,LOST,0,3.8,0.2631578947368421,0.28612958327164195,0.27284829699058977,0.28612958327164195,,,,,0,,,,,,1547.135034940352,1472.414965059648,74.72006988070393,1.0,0.16666666666666666,0.8333333333333334,0.015039891729450661,0.947,0.68,0.0,0.0,0.0,0.15,0.55,0.08729241643223928,0.015991138125940774,19,,,0,0,1,1,1,v15,2026-08-20T13:18:47+00:00,2026-08-20T13:18:47+00:00
e7277d09e17d620755e48789,soccer_spain_segunda_division,Segunda Division,SD Eibar vs Tenerife,SD Eibar,Tenerife,Tenerife,Betfair,2026-08-16T15:00:00Z,WON,1,4.4,0.22727272727272727,0.25758065616871056,0.22117225800724905,0.25758065616871056,,,,,0,,,,,,1475.280522549165,1524.719477450835,-49.43895490167006,0.0,1.0,-1.0,0.012240434494029175,0.866,0.72,0.0,0.0,0.0,0.15,0.55,0.13335488714232668,0.030744928636377233,12,,,0,0,1,1,1,v15,2026-08-20T13:18:47+00:00,2026-08-20T13:18:47+00:00
03421139302a880fc8867370,soccer_argentina_primera_division,Argentina Primera Division,Talleres vs Lanus,Talleres,Lanus,Lanus,Betfair,2026-08-12T00:00:00Z,WON,1,3.65,0.273972602739726,0.30129173138454013,0.28008404477371857,0.30129173138454013,,,,,0,,,,,,1430.503672591225,1482.6746670206933,-52.17099442946824,0.0,0.4,-0.4,0.0423923783031864,0.874,0.68,0.0,0.0,0.0,0.15,0.55,0.09971481955357153,0.00619851636098856,15,,,0,0,1,1,1,v15,2026-08-20T13:18:47+00:00,2026-08-20T13:18:47+00:00
54d37539b558130bba80007e,soccer_sweden_allsvenskan,Allsvenskan,Mjällby AIF vs IK Sirius,Mjällby AIF,IK Sirius,Mjällby AIF,Unibet (SE),2026-08-15T13:00:00Z,WON,1,3.7,0.27027027027027023,0.2997560279836016,0.28482354667729,0.2997560279836016,,,,,0,,,,,,1473.301286793252,1547.1802088362838,-73.87892204303171,0.3333333333333333,0.75,-0.4166666666666667,0.07633635975458053,0.833,0.68,0.0,0.0,0.0,0.15,0.55,0.10909730353932612,0.0007178846332804856,19,,,0,0,1,1,1,v15,2026-08-20T13:18:47+00:00,2026-08-20T13:18:47+00:00
47c119d05e8683ceb7df13d8,soccer_brazil_campeonato,Brazil Serie A,Vasco da Gama vs Santos,Vasco da Gama,Santos,Santos,Matchbook,2026-08-16T19:00:00Z,WON,1,4.1,0.24390243902439027,0.27085452754193806,0.24705213521841612,0.27085452754193806,,,,,0,,,,,,1468.6914391984299,1492.7311790856838,-24.039739887253972,0.2222222222222222,0.3333333333333333,-0.1111111111111111,0.012872621783524125,0.925,0.85,0.0,0.0,0.0,0.15,0.55,0.11050356292194596,0.023042853065794455,21,,,0,0,1,1,1,v15,2026-08-20T13:18:47+00:00,2026-08-20T13:18:47+00:00
68da44fcd0f2f02593a73b04,soccer_argentina_primera_division,Argentina Primera Division,Lanus vs Independiente,Lanus,Independiente,Independiente,BetOnline.ag,2026-08-17T20:00:00Z,WON,1,3.78,0.2645502645502646,0.2935468100719419,0.26686200704018925,0.2935468100719419,,,,,0,,,,,,1482.6746670206933,1532.8472554162379,-50.17258839554461,0.4,0.6666666666666666,-0.2666666666666666,0.037003932906628526,0.876,0.68,0.0,0.0,0.0,0.15,0.55,0.10960694207194033,0.009413866556723605,14,,,0,0,1,1,1,v15,2026-08-20T13:18:47+00:00,2026-08-20T13:18:47+00:00
0a79671105c07d5156c01735,soccer_mexico_ligamx,Liga MX,Atlas vs Tigres,Atlas,Tigres,Atlas,Tipico,2026-08-16T03:10:00Z,WON,1,3.5,0.2857142857142857,0.3335332912478661,0.2846832366459413,0.3335332912478661,,,,,0,,,,,,1526.8931113792999,1425.0205317997563,101.87257957954353,1.0,0.0,1.0,0.011235442985096412,0.84,0.68,0.0,0.0,0.0,0.15,0.55,0.16736651936753155,0.024276377217553602,18,,,0,0,1,1,1,v15,2026-08-20T13:18:47+00:00,2026-08-20T13:18:47+00:00
f0e75248cbe40df4359b4a7b,soccer_japan_j_league,J-League,Tokyo Verdy vs Kashiwa Reysol,Tokyo Verdy,Kashiwa Reysol,Tokyo Verdy,Betfair,2026-08-14T10:00:00Z,LOST,0,4.5,0.2222222222222222,0.27158228419343095,0.22304910283920185,0.27158228419343095,,,,,0,,,,,,1471.8736948925464,1524.5108754916062,-52.637180599059775,0.16666666666666666,1.0,-0.8333333333333334,0.021667616536068038,0.818,0.68,0.0,0.0,0.0,0.15,0.55,0.22212027887043928,0.02916038210155847,16,,,0,0,1,1,1,v15,2026-08-20T13:18:47+00:00,2026-08-20T13:18:47+00:00
a21f4bb58feb8411ef13b4a3,soccer_efl_champ,Championship,Burnley vs West Ham United,Burnley,West Ham United,Burnley,Matchbook,2026-08-16T15:00:00Z,LOST,0,3.25,0.3076923076923077,0.3437607666058801,0.32117818560684336,0.3437607666058801,,,,,0,,,,,,1493.0691373158681,1506.9308626841319,-13.861725368263706,0.3333333333333333,0.3333333333333333,0.0,0.013166366668595001,0.921,0.72,0.0,0.0,0.0,0.15,0.55,0.11722249146911046,0.002136752136752129,22,,,0,0,1,1,1,v15,2026-08-20T13:18:47+00:00,2026-08-20T13:18:47+00:00
d2541f4aff72841bcacbd8b9,soccer_norway_eliteserien,Eliteserien,Sarpsborg FK vs Sandefjord,Sarpsborg FK,Sandefjord,Sandefjord,Coolbet,2026-08-16T15:00:00Z,WON,1,4.32,0.23148148148148145,0.2595823066687615,0.23947252467011054,0.2595823066687615,,,,,0,,,,,,1482.03829667719,1537.8007046575171,-55.762407980327225,0.26333333333333336,0.6444444444444444,-0.381111111111111,0.017950460628499084,0.932,0.68,0.0,0.0,0.0,0.15,0.55,0.12139556480904967,0.02202202202202197,20,,,0,0,1,1,1,v15,2026-08-20T13:18:47+00:00,2026-08-20T13:18:47+00:00
1d97fe3237faeafc9eb3b5bd,soccer_argentina_primera_division,Argentina Primera Division,Central Córdoba vs Instituto de Córdoba,Central Córdoba,Instituto de Córdoba,Central Córdoba,Betfair,2026-08-16T23:15:00Z,LOST,0,4.0,0.25,0.2831762885229834,0.24933679477468404,0.2831762885229834,,,,,0,,,,,,1418.7927025235122,1549.1190283887179,-130.32632586520572,0.0,0.75,-0.75,0.04962222635567981,0.84,0.68,0.0,0.0,0.0,0.15,0.55,0.1327051540919335,0.021993858810579026,14,,,0,0,1,1,1,v15,2026-08-20T13:18:47+00:00,2026-08-20T13:18:47+00:00
6415f0d22472780d4c4b99e0,soccer_belgium_first_div,Belgian Pro League,Lommel SK vs Charleroi,Lommel SK,Charleroi,Lommel SK,Betfair,2026-08-16T17:15:00Z,LOST,0,3.55,0.28169014084507044,0.311897287775377,0.2856296309881157,0.311897287775377,,,,,0,,,,,,1477.1954479634535,1539.8080896281974,-62.61264166474393,0.0,1.0,-1.0,0.047022717318985274,0.854,0.68,0.0,0.0,0.0,0.15,0.55,0.10723537160258823,0.01020819813025109,17,,,0,0,1,1,1,v15,2026-08-20T13:18:47+00:00,2026-08-20T13:18:47+00:00
2b09b9c82c382f54e89946e5,soccer_france_ligue_two,Ligue 2,Stade Lavallois vs Nantes,Stade Lavallois,Nantes,Stade Lavallois,Betfair,2026-08-14T18:45:00Z,WON,1,3.75,0.26666666666666666,0.30193184805963935,0.26073271376520313,0.30193184805963935,,,,,0,,,,,,1498.715931418466,1461.1151013740357,37.60083004443027,0.5,0.0,0.5,0.018004259232668775,0.86,0.72,0.0,0.0,0.0,0.15,0.55,0.13224443022364762,0.04155354449472082,17,,,0,0,1,1,1,v15,2026-08-20T13:18:47+00:00,2026-08-20T13:18:47+00:00
7baa56b382547cafafdf2076,soccer_brazil_campeonato,Brazil Serie A,Vitoria vs Botafogo,Vitoria,Botafogo,Botafogo,Pinnacle,2026-08-16T21:30:00Z,LOST,0,3.34,0.29940119760479045,0.3293521985977743,0.3067223163930622,0.3293521985977743,,,,,0,,,,,,1483.3632808753473,1520.5218046289951,-37.15852375364784,0.5,0.6666666666666666,-0.16666666666666663,0.0930382233792678,0.758,0.85,0.0,0.0,0.0,0.15,0.55,0.10003634331656608,2.2909704264328923e-05,21,,,0,0,1,1,1,v15,2026-08-20T13:18:47+00:00,2026-08-20T13:18:47+00:00
870eae47a5616b90f416f9a5,soccer_brazil_campeonato,Brazil Serie A,Chapecoense vs Bahia,Chapecoense,Bahia,Chapecoense,Pinnacle,2026-08-16T14:00:00Z,LOST,0,3.6,0.2777777777777778,0.31583735700398863,0.2749933496059915,0.31583735700398863,,,,,0,,,,,,1496.6263232103697,1506.6051345165959,-9.978811306226135,0.3333333333333333,0.3333333333333333,0.0,0.009916585492190063,0.871,0.85,0.0,0.0,0.0,0.15,0.55,0.1370144852143591,0.027253668763102645,23,,,0,0,1,1,1,v15,2026-08-20T13:18:47+00:00,2026-08-20T13:18:47+00:00
b1f2d5b388907c255fca83f2,soccer_denmark_superliga,Danish Superliga,Lyngby vs FC Midtjylland,Lyngby,FC Midtjylland,Draw,Pinnacle,2026-08-16T14:00:00Z,WON,1,4.42,0.22624434389140272,0.24661524998199094,0.23220364465788743,0.24661524998199094,,,,,0,,,,,,1473.083429564116,1506.0813342153763,-32.99790465126034,0.25,0.3333333333333333,-0.08333333333333331,0.003534255419890844,0.956,0.68,0.0,0.0,0.0,0.15,0.55,0.09003940492039986,0.025702338471348618,23,,,0,0,1,1,1,v15,2026-08-20T13:18:47+00:00,2026-08-20T13:18:47+00:00
a52a94ec9336c44a986651c6,soccer_sweden_allsvenskan,Allsvenskan,GAIS vs Malmo FF,GAIS,Malmo FF,Malmo FF,Coolbet,2026-08-16T14:30:00Z,WON,1,3.4,0.29411764705882354,0.3158468472549305,0.30596399228145843,0.3158468472549305,,,,,0,,,,,,1524.3052304298994,1566.3697024743026,-42.064472044403146,0.6,0.6888888888888889,-0.0888888888888889,0.02522549225741466,0.941,0.68,0.0,0.0,0.0,0.15,0.55,0.07387928066676364,0.012818410602636332,20,,,0,0,1,1,1,v15,2026-08-20T13:18:47+00:00,2026-08-20T13:18:47+00:00
ec228dde254375966dd2dbc9,soccer_france_ligue_two,Ligue 2,Grenoble vs Metz,Grenoble,Metz,Grenoble,Betfair,2026-08-14T18:45:00Z,LOST,0,3.95,0.2531645569620253,0.2858178066009895,0.25777673456399713,0.2858178066009895,,,,,0,,,,,,1479.943020345823,1518.9880124466788,-39.04499210085578,0.16666666666666666,0.6666666666666666,-0.5,0.06334942011080373,0.821,0.72,0.0,0.0,0.0,0.15,0.55,0.12898033607390857,0.010176881653908065,22,,,0,0,1,1,1,v15,2026-08-20T13:18:47+00:00,2026-08-20T13:18:47+00:00
b1b6d9377493371d49041204,soccer_usa_mls,MLS,Austin FC vs FC Dallas,Austin FC,FC Dallas,Austin FC,LeoVegas (SE),2026-08-17T00:30:00Z,LOST,0,3.05,0.3278688524590164,0.3564819680526843,0.33483357675930375,0.3564819680526843,,,,,0,,,,,,1458.8104787661644,1585.732678437602,-126.92219967143774,0.27,0.8666666666666667,-0.5966666666666667,0.02808281240062813,0.906,0.68,0.0,0.0,0.0,0.15,0.55,0.08727000256068695,0.0,22,,,0,0,1,1,1,v15,2026-08-20T13:18:47+00:00,2026-08-20T13:18:47+00:00
06bcf85026510289fcbb711d,soccer_mexico_ligamx,Liga MX,América vs Atlético San Luis,América,Atlético San Luis,Draw,BetOnline.ag,2026-08-16T23:00:00Z,LOST,0,4.45,0.2247191011235955,0.24700745063667598,0.23495552676014894,0.24700745063667598,,,,,0,,,,,,1566.7486120275207,1455.4089656651045,111.33964636241626,0.7333333333333333,0.1111111111111111,0.6222222222222222,0.004719299636889411,0.965,0.68,0.0,0.0,0.0,0.15,0.55,0.0991831553332081,0.02199474214923658,18,,,0,0,1,1,1,v15,2026-08-20T13:18:47+00:00,2026-08-20T13:18:47+00:00
58be894fc246a4954022f68c,soccer_england_league1,League One,Plymouth Argyle vs Stockport County FC,Plymouth Argyle,Stockport County FC,Stockport County FC,Matchbook,2026-08-15T14:00:00Z,WON,1,3.6,0.2777777777777778,0.3032896672960951,0.28955593314341416,0.3032896672960951,,,,,0,,,,,,1475.280522549165,1524.719477450835,-49.43895490167006,0.0,1.0,-1.0,0.01303008676435624,0.936,0.68,0.0,0.0,0.0,0.15,0.55,0.09184280226594232,0.007407407407407529,16,,,0,0,1,1,1,v15,2026-08-20T13:18:47+00:00,2026-08-20T13:18:47+00:00
94822345b5717100f939ddc1,soccer_belgium_first_div,Belgian Pro League,Genk vs Westerlo,Genk,Westerlo,Draw,Betfair,2026-08-15T18:45:00Z,LOST,0,4.5,0.2222222222222222,0.24552763415503684,0.23160237665178307,0.24552763415503684,,,,,0,,,,,,1499.5574049763088,1448.2946447280813,51.26276024822755,0.5,0.0,0.5,0.0035750085569927355,0.956,0.68,0.0,0.0,0.0,0.15,0.55,0.10487435369766573,0.006450042594621008,22,,,0,0,1,1,1,v15,2026-08-20T13:18:47+00:00,2026-08-20T13:18:47+00:00
b22e54127f7e762ded6ded54,soccer_turkey_super_league,Turkish Super Lig,Samsunspor vs Goztepe,Samsunspor,Goztepe,Goztepe,Betfair,2026-08-17T18:30:00Z,LOST,0,3.9,0.25641025641025644,0.29401742674769926,0.2784649644654086,0.29401742674769926,,,,,0,,,,,,1496.3845703841525,1503.6154296158475,-7.230859231694922,0.3333333333333333,0.3333333333333333,0.0,0.01542489018912072,0.925,0.68,0.0,0.0,0.0,0.15,0.55,0.14666796431602713,0.005073358014534568,19,,,0,0,1,1,1,v15,2026-08-20T13:18:47+00:00,2026-08-20T13:18:47+00:00
2cad75addb12841c55a7c247,soccer_denmark_superliga,Danish Superliga,Viborg FF vs AGF Aarhus,Viborg FF,AGF Aarhus,AGF Aarhus,Pinnacle,2026-08-14T17:00:00Z,LOST,0,3.71,0.2695417789757412,0.2940307553485005,0.27607260823920604,0.2940307553485005,,,,,0,,,,,,1519.1761885829958,1488.176953533923,30.999235049072695,0.5833333333333334,0.16666666666666666,0.41666666666666674,0.01319830377227613,0.935,0.68,0.0,0.0,0.0,0.15,0.55,0.09085410234293678,0.000980151923548167,24,,,0,0,1,1,1,v15,2026-08-20T13:18:47+00:00,2026-08-20T13:18:47+00:00
52789841bdb0c3c105d389f1,soccer_denmark_superliga,Danish Superliga,Randers FC vs FC Copenhagen,Randers FC,FC Copenhagen,Draw,Betfair,2026-08-16T16:00:00Z,LOST,0,4.3,0.23255813953488372,0.2517768309458245,0.2398131980595777,0.2517768309458245,,,,,0,,,,,,1409.3968300665224,1636.0259001301706,-226.62907006364821,0.2088888888888889,1.0,-0.7911111111111111,0.00587994868335743,0.962,0.68,0.0,0.0,0.0,0.15,0.55,0.0826403730670453,0.0,23,,,0,0,1,1,1,v15,2026-08-20T13:18:47+00:00,2026-08-20T13:18:47+00:00
d088e320a1d826f48c5efb09,soccer_sweden_allsvenskan,Allsvenskan,IF Elfsborg vs Västerås SK,IF Elfsborg,Västerås SK,Draw,Betfair,2026-08-14T17:00:00Z,LOST,0,4.4,0.22727272727272727,0.24816659134661606,0.23100261455415053,0.24816659134661606,,,,,0,,,,,,1571.8236215336442,1508.4234846969098,63.40013683673442,0.8857142857142857,0.5022222222222222,0.38349206349206344,0.0020095528614886603,0.953,0.68,0.0,0.0,0.0,0.15,0.55,0.09193300192511078,0.005747126436781658,21,,,0,0,1,1,1,v15,2026-08-20T13:18:47+00:00,2026-08-20T13:18:47+00:00
a2178aec5b80681cfc1cf6be,soccer_france_ligue_two,Ligue 2,Red Star vs Sochaux,Red Star,Sochaux,Sochaux,Betfair,2026-08-14T18:45:00Z,LOST,0,4.5,0.2222222222222222,0.24783489995150165,0.2258878424969288,0.24783489995150165,,,,,0,,,,,,1518.7046014025193,1473.268320580387,45.4362808221324,0.6666666666666666,0.16666666666666666,0.5,0.04491325845933077,0.874,0.72,0.0,0.0,0.0,0.15,0.55,0.11525704978175755,0.010449070750578215,19,,,0,0,1,1,1,v15,2026-08-20T13:18:47+00:00,2026-08-20T13:18:47+00:00
00d3c1ea2701a95cb5c62028,soccer_usa_mls,MLS,Atlanta United FC vs New York Red Bulls,Atlanta United FC,New York Red Bulls,Draw,1xBet,2026-08-15T23:30:00Z,LOST,0,4.46,0.2242152466367713,0.253122025560772,0.2423035150839061,0.253122025560772,,,,,0,,,,,,1540.7692888732934,1411.8293380665884,128.93995080670493,0.7276190476190476,0.0,0.7276190476190476,0.0032803692109001103,0.967,0.68,0.0,0.0,0.0,0.15,0.55,0.12892423400104325,0.0,23,,,0,0,1,1,1,v15,2026-08-20T13:18:47+00:00,2026-08-20T13:18:47+00:00
5add9b2efaa04a7b3897e060,soccer_usa_mls,MLS,Charlotte FC vs Columbus Crew SC,Charlotte FC,Columbus Crew SC,Draw,1xBet,2026-08-15T23:30:00Z,LOST,0,3.99,0.2506265664160401,0.267308630101343,0.2641335108735605,0.267308630101343,,,,,0,,,,,,1517.9615699586354,1473.8632350723276,44.09833488630784,0.5555555555555556,0.43555555555555553,0.12000000000000005,0.0024900765344581413,0.99,0.68,0.0,0.0,0.0,0.15,0.55,0.06656143410435855,0.0005576389277577309,23,,,0,0,1,1,1,v15,2026-08-20T13:18:47+00:00,2026-08-20T13:18:47+00:00
7c91be1ffb0acb48a68b4507,soccer_japan_j_league,J-League,Kashima Antlers vs Nagoya Grampus,Kashima Antlers,Nagoya Grampus,Nagoya Grampus,Betfair,2026-08-15T09:00:00Z,LOST,0,4.5,0.2222222222222222,0.25518465033277243,0.22375160895068408,0.25518465033277243,,,,,0,,,,,,1538.6673935085767,1484.4980361072708,54.16935740130589,1.0,0.0,1.0,0.009340271060725136,0.898,0.68,0.0,0.0,0.0,0.15,0.55,0.14833092649747592,0.023560209424083656,21,,,0,0,1,1,1,v15,2026-08-20T13:18:47+00:00,2026-08-20T13:18:47+00:00
c5003ca60b0068a9512bd5f2,soccer_portugal_primeira_liga,Primeira Liga,Alverca vs CF Estrela,Alverca,CF Estrela,CF Estrela,Betfair,2026-08-15T14:30:00Z,LOST,0,3.8,0.2631578947368421,0.294326920562235,0.2777965534138817,0.294326920562235,,,,,0,,,,,,1496.3845703841525,1503.6154296158475,-7.230859231694922,0.3333333333333333,0.3333333333333333,0.0,0.014284408060128987,0.925,0.68,0.0,0.0,0.0,0.15,0.55,0.11844229813649276,0.0037041132242370267,20,,,0,0,1,1,1,v15,2026-08-20T13:18:47+00:00,2026-08-20T13:18:47+00:00
d60e9e2221a4541fc6f31692,soccer_portugal_primeira_liga,Primeira Liga,Académico de Viseu vs Santa Clara,Académico de Viseu,Santa Clara,Académico de Viseu,Betfair,2026-08-15T17:00:00Z,LOST,0,3.2,0.3125,0.34375927486516805,0.31665312548894764,0.34375927486516805,,,,,0,,,,,,1476.8598065780843,1519.5247638060682,-42.664957227983905,0.0,0.6666666666666666,-0.6666666666666666,0.011787058484954266,0.909,0.68,0.0,0.0,0.0,0.15,0.55,0.10002967956853781,0.0,15,,,0,0,1,1,1,v15,2026-08-20T13:18:47+00:00,2026-08-20T13:18:47+00:00
bc296f3d704741d13c5c19ed,soccer_spain_segunda_division,Segunda Division,Oviedo vs Granada CF,Oviedo,Granada CF,Granada CF,Unibet (SE),2026-08-15T17:00:00Z,LOST,0,4.35,0.2298850574712644,0.27092106270785665,0.2412480028878396,0.27092106270785665,,,,,0,,,,,,1496.3845703841525,1503.6154296158475,-7.230859231694922,0.3333333333333333,0.3333333333333333,0.0,0.012240434494029175,0.887,0.72,0.0,0.0,0.0,0.15,0.55,0.17850662277917628,0.0,21,,,0,0,1,1,1,v15,2026-08-20T13:18:47+00:00,2026-08-20T13:18:47+00:00
20342f5fcabc42f01024ea2f,soccer_usa_mls,MLS,Toronto FC vs New England Revolution,Toronto FC,New England Revolution,New England Revolution,Betfair,2026-08-15T23:30:00Z,LOST,0,3.5,0.2857142857142857,0.31179846167583314,0.2941963434322762,0.31179846167583314,,,,,0,,,,,,1518.6251436173561,1550.3497372274146,-31.72459361005849,0.52,0.48,0.040000000000000036,0.05438611750604107,0.87,0.68,0.0,0.0,0.0,0.15,0.55,0.09129461586541598,0.0,23,,,0,0,1,1,1,v15,2026-08-20T13:18:47+00:00,2026-08-20T13:18:47+00:00
8abfed7b39128370a9b20673,soccer_japan_j_league,J-League,Fagiano Okayama vs V-Varen Nagasaki,Fagiano Okayama,V-Varen Nagasaki,V-Varen Nagasaki,Betfair,2026-08-15T09:55:00Z,LOST,0,4.2,0.23809523809523808,0.2781038751998417,0.24274110994878692,0.2781038751998417,,,,,0,,,,,,1500.402852545982,1499.597147454018,0.8057050919637732,0.5,0.5,0.0,0.08107309075364023,0.744,0.68,0.0,0.0,0.0,0.15,0.55,0.16803627583933523,0.010922520823510862,21,,,0,0,1,1,1,v15,2026-08-20T13:18:47+00:00,2026-08-20T13:18:47+00:00
45203177fcacd50e2960d291,soccer_turkey_super_league,Turkish Super Lig,Torku Konyaspor vs Çaykur Rizespor,Torku Konyaspor,Çaykur Rizespor,Çaykur Rizespor,Betfair,2026-08-15T16:00:00Z,WON,1,3.55,0.28169014084507044,0.31130798481056426,0.30371984069725627,0.31130798481056426,,,,,0,,,,,,1476.8345703841526,1523.1654296158474,-46.33085923169483,0.0,1.0,-1.0,0.01542489018912072,0.946,0.68,0.0,0.0,0.0,0.15,0.55,0.10514334607750309,0.0,21,,,0,0,1,1,1,v15,2026-08-20T13:18:47+00:00,2026-08-20T13:18:47+00:00
3266741504ef9bb79321e73a,soccer_norway_eliteserien,Eliteserien,Sarpsborg FK vs Sandefjord,Sarpsborg FK,Sandefjord,Draw,Betfair,2026-08-16T15:00:00Z,LOST,0,4.3,0.23255813953488372,0.25078325898682563,0.2403739054789695,0.25078325898682563,,,,,0,,,,,,1482.03829667719,1537.8007046575171,-55.762407980327225,0.26333333333333336,0.6444444444444444,-0.381111111111111,0.004785162258468827,0.97,0.68,0.0,0.0,0.0,0.15,0.55,0.07836801364335022,0.00458016155690566,22,,,0,0,1,1,1,v15,2026-08-20T13:18:47+00:00,2026-08-20T13:18:47+00:00
4d7f9ad0ccae9956ac69e90b,soccer_argentina_primera_division,Argentina Primera Division,Sarmiento de Junin vs Atlético Huracán,Sarmiento de Junin,Atlético Huracán,Sarmiento de Junin,Betfair,2026-08-16T18:00:00Z,WON,1,3.35,0.29850746268656714,0.3310398349040209,0.3015231582811302,0.3310398349040209,,,,,0,,,,,,1495.5787951999725,1480.0403632580776,15.538431941894942,0.5,0.16666666666666666,0.33333333333333337,0.018106561700506365,0.898,0.68,0.0,0.0,0.0,0.15,0.55,0.10898344692847006,0.013021019305386794,15,,,0,0,1,1,1,v15,2026-08-20T13:18:47+00:00,2026-08-20T13:18:47+00:00
8777d8656c9df4d973ae46ce,soccer_netherlands_eredivisie,Eredivisie,Ajax vs Heerenveen,Ajax,Heerenveen,Ajax,Nordic Bet,2026-08-16T14:45:00Z,LOST,0,1.45,0.6896551724137931,0.7435417092204883,0.7884509037249484,0.7435417092204883,,,,,0,,,,,,1496.6571617076809,1519.2774086764719,-22.62024696879098,0.3333333333333333,0.6666666666666666,-0.3333333333333333,0.04431753434712489,0.536,0.68,0.0,0.0,0.0,0.15,0.55,0.07813547836970813,0.0,14,,,0,0,1,1,1,v15,2026-08-20T13:18:47+00:00,2026-08-20T13:18:47+00:00
7f98a0927a2f35c16a13d42b,soccer_efl_champ,Championship,Burnley vs West Ham United,Burnley,West Ham United,Draw,Tipico,2026-08-16T15:00:00Z,WON,1,4.5,0.2222222222222222,0.2471148144445715,0.23440891799855018,0.2471148144445715,,,,,0,,,,,,1493.0691373158681,1506.9308626841319,-13.861725368263706,0.3333333333333333,0.3333333333333333,0.0,0.0023106166180599332,0.958,0.72,0.0,0.0,0.0,0.15,0.55,0.11201666500057184,0.0,15,,,0,0,1,1,1,v15,2026-08-20T13:18:47+00:00,2026-08-20T13:18:47+00:00
6fee4498673a991ff637ee4d,soccer_denmark_superliga,Danish Superliga,Randers FC vs FC Copenhagen,Randers FC,FC Copenhagen,FC Copenhagen,Codere (IT),2026-08-16T16:00:00Z,WON,1,1.7,0.5882352941176471,0.6149806079158544,0.6651387157501781,0.6149806079158544,,,,,0,,,,,,1409.3968300665224,1636.0259001301706,-226.62907006364821,0.2088888888888889,1.0,-0.7911111111111111,0.06151182603547689,0.655,0.68,0.0,0.0,0.0,0.15,0.55,0.045467033456952466,0.0,24,,,0,0,1,1,1,v15,2026-08-20T13:18:47+00:00,2026-08-20T13:18:47+00:00
fd5a4102778fe59e4da98c4f,soccer_norway_eliteserien,Eliteserien,Sarpsborg FK vs Sandefjord,Sarpsborg FK,Sandefjord,Sandefjord,Matchbook,2026-08-16T14:59:00Z,WON,1,4.3,0.23255813953488372,0.26140998916070846,0.2425995394174821,0.26140998916070846,,,,,0,,,,,,1482.03829667719,1537.8007046575171,-55.762407980327225,0.26333333333333336,0.6444444444444444,-0.381111111111111,0.017983091217156334,0.935,0.68,0.0,0.0,0.0,0.15,0.55,0.12406295339104623,0.0,14,,,0,0,1,1,1,v15,2026-08-20T13:18:47+00:00,2026-08-20T13:18:47+00:00
e7348440488973304618ca32,soccer_usa_mls,MLS,Colorado Rapids vs Los Angeles FC,Colorado Rapids,Los Angeles FC,Colorado Rapids,LeoVegas (SE),2026-08-20T01:30:00Z,WON,1,3.0,0.3333333333333333,0.36584320704531814,0.34089831782824354,0.36584320704531814,,,,,0,,,,,,1557.1176392983143,1494.4344718258442,62.68316747247013,0.8133333333333334,0.3333333333333333,0.48000000000000004,0.024099130419423975,0.902,0.68,0.0,0.0,0.0,0.15,0.55,0.09752962113595443,0.0,22,,,0,0,1,1,1,v15,2026-08-20T13:18:47+00:00,2026-08-20T13:18:47+00:00
368dda718dc2441f5509443e,soccer_brazil_campeonato,Brazil Serie A,Corinthians vs Cruzeiro,Corinthians,Cruzeiro,Cruzeiro,Matchbook,2026-08-16T22:30:00Z,WON,1,3.75,0.26666666666666666,0.2971486134318684,0.27602240365523983,0.2971486134318684,,,,,0,,,,,,1475.2211502606635,1521.9513688432169,-46.730218582553334,0.16666666666666666,0.6666666666666666,-0.5,0.023453745659341,0.906,0.85,0.0,0.0,0.0,0.15,0.55,0.11430730036950632,0.0007936507936507908,24,,,0,0,1,1,1,v15,2026-08-20T13:18:47+00:00,2026-08-20T13:18:47+00:00
ffaac363f6da31ab2cef062e,soccer_usa_mls,MLS,Minnesota United FC vs Atlanta United FC,Minnesota United FC,Atlanta United FC,Atlanta United FC,LeoVegas (SE),2026-08-20T00:30:00Z,WON,1,4.35,0.2298850574712644,0.2654010842687379,0.2263505178324907,0.2654010842687379,,,,,0,,,,,,1440.2825264718517,1540.7692888732934,-100.48676240144164,0.1961904761904762,0.7276190476190476,-0.5314285714285714,0.04715901694302742,0.849,0.68,0.0,0.0,0.0,0.15,0.55,0.1544947165690096,0.01711302935412684,22,,,0,0,1,1,1,v15,2026-08-20T13:18:47+00:00,2026-08-20T13:18:47+00:00
ed3043eb27b2044179e86a75,soccer_argentina_primera_division,Argentina Primera Division,Estudiantes de Río Cuarto vs Atlético Tucuman,Estudiantes de Río Cuarto,Atlético Tucuman,Estudiantes de Río Cuarto,Betfair,2026-08-17T17:45:00Z,LOST,0,3.2,0.3125,0.3456219008978478,0.3139789334802726,0.3456219008978478,,,,,0,,,,,,1493.4417732963786,1549.5668972882406,-56.12512399186198,0.5,0.7777777777777778,-0.2777777777777778,0.0010851000563910985,0.904,0.68,0.0,0.0,0.0,0.15,0.55,0.10599008287311285,0.014332151300236351,14,,,0,0,1,1,1,v15,2026-08-20T13:18:47+00:00,2026-08-20T13:18:47+00:00
9c11c6f04f00a555e2f3df47,soccer_usa_mls,MLS,Portland Timbers vs San Diego FC,Portland Timbers,San Diego FC,Draw,1xBet,2026-08-20T02:30:00Z,LOST,0,4.5,0.2222222222222222,0.24655525243098864,0.23628331742390665,0.24655525243098864,,,,,0,,,,,,1543.0577616586165,1472.828532104358,70.22922955425861,1.0,0.1111111111111111,0.8888888888888888,0.0073128026533567266,0.967,0.68,0.0,0.0,0.0,0.15,0.55,0.10949863593944897,0.002011941848390375,23,,,0,0,1,1,1,v15,2026-08-20T13:18:47+00:00,2026-08-20T13:18:47+00:00
3e5241d7074c0adc2e1b7c39,soccer_usa_mls,MLS,D.C. United vs New England Revolution,D.C. United,New England Revolution,New England Revolution,LeoVegas (SE),2026-08-19T23:30:00Z,WON,1,3.55,0.28169014084507044,0.3050707895092878,0.29758256792761884,0.3050707895092878,,,,,0,,,,,,1456.1443909166737,1550.3497372274146,-94.20534631074088,0.3333333333333333,0.48,-0.14666666666666667,0.022903997492093823,0.945,0.68,0.0,0.0,0.0,0.15,0.55,0.08300130275797168,0.0,23,,,0,0,1,1,1,v15,2026-08-20T13:18:47+00:00,2026-08-20T13:18:47+00:00
f6205eac183ec0bdb8758ff2,soccer_usa_mls,MLS,Columbus Crew SC vs CF Montreal,Columbus Crew SC,CF Montreal,Draw,1xBet,2026-08-19T23:30:00Z,LOST,0,4.49,0.22271714922048996,0.24790115867521093,0.23263389587404978,0.24790115867521093,,,,,0,,,,,,1473.8632350723276,1474.9889291415332,-1.125694069205565,0.43555555555555553,0.3733333333333333,0.062222222222222234,0.004543741857191278,0.958,0.68,0.0,0.0,0.0,0.15,0.55,0.11307620245169714,0.0,22,,,0,0,1,1,1,v15,2026-08-20T13:18:47+00:00,2026-08-20T13:18:47+00:00
a38294892806001a2983fa42,soccer_usa_mls,MLS,Sporting Kansas City vs St. Louis City SC,Sporting Kansas City,St. Louis City SC,Sporting Kansas City,Matchbook,2026-08-20T00:00:00Z,LOST,0,4.1,0.24390243902439027,0.27779580562769,0.2544534746698459,0.27779580562769,,,,,0,,,,,,1469.1966304590667,1578.079965427936,-108.88333496886935,0.3333333333333333,0.6457142857142857,-0.31238095238095237,0.07700895847941626,0.817,0.68,0.0,0.0,0.0,0.15,0.55,0.13896280307352904,0.0,23,,,0,0,1,1,1,v15,2026-08-20T13:18:47+00:00,2026-08-20T13:18:47+00:00
