source_hash,sport_key,league,event,selection,bookmaker,commence_time,decision,verdict,final_probability,market_probability,raw_edge,adjusted_edge,confidence,risk,positive_signals,negative_signals,neutral_signals,summary,created_at,updated_at
f914b48b6c977a9ca204b550,soccer_epl,Premier League,Arsenal vs Leeds United,Arsenal,1xBet,2026-10-10T11:30:00Z,BLOCK,REJECT,0.6833146058362078,0.7130342452730296,-0.10095634558678723,-0.05820204509363779,1.0,high,"[{""label"": ""ELO separation"", ""value"": 76.9, ""impact"": ""positive""}, {""label"": ""Form separation"", ""value"": 0.6667, ""impact"": ""positive""}, {""label"": ""Competition importance"", ""value"": 0.85, ""impact"": ""positive""}, {""label"": ""Model dispersion"", ""value"": 0.0252, ""impact"": ""positive""}]","[{""label"": ""Raw edge"", ""value"": -0.101, ""impact"": ""negative""}, {""label"": ""Model-market gap"", ""value"": -0.052, ""impact"": ""negative""}, {""label"": ""Historical xG"", ""value"": ""unavailable"", ""impact"": ""negative""}, {""label"": ""Decision rule"", ""value"": ""edge below minimum"", ""impact"": ""negative""}]","[{""label"": ""Consensus safety"", ""value"": 0.689, ""impact"": ""neutral""}, {""label"": ""Probability source"", ""value"": ""FOOTBALL_V13_FALLBACK"", ""impact"": ""neutral""}]","REJECT: positive=4, negative=4, neutral=2, confidence=1.000, risk=high",2026-09-20T18:21:28+00:00,2026-09-20T18:21:28+00:00
0bf78e3048382f747d3d59ae,soccer_epl,Premier League,Arsenal vs Leeds United,Draw,Betfair,2026-10-10T11:30:00Z,BLOCK,REJECT,0.20025975669019924,0.18287662168288207,0.17125137633115206,0.08338506934164647,1.0,high,"[{""label"": ""Raw edge"", ""value"": 0.1713, ""impact"": ""positive""}, {""label"": ""Consensus safety"", ""value"": 0.909, ""impact"": ""positive""}, {""label"": ""ELO separation"", ""value"": 76.9, ""impact"": ""positive""}, {""label"": ""Form separation"", ""value"": 0.6667, ""impact"": ""positive""}, {""label"": ""Competition importance"", ""value"": 0.85, ""impact"": ""positive""}, {""label"": ""Model dispersion"", ""value"": 0.0048, ""impact"": ""positive""}]","[{""label"": ""Historical xG"", ""value"": ""unavailable"", ""impact"": ""negative""}, {""label"": ""Decision rule"", ""value"": ""odds above maximum"", ""impact"": ""negative""}]","[{""label"": ""Model-market gap"", ""value"": 0.0301, ""impact"": ""neutral""}, {""label"": ""Probability source"", ""value"": ""FOOTBALL_V13_FALLBACK"", ""impact"": ""neutral""}]","REJECT: positive=6, negative=2, neutral=2, confidence=1.000, risk=high",2026-09-20T18:21:28+00:00,2026-09-20T18:21:28+00:00
92f8205e5af1d362ef69888a,soccer_epl,Premier League,Arsenal vs Leeds United,Leeds United,Betfair,2026-10-10T11:30:00Z,BLOCK,REJECT,0.13427586622535323,0.10408913304408844,0.645963337300949,0.3369782803230454,1.0,high,"[{""label"": ""Raw edge"", ""value"": 0.646, ""impact"": ""positive""}, {""label"": ""Model-market gap"", ""value"": 0.0527, ""impact"": ""positive""}, {""label"": ""ELO separation"", ""value"": 76.9, ""impact"": ""positive""}, {""label"": ""Form separation"", ""value"": 0.6667, ""impact"": ""positive""}, {""label"": ""Competition importance"", ""value"": 0.85, ""impact"": ""positive""}, {""label"": ""Model dispersion"", ""value"": 0.0208, ""impact"": ""positive""}]","[{""label"": ""Historical xG"", ""value"": ""unavailable"", ""impact"": ""negative""}, {""label"": ""Decision rule"", ""value"": ""edge above max guard"", ""impact"": ""negative""}]","[{""label"": ""Consensus safety"", ""value"": 0.78, ""impact"": ""neutral""}, {""label"": ""Probability source"", ""value"": ""FOOTBALL_V13_FALLBACK"", ""impact"": ""neutral""}]","REJECT: positive=6, negative=2, neutral=2, confidence=1.000, risk=high",2026-09-20T18:21:28+00:00,2026-09-20T18:21:28+00:00
97f1b0dc47a34e53d8eda9bd,soccer_epl,Premier League,Aston Villa vs Brentford,Aston Villa,Tipico,2026-10-10T14:00:00Z,BLOCK,REJECT,0.36212010567811237,0.36210617111525417,-0.004136974591436471,-0.003229514993574025,0.942115001919636,high,"[{""label"": ""Form separation"", ""value"": -0.6667, ""impact"": ""positive""}, {""label"": ""Competition importance"", ""value"": 0.85, ""impact"": ""positive""}, {""label"": ""Model dispersion"", ""value"": 0.0679, ""impact"": ""positive""}]","[{""label"": ""Raw edge"", ""value"": -0.0041, ""impact"": ""negative""}, {""label"": ""Historical xG"", ""value"": ""unavailable"", ""impact"": ""negative""}, {""label"": ""Decision rule"", ""value"": ""edge below minimum"", ""impact"": ""negative""}]","[{""label"": ""Consensus safety"", ""value"": 0.843, ""impact"": ""neutral""}, {""label"": ""Model-market gap"", ""value"": 0.0, ""impact"": ""neutral""}, {""label"": ""ELO separation"", ""value"": 35.2, ""impact"": ""neutral""}, {""label"": ""Probability source"", ""value"": ""FOOTBALL_V13_FALLBACK"", ""impact"": ""neutral""}]","REJECT: positive=3, negative=3, neutral=4, confidence=0.942, risk=high",2026-09-20T18:21:28+00:00,2026-09-20T18:21:28+00:00
e0cb7f6baa208d12c9185a87,soccer_epl,Premier League,Aston Villa vs Brentford,Brentford,1xBet,2026-10-10T14:00:00Z,BLOCK,REJECT,0.36669695046237355,0.3663622783015609,0.00923613935813683,0.006366055096896789,0.9186833687405921,high,"[{""label"": ""Form separation"", ""value"": -0.6667, ""impact"": ""positive""}, {""label"": ""Competition importance"", ""value"": 0.85, ""impact"": ""positive""}, {""label"": ""Model dispersion"", ""value"": 0.075, ""impact"": ""positive""}]","[{""label"": ""Historical xG"", ""value"": ""unavailable"", ""impact"": ""negative""}, {""label"": ""Decision rule"", ""value"": ""edge below minimum"", ""impact"": ""negative""}]","[{""label"": ""Raw edge"", ""value"": 0.0092, ""impact"": ""neutral""}, {""label"": ""Consensus safety"", ""value"": 0.825, ""impact"": ""neutral""}, {""label"": ""Model-market gap"", ""value"": 0.0006, ""impact"": ""neutral""}, {""label"": ""ELO separation"", ""value"": 35.2, ""impact"": ""neutral""}, {""label"": ""Probability source"", ""value"": ""FOOTBALL_V13_FALLBACK"", ""impact"": ""neutral""}]","REJECT: positive=3, negative=2, neutral=5, confidence=0.919, risk=high",2026-09-20T18:21:28+00:00,2026-09-20T18:21:28+00:00
002ae0311cb385fafe3b1ae7,soccer_epl,Premier League,Aston Villa vs Brentford,Draw,Unibet (NL),2026-10-10T14:00:00Z,BLOCK,REJECT,0.271060034392557,0.27153155058318496,-0.011888595559335857,-0.008739701272891923,1.0,high,"[{""label"": ""Consensus safety"", ""value"": 0.982, ""impact"": ""positive""}, {""label"": ""Form separation"", ""value"": -0.6667, ""impact"": ""positive""}, {""label"": ""Competition importance"", ""value"": 0.85, ""impact"": ""positive""}, {""label"": ""Model dispersion"", ""value"": 0.0072, ""impact"": ""positive""}]","[{""label"": ""Raw edge"", ""value"": -0.0119, ""impact"": ""negative""}, {""label"": ""Model-market gap"", ""value"": -0.0008, ""impact"": ""negative""}, {""label"": ""Historical xG"", ""value"": ""unavailable"", ""impact"": ""negative""}, {""label"": ""Decision rule"", ""value"": ""edge below minimum"", ""impact"": ""negative""}]","[{""label"": ""ELO separation"", ""value"": 35.2, ""impact"": ""neutral""}, {""label"": ""Probability source"", ""value"": ""FOOTBALL_V13_FALLBACK"", ""impact"": ""neutral""}]","REJECT: positive=4, negative=4, neutral=2, confidence=1.000, risk=high",2026-09-20T18:21:28+00:00,2026-09-20T18:21:28+00:00
6865403d7f9153954050dfa1,soccer_epl,Premier League,Chelsea vs Bournemouth,Bournemouth,1xBet,2026-10-10T14:00:00Z,BLOCK,REJECT,0.2570414034800249,0.24253300148213155,0.0951737727212627,0.04646815619974797,1.0,high,"[{""label"": ""Raw edge"", ""value"": 0.0952, ""impact"": ""positive""}, {""label"": ""Consensus safety"", ""value"": 0.927, ""impact"": ""positive""}, {""label"": ""ELO separation"", ""value"": 85.2, ""impact"": ""positive""}, {""label"": ""Form separation"", ""value"": 0.4167, ""impact"": ""positive""}, {""label"": ""Competition importance"", ""value"": 0.85, ""impact"": ""positive""}, {""label"": ""Model dispersion"", ""value"": 0.0113, ""impact"": ""positive""}]","[{""label"": ""Historical xG"", ""value"": ""unavailable"", ""impact"": ""negative""}, {""label"": ""Decision rule"", ""value"": ""odds above maximum"", ""impact"": ""negative""}]","[{""label"": ""Model-market gap"", ""value"": 0.0239, ""impact"": ""neutral""}, {""label"": ""Probability source"", ""value"": ""FOOTBALL_V13_FALLBACK"", ""impact"": ""neutral""}]","REJECT: positive=6, negative=2, neutral=2, confidence=1.000, risk=high",2026-09-20T18:21:28+00:00,2026-09-20T18:21:28+00:00
4e4246cb2a6fbe604d0519c1,soccer_epl,Premier League,Chelsea vs Bournemouth,Chelsea,1xBet,2026-10-10T14:00:00Z,BLOCK,REJECT,0.5030813753233878,0.5255762755312199,-0.08177303315043682,-0.04462956237785252,1.0,high,"[{""label"": ""Consensus safety"", ""value"": 0.887, ""impact"": ""positive""}, {""label"": ""ELO separation"", ""value"": 85.2, ""impact"": ""positive""}, {""label"": ""Form separation"", ""value"": 0.4167, ""impact"": ""positive""}, {""label"": ""Competition importance"", ""value"": 0.85, ""impact"": ""positive""}, {""label"": ""Model dispersion"", ""value"": 0.0141, ""impact"": ""positive""}]","[{""label"": ""Raw edge"", ""value"": -0.0818, ""impact"": ""negative""}, {""label"": ""Model-market gap"", ""value"": -0.0372, ""impact"": ""negative""}, {""label"": ""Historical xG"", ""value"": ""unavailable"", ""impact"": ""negative""}, {""label"": ""Decision rule"", ""value"": ""edge below minimum"", ""impact"": ""negative""}]","[{""label"": ""Probability source"", ""value"": ""FOOTBALL_V13_FALLBACK"", ""impact"": ""neutral""}]","REJECT: positive=5, negative=4, neutral=1, confidence=1.000, risk=high",2026-09-20T18:21:28+00:00,2026-09-20T18:21:28+00:00
d03ae5ef5e5a83bbadb74d78,soccer_epl,Premier League,Chelsea vs Bournemouth,Draw,Betfair,2026-10-10T14:00:00Z,BLOCK,REJECT,0.24044691902126705,0.23189072298664862,0.05757467104136493,0.0278872616007334,1.0,high,"[{""label"": ""Consensus safety"", ""value"": 0.96, ""impact"": ""positive""}, {""label"": ""ELO separation"", ""value"": 85.2, ""impact"": ""positive""}, {""label"": ""Form separation"", ""value"": 0.4167, ""impact"": ""positive""}, {""label"": ""Competition importance"", ""value"": 0.85, ""impact"": ""positive""}, {""label"": ""Model dispersion"", ""value"": 0.0031, ""impact"": ""positive""}]","[{""label"": ""Historical xG"", ""value"": ""unavailable"", ""impact"": ""negative""}, {""label"": ""Decision rule"", ""value"": ""edge below minimum"", ""impact"": ""negative""}]","[{""label"": ""Raw edge"", ""value"": 0.0576, ""impact"": ""neutral""}, {""label"": ""Model-market gap"", ""value"": 0.0141, ""impact"": ""neutral""}, {""label"": ""Probability source"", ""value"": ""FOOTBALL_V13_FALLBACK"", ""impact"": ""neutral""}]","REJECT: positive=5, negative=2, neutral=3, confidence=1.000, risk=high",2026-09-20T18:21:28+00:00,2026-09-20T18:21:28+00:00
f1afb682e931d4644353bf33,soccer_epl,Premier League,Sunderland vs Brighton and Hove Albion,Brighton and Hove Albion,1xBet,2026-10-10T14:00:00Z,BLOCK,REJECT,0.3710099850990688,0.3838722001260405,-0.06336812930338831,-0.032178639995264866,1.0,high,"[{""label"": ""Consensus safety"", ""value"": 0.929, ""impact"": ""positive""}, {""label"": ""ELO separation"", ""value"": 85.0, ""impact"": ""positive""}, {""label"": ""Form separation"", ""value"": 0.3889, ""impact"": ""positive""}, {""label"": ""Competition importance"", ""value"": 0.85, ""impact"": ""positive""}, {""label"": ""Model dispersion"", ""value"": 0.0052, ""impact"": ""positive""}]","[{""label"": ""Raw edge"", ""value"": -0.0634, ""impact"": ""negative""}, {""label"": ""Model-market gap"", ""value"": -0.0222, ""impact"": ""negative""}, {""label"": ""Historical xG"", ""value"": ""unavailable"", ""impact"": ""negative""}, {""label"": ""Decision rule"", ""value"": ""edge below minimum"", ""impact"": ""negative""}]","[{""label"": ""Probability source"", ""value"": ""FOOTBALL_V13_FALLBACK"", ""impact"": ""neutral""}]","REJECT: positive=5, negative=4, neutral=1, confidence=1.000, risk=high",2026-09-20T18:21:29+00:00,2026-09-20T18:21:29+00:00
465dba16b22703fd0f05f224,soccer_epl,Premier League,Sunderland vs Brighton and Hove Albion,Draw,Betfair,2026-10-10T14:00:00Z,BLOCK,REJECT,0.27520135233454224,0.27637719896465707,0.0013634874701151656,0.0036870909512969246,1.0,high,"[{""label"": ""Consensus safety"", ""value"": 0.989, ""impact"": ""positive""}, {""label"": ""ELO separation"", ""value"": 85.0, ""impact"": ""positive""}, {""label"": ""Form separation"", ""value"": 0.3889, ""impact"": ""positive""}, {""label"": ""Competition importance"", ""value"": 0.85, ""impact"": ""positive""}, {""label"": ""Model dispersion"", ""value"": 0.0033, ""impact"": ""positive""}]","[{""label"": ""Model-market gap"", ""value"": -0.002, ""impact"": ""negative""}, {""label"": ""Historical xG"", ""value"": ""unavailable"", ""impact"": ""negative""}, {""label"": ""Decision rule"", ""value"": ""edge below minimum"", ""impact"": ""negative""}]","[{""label"": ""Raw edge"", ""value"": 0.0014, ""impact"": ""neutral""}, {""label"": ""Probability source"", ""value"": ""FOOTBALL_V13_FALLBACK"", ""impact"": ""neutral""}]","REJECT: positive=5, negative=3, neutral=2, confidence=1.000, risk=high",2026-09-20T18:21:29+00:00,2026-09-20T18:21:29+00:00
9d8d894a42f9b87a30d5972b,soccer_epl,Premier League,Sunderland vs Brighton and Hove Albion,Sunderland,1xBet,2026-10-10T14:00:00Z,BLOCK,REJECT,0.3535981190088625,0.3397506009093024,0.06572282215771597,0.029674397595049713,1.0,high,"[{""label"": ""Consensus safety"", ""value"": 0.921, ""impact"": ""positive""}, {""label"": ""ELO separation"", ""value"": 85.0, ""impact"": ""positive""}, {""label"": ""Form separation"", ""value"": 0.3889, ""impact"": ""positive""}, {""label"": ""Competition importance"", ""value"": 0.85, ""impact"": ""positive""}, {""label"": ""Model dispersion"", ""value"": 0.008, ""impact"": ""positive""}]","[{""label"": ""Historical xG"", ""value"": ""unavailable"", ""impact"": ""negative""}, {""label"": ""Decision rule"", ""value"": ""edge below minimum"", ""impact"": ""negative""}]","[{""label"": ""Raw edge"", ""value"": 0.0657, ""impact"": ""neutral""}, {""label"": ""Model-market gap"", ""value"": 0.024, ""impact"": ""neutral""}, {""label"": ""Probability source"", ""value"": ""FOOTBALL_V13_FALLBACK"", ""impact"": ""neutral""}]","REJECT: positive=5, negative=2, neutral=3, confidence=1.000, risk=high",2026-09-20T18:21:29+00:00,2026-09-20T18:21:29+00:00
a7f65e6e058c698c804c1af1,soccer_epl,Premier League,Ipswich Town vs Fulham,Draw,Betfair,2026-10-10T14:00:00Z,BLOCK,REJECT,0.2702897368884475,0.27043712037890455,-0.00034202740531075193,5.921337744091963e-05,1.0,high,"[{""label"": ""Consensus safety"", ""value"": 0.991, ""impact"": ""positive""}, {""label"": ""ELO separation"", ""value"": 88.7, ""impact"": ""positive""}, {""label"": ""Form separation"", ""value"": 0.5, ""impact"": ""positive""}, {""label"": ""Competition importance"", ""value"": 0.85, ""impact"": ""positive""}, {""label"": ""Model dispersion"", ""value"": 0.0038, ""impact"": ""positive""}]","[{""label"": ""Raw edge"", ""value"": -0.0003, ""impact"": ""negative""}, {""label"": ""Model-market gap"", ""value"": -0.0003, ""impact"": ""negative""}, {""label"": ""Historical xG"", ""value"": ""unavailable"", ""impact"": ""negative""}, {""label"": ""Decision rule"", ""value"": ""edge below minimum"", ""impact"": ""negative""}]","[{""label"": ""Probability source"", ""value"": ""FOOTBALL_V13_FALLBACK"", ""impact"": ""neutral""}]","REJECT: positive=5, negative=4, neutral=1, confidence=1.000, risk=high",2026-09-20T18:21:29+00:00,2026-09-20T18:21:29+00:00
e6a2f414c08894bbb79653a3,soccer_epl,Premier League,Ipswich Town vs Fulham,Fulham,1xBet,2026-10-10T14:00:00Z,BLOCK,REJECT,0.3629979538138007,0.3742303134277715,-0.0677636638609983,-0.037308928865775394,1.0,high,"[{""label"": ""Consensus safety"", ""value"": 0.935, ""impact"": ""positive""}, {""label"": ""ELO separation"", ""value"": 88.7, ""impact"": ""positive""}, {""label"": ""Form separation"", ""value"": 0.5, ""impact"": ""positive""}, {""label"": ""Competition importance"", ""value"": 0.85, ""impact"": ""positive""}, {""label"": ""Model dispersion"", ""value"": 0.0045, ""impact"": ""positive""}]","[{""label"": ""Raw edge"", ""value"": -0.0678, ""impact"": ""negative""}, {""label"": ""Model-market gap"", ""value"": -0.0198, ""impact"": ""negative""}, {""label"": ""Historical xG"", ""value"": ""unavailable"", ""impact"": ""negative""}, {""label"": ""Decision rule"", ""value"": ""edge below minimum"", ""impact"": ""negative""}]","[{""label"": ""Probability source"", ""value"": ""FOOTBALL_V13_FALLBACK"", ""impact"": ""neutral""}]","REJECT: positive=5, negative=4, neutral=1, confidence=1.000, risk=high",2026-09-20T18:21:29+00:00,2026-09-20T18:21:29+00:00
66905e5c9826c264646e6114,soccer_epl,Premier League,Ipswich Town vs Fulham,Ipswich Town,1xBet,2026-10-10T14:00:00Z,BLOCK,REJECT,0.3665289752174547,0.35533256619332393,0.04645555518100375,0.018620008712193444,1.0,high,"[{""label"": ""Consensus safety"", ""value"": 0.931, ""impact"": ""positive""}, {""label"": ""ELO separation"", ""value"": 88.7, ""impact"": ""positive""}, {""label"": ""Form separation"", ""value"": 0.5, ""impact"": ""positive""}, {""label"": ""Competition importance"", ""value"": 0.85, ""impact"": ""positive""}, {""label"": ""Model dispersion"", ""value"": 0.008, ""impact"": ""positive""}]","[{""label"": ""Historical xG"", ""value"": ""unavailable"", ""impact"": ""negative""}, {""label"": ""Decision rule"", ""value"": ""edge below minimum"", ""impact"": ""negative""}]","[{""label"": ""Raw edge"", ""value"": 0.0465, ""impact"": ""neutral""}, {""label"": ""Model-market gap"", ""value"": 0.0197, ""impact"": ""neutral""}, {""label"": ""Probability source"", ""value"": ""FOOTBALL_V13_FALLBACK"", ""impact"": ""neutral""}]","REJECT: positive=5, negative=2, neutral=3, confidence=1.000, risk=high",2026-09-20T18:21:29+00:00,2026-09-20T18:21:29+00:00
8f79e23a6c537f10a92f91d6,soccer_epl,Premier League,Manchester United vs Tottenham Hotspur,Draw,Betfair,2026-10-10T16:30:00Z,BLOCK,REJECT,0.2366710034137827,0.22696432371428052,0.07118547832352973,0.03399605134170924,1.0,high,"[{""label"": ""Consensus safety"", ""value"": 0.95, ""impact"": ""positive""}, {""label"": ""ELO separation"", ""value"": 69.6, ""impact"": ""positive""}, {""label"": ""Competition importance"", ""value"": 0.85, ""impact"": ""positive""}, {""label"": ""Model dispersion"", ""value"": 0.0031, ""impact"": ""positive""}]","[{""label"": ""Historical xG"", ""value"": ""unavailable"", ""impact"": ""negative""}, {""label"": ""Decision rule"", ""value"": ""odds above maximum"", ""impact"": ""negative""}]","[{""label"": ""Raw edge"", ""value"": 0.0712, ""impact"": ""neutral""}, {""label"": ""Model-market gap"", ""value"": 0.0165, ""impact"": ""neutral""}, {""label"": ""Form separation"", ""value"": 0.0, ""impact"": ""neutral""}, {""label"": ""Probability source"", ""value"": ""FOOTBALL_V13_FALLBACK"", ""impact"": ""neutral""}]","REJECT: positive=4, negative=2, neutral=4, confidence=1.000, risk=high",2026-09-20T18:21:29+00:00,2026-09-20T18:21:29+00:00
d308c2891c1df89f9343980b,soccer_epl,Premier League,Manchester United vs Tottenham Hotspur,Manchester United,1xBet,2026-10-10T16:30:00Z,BLOCK,REJECT,0.5298607826598761,0.5621315905044305,-0.11289423184970138,-0.05989107543544344,1.0,high,"[{""label"": ""ELO separation"", ""value"": 69.6, ""impact"": ""positive""}, {""label"": ""Competition importance"", ""value"": 0.85, ""impact"": ""positive""}, {""label"": ""Model dispersion"", ""value"": 0.0174, ""impact"": ""positive""}]","[{""label"": ""Raw edge"", ""value"": -0.1129, ""impact"": ""negative""}, {""label"": ""Model-market gap"", ""value"": -0.0552, ""impact"": ""negative""}, {""label"": ""Historical xG"", ""value"": ""unavailable"", ""impact"": ""negative""}, {""label"": ""Decision rule"", ""value"": ""edge below minimum"", ""impact"": ""negative""}]","[{""label"": ""Consensus safety"", ""value"": 0.817, ""impact"": ""neutral""}, {""label"": ""Form separation"", ""value"": 0.0, ""impact"": ""neutral""}, {""label"": ""Probability source"", ""value"": ""FOOTBALL_V13_FALLBACK"", ""impact"": ""neutral""}]","REJECT: positive=3, negative=4, neutral=3, confidence=1.000, risk=high",2026-09-20T18:21:29+00:00,2026-09-20T18:21:29+00:00
a8ef5fe9ab34475eeaf1c957,soccer_epl,Premier League,Manchester United vs Tottenham Hotspur,Tottenham Hotspur,1xBet,2026-10-10T16:30:00Z,BLOCK,REJECT,0.23463940351439982,0.21090408578128889,0.21202828509205562,0.10782319343280697,1.0,high,"[{""label"": ""Raw edge"", ""value"": 0.212, ""impact"": ""positive""}, {""label"": ""Consensus safety"", ""value"": 0.866, ""impact"": ""positive""}, {""label"": ""Model-market gap"", ""value"": 0.0406, ""impact"": ""positive""}, {""label"": ""ELO separation"", ""value"": 69.6, ""impact"": ""positive""}, {""label"": ""Competition importance"", ""value"": 0.85, ""impact"": ""positive""}, {""label"": ""Model dispersion"", ""value"": 0.0147, ""impact"": ""positive""}]","[{""label"": ""Historical xG"", ""value"": ""unavailable"", ""impact"": ""negative""}, {""label"": ""Decision rule"", ""value"": ""odds above maximum"", ""impact"": ""negative""}]","[{""label"": ""Form separation"", ""value"": 0.0, ""impact"": ""neutral""}, {""label"": ""Probability source"", ""value"": ""FOOTBALL_V13_FALLBACK"", ""impact"": ""neutral""}]","REJECT: positive=6, negative=2, neutral=2, confidence=1.000, risk=high",2026-09-20T18:21:29+00:00,2026-09-20T18:21:29+00:00
de5b850ca444ade002044afc,soccer_epl,Premier League,Crystal Palace vs Nottingham Forest,Crystal Palace,Betfair,2026-10-11T13:00:00Z,BLOCK,REJECT,0.35968633490375973,0.3568030145056979,-0.0010549341485847075,-0.005930039902768514,0.992776797994252,high,"[{""label"": ""Consensus safety"", ""value"": 0.88, ""impact"": ""positive""}, {""label"": ""ELO separation"", ""value"": 50.7, ""impact"": ""positive""}, {""label"": ""Form separation"", ""value"": -0.5, ""impact"": ""positive""}, {""label"": ""Competition importance"", ""value"": 0.85, ""impact"": ""positive""}, {""label"": ""Model dispersion"", ""value"": 0.0514, ""impact"": ""positive""}]","[{""label"": ""Raw edge"", ""value"": -0.0011, ""impact"": ""negative""}, {""label"": ""Historical xG"", ""value"": ""unavailable"", ""impact"": ""negative""}, {""label"": ""Decision rule"", ""value"": ""edge below minimum"", ""impact"": ""negative""}]","[{""label"": ""Model-market gap"", ""value"": 0.0051, ""impact"": ""neutral""}, {""label"": ""Probability source"", ""value"": ""FOOTBALL_V13_FALLBACK"", ""impact"": ""neutral""}]","REJECT: positive=5, negative=3, neutral=2, confidence=0.993, risk=high",2026-09-20T18:21:29+00:00,2026-09-20T18:21:29+00:00
1770269b0af2f89023172250,soccer_epl,Premier League,Crystal Palace vs Nottingham Forest,Draw,1xBet,2026-10-11T13:00:00Z,BLOCK,REJECT,0.28293298683208695,0.2861819429199395,-0.02643604127101018,-0.015002925405493105,1.0,high,"[{""label"": ""Consensus safety"", ""value"": 0.98, ""impact"": ""positive""}, {""label"": ""ELO separation"", ""value"": 50.7, ""impact"": ""positive""}, {""label"": ""Form separation"", ""value"": -0.5, ""impact"": ""positive""}, {""label"": ""Competition importance"", ""value"": 0.85, ""impact"": ""positive""}, {""label"": ""Model dispersion"", ""value"": 0.0037, ""impact"": ""positive""}]","[{""label"": ""Raw edge"", ""value"": -0.0264, ""impact"": ""negative""}, {""label"": ""Model-market gap"", ""value"": -0.0056, ""impact"": ""negative""}, {""label"": ""Historical xG"", ""value"": ""unavailable"", ""impact"": ""negative""}, {""label"": ""Decision rule"", ""value"": ""edge below minimum"", ""impact"": ""negative""}]","[{""label"": ""Probability source"", ""value"": ""FOOTBALL_V13_FALLBACK"", ""impact"": ""neutral""}]","REJECT: positive=5, negative=4, neutral=1, confidence=1.000, risk=high",2026-09-20T18:21:29+00:00,2026-09-20T18:21:29+00:00
7a3d616800572b6939177081,soccer_epl,Premier League,Crystal Palace vs Nottingham Forest,Nottingham Forest,Betfair,2026-10-11T13:00:00Z,BLOCK,REJECT,0.356696307406703,0.35701504257436273,-0.001961934634386431,-0.0010081800524569828,0.9808049145679395,high,"[{""label"": ""Consensus safety"", ""value"": 0.871, ""impact"": ""positive""}, {""label"": ""ELO separation"", ""value"": 50.7, ""impact"": ""positive""}, {""label"": ""Form separation"", ""value"": -0.5, ""impact"": ""positive""}, {""label"": ""Competition importance"", ""value"": 0.85, ""impact"": ""positive""}, {""label"": ""Model dispersion"", ""value"": 0.0551, ""impact"": ""positive""}]","[{""label"": ""Raw edge"", ""value"": -0.002, ""impact"": ""negative""}, {""label"": ""Model-market gap"", ""value"": -0.0006, ""impact"": ""negative""}, {""label"": ""Historical xG"", ""value"": ""unavailable"", ""impact"": ""negative""}, {""label"": ""Decision rule"", ""value"": ""edge below minimum"", ""impact"": ""negative""}]","[{""label"": ""Probability source"", ""value"": ""FOOTBALL_V13_FALLBACK"", ""impact"": ""neutral""}]","REJECT: positive=5, negative=4, neutral=1, confidence=0.981, risk=high",2026-09-20T18:21:29+00:00,2026-09-20T18:21:29+00:00
49d6a0f7bf3122ad4838c5a4,soccer_epl,Premier League,Hull City vs Everton,Draw,1xBet,2026-10-11T13:00:00Z,BLOCK,REJECT,0.2817924508012688,0.28412931107259437,-0.008226786883210213,-0.0020210164017413134,1.0,high,"[{""label"": ""Consensus safety"", ""value"": 0.987, ""impact"": ""positive""}, {""label"": ""ELO separation"", ""value"": 53.7, ""impact"": ""positive""}, {""label"": ""Competition importance"", ""value"": 0.85, ""impact"": ""positive""}, {""label"": ""Model dispersion"", ""value"": 0.0017, ""impact"": ""positive""}]","[{""label"": ""Raw edge"", ""value"": -0.0082, ""impact"": ""negative""}, {""label"": ""Model-market gap"", ""value"": -0.004, ""impact"": ""negative""}, {""label"": ""Historical xG"", ""value"": ""unavailable"", ""impact"": ""negative""}, {""label"": ""Decision rule"", ""value"": ""edge below minimum"", ""impact"": ""negative""}]","[{""label"": ""Form separation"", ""value"": 0.0, ""impact"": ""neutral""}, {""label"": ""Probability source"", ""value"": ""FOOTBALL_V13_FALLBACK"", ""impact"": ""neutral""}]","REJECT: positive=4, negative=4, neutral=2, confidence=1.000, risk=high",2026-09-20T18:21:29+00:00,2026-09-20T18:21:29+00:00
53cdd15227e7bcad04dd0f14,soccer_epl,Premier League,Hull City vs Everton,Everton,Betfair,2026-10-11T13:00:00Z,BLOCK,REJECT,0.43412114115586253,0.45710378995069745,-0.10629041313925969,-0.058353677518870925,1.0,high,"[{""label"": ""Consensus safety"", ""value"": 0.863, ""impact"": ""positive""}, {""label"": ""ELO separation"", ""value"": 53.7, ""impact"": ""positive""}, {""label"": ""Competition importance"", ""value"": 0.85, ""impact"": ""positive""}, {""label"": ""Model dispersion"", ""value"": 0.0248, ""impact"": ""positive""}]","[{""label"": ""Raw edge"", ""value"": -0.1063, ""impact"": ""negative""}, {""label"": ""Model-market gap"", ""value"": -0.0395, ""impact"": ""negative""}, {""label"": ""Historical xG"", ""value"": ""unavailable"", ""impact"": ""negative""}, {""label"": ""Decision rule"", ""value"": ""edge below minimum"", ""impact"": ""negative""}]","[{""label"": ""Form separation"", ""value"": 0.0, ""impact"": ""neutral""}, {""label"": ""Probability source"", ""value"": ""FOOTBALL_V13_FALLBACK"", ""impact"": ""neutral""}]","REJECT: positive=4, negative=4, neutral=2, confidence=1.000, risk=high",2026-09-20T18:21:29+00:00,2026-09-20T18:21:29+00:00
6216c418adc38a2086bcd8b7,soccer_epl,Premier League,Hull City vs Everton,Hull City,Betfair,2026-10-11T13:00:00Z,PASS,PASS,0.2836753960029422,0.25876689897670824,0.1611245104712744,0.07575725541725614,1.0,low,"[{""label"": ""Raw edge"", ""value"": 0.1611, ""impact"": ""positive""}, {""label"": ""Consensus safety"", ""value"": 0.85, ""impact"": ""positive""}, {""label"": ""Model-market gap"", ""value"": 0.0428, ""impact"": ""positive""}, {""label"": ""ELO separation"", ""value"": 53.7, ""impact"": ""positive""}, {""label"": ""Competition importance"", ""value"": 0.85, ""impact"": ""positive""}, {""label"": ""Model dispersion"", ""value"": 0.0262, ""impact"": ""positive""}]","[{""label"": ""Historical xG"", ""value"": ""unavailable"", ""impact"": ""negative""}]","[{""label"": ""Form separation"", ""value"": 0.0, ""impact"": ""neutral""}, {""label"": ""Probability source"", ""value"": ""FOOTBALL_V13_FALLBACK"", ""impact"": ""neutral""}]","PASS: positive=6, negative=1, neutral=2, confidence=1.000, risk=low",2026-09-20T18:21:29+00:00,2026-09-20T18:21:29+00:00
7d6fa3003bea8dc351dfae06,soccer_epl,Premier League,Liverpool vs Manchester City,Draw,Betfair,2026-10-11T15:30:00Z,BLOCK,REJECT,0.2599104933237751,0.25733717497338254,0.007867800125670232,0.0005388074220857806,1.0,high,"[{""label"": ""Consensus safety"", ""value"": 0.985, ""impact"": ""positive""}, {""label"": ""ELO separation"", ""value"": 53.3, ""impact"": ""positive""}, {""label"": ""Form separation"", ""value"": -0.6667, ""impact"": ""positive""}, {""label"": ""Competition importance"", ""value"": 0.85, ""impact"": ""positive""}, {""label"": ""Model dispersion"", ""value"": 0.0039, ""impact"": ""positive""}]","[{""label"": ""Historical xG"", ""value"": ""unavailable"", ""impact"": ""negative""}, {""label"": ""Decision rule"", ""value"": ""edge below minimum"", ""impact"": ""negative""}]","[{""label"": ""Raw edge"", ""value"": 0.0079, ""impact"": ""neutral""}, {""label"": ""Model-market gap"", ""value"": 0.0044, ""impact"": ""neutral""}, {""label"": ""Probability source"", ""value"": ""FOOTBALL_V13_FALLBACK"", ""impact"": ""neutral""}]","REJECT: positive=5, negative=2, neutral=3, confidence=1.000, risk=high",2026-09-20T18:21:29+00:00,2026-09-20T18:21:29+00:00
c335c3d2bc64039d422600f4,soccer_epl,Premier League,Liverpool vs Manchester City,Liverpool,1xBet,2026-10-11T15:30:00Z,BLOCK,REJECT,0.3305763731981226,0.32234981437165655,0.044825214272370406,0.020177807129105572,0.9887514159739969,high,"[{""label"": ""Consensus safety"", ""value"": 0.868, ""impact"": ""positive""}, {""label"": ""ELO separation"", ""value"": 53.3, ""impact"": ""positive""}, {""label"": ""Form separation"", ""value"": -0.6667, ""impact"": ""positive""}, {""label"": ""Competition importance"", ""value"": 0.85, ""impact"": ""positive""}, {""label"": ""Model dispersion"", ""value"": 0.0532, ""impact"": ""positive""}]","[{""label"": ""Historical xG"", ""value"": ""unavailable"", ""impact"": ""negative""}, {""label"": ""Decision rule"", ""value"": ""edge below minimum"", ""impact"": ""negative""}]","[{""label"": ""Raw edge"", ""value"": 0.0448, ""impact"": ""neutral""}, {""label"": ""Model-market gap"", ""value"": 0.0147, ""impact"": ""neutral""}, {""label"": ""Probability source"", ""value"": ""FOOTBALL_V13_FALLBACK"", ""impact"": ""neutral""}]","REJECT: positive=5, negative=2, neutral=3, confidence=0.989, risk=high",2026-09-20T18:21:29+00:00,2026-09-20T18:21:29+00:00
4bfb9243bf1fe288ff6a8595,soccer_epl,Premier League,Liverpool vs Manchester City,Manchester City,Betfair,2026-10-11T15:30:00Z,BLOCK,REJECT,0.41028977090002106,0.420313010654961,-0.04269508935331545,-0.018857745019601652,0.9756704542942874,high,"[{""label"": ""Consensus safety"", ""value"": 0.855, ""impact"": ""positive""}, {""label"": ""ELO separation"", ""value"": 53.3, ""impact"": ""positive""}, {""label"": ""Form separation"", ""value"": -0.6667, ""impact"": ""positive""}, {""label"": ""Competition importance"", ""value"": 0.85, ""impact"": ""positive""}, {""label"": ""Model dispersion"", ""value"": 0.057, ""impact"": ""positive""}]","[{""label"": ""Raw edge"", ""value"": -0.0427, ""impact"": ""negative""}, {""label"": ""Model-market gap"", ""value"": -0.0181, ""impact"": ""negative""}, {""label"": ""Historical xG"", ""value"": ""unavailable"", ""impact"": ""negative""}, {""label"": ""Decision rule"", ""value"": ""edge below minimum"", ""impact"": ""negative""}]","[{""label"": ""Probability source"", ""value"": ""FOOTBALL_V13_FALLBACK"", ""impact"": ""neutral""}]","REJECT: positive=5, negative=4, neutral=1, confidence=0.976, risk=high",2026-09-20T18:21:29+00:00,2026-09-20T18:21:29+00:00
f66ea2856631136e79e1eb69,soccer_epl,Premier League,Coventry City vs Newcastle United,Coventry City,Unibet (NL),2026-10-12T19:00:00Z,PASS,PASS,0.3058291687562858,0.2830730155389389,0.14530854386699477,0.07044914530109765,1.0,low,"[{""label"": ""Raw edge"", ""value"": 0.1453, ""impact"": ""positive""}, {""label"": ""Consensus safety"", ""value"": 0.87, ""impact"": ""positive""}, {""label"": ""ELO separation"", ""value"": 70.4, ""impact"": ""positive""}, {""label"": ""Form separation"", ""value"": 0.1667, ""impact"": ""positive""}, {""label"": ""Competition importance"", ""value"": 0.85, ""impact"": ""positive""}, {""label"": ""Model dispersion"", ""value"": 0.0144, ""impact"": ""positive""}]","[{""label"": ""Historical xG"", ""value"": ""unavailable"", ""impact"": ""negative""}]","[{""label"": ""Model-market gap"", ""value"": 0.0395, ""impact"": ""neutral""}, {""label"": ""Probability source"", ""value"": ""FOOTBALL_V13_FALLBACK"", ""impact"": ""neutral""}]","PASS: positive=6, negative=1, neutral=2, confidence=1.000, risk=low",2026-09-20T18:21:29+00:00,2026-09-20T18:21:29+00:00
511305516bd41c927e9b623b,soccer_epl,Premier League,Coventry City vs Newcastle United,Draw,Betfair,2026-10-12T19:00:00Z,BLOCK,REJECT,0.26606436502800823,0.26448246040688295,0.015417988721988074,0.009079816744216162,1.0,high,"[{""label"": ""Consensus safety"", ""value"": 0.989, ""impact"": ""positive""}, {""label"": ""ELO separation"", ""value"": 70.4, ""impact"": ""positive""}, {""label"": ""Form separation"", ""value"": 0.1667, ""impact"": ""positive""}, {""label"": ""Competition importance"", ""value"": 0.85, ""impact"": ""positive""}, {""label"": ""Model dispersion"", ""value"": 0.0029, ""impact"": ""positive""}]","[{""label"": ""Historical xG"", ""value"": ""unavailable"", ""impact"": ""negative""}, {""label"": ""Decision rule"", ""value"": ""edge below minimum"", ""impact"": ""negative""}]","[{""label"": ""Raw edge"", ""value"": 0.0154, ""impact"": ""neutral""}, {""label"": ""Model-market gap"", ""value"": 0.0027, ""impact"": ""neutral""}, {""label"": ""Probability source"", ""value"": ""FOOTBALL_V13_FALLBACK"", ""impact"": ""neutral""}]","REJECT: positive=5, negative=2, neutral=3, confidence=1.000, risk=high",2026-09-20T18:21:29+00:00,2026-09-20T18:21:29+00:00
bf06d07e5ae5d7437d2f4a0e,soccer_epl,Premier League,Coventry City vs Newcastle United,Newcastle United,1xBet,2026-10-12T19:00:00Z,BLOCK,REJECT,0.4279513586523538,0.452444524054178,-0.11046749035071224,-0.058740013387163524,1.0,high,"[{""label"": ""Consensus safety"", ""value"": 0.864, ""impact"": ""positive""}, {""label"": ""ELO separation"", ""value"": 70.4, ""impact"": ""positive""}, {""label"": ""Form separation"", ""value"": 0.1667, ""impact"": ""positive""}, {""label"": ""Competition importance"", ""value"": 0.85, ""impact"": ""positive""}, {""label"": ""Model dispersion"", ""value"": 0.0123, ""impact"": ""positive""}]","[{""label"": ""Raw edge"", ""value"": -0.1105, ""impact"": ""negative""}, {""label"": ""Model-market gap"", ""value"": -0.0425, ""impact"": ""negative""}, {""label"": ""Historical xG"", ""value"": ""unavailable"", ""impact"": ""negative""}, {""label"": ""Decision rule"", ""value"": ""edge below minimum"", ""impact"": ""negative""}]","[{""label"": ""Probability source"", ""value"": ""FOOTBALL_V13_FALLBACK"", ""impact"": ""neutral""}]","REJECT: positive=5, negative=4, neutral=1, confidence=1.000, risk=high",2026-09-20T18:21:29+00:00,2026-09-20T18:21:29+00:00
e6285d1127513df7a5cbb177,soccer_epl,Premier League,Everton vs Chelsea,Chelsea,1xBet,2026-10-17T11:30:00Z,BLOCK,REJECT,0.4058220320751452,0.42114937737352887,-0.10430384560250305,-0.06820540679210967,1.0,high,"[{""label"": ""Consensus safety"", ""value"": 0.881, ""impact"": ""positive""}, {""label"": ""ELO separation"", ""value"": 61.0, ""impact"": ""positive""}, {""label"": ""Form separation"", ""value"": -0.25, ""impact"": ""positive""}, {""label"": ""Competition importance"", ""value"": 0.85, ""impact"": ""positive""}, {""label"": ""Model dispersion"", ""value"": 0.0394, ""impact"": ""positive""}]","[{""label"": ""Raw edge"", ""value"": -0.1043, ""impact"": ""negative""}, {""label"": ""Model-market gap"", ""value"": -0.0248, ""impact"": ""negative""}, {""label"": ""Historical xG"", ""value"": ""unavailable"", ""impact"": ""negative""}, {""label"": ""Decision rule"", ""value"": ""edge below minimum"", ""impact"": ""negative""}]","[{""label"": ""Probability source"", ""value"": ""FOOTBALL_V13_FALLBACK"", ""impact"": ""neutral""}]","REJECT: positive=5, negative=4, neutral=1, confidence=1.000, risk=high",2026-09-20T18:21:29+00:00,2026-09-20T18:21:29+00:00
ab56146fb26d885edc10f722,soccer_epl,Premier League,Everton vs Chelsea,Draw,Tipico,2026-10-17T11:30:00Z,BLOCK,REJECT,0.273475996015877,0.27361025599381744,0.011567987268644941,0.009751146645934043,1.0,high,"[{""label"": ""Consensus safety"", ""value"": 0.997, ""impact"": ""positive""}, {""label"": ""ELO separation"", ""value"": 61.0, ""impact"": ""positive""}, {""label"": ""Form separation"", ""value"": -0.25, ""impact"": ""positive""}, {""label"": ""Competition importance"", ""value"": 0.85, ""impact"": ""positive""}, {""label"": ""Model dispersion"", ""value"": 0.0014, ""impact"": ""positive""}]","[{""label"": ""Model-market gap"", ""value"": -0.0002, ""impact"": ""negative""}, {""label"": ""Historical xG"", ""value"": ""unavailable"", ""impact"": ""negative""}, {""label"": ""Decision rule"", ""value"": ""edge below minimum"", ""impact"": ""negative""}]","[{""label"": ""Raw edge"", ""value"": 0.0116, ""impact"": ""neutral""}, {""label"": ""Probability source"", ""value"": ""FOOTBALL_V13_FALLBACK"", ""impact"": ""neutral""}]","REJECT: positive=5, negative=3, neutral=2, confidence=1.000, risk=high",2026-09-20T18:21:29+00:00,2026-09-20T18:21:29+00:00
30db6743830a89b43dbb84e6,soccer_epl,Premier League,Everton vs Chelsea,Everton,1xBet,2026-10-17T11:30:00Z,PASS,PASS,0.3205925200132117,0.3052403666326537,0.0926950978836456,0.05035509632486322,1.0,low,"[{""label"": ""Raw edge"", ""value"": 0.0927, ""impact"": ""positive""}, {""label"": ""Consensus safety"", ""value"": 0.879, ""impact"": ""positive""}, {""label"": ""ELO separation"", ""value"": 61.0, ""impact"": ""positive""}, {""label"": ""Form separation"", ""value"": -0.25, ""impact"": ""positive""}, {""label"": ""Competition importance"", ""value"": 0.85, ""impact"": ""positive""}, {""label"": ""Model dispersion"", ""value"": 0.0406, ""impact"": ""positive""}]","[{""label"": ""Historical xG"", ""value"": ""unavailable"", ""impact"": ""negative""}]","[{""label"": ""Model-market gap"", ""value"": 0.0249, ""impact"": ""neutral""}, {""label"": ""Probability source"", ""value"": ""FOOTBALL_V13_FALLBACK"", ""impact"": ""neutral""}]","PASS: positive=6, negative=1, neutral=2, confidence=1.000, risk=low",2026-09-20T18:21:29+00:00,2026-09-20T18:21:29+00:00
3a0a670bf9a2f3f7970fd26b,soccer_epl,Premier League,Brentford vs Liverpool,Brentford,1xBet,2026-10-17T14:00:00Z,BLOCK,REJECT,0.3643022425927122,0.35043225748526785,0.021349969312259187,-0.004491094156048754,1.0,high,"[{""label"": ""Consensus safety"", ""value"": 0.919, ""impact"": ""positive""}, {""label"": ""ELO separation"", ""value"": 78.5, ""impact"": ""positive""}, {""label"": ""Form separation"", ""value"": 0.3333, ""impact"": ""positive""}, {""label"": ""Competition importance"", ""value"": 0.85, ""impact"": ""positive""}, {""label"": ""Model dispersion"", ""value"": 0.0124, ""impact"": ""positive""}]","[{""label"": ""Historical xG"", ""value"": ""unavailable"", ""impact"": ""negative""}, {""label"": ""Decision rule"", ""value"": ""edge below minimum"", ""impact"": ""negative""}]","[{""label"": ""Raw edge"", ""value"": 0.0213, ""impact"": ""neutral""}, {""label"": ""Model-market gap"", ""value"": 0.0237, ""impact"": ""neutral""}, {""label"": ""Probability source"", ""value"": ""FOOTBALL_V13_FALLBACK"", ""impact"": ""neutral""}]","REJECT: positive=5, negative=2, neutral=3, confidence=1.000, risk=high",2026-09-20T18:21:29+00:00,2026-09-20T18:21:29+00:00
96ea64295aa900f8ee024690,soccer_epl,Premier League,Brentford vs Liverpool,Draw,1xBet,2026-10-17T14:00:00Z,PASS,PASS,0.266526804863624,0.26568366891547035,0.04709807928762211,0.03687231853009391,1.0,low,"[{""label"": ""Consensus safety"", ""value"": 0.993, ""impact"": ""positive""}, {""label"": ""ELO separation"", ""value"": 78.5, ""impact"": ""positive""}, {""label"": ""Form separation"", ""value"": 0.3333, ""impact"": ""positive""}, {""label"": ""Competition importance"", ""value"": 0.85, ""impact"": ""positive""}, {""label"": ""Model dispersion"", ""value"": 0.0032, ""impact"": ""positive""}]","[{""label"": ""Historical xG"", ""value"": ""unavailable"", ""impact"": ""negative""}]","[{""label"": ""Raw edge"", ""value"": 0.0471, ""impact"": ""neutral""}, {""label"": ""Model-market gap"", ""value"": 0.0014, ""impact"": ""neutral""}, {""label"": ""Probability source"", ""value"": ""FOOTBALL_V13_FALLBACK"", ""impact"": ""neutral""}]","PASS: positive=5, negative=1, neutral=3, confidence=1.000, risk=low",2026-09-20T18:21:29+00:00,2026-09-20T18:21:29+00:00
19bef5eaff15ae2edd6e1e62,soccer_epl,Premier League,Brentford vs Liverpool,Liverpool,1xBet,2026-10-17T14:00:00Z,BLOCK,REJECT,0.36902897582339045,0.3838840735992619,-0.08928928029196548,-0.051594320440405746,1.0,high,"[{""label"": ""Consensus safety"", ""value"": 0.918, ""impact"": ""positive""}, {""label"": ""ELO separation"", ""value"": 78.5, ""impact"": ""positive""}, {""label"": ""Form separation"", ""value"": 0.3333, ""impact"": ""positive""}, {""label"": ""Competition importance"", ""value"": 0.85, ""impact"": ""positive""}, {""label"": ""Model dispersion"", ""value"": 0.0098, ""impact"": ""positive""}]","[{""label"": ""Raw edge"", ""value"": -0.0893, ""impact"": ""negative""}, {""label"": ""Model-market gap"", ""value"": -0.0253, ""impact"": ""negative""}, {""label"": ""Historical xG"", ""value"": ""unavailable"", ""impact"": ""negative""}, {""label"": ""Decision rule"", ""value"": ""edge below minimum"", ""impact"": ""negative""}]","[{""label"": ""Probability source"", ""value"": ""FOOTBALL_V13_FALLBACK"", ""impact"": ""neutral""}]","REJECT: positive=5, negative=4, neutral=1, confidence=1.000, risk=high",2026-09-20T18:21:29+00:00,2026-09-20T18:21:29+00:00
e317fa1a770956b5856a6905,soccer_epl,Premier League,Fulham vs Hull City,Draw,1xBet,2026-10-17T14:00:00Z,BLOCK,REJECT,0.24709743314256288,0.24089694367272474,0.08779212665362723,0.05554172236117372,1.0,high,"[{""label"": ""Raw edge"", ""value"": 0.0878, ""impact"": ""positive""}, {""label"": ""Consensus safety"", ""value"": 0.966, ""impact"": ""positive""}, {""label"": ""Form separation"", ""value"": -0.5, ""impact"": ""positive""}, {""label"": ""Competition importance"", ""value"": 0.85, ""impact"": ""positive""}, {""label"": ""Model dispersion"", ""value"": 0.0022, ""impact"": ""positive""}]","[{""label"": ""Historical xG"", ""value"": ""unavailable"", ""impact"": ""negative""}, {""label"": ""Decision rule"", ""value"": ""odds above maximum"", ""impact"": ""negative""}]","[{""label"": ""Model-market gap"", ""value"": 0.0109, ""impact"": ""neutral""}, {""label"": ""ELO separation"", ""value"": 34.7, ""impact"": ""neutral""}, {""label"": ""Probability source"", ""value"": ""FOOTBALL_V13_FALLBACK"", ""impact"": ""neutral""}]","REJECT: positive=5, negative=2, neutral=3, confidence=1.000, risk=high",2026-09-20T18:21:29+00:00,2026-09-20T18:21:29+00:00
130c96c5deca7f2a4a4db969,soccer_epl,Premier League,Fulham vs Hull City,Fulham,1xBet,2026-10-17T14:00:00Z,BLOCK,REJECT,0.5398169933928472,0.5665426582697219,-0.15982431013478804,-0.10332339145189078,1.0,high,"[{""label"": ""Form separation"", ""value"": -0.5, ""impact"": ""positive""}, {""label"": ""Competition importance"", ""value"": 0.85, ""impact"": ""positive""}, {""label"": ""Model dispersion"", ""value"": 0.038, ""impact"": ""positive""}]","[{""label"": ""Raw edge"", ""value"": -0.1598, ""impact"": ""negative""}, {""label"": ""Model-market gap"", ""value"": -0.0479, ""impact"": ""negative""}, {""label"": ""Historical xG"", ""value"": ""unavailable"", ""impact"": ""negative""}, {""label"": ""Decision rule"", ""value"": ""edge below minimum"", ""impact"": ""negative""}]","[{""label"": ""Consensus safety"", ""value"": 0.767, ""impact"": ""neutral""}, {""label"": ""ELO separation"", ""value"": 34.7, ""impact"": ""neutral""}, {""label"": ""Probability source"", ""value"": ""FOOTBALL_V13_FALLBACK"", ""impact"": ""neutral""}]","REJECT: positive=3, negative=4, neutral=3, confidence=1.000, risk=high",2026-09-20T18:21:29+00:00,2026-09-20T18:21:29+00:00
7919e16cbc3a63ac3959dd48,soccer_epl,Premier League,Fulham vs Hull City,Hull City,1xBet,2026-10-17T14:00:00Z,BLOCK,REJECT,0.21812274337241203,0.19256039805755326,0.42110231589557134,0.24700464242991843,1.0,high,"[{""label"": ""Raw edge"", ""value"": 0.4211, ""impact"": ""positive""}, {""label"": ""Model-market gap"", ""value"": 0.0459, ""impact"": ""positive""}, {""label"": ""Form separation"", ""value"": -0.5, ""impact"": ""positive""}, {""label"": ""Competition importance"", ""value"": 0.85, ""impact"": ""positive""}, {""label"": ""Model dispersion"", ""value"": 0.04, ""impact"": ""positive""}]","[{""label"": ""Historical xG"", ""value"": ""unavailable"", ""impact"": ""negative""}, {""label"": ""Decision rule"", ""value"": ""edge above max guard"", ""impact"": ""negative""}]","[{""label"": ""Consensus safety"", ""value"": 0.795, ""impact"": ""neutral""}, {""label"": ""ELO separation"", ""value"": 34.7, ""impact"": ""neutral""}, {""label"": ""Probability source"", ""value"": ""FOOTBALL_V13_FALLBACK"", ""impact"": ""neutral""}]","REJECT: positive=5, negative=2, neutral=3, confidence=1.000, risk=high",2026-09-20T18:21:29+00:00,2026-09-20T18:21:29+00:00
0b63ce3338959fb64387b9e5,soccer_epl,Premier League,Manchester City vs Ipswich Town,Draw,Tipico,2026-10-17T14:00:00Z,BLOCK,REJECT,0.17584266466301987,0.15377410796060811,0.5078361055244109,0.30547206126585613,1.0,high,"[{""label"": ""Raw edge"", ""value"": 0.5078, ""impact"": ""positive""}, {""label"": ""Consensus safety"", ""value"": 0.876, ""impact"": ""positive""}, {""label"": ""ELO separation"", ""value"": 77.1, ""impact"": ""positive""}, {""label"": ""Form separation"", ""value"": 0.5, ""impact"": ""positive""}, {""label"": ""Competition importance"", ""value"": 0.85, ""impact"": ""positive""}, {""label"": ""Model dispersion"", ""value"": 0.0037, ""impact"": ""positive""}]","[{""label"": ""Historical xG"", ""value"": ""unavailable"", ""impact"": ""negative""}, {""label"": ""Decision rule"", ""value"": ""edge above max guard"", ""impact"": ""negative""}]","[{""label"": ""Model-market gap"", ""value"": 0.0395, ""impact"": ""neutral""}, {""label"": ""Probability source"", ""value"": ""FOOTBALL_V13_FALLBACK"", ""impact"": ""neutral""}]","REJECT: positive=6, negative=2, neutral=2, confidence=1.000, risk=high",2026-09-20T18:21:29+00:00,2026-09-20T18:21:29+00:00
8588b667ce80ae0d410925b5,soccer_epl,Premier League,Manchester City vs Ipswich Town,Ipswich Town,1xBet,2026-10-17T14:00:00Z,BLOCK,REJECT,0.13252604792720518,0.10432144046114972,1.1077399507314305,0.6605919830101065,1.0,high,"[{""label"": ""Raw edge"", ""value"": 1.1077, ""impact"": ""positive""}, {""label"": ""Model-market gap"", ""value"": 0.0507, ""impact"": ""positive""}, {""label"": ""ELO separation"", ""value"": 77.1, ""impact"": ""positive""}, {""label"": ""Form separation"", ""value"": 0.5, ""impact"": ""positive""}, {""label"": ""Competition importance"", ""value"": 0.85, ""impact"": ""positive""}, {""label"": ""Model dispersion"", ""value"": 0.0084, ""impact"": ""positive""}]","[{""label"": ""Historical xG"", ""value"": ""unavailable"", ""impact"": ""negative""}, {""label"": ""Decision rule"", ""value"": ""edge above max guard"", ""impact"": ""negative""}]","[{""label"": ""Consensus safety"", ""value"": 0.772, ""impact"": ""neutral""}, {""label"": ""Probability source"", ""value"": ""FOOTBALL_V13_FALLBACK"", ""impact"": ""neutral""}]","REJECT: positive=6, negative=2, neutral=2, confidence=1.000, risk=high",2026-09-20T18:21:29+00:00,2026-09-20T18:21:29+00:00
9a00ffbc1d4b9b8e5ef9fad9,soccer_epl,Premier League,Manchester City vs Ipswich Town,Manchester City,1xBet,2026-10-17T14:00:00Z,BLOCK,REJECT,0.7139636478247624,0.7419044515782421,-0.14927018422139038,-0.10030037065887813,1.0,high,"[{""label"": ""ELO separation"", ""value"": 77.1, ""impact"": ""positive""}, {""label"": ""Form separation"", ""value"": 0.5, ""impact"": ""positive""}, {""label"": ""Competition importance"", ""value"": 0.85, ""impact"": ""positive""}, {""label"": ""Model dispersion"", ""value"": 0.0109, ""impact"": ""positive""}]","[{""label"": ""Raw edge"", ""value"": -0.1493, ""impact"": ""negative""}, {""label"": ""Model-market gap"", ""value"": -0.0503, ""impact"": ""negative""}, {""label"": ""Historical xG"", ""value"": ""unavailable"", ""impact"": ""negative""}, {""label"": ""Decision rule"", ""value"": ""edge below minimum"", ""impact"": ""negative""}]","[{""label"": ""Consensus safety"", ""value"": 0.649, ""impact"": ""neutral""}, {""label"": ""Probability source"", ""value"": ""FOOTBALL_V13_FALLBACK"", ""impact"": ""neutral""}]","REJECT: positive=4, negative=4, neutral=2, confidence=1.000, risk=high",2026-09-20T18:21:29+00:00,2026-09-20T18:21:29+00:00
fec81b888ecc6b9dfc228354,soccer_epl,Premier League,Newcastle United vs Aston Villa,Aston Villa,1xBet,2026-10-17T16:30:00Z,PASS,PASS,0.27959441150664843,0.2699468621610696,0.07390766277709715,0.0399136256542575,1.0,low,"[{""label"": ""Consensus safety"", ""value"": 0.95, ""impact"": ""positive""}, {""label"": ""ELO separation"", ""value"": 70.0, ""impact"": ""positive""}, {""label"": ""Form separation"", ""value"": 0.3333, ""impact"": ""positive""}, {""label"": ""Competition importance"", ""value"": 0.85, ""impact"": ""positive""}, {""label"": ""Model dispersion"", ""value"": 0.0064, ""impact"": ""positive""}]","[{""label"": ""Historical xG"", ""value"": ""unavailable"", ""impact"": ""negative""}]","[{""label"": ""Raw edge"", ""value"": 0.0739, ""impact"": ""neutral""}, {""label"": ""Model-market gap"", ""value"": 0.0164, ""impact"": ""neutral""}, {""label"": ""Probability source"", ""value"": ""FOOTBALL_V13_FALLBACK"", ""impact"": ""neutral""}]","PASS: positive=5, negative=1, neutral=3, confidence=1.000, risk=low",2026-09-20T18:21:30+00:00,2026-09-20T18:21:30+00:00
727be4297923a76afbb286c6,soccer_epl,Premier League,Newcastle United vs Aston Villa,Draw,1xBet,2026-10-17T16:30:00Z,BLOCK,REJECT,0.25895349595493716,0.2558382612224784,0.034083820932462094,0.020958231874554815,1.0,high,"[{""label"": ""Consensus safety"", ""value"": 0.984, ""impact"": ""positive""}, {""label"": ""ELO separation"", ""value"": 70.0, ""impact"": ""positive""}, {""label"": ""Form separation"", ""value"": 0.3333, ""impact"": ""positive""}, {""label"": ""Competition importance"", ""value"": 0.85, ""impact"": ""positive""}, {""label"": ""Model dispersion"", ""value"": 0.0024, ""impact"": ""positive""}]","[{""label"": ""Historical xG"", ""value"": ""unavailable"", ""impact"": ""negative""}, {""label"": ""Decision rule"", ""value"": ""edge below minimum"", ""impact"": ""negative""}]","[{""label"": ""Raw edge"", ""value"": 0.0341, ""impact"": ""neutral""}, {""label"": ""Model-market gap"", ""value"": 0.0053, ""impact"": ""neutral""}, {""label"": ""Probability source"", ""value"": ""FOOTBALL_V13_FALLBACK"", ""impact"": ""neutral""}]","REJECT: positive=5, negative=2, neutral=3, confidence=1.000, risk=high",2026-09-20T18:21:30+00:00,2026-09-20T18:21:30+00:00
a61933c3b3bd5c1e84f35b7a,soccer_epl,Premier League,Newcastle United vs Aston Villa,Newcastle United,1xBet,2026-10-17T16:30:00Z,BLOCK,REJECT,0.4616125051685905,0.474214876616452,-0.09000483826382066,-0.05940962780180377,1.0,high,"[{""label"": ""Consensus safety"", ""value"": 0.934, ""impact"": ""positive""}, {""label"": ""ELO separation"", ""value"": 70.0, ""impact"": ""positive""}, {""label"": ""Form separation"", ""value"": 0.3333, ""impact"": ""positive""}, {""label"": ""Competition importance"", ""value"": 0.85, ""impact"": ""positive""}, {""label"": ""Model dispersion"", ""value"": 0.0083, ""impact"": ""positive""}]","[{""label"": ""Raw edge"", ""value"": -0.09, ""impact"": ""negative""}, {""label"": ""Model-market gap"", ""value"": -0.0215, ""impact"": ""negative""}, {""label"": ""Historical xG"", ""value"": ""unavailable"", ""impact"": ""negative""}, {""label"": ""Decision rule"", ""value"": ""edge below minimum"", ""impact"": ""negative""}]","[{""label"": ""Probability source"", ""value"": ""FOOTBALL_V13_FALLBACK"", ""impact"": ""neutral""}]","REJECT: positive=5, negative=4, neutral=1, confidence=1.000, risk=high",2026-09-20T18:21:30+00:00,2026-09-20T18:21:30+00:00
c7078b6b578728170af68b35,soccer_epl,Premier League,Bournemouth vs Sunderland,Bournemouth,Betfair,2026-10-18T13:00:00Z,BLOCK,REJECT,0.5003287083560408,0.5234759212423867,-0.06913210655410773,-0.02825214583259898,1.0,high,"[{""label"": ""ELO separation"", ""value"": 65.1, ""impact"": ""positive""}, {""label"": ""Form separation"", ""value"": -0.1667, ""impact"": ""positive""}, {""label"": ""Competition importance"", ""value"": 0.85, ""impact"": ""positive""}, {""label"": ""Model dispersion"", ""value"": 0.0255, ""impact"": ""positive""}]","[{""label"": ""Raw edge"", ""value"": -0.0691, ""impact"": ""negative""}, {""label"": ""Model-market gap"", ""value"": -0.0412, ""impact"": ""negative""}, {""label"": ""Historical xG"", ""value"": ""unavailable"", ""impact"": ""negative""}, {""label"": ""Decision rule"", ""value"": ""edge below minimum"", ""impact"": ""negative""}]","[{""label"": ""Consensus safety"", ""value"": 0.839, ""impact"": ""neutral""}, {""label"": ""Probability source"", ""value"": ""FOOTBALL_V13_FALLBACK"", ""impact"": ""neutral""}]","REJECT: positive=4, negative=4, neutral=2, confidence=1.000, risk=high",2026-09-20T18:21:30+00:00,2026-09-20T18:21:30+00:00
3753b8664943619c2bc3fade,soccer_epl,Premier League,Bournemouth vs Sunderland,Draw,1xBet,2026-10-18T13:00:00Z,BLOCK,REJECT,0.2578595512292895,0.254354919798248,0.03683222335878966,0.021637608380147003,1.0,high,"[{""label"": ""Consensus safety"", ""value"": 0.98, ""impact"": ""positive""}, {""label"": ""ELO separation"", ""value"": 65.1, ""impact"": ""positive""}, {""label"": ""Form separation"", ""value"": -0.1667, ""impact"": ""positive""}, {""label"": ""Competition importance"", ""value"": 0.85, ""impact"": ""positive""}, {""label"": ""Model dispersion"", ""value"": 0.0022, ""impact"": ""positive""}]","[{""label"": ""Historical xG"", ""value"": ""unavailable"", ""impact"": ""negative""}, {""label"": ""Decision rule"", ""value"": ""edge below minimum"", ""impact"": ""negative""}]","[{""label"": ""Raw edge"", ""value"": 0.0368, ""impact"": ""neutral""}, {""label"": ""Model-market gap"", ""value"": 0.0062, ""impact"": ""neutral""}, {""label"": ""Probability source"", ""value"": ""FOOTBALL_V13_FALLBACK"", ""impact"": ""neutral""}]","REJECT: positive=5, negative=2, neutral=3, confidence=1.000, risk=high",2026-09-20T18:21:30+00:00,2026-09-20T18:21:30+00:00
c97529af44dc941fa131c3f3,soccer_epl,Premier League,Bournemouth vs Sunderland,Sunderland,1xBet,2026-10-18T13:00:00Z,BLOCK,REJECT,0.24228434856056424,0.2221691589593653,0.2173732260575516,0.1182136202314389,1.0,high,"[{""label"": ""Raw edge"", ""value"": 0.2174, ""impact"": ""positive""}, {""label"": ""Consensus safety"", ""value"": 0.857, ""impact"": ""positive""}, {""label"": ""ELO separation"", ""value"": 65.1, ""impact"": ""positive""}, {""label"": ""Form separation"", ""value"": -0.1667, ""impact"": ""positive""}, {""label"": ""Competition importance"", ""value"": 0.85, ""impact"": ""positive""}, {""label"": ""Model dispersion"", ""value"": 0.0244, ""impact"": ""positive""}]","[{""label"": ""Historical xG"", ""value"": ""unavailable"", ""impact"": ""negative""}, {""label"": ""Decision rule"", ""value"": ""odds above maximum"", ""impact"": ""negative""}]","[{""label"": ""Model-market gap"", ""value"": 0.0357, ""impact"": ""neutral""}, {""label"": ""Probability source"", ""value"": ""FOOTBALL_V13_FALLBACK"", ""impact"": ""neutral""}]","REJECT: positive=6, negative=2, neutral=2, confidence=1.000, risk=high",2026-09-20T18:21:30+00:00,2026-09-20T18:21:30+00:00
a39c4bb08e342402a33c8c46,soccer_epl,Premier League,Brighton and Hove Albion vs Crystal Palace,Brighton and Hove Albion,1xBet,2026-10-18T13:00:00Z,BLOCK,REJECT,0.5425680913957636,0.5745666967491767,-0.16243696754062076,-0.10412110516832061,1.0,high,"[{""label"": ""Form separation"", ""value"": -0.3889, ""impact"": ""positive""}, {""label"": ""Competition importance"", ""value"": 0.85, ""impact"": ""positive""}, {""label"": ""Model dispersion"", ""value"": 0.0354, ""impact"": ""positive""}]","[{""label"": ""Raw edge"", ""value"": -0.1624, ""impact"": ""negative""}, {""label"": ""Model-market gap"", ""value"": -0.0543, ""impact"": ""negative""}, {""label"": ""Historical xG"", ""value"": ""unavailable"", ""impact"": ""negative""}, {""label"": ""Decision rule"", ""value"": ""edge below minimum"", ""impact"": ""negative""}]","[{""label"": ""Consensus safety"", ""value"": 0.774, ""impact"": ""neutral""}, {""label"": ""ELO separation"", ""value"": 47.9, ""impact"": ""neutral""}, {""label"": ""Probability source"", ""value"": ""FOOTBALL_V13_FALLBACK"", ""impact"": ""neutral""}]","REJECT: positive=3, negative=4, neutral=3, confidence=1.000, risk=high",2026-09-20T18:21:30+00:00,2026-09-20T18:21:30+00:00
801bf2f82485228ce14d71c2,soccer_epl,Premier League,Brighton and Hove Albion vs Crystal Palace,Crystal Palace,1xBet,2026-10-18T13:00:00Z,BLOCK,REJECT,0.22509743114646685,0.19658344609448983,0.3842799858631445,0.22377799034525747,1.0,high,"[{""label"": ""Raw edge"", ""value"": 0.3843, ""impact"": ""positive""}, {""label"": ""Model-market gap"", ""value"": 0.0484, ""impact"": ""positive""}, {""label"": ""Form separation"", ""value"": -0.3889, ""impact"": ""positive""}, {""label"": ""Competition importance"", ""value"": 0.85, ""impact"": ""positive""}, {""label"": ""Model dispersion"", ""value"": 0.0353, ""impact"": ""positive""}]","[{""label"": ""Historical xG"", ""value"": ""unavailable"", ""impact"": ""negative""}, {""label"": ""Decision rule"", ""value"": ""edge above max guard"", ""impact"": ""negative""}]","[{""label"": ""Consensus safety"", ""value"": 0.818, ""impact"": ""neutral""}, {""label"": ""ELO separation"", ""value"": 47.9, ""impact"": ""neutral""}, {""label"": ""Probability source"", ""value"": ""FOOTBALL_V13_FALLBACK"", ""impact"": ""neutral""}]","REJECT: positive=5, negative=2, neutral=3, confidence=1.000, risk=high",2026-09-20T18:21:30+00:00,2026-09-20T18:21:30+00:00
f2d91032c568948e6ac599b5,soccer_epl,Premier League,Brighton and Hove Albion vs Crystal Palace,Draw,Tipico,2026-10-18T13:00:00Z,BLOCK,REJECT,0.23868672207892452,0.22884985715633344,0.1527233956616798,0.10015514524620525,1.0,high,"[{""label"": ""Raw edge"", ""value"": 0.1527, ""impact"": ""positive""}, {""label"": ""Consensus safety"", ""value"": 0.952, ""impact"": ""positive""}, {""label"": ""Form separation"", ""value"": -0.3889, ""impact"": ""positive""}, {""label"": ""Competition importance"", ""value"": 0.85, ""impact"": ""positive""}, {""label"": ""Model dispersion"", ""value"": 0.0001, ""impact"": ""positive""}]","[{""label"": ""Historical xG"", ""value"": ""unavailable"", ""impact"": ""negative""}, {""label"": ""Decision rule"", ""value"": ""odds above maximum"", ""impact"": ""negative""}]","[{""label"": ""Model-market gap"", ""value"": 0.0164, ""impact"": ""neutral""}, {""label"": ""ELO separation"", ""value"": 47.9, ""impact"": ""neutral""}, {""label"": ""Probability source"", ""value"": ""FOOTBALL_V13_FALLBACK"", ""impact"": ""neutral""}]","REJECT: positive=5, negative=2, neutral=3, confidence=1.000, risk=high",2026-09-20T18:21:30+00:00,2026-09-20T18:21:30+00:00
2f8a73ffc77c1438db2c4317,soccer_epl,Premier League,Leeds United vs Manchester United,Draw,Winamax (DE),2026-10-18T13:00:00Z,BLOCK,REJECT,0.2563899583285142,0.2522409487589055,-0.02765863269058988,-0.033479560356158095,1.0,high,"[{""label"": ""Consensus safety"", ""value"": 0.979, ""impact"": ""positive""}, {""label"": ""ELO separation"", ""value"": 73.5, ""impact"": ""positive""}, {""label"": ""Form separation"", ""value"": 0.1667, ""impact"": ""positive""}, {""label"": ""Competition importance"", ""value"": 0.85, ""impact"": ""positive""}, {""label"": ""Model dispersion"", ""value"": 0.0025, ""impact"": ""positive""}]","[{""label"": ""Raw edge"", ""value"": -0.0277, ""impact"": ""negative""}, {""label"": ""Historical xG"", ""value"": ""unavailable"", ""impact"": ""negative""}, {""label"": ""Decision rule"", ""value"": ""edge below minimum"", ""impact"": ""negative""}]","[{""label"": ""Model-market gap"", ""value"": 0.0071, ""impact"": ""neutral""}, {""label"": ""Probability source"", ""value"": ""FOOTBALL_V13_FALLBACK"", ""impact"": ""neutral""}]","REJECT: positive=5, negative=3, neutral=2, confidence=1.000, risk=high",2026-09-20T18:21:30+00:00,2026-09-20T18:21:30+00:00
7b3e3192e8c14de3d63b41fd,soccer_epl,Premier League,Leeds United vs Manchester United,Leeds United,1xBet,2026-10-18T13:00:00Z,PASS,PASS,0.35472640481524675,0.3414565287277853,0.08130965899863352,0.04407827575347519,1.0,low,"[{""label"": ""Raw edge"", ""value"": 0.0813, ""impact"": ""positive""}, {""label"": ""Consensus safety"", ""value"": 0.927, ""impact"": ""positive""}, {""label"": ""ELO separation"", ""value"": 73.5, ""impact"": ""positive""}, {""label"": ""Form separation"", ""value"": 0.1667, ""impact"": ""positive""}, {""label"": ""Competition importance"", ""value"": 0.85, ""impact"": ""positive""}, {""label"": ""Model dispersion"", ""value"": 0.0088, ""impact"": ""positive""}]","[{""label"": ""Historical xG"", ""value"": ""unavailable"", ""impact"": ""negative""}]","[{""label"": ""Model-market gap"", ""value"": 0.0226, ""impact"": ""neutral""}, {""label"": ""Probability source"", ""value"": ""FOOTBALL_V13_FALLBACK"", ""impact"": ""neutral""}]","PASS: positive=6, negative=1, neutral=2, confidence=1.000, risk=low",2026-09-20T18:21:30+00:00,2026-09-20T18:21:30+00:00
795b2f0dd72be725226e717e,soccer_epl,Premier League,Leeds United vs Manchester United,Manchester United,1xBet,2026-10-18T13:00:00Z,BLOCK,REJECT,0.3888513955784311,0.4063025225133092,-0.08490406122966632,-0.04535745238415594,1.0,high,"[{""label"": ""Consensus safety"", ""value"": 0.909, ""impact"": ""positive""}, {""label"": ""ELO separation"", ""value"": 73.5, ""impact"": ""positive""}, {""label"": ""Form separation"", ""value"": 0.1667, ""impact"": ""positive""}, {""label"": ""Competition importance"", ""value"": 0.85, ""impact"": ""positive""}, {""label"": ""Model dispersion"", ""value"": 0.0069, ""impact"": ""positive""}]","[{""label"": ""Raw edge"", ""value"": -0.0849, ""impact"": ""negative""}, {""label"": ""Model-market gap"", ""value"": -0.0297, ""impact"": ""negative""}, {""label"": ""Historical xG"", ""value"": ""unavailable"", ""impact"": ""negative""}, {""label"": ""Decision rule"", ""value"": ""edge below minimum"", ""impact"": ""negative""}]","[{""label"": ""Probability source"", ""value"": ""FOOTBALL_V13_FALLBACK"", ""impact"": ""neutral""}]","REJECT: positive=5, negative=4, neutral=1, confidence=1.000, risk=high",2026-09-20T18:21:30+00:00,2026-09-20T18:21:30+00:00
75c1c2ef988b670e8179a420,soccer_epl,Premier League,Nottingham Forest vs Arsenal,Arsenal,1xBet,2026-10-18T15:30:00Z,BLOCK,REJECT,0.5482634031629923,0.5772353706114942,-0.1480659610680517,-0.09205779210073312,1.0,high,"[{""label"": ""ELO separation"", ""value"": 67.4, ""impact"": ""positive""}, {""label"": ""Competition importance"", ""value"": 0.85, ""impact"": ""positive""}, {""label"": ""Model dispersion"", ""value"": 0.0166, ""impact"": ""positive""}]","[{""label"": ""Raw edge"", ""value"": -0.1481, ""impact"": ""negative""}, {""label"": ""Model-market gap"", ""value"": -0.0514, ""impact"": ""negative""}, {""label"": ""Historical xG"", ""value"": ""unavailable"", ""impact"": ""negative""}, {""label"": ""Decision rule"", ""value"": ""edge below minimum"", ""impact"": ""negative""}]","[{""label"": ""Consensus safety"", ""value"": 0.735, ""impact"": ""neutral""}, {""label"": ""Form separation"", ""value"": 0.0, ""impact"": ""neutral""}, {""label"": ""Probability source"", ""value"": ""FOOTBALL_V13_FALLBACK"", ""impact"": ""neutral""}]","REJECT: positive=3, negative=4, neutral=3, confidence=1.000, risk=high",2026-09-20T18:21:30+00:00,2026-09-20T18:21:30+00:00
b5afce9f4a080711310ca3d6,soccer_epl,Premier League,Nottingham Forest vs Arsenal,Draw,1xBet,2026-10-18T15:30:00Z,BLOCK,REJECT,0.23688329696481095,0.22806516274132227,0.05228340930706499,0.01921279870307933,1.0,high,"[{""label"": ""Consensus safety"", ""value"": 0.951, ""impact"": ""positive""}, {""label"": ""ELO separation"", ""value"": 67.4, ""impact"": ""positive""}, {""label"": ""Competition importance"", ""value"": 0.85, ""impact"": ""positive""}, {""label"": ""Model dispersion"", ""value"": 0.0032, ""impact"": ""positive""}]","[{""label"": ""Historical xG"", ""value"": ""unavailable"", ""impact"": ""negative""}, {""label"": ""Decision rule"", ""value"": ""edge below minimum"", ""impact"": ""negative""}]","[{""label"": ""Raw edge"", ""value"": 0.0523, ""impact"": ""neutral""}, {""label"": ""Model-market gap"", ""value"": 0.0155, ""impact"": ""neutral""}, {""label"": ""Form separation"", ""value"": 0.0, ""impact"": ""neutral""}, {""label"": ""Probability source"", ""value"": ""FOOTBALL_V13_FALLBACK"", ""impact"": ""neutral""}]","REJECT: positive=4, negative=2, neutral=4, confidence=1.000, risk=high",2026-09-20T18:21:30+00:00,2026-09-20T18:21:30+00:00
dc5af456c1ae0afe1cbf921a,soccer_epl,Premier League,Nottingham Forest vs Arsenal,Nottingham Forest,1xBet,2026-10-18T15:30:00Z,BLOCK,REJECT,0.22342000337787263,0.19469946664718354,0.46418449959809793,0.27299813819872004,1.0,high,"[{""label"": ""Raw edge"", ""value"": 0.4642, ""impact"": ""positive""}, {""label"": ""Model-market gap"", ""value"": 0.051, ""impact"": ""positive""}, {""label"": ""ELO separation"", ""value"": 67.4, ""impact"": ""positive""}, {""label"": ""Competition importance"", ""value"": 0.85, ""impact"": ""positive""}, {""label"": ""Model dispersion"", ""value"": 0.0189, ""impact"": ""positive""}]","[{""label"": ""Historical xG"", ""value"": ""unavailable"", ""impact"": ""negative""}, {""label"": ""Decision rule"", ""value"": ""edge above max guard"", ""impact"": ""negative""}]","[{""label"": ""Consensus safety"", ""value"": 0.781, ""impact"": ""neutral""}, {""label"": ""Form separation"", ""value"": 0.0, ""impact"": ""neutral""}, {""label"": ""Probability source"", ""value"": ""FOOTBALL_V13_FALLBACK"", ""impact"": ""neutral""}]","REJECT: positive=5, negative=2, neutral=3, confidence=1.000, risk=high",2026-09-20T18:21:30+00:00,2026-09-20T18:21:30+00:00
f3c8555bd2cba05fd4d90ac2,soccer_epl,Premier League,Tottenham Hotspur vs Coventry City,Coventry City,1xBet,2026-10-19T19:00:00Z,BLOCK,REJECT,0.22007606394420337,0.19499021414783535,0.5145262716409638,0.3200068638728761,1.0,high,"[{""label"": ""Raw edge"", ""value"": 0.5145, ""impact"": ""positive""}, {""label"": ""Model-market gap"", ""value"": 0.045, ""impact"": ""positive""}, {""label"": ""ELO separation"", ""value"": 51.0, ""impact"": ""positive""}, {""label"": ""Form separation"", ""value"": -0.3333, ""impact"": ""positive""}, {""label"": ""Competition importance"", ""value"": 0.85, ""impact"": ""positive""}, {""label"": ""Model dispersion"", ""value"": 0.0404, ""impact"": ""positive""}]","[{""label"": ""Historical xG"", ""value"": ""unavailable"", ""impact"": ""negative""}, {""label"": ""Decision rule"", ""value"": ""edge above max guard"", ""impact"": ""negative""}]","[{""label"": ""Consensus safety"", ""value"": 0.799, ""impact"": ""neutral""}, {""label"": ""Probability source"", ""value"": ""FOOTBALL_V13_FALLBACK"", ""impact"": ""neutral""}]","REJECT: positive=6, negative=2, neutral=2, confidence=1.000, risk=high",2026-09-20T18:21:30+00:00,2026-09-20T18:21:30+00:00
070a169c0647d5d4885c060c,soccer_epl,Premier League,Tottenham Hotspur vs Coventry City,Draw,1xBet,2026-10-19T19:00:00Z,BLOCK,REJECT,0.22627223833952176,0.21493038317422267,0.08512908567297539,0.03736027063984908,1.0,high,"[{""label"": ""Raw edge"", ""value"": 0.0851, ""impact"": ""positive""}, {""label"": ""Consensus safety"", ""value"": 0.94, ""impact"": ""positive""}, {""label"": ""ELO separation"", ""value"": 51.0, ""impact"": ""positive""}, {""label"": ""Form separation"", ""value"": -0.3333, ""impact"": ""positive""}, {""label"": ""Competition importance"", ""value"": 0.85, ""impact"": ""positive""}, {""label"": ""Model dispersion"", ""value"": 0.0019, ""impact"": ""positive""}]","[{""label"": ""Historical xG"", ""value"": ""unavailable"", ""impact"": ""negative""}, {""label"": ""Decision rule"", ""value"": ""odds above maximum"", ""impact"": ""negative""}]","[{""label"": ""Model-market gap"", ""value"": 0.0199, ""impact"": ""neutral""}, {""label"": ""Probability source"", ""value"": ""FOOTBALL_V13_FALLBACK"", ""impact"": ""neutral""}]","REJECT: positive=6, negative=2, neutral=2, confidence=1.000, risk=high",2026-09-20T18:21:30+00:00,2026-09-20T18:21:30+00:00
d7056fa8716562b9cee44ace,soccer_epl,Premier League,Tottenham Hotspur vs Coventry City,Tottenham Hotspur,1xBet,2026-10-19T19:00:00Z,BLOCK,REJECT,0.5634058132027133,0.590079402677942,-0.15409569839725878,-0.09969294230345262,1.0,high,"[{""label"": ""ELO separation"", ""value"": 51.0, ""impact"": ""positive""}, {""label"": ""Form separation"", ""value"": -0.3333, ""impact"": ""positive""}, {""label"": ""Competition importance"", ""value"": 0.85, ""impact"": ""positive""}, {""label"": ""Model dispersion"", ""value"": 0.0385, ""impact"": ""positive""}]","[{""label"": ""Raw edge"", ""value"": -0.1541, ""impact"": ""negative""}, {""label"": ""Model-market gap"", ""value"": -0.0478, ""impact"": ""negative""}, {""label"": ""Historical xG"", ""value"": ""unavailable"", ""impact"": ""negative""}, {""label"": ""Decision rule"", ""value"": ""edge below minimum"", ""impact"": ""negative""}]","[{""label"": ""Consensus safety"", ""value"": 0.746, ""impact"": ""neutral""}, {""label"": ""Probability source"", ""value"": ""FOOTBALL_V13_FALLBACK"", ""impact"": ""neutral""}]","REJECT: positive=4, negative=4, neutral=2, confidence=1.000, risk=high",2026-09-20T18:21:30+00:00,2026-09-20T18:21:30+00:00
f56fe8460a51ef4449f8bfd3,soccer_spain_la_liga,La Liga,Villarreal vs Levante,Draw,Betclic (FR),2026-09-20T16:30:00Z,BLOCK,REJECT,0.24919437405855832,0.23744870288006498,18.06979615959741,15.574123869854478,1.0,high,"[{""label"": ""Raw edge"", ""value"": 18.0698, ""impact"": ""positive""}, {""label"": ""Consensus safety"", ""value"": 0.959, ""impact"": ""positive""}, {""label"": ""ELO separation"", ""value"": 79.8, ""impact"": ""positive""}, {""label"": ""Form separation"", ""value"": -0.0848, ""impact"": ""positive""}, {""label"": ""Competition importance"", ""value"": 0.85, ""impact"": ""positive""}, {""label"": ""Model dispersion"", ""value"": 0.005, ""impact"": ""positive""}]","[{""label"": ""Historical xG"", ""value"": ""unavailable"", ""impact"": ""negative""}, {""label"": ""Decision rule"", ""value"": ""edge above max guard"", ""impact"": ""negative""}]","[{""label"": ""Model-market gap"", ""value"": 0.0168, ""impact"": ""neutral""}, {""label"": ""Probability source"", ""value"": ""FOOTBALL_V13_FALLBACK"", ""impact"": ""neutral""}]","REJECT: positive=6, negative=2, neutral=2, confidence=1.000, risk=high",2026-09-20T18:21:30+00:00,2026-09-20T18:21:30+00:00
d7c5838cbd455c7cdca49f3d,soccer_spain_la_liga,La Liga,Villarreal vs Levante,Levante,Betfair,2026-09-20T16:30:00Z,BLOCK,REJECT,0.20477200124581144,0.15634199440841615,21.681069543087013,15.514828649156806,1.0,high,"[{""label"": ""Raw edge"", ""value"": 21.6811, ""impact"": ""positive""}, {""label"": ""Model-market gap"", ""value"": 0.0705, ""impact"": ""positive""}, {""label"": ""ELO separation"", ""value"": 79.8, ""impact"": ""positive""}, {""label"": ""Form separation"", ""value"": -0.0848, ""impact"": ""positive""}, {""label"": ""Competition importance"", ""value"": 0.85, ""impact"": ""positive""}, {""label"": ""Model dispersion"", ""value"": 0.0425, ""impact"": ""positive""}]","[{""label"": ""Historical xG"", ""value"": ""unavailable"", ""impact"": ""negative""}, {""label"": ""Decision rule"", ""value"": ""edge above max guard"", ""impact"": ""negative""}]","[{""label"": ""Consensus safety"", ""value"": 0.796, ""impact"": ""neutral""}, {""label"": ""Probability source"", ""value"": ""FOOTBALL_V13_FALLBACK"", ""impact"": ""neutral""}]","REJECT: positive=6, negative=2, neutral=2, confidence=1.000, risk=high",2026-09-20T18:21:30+00:00,2026-09-20T18:21:30+00:00
8ad3c96e8203ee845c90c486,soccer_spain_la_liga,La Liga,Villarreal vs Levante,Villarreal,Betfair,2026-09-20T16:30:00Z,BLOCK,REJECT,0.5565516578119709,0.6062093027115188,-0.40214632109184856,-0.30003535281140775,1.0,high,"[{""label"": ""ELO separation"", ""value"": 79.8, ""impact"": ""positive""}, {""label"": ""Form separation"", ""value"": -0.0848, ""impact"": ""positive""}, {""label"": ""Competition importance"", ""value"": 0.85, ""impact"": ""positive""}, {""label"": ""Model dispersion"", ""value"": 0.0474, ""impact"": ""positive""}]","[{""label"": ""Raw edge"", ""value"": -0.4021, ""impact"": ""negative""}, {""label"": ""Model-market gap"", ""value"": -0.0724, ""impact"": ""negative""}, {""label"": ""Historical xG"", ""value"": ""unavailable"", ""impact"": ""negative""}, {""label"": ""Decision rule"", ""value"": ""edge below minimum"", ""impact"": ""negative""}]","[{""label"": ""Consensus safety"", ""value"": 0.756, ""impact"": ""neutral""}, {""label"": ""Probability source"", ""value"": ""FOOTBALL_V13_FALLBACK"", ""impact"": ""neutral""}]","REJECT: positive=4, negative=4, neutral=2, confidence=1.000, risk=high",2026-09-20T18:21:30+00:00,2026-09-20T18:21:30+00:00
1a4eb7a89fffb05bd5fadee9,soccer_spain_la_liga,La Liga,Deportivo La Coruña vs Real Betis,Deportivo La Coruña,Matchbook,2026-09-20T16:31:00Z,BLOCK,REJECT,0.1088696131508814,0.06947467146586782,10.222338796007312,6.646746362221667,1.0,high,"[{""label"": ""Raw edge"", ""value"": 10.2223, ""impact"": ""positive""}, {""label"": ""Model-market gap"", ""value"": 0.0626, ""impact"": ""positive""}, {""label"": ""ELO separation"", ""value"": 83.3, ""impact"": ""positive""}, {""label"": ""Form separation"", ""value"": -0.1, ""impact"": ""positive""}, {""label"": ""Competition importance"", ""value"": 0.85, ""impact"": ""positive""}, {""label"": ""Model dispersion"", ""value"": 0.034, ""impact"": ""positive""}]","[{""label"": ""Historical xG"", ""value"": ""unavailable"", ""impact"": ""negative""}, {""label"": ""Decision rule"", ""value"": ""edge above max guard"", ""impact"": ""negative""}]","[{""label"": ""Consensus safety"", ""value"": 0.633, ""impact"": ""neutral""}, {""label"": ""Probability source"", ""value"": ""FOOTBALL_V13_FALLBACK"", ""impact"": ""neutral""}]","REJECT: positive=6, negative=2, neutral=2, confidence=1.000, risk=high",2026-09-20T18:21:30+00:00,2026-09-20T18:21:30+00:00
292157ef878f8d716ea66595,soccer_spain_la_liga,La Liga,Deportivo La Coruña vs Real Betis,Draw,Matchbook,2026-09-20T16:31:00Z,BLOCK,REJECT,0.37518375573267215,0.4087997960274672,1.8491579093203643,1.6117515546279715,1.0,high,"[{""label"": ""Raw edge"", ""value"": 1.8492, ""impact"": ""positive""}, {""label"": ""Consensus safety"", ""value"": 0.853, ""impact"": ""positive""}, {""label"": ""ELO separation"", ""value"": 83.3, ""impact"": ""positive""}, {""label"": ""Form separation"", ""value"": -0.1, ""impact"": ""positive""}, {""label"": ""Competition importance"", ""value"": 0.85, ""impact"": ""positive""}, {""label"": ""Model dispersion"", ""value"": 0.0053, ""impact"": ""positive""}]","[{""label"": ""Model-market gap"", ""value"": -0.0527, ""impact"": ""negative""}, {""label"": ""Historical xG"", ""value"": ""unavailable"", ""impact"": ""negative""}, {""label"": ""Decision rule"", ""value"": ""edge above max guard"", ""impact"": ""negative""}]","[{""label"": ""Probability source"", ""value"": ""FOOTBALL_V13_FALLBACK"", ""impact"": ""neutral""}]","REJECT: positive=6, negative=3, neutral=1, confidence=1.000, risk=high",2026-09-20T18:21:30+00:00,2026-09-20T18:21:30+00:00
cf3e4cff0db6a042a390fd84,soccer_spain_la_liga,La Liga,Deportivo La Coruña vs Real Betis,Real Betis,Unibet (SE),2026-09-20T16:31:00Z,BLOCK,REJECT,0.481709156046626,0.521725532506665,1.9333925905127338,1.6591930687581582,1.0,high,"[{""label"": ""Raw edge"", ""value"": 1.9334, ""impact"": ""positive""}, {""label"": ""ELO separation"", ""value"": 83.3, ""impact"": ""positive""}, {""label"": ""Form separation"", ""value"": -0.1, ""impact"": ""positive""}, {""label"": ""Competition importance"", ""value"": 0.85, ""impact"": ""positive""}, {""label"": ""Model dispersion"", ""value"": 0.0289, ""impact"": ""positive""}]","[{""label"": ""Model-market gap"", ""value"": -0.0634, ""impact"": ""negative""}, {""label"": ""Historical xG"", ""value"": ""unavailable"", ""impact"": ""negative""}, {""label"": ""Decision rule"", ""value"": ""edge above max guard"", ""impact"": ""negative""}]","[{""label"": ""Consensus safety"", ""value"": 0.778, ""impact"": ""neutral""}, {""label"": ""Probability source"", ""value"": ""FOOTBALL_V13_FALLBACK"", ""impact"": ""neutral""}]","REJECT: positive=5, negative=3, neutral=2, confidence=1.000, risk=high",2026-09-20T18:21:30+00:00,2026-09-20T18:21:30+00:00
65f066dfc02cc196b268569a,soccer_spain_la_liga,La Liga,Valencia vs Real Sociedad,Draw,1xBet,2026-09-20T19:00:00Z,BLOCK,REJECT,0.2849367006812208,0.2890625402602271,-0.02891105949371886,-0.015809361733744184,1.0,high,"[{""label"": ""Consensus safety"", ""value"": 0.98, ""impact"": ""positive""}, {""label"": ""ELO separation"", ""value"": 70.2, ""impact"": ""positive""}, {""label"": ""Form separation"", ""value"": -0.3333, ""impact"": ""positive""}, {""label"": ""Competition importance"", ""value"": 0.85, ""impact"": ""positive""}, {""label"": ""Model dispersion"", ""value"": 0.0017, ""impact"": ""positive""}]","[{""label"": ""Raw edge"", ""value"": -0.0289, ""impact"": ""negative""}, {""label"": ""Model-market gap"", ""value"": -0.0068, ""impact"": ""negative""}, {""label"": ""Historical xG"", ""value"": ""unavailable"", ""impact"": ""negative""}, {""label"": ""Decision rule"", ""value"": ""edge below minimum"", ""impact"": ""negative""}]","[{""label"": ""Probability source"", ""value"": ""FOOTBALL_V13_FALLBACK"", ""impact"": ""neutral""}]","REJECT: positive=5, negative=4, neutral=1, confidence=1.000, risk=high",2026-09-20T18:21:30+00:00,2026-09-20T18:21:30+00:00
786286fdcff09535743bac12,soccer_spain_la_liga,La Liga,Valencia vs Real Sociedad,Real Sociedad,Pinnacle,2026-09-20T19:00:00Z,BLOCK,REJECT,0.35749376664933274,0.359679654633521,-0.01741569990775138,-0.010607999998283314,1.0,high,"[{""label"": ""Consensus safety"", ""value"": 0.894, ""impact"": ""positive""}, {""label"": ""ELO separation"", ""value"": 70.2, ""impact"": ""positive""}, {""label"": ""Form separation"", ""value"": -0.3333, ""impact"": ""positive""}, {""label"": ""Competition importance"", ""value"": 0.85, ""impact"": ""positive""}, {""label"": ""Model dispersion"", ""value"": 0.0484, ""impact"": ""positive""}]","[{""label"": ""Raw edge"", ""value"": -0.0174, ""impact"": ""negative""}, {""label"": ""Model-market gap"", ""value"": -0.0037, ""impact"": ""negative""}, {""label"": ""Historical xG"", ""value"": ""unavailable"", ""impact"": ""negative""}, {""label"": ""Decision rule"", ""value"": ""edge below minimum"", ""impact"": ""negative""}]","[{""label"": ""Probability source"", ""value"": ""FOOTBALL_V13_FALLBACK"", ""impact"": ""neutral""}]","REJECT: positive=5, negative=4, neutral=1, confidence=1.000, risk=high",2026-09-20T18:21:30+00:00,2026-09-20T18:21:30+00:00
730e81b53e65dd592d25ea26,soccer_spain_la_liga,La Liga,Valencia vs Real Sociedad,Valencia,Matchbook,2026-09-20T19:00:00Z,BLOCK,REJECT,0.3567762945773337,0.3512578051062519,0.045521177447867656,0.0279040963225228,1.0,high,"[{""label"": ""Consensus safety"", ""value"": 0.889, ""impact"": ""positive""}, {""label"": ""ELO separation"", ""value"": 70.2, ""impact"": ""positive""}, {""label"": ""Form separation"", ""value"": -0.3333, ""impact"": ""positive""}, {""label"": ""Competition importance"", ""value"": 0.85, ""impact"": ""positive""}, {""label"": ""Model dispersion"", ""value"": 0.0483, ""impact"": ""positive""}]","[{""label"": ""Historical xG"", ""value"": ""unavailable"", ""impact"": ""negative""}, {""label"": ""Decision rule"", ""value"": ""edge below minimum"", ""impact"": ""negative""}]","[{""label"": ""Raw edge"", ""value"": 0.0455, ""impact"": ""neutral""}, {""label"": ""Model-market gap"", ""value"": 0.0093, ""impact"": ""neutral""}, {""label"": ""Probability source"", ""value"": ""FOOTBALL_V13_FALLBACK"", ""impact"": ""neutral""}]","REJECT: positive=5, negative=2, neutral=3, confidence=1.000, risk=high",2026-09-20T18:21:30+00:00,2026-09-20T18:21:30+00:00
20d6afb03c65d0156168ee37,soccer_spain_la_liga,La Liga,Málaga vs Espanyol,Draw,1xBet,2026-10-09T19:00:00Z,BLOCK,REJECT,0.28600626481926406,0.2913668760330188,-0.04367181309533896,-0.02656372077792889,1.0,high,"[{""label"": ""Consensus safety"", ""value"": 0.967, ""impact"": ""positive""}, {""label"": ""Form separation"", ""value"": -0.55, ""impact"": ""positive""}, {""label"": ""Competition importance"", ""value"": 0.85, ""impact"": ""positive""}, {""label"": ""Model dispersion"", ""value"": 0.011, ""impact"": ""positive""}]","[{""label"": ""Raw edge"", ""value"": -0.0437, ""impact"": ""negative""}, {""label"": ""Model-market gap"", ""value"": -0.0084, ""impact"": ""negative""}, {""label"": ""Historical xG"", ""value"": ""unavailable"", ""impact"": ""negative""}, {""label"": ""Decision rule"", ""value"": ""edge below minimum"", ""impact"": ""negative""}]","[{""label"": ""ELO separation"", ""value"": 1.5, ""impact"": ""neutral""}, {""label"": ""Probability source"", ""value"": ""FOOTBALL_V13_FALLBACK"", ""impact"": ""neutral""}]","REJECT: positive=4, negative=4, neutral=2, confidence=1.000, risk=high",2026-09-20T18:21:30+00:00,2026-09-20T18:21:30+00:00
62c52377884bfc7955bf4de3,soccer_spain_la_liga,La Liga,Málaga vs Espanyol,Espanyol,1xBet,2026-10-09T19:00:00Z,BLOCK,REJECT,0.32796698982856154,0.31380718726087337,0.05916791379949715,0.01903553917352372,0.8992048206737574,high,"[{""label"": ""Form separation"", ""value"": -0.55, ""impact"": ""positive""}, {""label"": ""Competition importance"", ""value"": 0.85, ""impact"": ""positive""}, {""label"": ""Model dispersion"", ""value"": 0.0933, ""impact"": ""positive""}]","[{""label"": ""Historical xG"", ""value"": ""unavailable"", ""impact"": ""negative""}, {""label"": ""Decision rule"", ""value"": ""edge below minimum"", ""impact"": ""negative""}]","[{""label"": ""Raw edge"", ""value"": 0.0592, ""impact"": ""neutral""}, {""label"": ""Consensus safety"", ""value"": 0.791, ""impact"": ""neutral""}, {""label"": ""Model-market gap"", ""value"": 0.0246, ""impact"": ""neutral""}, {""label"": ""ELO separation"", ""value"": 1.5, ""impact"": ""neutral""}, {""label"": ""Probability source"", ""value"": ""FOOTBALL_V13_FALLBACK"", ""impact"": ""neutral""}]","REJECT: positive=3, negative=2, neutral=5, confidence=0.899, risk=high",2026-09-20T18:21:30+00:00,2026-09-20T18:21:30+00:00
b8426442d6c13ede498a7955,soccer_spain_la_liga,La Liga,Málaga vs Espanyol,Málaga,1xBet,2026-10-09T19:00:00Z,BLOCK,REJECT,0.38385326913937734,0.39482593670610794,-0.059482865443644894,-0.029936513692264008,0.9296438674326184,high,"[{""label"": ""Form separation"", ""value"": -0.55, ""impact"": ""positive""}, {""label"": ""Competition importance"", ""value"": 0.85, ""impact"": ""positive""}, {""label"": ""Model dispersion"", ""value"": 0.0843, ""impact"": ""positive""}]","[{""label"": ""Raw edge"", ""value"": -0.0595, ""impact"": ""negative""}, {""label"": ""Model-market gap"", ""value"": -0.0186, ""impact"": ""negative""}, {""label"": ""Historical xG"", ""value"": ""unavailable"", ""impact"": ""negative""}, {""label"": ""Decision rule"", ""value"": ""edge below minimum"", ""impact"": ""negative""}]","[{""label"": ""Consensus safety"", ""value"": 0.818, ""impact"": ""neutral""}, {""label"": ""ELO separation"", ""value"": 1.5, ""impact"": ""neutral""}, {""label"": ""Probability source"", ""value"": ""FOOTBALL_V13_FALLBACK"", ""impact"": ""neutral""}]","REJECT: positive=3, negative=4, neutral=3, confidence=0.930, risk=high",2026-09-20T18:21:30+00:00,2026-09-20T18:21:30+00:00
e8da29f90c63d860f328abeb,soccer_spain_la_liga,La Liga,Rayo Vallecano vs Athletic Bilbao,Athletic Bilbao,Unibet (NL),2026-10-10T12:00:00Z,BLOCK,REJECT,0.40032433838614867,0.40779901231008747,-0.05336050840286899,-0.029533170095768974,0.9452886380001901,high,"[{""label"": ""ELO separation"", ""value"": 73.8, ""impact"": ""positive""}, {""label"": ""Form separation"", ""value"": -0.4167, ""impact"": ""positive""}, {""label"": ""Competition importance"", ""value"": 0.85, ""impact"": ""positive""}, {""label"": ""Model dispersion"", ""value"": 0.0697, ""impact"": ""positive""}]","[{""label"": ""Raw edge"", ""value"": -0.0534, ""impact"": ""negative""}, {""label"": ""Model-market gap"", ""value"": -0.0134, ""impact"": ""negative""}, {""label"": ""Historical xG"", ""value"": ""unavailable"", ""impact"": ""negative""}, {""label"": ""Decision rule"", ""value"": ""edge below minimum"", ""impact"": ""negative""}]","[{""label"": ""Consensus safety"", ""value"": 0.838, ""impact"": ""neutral""}, {""label"": ""Probability source"", ""value"": ""FOOTBALL_V13_FALLBACK"", ""impact"": ""neutral""}]","REJECT: positive=4, negative=4, neutral=2, confidence=0.945, risk=high",2026-09-20T18:21:30+00:00,2026-09-20T18:21:30+00:00
bfc7e8150cccba26cbfe98fe,soccer_spain_la_liga,La Liga,Rayo Vallecano vs Athletic Bilbao,Draw,1xBet,2026-10-10T12:00:00Z,BLOCK,REJECT,0.2768832804947348,0.27925048529047963,-0.03372495007782916,-0.022448081859676873,1.0,high,"[{""label"": ""Consensus safety"", ""value"": 0.985, ""impact"": ""positive""}, {""label"": ""ELO separation"", ""value"": 73.8, ""impact"": ""positive""}, {""label"": ""Form separation"", ""value"": -0.4167, ""impact"": ""positive""}, {""label"": ""Competition importance"", ""value"": 0.85, ""impact"": ""positive""}, {""label"": ""Model dispersion"", ""value"": 0.0043, ""impact"": ""positive""}]","[{""label"": ""Raw edge"", ""value"": -0.0337, ""impact"": ""negative""}, {""label"": ""Model-market gap"", ""value"": -0.004, ""impact"": ""negative""}, {""label"": ""Historical xG"", ""value"": ""unavailable"", ""impact"": ""negative""}, {""label"": ""Decision rule"", ""value"": ""edge below minimum"", ""impact"": ""negative""}]","[{""label"": ""Probability source"", ""value"": ""FOOTBALL_V13_FALLBACK"", ""impact"": ""neutral""}]","REJECT: positive=5, negative=4, neutral=1, confidence=1.000, risk=high",2026-09-20T18:21:30+00:00,2026-09-20T18:21:30+00:00
2d0027105097c29710fe3dc1,soccer_spain_la_liga,La Liga,Rayo Vallecano vs Athletic Bilbao,Rayo Vallecano,Tipico,2026-10-10T12:00:00Z,BLOCK,REJECT,0.3221997413282593,0.3129505023994329,0.053893522569810726,0.02365046192392496,0.9565530032620254,high,"[{""label"": ""ELO separation"", ""value"": 73.8, ""impact"": ""positive""}, {""label"": ""Form separation"", ""value"": -0.4167, ""impact"": ""positive""}, {""label"": ""Competition importance"", ""value"": 0.85, ""impact"": ""positive""}, {""label"": ""Model dispersion"", ""value"": 0.066, ""impact"": ""positive""}]","[{""label"": ""Historical xG"", ""value"": ""unavailable"", ""impact"": ""negative""}, {""label"": ""Decision rule"", ""value"": ""edge below minimum"", ""impact"": ""negative""}]","[{""label"": ""Raw edge"", ""value"": 0.0539, ""impact"": ""neutral""}, {""label"": ""Consensus safety"", ""value"": 0.84, ""impact"": ""neutral""}, {""label"": ""Model-market gap"", ""value"": 0.0164, ""impact"": ""neutral""}, {""label"": ""Probability source"", ""value"": ""FOOTBALL_V13_FALLBACK"", ""impact"": ""neutral""}]","REJECT: positive=4, negative=2, neutral=4, confidence=0.957, risk=high",2026-09-20T18:21:30+00:00,2026-09-20T18:21:30+00:00
8c76d39ad6e0cbe99637ec4c,soccer_spain_la_liga,La Liga,Alavés vs Atlético Madrid,Alavés,Tipico,2026-10-10T14:15:00Z,BLOCK,REJECT,0.3049731972448018,0.2623399111629958,0.28114300155800587,0.15086553681323472,1.0,high,"[{""label"": ""Raw edge"", ""value"": 0.2811, ""impact"": ""positive""}, {""label"": ""Model-market gap"", ""value"": 0.0662, ""impact"": ""positive""}, {""label"": ""ELO separation"", ""value"": 106.3, ""impact"": ""positive""}, {""label"": ""Form separation"", ""value"": 0.3333, ""impact"": ""positive""}, {""label"": ""Competition importance"", ""value"": 0.85, ""impact"": ""positive""}, {""label"": ""Model dispersion"", ""value"": 0.018, ""impact"": ""positive""}]","[{""label"": ""Historical xG"", ""value"": ""unavailable"", ""impact"": ""negative""}, {""label"": ""Decision rule"", ""value"": ""edge above max guard"", ""impact"": ""negative""}]","[{""label"": ""Consensus safety"", ""value"": 0.806, ""impact"": ""neutral""}, {""label"": ""Probability source"", ""value"": ""FOOTBALL_V13_FALLBACK"", ""impact"": ""neutral""}]","REJECT: positive=6, negative=2, neutral=2, confidence=1.000, risk=high",2026-09-20T18:21:30+00:00,2026-09-20T18:21:30+00:00
c972eddb0460ff218773b45b,soccer_spain_la_liga,La Liga,Alavés vs Atlético Madrid,Atlético Madrid,Unibet (SE),2026-10-10T14:15:00Z,BLOCK,REJECT,0.42651959134890066,0.4700353639877402,-0.16256534779644927,-0.08988363919674894,1.0,high,"[{""label"": ""ELO separation"", ""value"": 106.3, ""impact"": ""positive""}, {""label"": ""Form separation"", ""value"": 0.3333, ""impact"": ""positive""}, {""label"": ""Competition importance"", ""value"": 0.85, ""impact"": ""positive""}, {""label"": ""Model dispersion"", ""value"": 0.0146, ""impact"": ""positive""}]","[{""label"": ""Raw edge"", ""value"": -0.1626, ""impact"": ""negative""}, {""label"": ""Model-market gap"", ""value"": -0.0674, ""impact"": ""negative""}, {""label"": ""Historical xG"", ""value"": ""unavailable"", ""impact"": ""negative""}, {""label"": ""Decision rule"", ""value"": ""edge below minimum"", ""impact"": ""negative""}]","[{""label"": ""Consensus safety"", ""value"": 0.807, ""impact"": ""neutral""}, {""label"": ""Probability source"", ""value"": ""FOOTBALL_V13_FALLBACK"", ""impact"": ""neutral""}]","REJECT: positive=4, negative=4, neutral=2, confidence=1.000, risk=high",2026-09-20T18:21:30+00:00,2026-09-20T18:21:30+00:00
64a83d6b7cdb99ed36d44a0c,soccer_spain_la_liga,La Liga,Alavés vs Atlético Madrid,Draw,1xBet,2026-10-10T14:15:00Z,BLOCK,REJECT,0.26792828952260106,0.26762472484926403,0.005347519159230707,0.0037741644069026435,1.0,high,"[{""label"": ""Consensus safety"", ""value"": 0.991, ""impact"": ""positive""}, {""label"": ""ELO separation"", ""value"": 106.3, ""impact"": ""positive""}, {""label"": ""Form separation"", ""value"": 0.3333, ""impact"": ""positive""}, {""label"": ""Competition importance"", ""value"": 0.85, ""impact"": ""positive""}, {""label"": ""Model dispersion"", ""value"": 0.0036, ""impact"": ""positive""}]","[{""label"": ""Historical xG"", ""value"": ""unavailable"", ""impact"": ""negative""}, {""label"": ""Decision rule"", ""value"": ""edge below minimum"", ""impact"": ""negative""}]","[{""label"": ""Raw edge"", ""value"": 0.0053, ""impact"": ""neutral""}, {""label"": ""Model-market gap"", ""value"": 0.0005, ""impact"": ""neutral""}, {""label"": ""Probability source"", ""value"": ""FOOTBALL_V13_FALLBACK"", ""impact"": ""neutral""}]","REJECT: positive=5, negative=2, neutral=3, confidence=1.000, risk=high",2026-09-20T18:21:30+00:00,2026-09-20T18:21:30+00:00
7b25dee6c312ff2b7add2988,soccer_spain_la_liga,La Liga,Barcelona vs Getafe,Barcelona,Unibet (SE),2026-10-10T16:30:00Z,BLOCK,REJECT,0.861007347211626,0.8954537464337551,-0.1037178208487739,-0.06270719003016319,1.0,high,"[{""label"": ""ELO separation"", ""value"": 93.4, ""impact"": ""positive""}, {""label"": ""Form separation"", ""value"": 0.1667, ""impact"": ""positive""}, {""label"": ""Competition importance"", ""value"": 0.85, ""impact"": ""positive""}, {""label"": ""Model dispersion"", ""value"": 0.0137, ""impact"": ""positive""}]","[{""label"": ""Raw edge"", ""value"": -0.1037, ""impact"": ""negative""}, {""label"": ""Consensus safety"", ""value"": 0.478, ""impact"": ""negative""}, {""label"": ""Model-market gap"", ""value"": -0.0578, ""impact"": ""negative""}, {""label"": ""Historical xG"", ""value"": ""unavailable"", ""impact"": ""negative""}, {""label"": ""Decision rule"", ""value"": ""edge below minimum"", ""impact"": ""negative""}]","[{""label"": ""Probability source"", ""value"": ""FOOTBALL_V13_FALLBACK"", ""impact"": ""neutral""}]","REJECT: positive=4, negative=5, neutral=1, confidence=1.000, risk=high",2026-09-20T18:21:30+00:00,2026-09-20T18:21:30+00:00
750c6325fc23d73a39c48828,soccer_spain_la_liga,La Liga,Barcelona vs Getafe,Draw,1xBet,2026-10-10T16:30:00Z,BLOCK,REJECT,0.10718128668761524,0.07162394585285518,2.144039617984917,1.2543232341195805,1.0,high,"[{""label"": ""Raw edge"", ""value"": 2.144, ""impact"": ""positive""}, {""label"": ""Model-market gap"", ""value"": 0.0594, ""impact"": ""positive""}, {""label"": ""ELO separation"", ""value"": 93.4, ""impact"": ""positive""}, {""label"": ""Form separation"", ""value"": 0.1667, ""impact"": ""positive""}, {""label"": ""Competition importance"", ""value"": 0.85, ""impact"": ""positive""}, {""label"": ""Model dispersion"", ""value"": 0.0039, ""impact"": ""positive""}]","[{""label"": ""Historical xG"", ""value"": ""unavailable"", ""impact"": ""negative""}, {""label"": ""Decision rule"", ""value"": ""edge above max guard"", ""impact"": ""negative""}]","[{""label"": ""Consensus safety"", ""value"": 0.785, ""impact"": ""neutral""}, {""label"": ""Probability source"", ""value"": ""FOOTBALL_V13_FALLBACK"", ""impact"": ""neutral""}]","REJECT: positive=6, negative=2, neutral=2, confidence=1.000, risk=high",2026-09-20T18:21:30+00:00,2026-09-20T18:21:30+00:00
abb15794ae3b311e68a11963,soccer_spain_la_liga,La Liga,Barcelona vs Getafe,Getafe,1xBet,2026-10-10T16:30:00Z,BLOCK,REJECT,0.06774672815900933,0.03292230771338984,4.019582957550775,2.1746882597131467,1.0,high,"[{""label"": ""Raw edge"", ""value"": 4.0196, ""impact"": ""positive""}, {""label"": ""Model-market gap"", ""value"": 0.0583, ""impact"": ""positive""}, {""label"": ""ELO separation"", ""value"": 93.4, ""impact"": ""positive""}, {""label"": ""Form separation"", ""value"": 0.1667, ""impact"": ""positive""}, {""label"": ""Competition importance"", ""value"": 0.85, ""impact"": ""positive""}, {""label"": ""Model dispersion"", ""value"": 0.0104, ""impact"": ""positive""}]","[{""label"": ""Historical xG"", ""value"": ""unavailable"", ""impact"": ""negative""}, {""label"": ""Decision rule"", ""value"": ""edge above max guard"", ""impact"": ""negative""}]","[{""label"": ""Consensus safety"", ""value"": 0.693, ""impact"": ""neutral""}, {""label"": ""Probability source"", ""value"": ""FOOTBALL_V13_FALLBACK"", ""impact"": ""neutral""}]","REJECT: positive=6, negative=2, neutral=2, confidence=1.000, risk=high",2026-09-20T18:21:30+00:00,2026-09-20T18:21:30+00:00
0bdad2a02bc2ddc86512365d,soccer_spain_la_liga,La Liga,Real Madrid vs Villarreal,Draw,Tipico,2026-10-10T19:00:00Z,BLOCK,REJECT,0.17520105960342325,0.14280280969294842,0.45765214870340665,0.2501273007113805,1.0,high,"[{""label"": ""Raw edge"", ""value"": 0.4577, ""impact"": ""positive""}, {""label"": ""Consensus safety"", ""value"": 0.856, ""impact"": ""positive""}, {""label"": ""Model-market gap"", ""value"": 0.0516, ""impact"": ""positive""}, {""label"": ""Competition importance"", ""value"": 0.85, ""impact"": ""positive""}, {""label"": ""Model dispersion"", ""value"": 0.0036, ""impact"": ""positive""}]","[{""label"": ""Historical xG"", ""value"": ""unavailable"", ""impact"": ""negative""}, {""label"": ""Decision rule"", ""value"": ""edge above max guard"", ""impact"": ""negative""}]","[{""label"": ""ELO separation"", ""value"": 49.8, ""impact"": ""neutral""}, {""label"": ""Form separation"", ""value"": 0.0533, ""impact"": ""neutral""}, {""label"": ""Probability source"", ""value"": ""FOOTBALL_V13_FALLBACK"", ""impact"": ""neutral""}]","REJECT: positive=5, negative=2, neutral=3, confidence=1.000, risk=high",2026-09-20T18:21:30+00:00,2026-09-20T18:21:30+00:00
d70da78f7b4da35c4c749d44,soccer_spain_la_liga,La Liga,Real Madrid vs Villarreal,Real Madrid,Unibet (SE),2026-10-10T19:00:00Z,BLOCK,REJECT,0.7161633053126755,0.7546718155741926,-0.12020721770522602,-0.0720671817519398,1.0,high,"[{""label"": ""Competition importance"", ""value"": 0.85, ""impact"": ""positive""}, {""label"": ""Model dispersion"", ""value"": 0.0255, ""impact"": ""positive""}]","[{""label"": ""Raw edge"", ""value"": -0.1202, ""impact"": ""negative""}, {""label"": ""Model-market gap"", ""value"": -0.0619, ""impact"": ""negative""}, {""label"": ""Historical xG"", ""value"": ""unavailable"", ""impact"": ""negative""}, {""label"": ""Decision rule"", ""value"": ""edge below minimum"", ""impact"": ""negative""}]","[{""label"": ""Consensus safety"", ""value"": 0.605, ""impact"": ""neutral""}, {""label"": ""ELO separation"", ""value"": 49.8, ""impact"": ""neutral""}, {""label"": ""Form separation"", ""value"": 0.0533, ""impact"": ""neutral""}, {""label"": ""Probability source"", ""value"": ""FOOTBALL_V13_FALLBACK"", ""impact"": ""neutral""}]","REJECT: positive=2, negative=4, neutral=4, confidence=1.000, risk=high",2026-09-20T18:21:31+00:00,2026-09-20T18:21:31+00:00
07b826ce691bfcf101103227,soccer_spain_la_liga,La Liga,Real Madrid vs Villarreal,Villarreal,1xBet,2026-10-10T19:00:00Z,BLOCK,REJECT,0.14145412302974492,0.10252537473285882,0.8646760437861696,0.4773913106623342,1.0,high,"[{""label"": ""Raw edge"", ""value"": 0.8647, ""impact"": ""positive""}, {""label"": ""Model-market gap"", ""value"": 0.0625, ""impact"": ""positive""}, {""label"": ""Competition importance"", ""value"": 0.85, ""impact"": ""positive""}, {""label"": ""Model dispersion"", ""value"": 0.0219, ""impact"": ""positive""}]","[{""label"": ""Historical xG"", ""value"": ""unavailable"", ""impact"": ""negative""}, {""label"": ""Decision rule"", ""value"": ""edge above max guard"", ""impact"": ""negative""}]","[{""label"": ""Consensus safety"", ""value"": 0.748, ""impact"": ""neutral""}, {""label"": ""ELO separation"", ""value"": 49.8, ""impact"": ""neutral""}, {""label"": ""Form separation"", ""value"": 0.0533, ""impact"": ""neutral""}, {""label"": ""Probability source"", ""value"": ""FOOTBALL_V13_FALLBACK"", ""impact"": ""neutral""}]","REJECT: positive=4, negative=2, neutral=4, confidence=1.000, risk=high",2026-09-20T18:21:31+00:00,2026-09-20T18:21:31+00:00
905d766fc0ee7ebdefcc310a,soccer_spain_la_liga,La Liga,Elche CF vs Celta Vigo,Celta Vigo,1xBet,2026-10-11T12:00:00Z,BLOCK,REJECT,0.3708887479686136,0.3803326463056876,-0.051963059065629036,-0.028470656685629567,1.0,high,"[{""label"": ""Consensus safety"", ""value"": 0.926, ""impact"": ""positive""}, {""label"": ""ELO separation"", ""value"": 57.7, ""impact"": ""positive""}, {""label"": ""Form separation"", ""value"": -0.1111, ""impact"": ""positive""}, {""label"": ""Competition importance"", ""value"": 0.85, ""impact"": ""positive""}, {""label"": ""Model dispersion"", ""value"": 0.0262, ""impact"": ""positive""}]","[{""label"": ""Raw edge"", ""value"": -0.052, ""impact"": ""negative""}, {""label"": ""Model-market gap"", ""value"": -0.0157, ""impact"": ""negative""}, {""label"": ""Historical xG"", ""value"": ""unavailable"", ""impact"": ""negative""}, {""label"": ""Decision rule"", ""value"": ""edge below minimum"", ""impact"": ""negative""}]","[{""label"": ""Probability source"", ""value"": ""FOOTBALL_V13_FALLBACK"", ""impact"": ""neutral""}]","REJECT: positive=5, negative=4, neutral=1, confidence=1.000, risk=high",2026-09-20T18:21:31+00:00,2026-09-20T18:21:31+00:00
c5c98b4dc28c2ab08f118429,soccer_spain_la_liga,La Liga,Elche CF vs Celta Vigo,Draw,1xBet,2026-10-11T12:00:00Z,BLOCK,REJECT,0.2890393074156673,0.2935282240935012,-0.04711868779580031,-0.029914442686660377,1.0,high,"[{""label"": ""Consensus safety"", ""value"": 0.978, ""impact"": ""positive""}, {""label"": ""ELO separation"", ""value"": 57.7, ""impact"": ""positive""}, {""label"": ""Form separation"", ""value"": -0.1111, ""impact"": ""positive""}, {""label"": ""Competition importance"", ""value"": 0.85, ""impact"": ""positive""}, {""label"": ""Model dispersion"", ""value"": 0.0027, ""impact"": ""positive""}]","[{""label"": ""Raw edge"", ""value"": -0.0471, ""impact"": ""negative""}, {""label"": ""Model-market gap"", ""value"": -0.0074, ""impact"": ""negative""}, {""label"": ""Historical xG"", ""value"": ""unavailable"", ""impact"": ""negative""}, {""label"": ""Decision rule"", ""value"": ""edge below minimum"", ""impact"": ""negative""}]","[{""label"": ""Probability source"", ""value"": ""FOOTBALL_V13_FALLBACK"", ""impact"": ""neutral""}]","REJECT: positive=5, negative=4, neutral=1, confidence=1.000, risk=high",2026-09-20T18:21:31+00:00,2026-09-20T18:21:31+00:00
59024106f3a9dea26767b3b3,soccer_spain_la_liga,La Liga,Elche CF vs Celta Vigo,Elche CF,1xBet,2026-10-11T12:00:00Z,BLOCK,REJECT,0.3394731654557838,0.32613912960081126,0.05546737583400252,0.022818236732641387,1.0,high,"[{""label"": ""Consensus safety"", ""value"": 0.906, ""impact"": ""positive""}, {""label"": ""ELO separation"", ""value"": 57.7, ""impact"": ""positive""}, {""label"": ""Form separation"", ""value"": -0.1111, ""impact"": ""positive""}, {""label"": ""Competition importance"", ""value"": 0.85, ""impact"": ""positive""}, {""label"": ""Model dispersion"", ""value"": 0.0287, ""impact"": ""positive""}]","[{""label"": ""Historical xG"", ""value"": ""unavailable"", ""impact"": ""negative""}, {""label"": ""Decision rule"", ""value"": ""edge below minimum"", ""impact"": ""negative""}]","[{""label"": ""Raw edge"", ""value"": 0.0555, ""impact"": ""neutral""}, {""label"": ""Model-market gap"", ""value"": 0.0222, ""impact"": ""neutral""}, {""label"": ""Probability source"", ""value"": ""FOOTBALL_V13_FALLBACK"", ""impact"": ""neutral""}]","REJECT: positive=5, negative=2, neutral=3, confidence=1.000, risk=high",2026-09-20T18:21:31+00:00,2026-09-20T18:21:31+00:00
244cf70826f35dd921d075d1,soccer_spain_la_liga,La Liga,Real Sociedad vs Deportivo La Coruña,Deportivo La Coruña,1xBet,2026-10-11T14:15:00Z,BLOCK,REJECT,0.26594417015366856,0.24349554738180354,0.1756551319908175,0.09542931160412155,1.0,high,"[{""label"": ""Raw edge"", ""value"": 0.1757, ""impact"": ""positive""}, {""label"": ""Consensus safety"", ""value"": 0.868, ""impact"": ""positive""}, {""label"": ""Competition importance"", ""value"": 0.85, ""impact"": ""positive""}, {""label"": ""Model dispersion"", ""value"": 0.0381, ""impact"": ""positive""}]","[{""label"": ""Historical xG"", ""value"": ""unavailable"", ""impact"": ""negative""}, {""label"": ""Decision rule"", ""value"": ""odds above maximum"", ""impact"": ""negative""}]","[{""label"": ""Model-market gap"", ""value"": 0.0358, ""impact"": ""neutral""}, {""label"": ""ELO separation"", ""value"": 49.6, ""impact"": ""neutral""}, {""label"": ""Form separation"", ""value"": -0.0667, ""impact"": ""neutral""}, {""label"": ""Probability source"", ""value"": ""FOOTBALL_V13_FALLBACK"", ""impact"": ""neutral""}]","REJECT: positive=4, negative=2, neutral=4, confidence=1.000, risk=high",2026-09-20T18:21:31+00:00,2026-09-20T18:21:31+00:00
8d14ad50cf684073724a2208,soccer_spain_la_liga,La Liga,Real Sociedad vs Deportivo La Coruña,Draw,Unibet (SE),2026-10-11T14:15:00Z,BLOCK,REJECT,0.26643988416284536,0.2637779832655173,-0.008603255800337162,-0.01128924074434536,1.0,high,"[{""label"": ""Consensus safety"", ""value"": 0.988, ""impact"": ""positive""}, {""label"": ""Competition importance"", ""value"": 0.85, ""impact"": ""positive""}, {""label"": ""Model dispersion"", ""value"": 0.0015, ""impact"": ""positive""}]","[{""label"": ""Raw edge"", ""value"": -0.0086, ""impact"": ""negative""}, {""label"": ""Historical xG"", ""value"": ""unavailable"", ""impact"": ""negative""}, {""label"": ""Decision rule"", ""value"": ""edge below minimum"", ""impact"": ""negative""}]","[{""label"": ""Model-market gap"", ""value"": 0.0042, ""impact"": ""neutral""}, {""label"": ""ELO separation"", ""value"": 49.6, ""impact"": ""neutral""}, {""label"": ""Form separation"", ""value"": -0.0667, ""impact"": ""neutral""}, {""label"": ""Probability source"", ""value"": ""FOOTBALL_V13_FALLBACK"", ""impact"": ""neutral""}]","REJECT: positive=3, negative=3, neutral=4, confidence=1.000, risk=high",2026-09-20T18:21:31+00:00,2026-09-20T18:21:31+00:00
ba351f9b764409f2f62473b5,soccer_spain_la_liga,La Liga,Real Sociedad vs Deportivo La Coruña,Real Sociedad,1xBet,2026-10-11T14:15:00Z,BLOCK,REJECT,0.46815408829039384,0.4927264693526793,-0.10648671061861781,-0.062013276839138376,1.0,high,"[{""label"": ""Consensus safety"", ""value"": 0.857, ""impact"": ""positive""}, {""label"": ""Competition importance"", ""value"": 0.85, ""impact"": ""positive""}, {""label"": ""Model dispersion"", ""value"": 0.0395, ""impact"": ""positive""}]","[{""label"": ""Raw edge"", ""value"": -0.1065, ""impact"": ""negative""}, {""label"": ""Model-market gap"", ""value"": -0.0392, ""impact"": ""negative""}, {""label"": ""Historical xG"", ""value"": ""unavailable"", ""impact"": ""negative""}, {""label"": ""Decision rule"", ""value"": ""edge below minimum"", ""impact"": ""negative""}]","[{""label"": ""ELO separation"", ""value"": 49.6, ""impact"": ""neutral""}, {""label"": ""Form separation"", ""value"": -0.0667, ""impact"": ""neutral""}, {""label"": ""Probability source"", ""value"": ""FOOTBALL_V13_FALLBACK"", ""impact"": ""neutral""}]","REJECT: positive=3, negative=4, neutral=3, confidence=1.000, risk=high",2026-09-20T18:21:31+00:00,2026-09-20T18:21:31+00:00
86398b6e8f551c5402852044,soccer_spain_la_liga,La Liga,Real Betis vs CA Osasuna,CA Osasuna,Nordic Bet,2026-10-11T16:30:00Z,BLOCK,REJECT,0.20875610792838162,0.17332283563578196,0.34750082308126196,0.18453274943517928,1.0,high,"[{""label"": ""Raw edge"", ""value"": 0.3475, ""impact"": ""positive""}, {""label"": ""Model-market gap"", ""value"": 0.0551, ""impact"": ""positive""}, {""label"": ""ELO separation"", ""value"": 92.2, ""impact"": ""positive""}, {""label"": ""Form separation"", ""value"": 0.1044, ""impact"": ""positive""}, {""label"": ""Competition importance"", ""value"": 0.85, ""impact"": ""positive""}, {""label"": ""Model dispersion"", ""value"": 0.0194, ""impact"": ""positive""}]","[{""label"": ""Historical xG"", ""value"": ""unavailable"", ""impact"": ""negative""}, {""label"": ""Decision rule"", ""value"": ""edge above max guard"", ""impact"": ""negative""}]","[{""label"": ""Consensus safety"", ""value"": 0.842, ""impact"": ""neutral""}, {""label"": ""Probability source"", ""value"": ""FOOTBALL_V13_FALLBACK"", ""impact"": ""neutral""}]","REJECT: positive=6, negative=2, neutral=2, confidence=1.000, risk=high",2026-09-20T18:21:31+00:00,2026-09-20T18:21:31+00:00
b687a951806b4bffcd822d1a,soccer_spain_la_liga,La Liga,Real Betis vs CA Osasuna,Draw,1xBet,2026-10-11T16:30:00Z,BLOCK,REJECT,0.23811861356616315,0.22583806253763902,0.09422624174531924,0.051366478197369295,1.0,high,"[{""label"": ""Raw edge"", ""value"": 0.0942, ""impact"": ""positive""}, {""label"": ""Consensus safety"", ""value"": 0.949, ""impact"": ""positive""}, {""label"": ""ELO separation"", ""value"": 92.2, ""impact"": ""positive""}, {""label"": ""Form separation"", ""value"": 0.1044, ""impact"": ""positive""}, {""label"": ""Competition importance"", ""value"": 0.85, ""impact"": ""positive""}, {""label"": ""Model dispersion"", ""value"": 0.0047, ""impact"": ""positive""}]","[{""label"": ""Historical xG"", ""value"": ""unavailable"", ""impact"": ""negative""}, {""label"": ""Decision rule"", ""value"": ""odds above maximum"", ""impact"": ""negative""}]","[{""label"": ""Model-market gap"", ""value"": 0.019, ""impact"": ""neutral""}, {""label"": ""Probability source"", ""value"": ""FOOTBALL_V13_FALLBACK"", ""impact"": ""neutral""}]","REJECT: positive=6, negative=2, neutral=2, confidence=1.000, risk=high",2026-09-20T18:21:31+00:00,2026-09-20T18:21:31+00:00
4efbb152bebe3ee90008d6a9,soccer_spain_la_liga,La Liga,Real Betis vs CA Osasuna,Real Betis,1xBet,2026-10-11T16:30:00Z,BLOCK,REJECT,0.5583754117337677,0.600839101826579,-0.1391318086961545,-0.08058392022401198,1.0,high,"[{""label"": ""ELO separation"", ""value"": 92.2, ""impact"": ""positive""}, {""label"": ""Form separation"", ""value"": 0.1044, ""impact"": ""positive""}, {""label"": ""Competition importance"", ""value"": 0.85, ""impact"": ""positive""}, {""label"": ""Model dispersion"", ""value"": 0.0241, ""impact"": ""positive""}]","[{""label"": ""Raw edge"", ""value"": -0.1391, ""impact"": ""negative""}, {""label"": ""Model-market gap"", ""value"": -0.0661, ""impact"": ""negative""}, {""label"": ""Historical xG"", ""value"": ""unavailable"", ""impact"": ""negative""}, {""label"": ""Decision rule"", ""value"": ""edge below minimum"", ""impact"": ""negative""}]","[{""label"": ""Consensus safety"", ""value"": 0.791, ""impact"": ""neutral""}, {""label"": ""Probability source"", ""value"": ""FOOTBALL_V13_FALLBACK"", ""impact"": ""neutral""}]","REJECT: positive=4, negative=4, neutral=2, confidence=1.000, risk=high",2026-09-20T18:21:31+00:00,2026-09-20T18:21:31+00:00
61908b63f3021f1bef780216,soccer_spain_la_liga,La Liga,Real Racing Club de Santander vs Valencia,Draw,Unibet (NL),2026-10-11T19:00:00Z,BLOCK,REJECT,0.2601098798540995,0.25725421055613124,0.00818682442541041,0.0011335398247735579,1.0,high,"[{""label"": ""Consensus safety"", ""value"": 0.986, ""impact"": ""positive""}, {""label"": ""ELO separation"", ""value"": 87.5, ""impact"": ""positive""}, {""label"": ""Form separation"", ""value"": 0.3333, ""impact"": ""positive""}, {""label"": ""Competition importance"", ""value"": 0.85, ""impact"": ""positive""}, {""label"": ""Model dispersion"", ""value"": 0.0029, ""impact"": ""positive""}]","[{""label"": ""Historical xG"", ""value"": ""unavailable"", ""impact"": ""negative""}, {""label"": ""Decision rule"", ""value"": ""edge below minimum"", ""impact"": ""negative""}]","[{""label"": ""Raw edge"", ""value"": 0.0082, ""impact"": ""neutral""}, {""label"": ""Model-market gap"", ""value"": 0.0046, ""impact"": ""neutral""}, {""label"": ""Probability source"", ""value"": ""FOOTBALL_V13_FALLBACK"", ""impact"": ""neutral""}]","REJECT: positive=5, negative=2, neutral=3, confidence=1.000, risk=high",2026-09-20T18:21:31+00:00,2026-09-20T18:21:31+00:00
1a3cf90cb70f171b36be3cde,soccer_spain_la_liga,La Liga,Real Racing Club de Santander vs Valencia,Real Racing Club de Santander,1xBet,2026-10-11T19:00:00Z,BLOCK,REJECT,0.47897082757655585,0.4943097217687499,-0.05176079967167324,-0.025909658515371477,1.0,high,"[{""label"": ""Consensus safety"", ""value"": 0.925, ""impact"": ""positive""}, {""label"": ""ELO separation"", ""value"": 87.5, ""impact"": ""positive""}, {""label"": ""Form separation"", ""value"": 0.3333, ""impact"": ""positive""}, {""label"": ""Competition importance"", ""value"": 0.85, ""impact"": ""positive""}, {""label"": ""Model dispersion"", ""value"": 0.012, ""impact"": ""positive""}]","[{""label"": ""Raw edge"", ""value"": -0.0518, ""impact"": ""negative""}, {""label"": ""Model-market gap"", ""value"": -0.0249, ""impact"": ""negative""}, {""label"": ""Historical xG"", ""value"": ""unavailable"", ""impact"": ""negative""}, {""label"": ""Decision rule"", ""value"": ""edge below minimum"", ""impact"": ""negative""}]","[{""label"": ""Probability source"", ""value"": ""FOOTBALL_V13_FALLBACK"", ""impact"": ""neutral""}]","REJECT: positive=5, negative=4, neutral=1, confidence=1.000, risk=high",2026-09-20T18:21:31+00:00,2026-09-20T18:21:31+00:00
314ec3915f88964a9ba11389,soccer_spain_la_liga,La Liga,Real Racing Club de Santander vs Valencia,Valencia,Unibet (NL),2026-10-11T19:00:00Z,BLOCK,REJECT,0.2611680976303567,0.2484360676751189,0.10316629394464516,0.05638810021971234,1.0,high,"[{""label"": ""Raw edge"", ""value"": 0.1032, ""impact"": ""positive""}, {""label"": ""Consensus safety"", ""value"": 0.938, ""impact"": ""positive""}, {""label"": ""ELO separation"", ""value"": 87.5, ""impact"": ""positive""}, {""label"": ""Form separation"", ""value"": 0.3333, ""impact"": ""positive""}, {""label"": ""Competition importance"", ""value"": 0.85, ""impact"": ""positive""}, {""label"": ""Model dispersion"", ""value"": 0.0094, ""impact"": ""positive""}]","[{""label"": ""Historical xG"", ""value"": ""unavailable"", ""impact"": ""negative""}, {""label"": ""Decision rule"", ""value"": ""odds above maximum"", ""impact"": ""negative""}]","[{""label"": ""Model-market gap"", ""value"": 0.0206, ""impact"": ""neutral""}, {""label"": ""Probability source"", ""value"": ""FOOTBALL_V13_FALLBACK"", ""impact"": ""neutral""}]","REJECT: positive=6, negative=2, neutral=2, confidence=1.000, risk=high",2026-09-20T18:21:31+00:00,2026-09-20T18:21:31+00:00
08972e5988f114aba6cf34c4,soccer_spain_la_liga,La Liga,Levante vs Sevilla,Draw,1xBet,2026-10-12T19:00:00Z,BLOCK,REJECT,0.2857948963568757,0.28998490958033524,-0.038531423831361766,-0.02485375168743916,1.0,high,"[{""label"": ""Consensus safety"", ""value"": 0.98, ""impact"": ""positive""}, {""label"": ""ELO separation"", ""value"": 75.6, ""impact"": ""positive""}, {""label"": ""Form separation"", ""value"": -0.2186, ""impact"": ""positive""}, {""label"": ""Competition importance"", ""value"": 0.85, ""impact"": ""positive""}, {""label"": ""Model dispersion"", ""value"": 0.0038, ""impact"": ""positive""}]","[{""label"": ""Raw edge"", ""value"": -0.0385, ""impact"": ""negative""}, {""label"": ""Model-market gap"", ""value"": -0.0064, ""impact"": ""negative""}, {""label"": ""Historical xG"", ""value"": ""unavailable"", ""impact"": ""negative""}, {""label"": ""Decision rule"", ""value"": ""edge below minimum"", ""impact"": ""negative""}]","[{""label"": ""Probability source"", ""value"": ""FOOTBALL_V13_FALLBACK"", ""impact"": ""neutral""}]","REJECT: positive=5, negative=4, neutral=1, confidence=1.000, risk=high",2026-09-20T18:21:31+00:00,2026-09-20T18:21:31+00:00
a9fce7f57d3d36ead0801a67,soccer_spain_la_liga,La Liga,Levante vs Sevilla,Levante,1xBet,2026-10-12T19:00:00Z,BLOCK,REJECT,0.3732237582199075,0.3697345423160117,0.0053502486950776085,0.00019119536148873685,1.0,high,"[{""label"": ""Consensus safety"", ""value"": 0.906, ""impact"": ""positive""}, {""label"": ""ELO separation"", ""value"": 75.6, ""impact"": ""positive""}, {""label"": ""Form separation"", ""value"": -0.2186, ""impact"": ""positive""}, {""label"": ""Competition importance"", ""value"": 0.85, ""impact"": ""positive""}, {""label"": ""Model dispersion"", ""value"": 0.0425, ""impact"": ""positive""}]","[{""label"": ""Historical xG"", ""value"": ""unavailable"", ""impact"": ""negative""}, {""label"": ""Decision rule"", ""value"": ""edge below minimum"", ""impact"": ""negative""}]","[{""label"": ""Raw edge"", ""value"": 0.0054, ""impact"": ""neutral""}, {""label"": ""Model-market gap"", ""value"": 0.0054, ""impact"": ""neutral""}, {""label"": ""Probability source"", ""value"": ""FOOTBALL_V13_FALLBACK"", ""impact"": ""neutral""}]","REJECT: positive=5, negative=2, neutral=3, confidence=1.000, risk=high",2026-09-20T18:21:31+00:00,2026-09-20T18:21:31+00:00
6bbe7fe7cf51fe1d8a8155e7,soccer_spain_la_liga,La Liga,Levante vs Sevilla,Sevilla,Unibet (NL),2026-10-12T19:00:00Z,BLOCK,REJECT,0.34036453174881864,0.34028054810365305,-0.012810413432284173,-0.010309809505755538,1.0,high,"[{""label"": ""Consensus safety"", ""value"": 0.918, ""impact"": ""positive""}, {""label"": ""ELO separation"", ""value"": 75.6, ""impact"": ""positive""}, {""label"": ""Form separation"", ""value"": -0.2186, ""impact"": ""positive""}, {""label"": ""Competition importance"", ""value"": 0.85, ""impact"": ""positive""}, {""label"": ""Model dispersion"", ""value"": 0.0387, ""impact"": ""positive""}]","[{""label"": ""Raw edge"", ""value"": -0.0128, ""impact"": ""negative""}, {""label"": ""Historical xG"", ""value"": ""unavailable"", ""impact"": ""negative""}, {""label"": ""Decision rule"", ""value"": ""edge below minimum"", ""impact"": ""negative""}]","[{""label"": ""Model-market gap"", ""value"": 0.0001, ""impact"": ""neutral""}, {""label"": ""Probability source"", ""value"": ""FOOTBALL_V13_FALLBACK"", ""impact"": ""neutral""}]","REJECT: positive=5, negative=3, neutral=2, confidence=1.000, risk=high",2026-09-20T18:21:31+00:00,2026-09-20T18:21:31+00:00
a8188a063b1d4612c90e05df,soccer_germany_bundesliga,Bundesliga,SC Paderborn vs TSG Hoffenheim,Draw,Tipico,2026-09-20T17:30:00Z,BLOCK,REJECT,0.19775299912971683,0.17894824852470462,0.2685671645947081,0.1594096173259925,1.0,high,"[{""label"": ""Raw edge"", ""value"": 0.2686, ""impact"": ""positive""}, {""label"": ""Consensus safety"", ""value"": 0.9, ""impact"": ""positive""}, {""label"": ""ELO separation"", ""value"": 76.6, ""impact"": ""positive""}, {""label"": ""Competition importance"", ""value"": 0.85, ""impact"": ""positive""}, {""label"": ""Model dispersion"", ""value"": 0.0034, ""impact"": ""positive""}]","[{""label"": ""Historical xG"", ""value"": ""unavailable"", ""impact"": ""negative""}, {""label"": ""Decision rule"", ""value"": ""edge above max guard"", ""impact"": ""negative""}]","[{""label"": ""Model-market gap"", ""value"": 0.0325, ""impact"": ""neutral""}, {""label"": ""Form separation"", ""value"": 0.0, ""impact"": ""neutral""}, {""label"": ""Probability source"", ""value"": ""FOOTBALL_V13_FALLBACK"", ""impact"": ""neutral""}]","REJECT: positive=5, negative=2, neutral=3, confidence=1.000, risk=high",2026-09-20T18:21:31+00:00,2026-09-20T18:21:31+00:00
3ef05caa99c0550851fc8ba2,soccer_germany_bundesliga,Bundesliga,SC Paderborn vs TSG Hoffenheim,SC Paderborn,Pinnacle,2026-09-20T17:30:00Z,BLOCK,REJECT,0.6760520021076104,0.7056706409091521,0.40587789672703867,0.3875987584956352,1.0,high,"[{""label"": ""Raw edge"", ""value"": 0.4059, ""impact"": ""positive""}, {""label"": ""ELO separation"", ""value"": 76.6, ""impact"": ""positive""}, {""label"": ""Competition importance"", ""value"": 0.85, ""impact"": ""positive""}, {""label"": ""Model dispersion"", ""value"": 0.0264, ""impact"": ""positive""}]","[{""label"": ""Model-market gap"", ""value"": -0.0518, ""impact"": ""negative""}, {""label"": ""Historical xG"", ""value"": ""unavailable"", ""impact"": ""negative""}, {""label"": ""Decision rule"", ""value"": ""edge above max guard"", ""impact"": ""negative""}]","[{""label"": ""Consensus safety"", ""value"": 0.657, ""impact"": ""neutral""}, {""label"": ""Form separation"", ""value"": 0.0, ""impact"": ""neutral""}, {""label"": ""Probability source"", ""value"": ""FOOTBALL_V13_FALLBACK"", ""impact"": ""neutral""}]","REJECT: positive=4, negative=3, neutral=3, confidence=1.000, risk=high",2026-09-20T18:21:31+00:00,2026-09-20T18:21:31+00:00
d560dce1402eb2f8c535ff38,soccer_germany_bundesliga,Bundesliga,SC Paderborn vs TSG Hoffenheim,TSG Hoffenheim,Betfair,2026-09-20T17:30:00Z,BLOCK,REJECT,0.14531264618549783,0.11538111056614336,0.8438425065761379,0.5114624426400858,1.0,high,"[{""label"": ""Raw edge"", ""value"": 0.8438, ""impact"": ""positive""}, {""label"": ""Model-market gap"", ""value"": 0.0522, ""impact"": ""positive""}, {""label"": ""ELO separation"", ""value"": 76.6, ""impact"": ""positive""}, {""label"": ""Competition importance"", ""value"": 0.85, ""impact"": ""positive""}, {""label"": ""Model dispersion"", ""value"": 0.0235, ""impact"": ""positive""}]","[{""label"": ""Historical xG"", ""value"": ""unavailable"", ""impact"": ""negative""}, {""label"": ""Decision rule"", ""value"": ""edge above max guard"", ""impact"": ""negative""}]","[{""label"": ""Consensus safety"", ""value"": 0.756, ""impact"": ""neutral""}, {""label"": ""Form separation"", ""value"": 0.0, ""impact"": ""neutral""}, {""label"": ""Probability source"", ""value"": ""FOOTBALL_V13_FALLBACK"", ""impact"": ""neutral""}]","REJECT: positive=5, negative=2, neutral=3, confidence=1.000, risk=high",2026-09-20T18:21:31+00:00,2026-09-20T18:21:31+00:00
4d1b2433a36951f158dbf217,soccer_germany_bundesliga,Bundesliga,Borussia Dortmund vs Werder Bremen,Borussia Dortmund,1xBet,2026-10-09T18:30:00Z,BLOCK,REJECT,0.6509380303907515,0.686385503179025,-0.12132402410960186,-0.07590879543463482,1.0,high,"[{""label"": ""ELO separation"", ""value"": 85.1, ""impact"": ""positive""}, {""label"": ""Form separation"", ""value"": 0.5333, ""impact"": ""positive""}, {""label"": ""Competition importance"", ""value"": 0.85, ""impact"": ""positive""}, {""label"": ""Model dispersion"", ""value"": 0.0203, ""impact"": ""positive""}]","[{""label"": ""Raw edge"", ""value"": -0.1213, ""impact"": ""negative""}, {""label"": ""Model-market gap"", ""value"": -0.0588, ""impact"": ""negative""}, {""label"": ""Historical xG"", ""value"": ""unavailable"", ""impact"": ""negative""}, {""label"": ""Decision rule"", ""value"": ""edge below minimum"", ""impact"": ""negative""}]","[{""label"": ""Consensus safety"", ""value"": 0.723, ""impact"": ""neutral""}, {""label"": ""Probability source"", ""value"": ""FOOTBALL_V13_FALLBACK"", ""impact"": ""neutral""}]","REJECT: positive=4, negative=4, neutral=2, confidence=1.000, risk=high",2026-09-20T18:21:31+00:00,2026-09-20T18:21:31+00:00
d5f157acc04f4c2b172d3a3a,soccer_germany_bundesliga,Bundesliga,Borussia Dortmund vs Werder Bremen,Draw,Tipico,2026-10-09T18:30:00Z,BLOCK,REJECT,0.1985319595308122,0.17812446458791048,0.22766672161129264,0.12946860241699754,1.0,high,"[{""label"": ""Raw edge"", ""value"": 0.2277, ""impact"": ""positive""}, {""label"": ""Consensus safety"", ""value"": 0.904, ""impact"": ""positive""}, {""label"": ""ELO separation"", ""value"": 85.1, ""impact"": ""positive""}, {""label"": ""Form separation"", ""value"": 0.5333, ""impact"": ""positive""}, {""label"": ""Competition importance"", ""value"": 0.85, ""impact"": ""positive""}, {""label"": ""Model dispersion"", ""value"": 0.0031, ""impact"": ""positive""}]","[{""label"": ""Historical xG"", ""value"": ""unavailable"", ""impact"": ""negative""}, {""label"": ""Decision rule"", ""value"": ""odds above maximum"", ""impact"": ""negative""}]","[{""label"": ""Model-market gap"", ""value"": 0.0335, ""impact"": ""neutral""}, {""label"": ""Probability source"", ""value"": ""FOOTBALL_V13_FALLBACK"", ""impact"": ""neutral""}]","REJECT: positive=6, negative=2, neutral=2, confidence=1.000, risk=high",2026-09-20T18:21:31+00:00,2026-09-20T18:21:31+00:00
0e06ff8631d289cd0ddef501,soccer_germany_bundesliga,Bundesliga,Borussia Dortmund vs Werder Bremen,Werder Bremen,1xBet,2026-10-09T18:30:00Z,BLOCK,REJECT,0.17095841068556472,0.13549003223306458,0.5341976968862658,0.3000612134626091,1.0,high,"[{""label"": ""Raw edge"", ""value"": 0.5342, ""impact"": ""positive""}, {""label"": ""Model-market gap"", ""value"": 0.0587, ""impact"": ""positive""}, {""label"": ""ELO separation"", ""value"": 85.1, ""impact"": ""positive""}, {""label"": ""Form separation"", ""value"": 0.5333, ""impact"": ""positive""}, {""label"": ""Competition importance"", ""value"": 0.85, ""impact"": ""positive""}, {""label"": ""Model dispersion"", ""value"": 0.0174, ""impact"": ""positive""}]","[{""label"": ""Historical xG"", ""value"": ""unavailable"", ""impact"": ""negative""}, {""label"": ""Decision rule"", ""value"": ""edge above max guard"", ""impact"": ""negative""}]","[{""label"": ""Consensus safety"", ""value"": 0.819, ""impact"": ""neutral""}, {""label"": ""Probability source"", ""value"": ""FOOTBALL_V13_FALLBACK"", ""impact"": ""neutral""}]","REJECT: positive=6, negative=2, neutral=2, confidence=1.000, risk=high",2026-09-20T18:21:31+00:00,2026-09-20T18:21:31+00:00
9ac469cab17dc3632e384108,soccer_germany_bundesliga,Bundesliga,Augsburg vs Bayern Munich,Augsburg,Betsson,2026-10-10T13:30:00Z,BLOCK,REJECT,0.13698622341354916,0.10535934458089223,0.8419379970941283,0.543482079912991,1.0,high,"[{""label"": ""Raw edge"", ""value"": 0.8419, ""impact"": ""positive""}, {""label"": ""Model-market gap"", ""value"": 0.0548, ""impact"": ""positive""}, {""label"": ""ELO separation"", ""value"": 93.3, ""impact"": ""positive""}, {""label"": ""Form separation"", ""value"": 0.1667, ""impact"": ""positive""}, {""label"": ""Competition importance"", ""value"": 0.85, ""impact"": ""positive""}, {""label"": ""Model dispersion"", ""value"": 0.0074, ""impact"": ""positive""}]","[{""label"": ""Historical xG"", ""value"": ""unavailable"", ""impact"": ""negative""}, {""label"": ""Decision rule"", ""value"": ""edge above max guard"", ""impact"": ""negative""}]","[{""label"": ""Consensus safety"", ""value"": 0.662, ""impact"": ""neutral""}, {""label"": ""Probability source"", ""value"": ""FOOTBALL_V13_FALLBACK"", ""impact"": ""neutral""}]","REJECT: positive=6, negative=2, neutral=2, confidence=1.000, risk=high",2026-09-20T18:21:31+00:00,2026-09-20T18:21:31+00:00
78bb5973ede681af51839c4f,soccer_germany_bundesliga,Bundesliga,Augsburg vs Bayern Munich,Bayern Munich,1xBet,2026-10-10T13:30:00Z,BLOCK,REJECT,0.7343329589208154,0.766303184973311,-0.11837284479258892,-0.07654249612513754,1.0,high,"[{""label"": ""ELO separation"", ""value"": 93.3, ""impact"": ""positive""}, {""label"": ""Form separation"", ""value"": 0.1667, ""impact"": ""positive""}, {""label"": ""Competition importance"", ""value"": 0.85, ""impact"": ""positive""}, {""label"": ""Model dispersion"", ""value"": 0.0043, ""impact"": ""positive""}]","[{""label"": ""Raw edge"", ""value"": -0.1184, ""impact"": ""negative""}, {""label"": ""Consensus safety"", ""value"": 0.511, ""impact"": ""negative""}, {""label"": ""Model-market gap"", ""value"": -0.0553, ""impact"": ""negative""}, {""label"": ""Historical xG"", ""value"": ""unavailable"", ""impact"": ""negative""}, {""label"": ""Decision rule"", ""value"": ""edge below minimum"", ""impact"": ""negative""}]","[{""label"": ""Probability source"", ""value"": ""FOOTBALL_V13_FALLBACK"", ""impact"": ""neutral""}]","REJECT: positive=4, negative=5, neutral=1, confidence=1.000, risk=high",2026-09-20T18:21:31+00:00,2026-09-20T18:21:31+00:00
3cf8c420e12de345490791b5,soccer_germany_bundesliga,Bundesliga,Augsburg vs Bayern Munich,Draw,1xBet,2026-10-10T13:30:00Z,BLOCK,REJECT,0.15712182391500873,0.12833747044579685,0.46942038322722457,0.2535707069211023,1.0,high,"[{""label"": ""Raw edge"", ""value"": 0.4694, ""impact"": ""positive""}, {""label"": ""Model-market gap"", ""value"": 0.0498, ""impact"": ""positive""}, {""label"": ""ELO separation"", ""value"": 93.3, ""impact"": ""positive""}, {""label"": ""Form separation"", ""value"": 0.1667, ""impact"": ""positive""}, {""label"": ""Competition importance"", ""value"": 0.85, ""impact"": ""positive""}, {""label"": ""Model dispersion"", ""value"": 0.0032, ""impact"": ""positive""}]","[{""label"": ""Historical xG"", ""value"": ""unavailable"", ""impact"": ""negative""}, {""label"": ""Decision rule"", ""value"": ""edge above max guard"", ""impact"": ""negative""}]","[{""label"": ""Consensus safety"", ""value"": 0.849, ""impact"": ""neutral""}, {""label"": ""Probability source"", ""value"": ""FOOTBALL_V13_FALLBACK"", ""impact"": ""neutral""}]","REJECT: positive=6, negative=2, neutral=2, confidence=1.000, risk=high",2026-09-20T18:21:31+00:00,2026-09-20T18:21:31+00:00
a9456e557487f7ff5d76d884,soccer_germany_bundesliga,Bundesliga,FSV Mainz 05 vs Bayer Leverkusen,Bayer Leverkusen,1xBet,2026-10-10T13:30:00Z,BLOCK,REJECT,0.4002096000191705,0.41837306929919904,-0.09592936070534286,-0.0543591006303855,1.0,high,"[{""label"": ""Consensus safety"", ""value"": 0.898, ""impact"": ""positive""}, {""label"": ""ELO separation"", ""value"": 69.4, ""impact"": ""positive""}, {""label"": ""Competition importance"", ""value"": 0.85, ""impact"": ""positive""}, {""label"": ""Model dispersion"", ""value"": 0.009, ""impact"": ""positive""}]","[{""label"": ""Raw edge"", ""value"": -0.0959, ""impact"": ""negative""}, {""label"": ""Model-market gap"", ""value"": -0.032, ""impact"": ""negative""}, {""label"": ""Historical xG"", ""value"": ""unavailable"", ""impact"": ""negative""}, {""label"": ""Decision rule"", ""value"": ""edge below minimum"", ""impact"": ""negative""}]","[{""label"": ""Form separation"", ""value"": 0.0, ""impact"": ""neutral""}, {""label"": ""Probability source"", ""value"": ""FOOTBALL_V13_FALLBACK"", ""impact"": ""neutral""}]","REJECT: positive=4, negative=4, neutral=2, confidence=1.000, risk=high",2026-09-20T18:21:31+00:00,2026-09-20T18:21:31+00:00
3c78b71ef9cd14aaba40bdfc,soccer_germany_bundesliga,Bundesliga,FSV Mainz 05 vs Bayer Leverkusen,Draw,1xBet,2026-10-10T13:30:00Z,BLOCK,REJECT,0.2545498860423467,0.2505885108589859,0.01988165987617463,0.006862382657078617,1.0,high,"[{""label"": ""Consensus safety"", ""value"": 0.978, ""impact"": ""positive""}, {""label"": ""ELO separation"", ""value"": 69.4, ""impact"": ""positive""}, {""label"": ""Competition importance"", ""value"": 0.85, ""impact"": ""positive""}, {""label"": ""Model dispersion"", ""value"": 0.0021, ""impact"": ""positive""}]","[{""label"": ""Historical xG"", ""value"": ""unavailable"", ""impact"": ""negative""}, {""label"": ""Decision rule"", ""value"": ""edge below minimum"", ""impact"": ""negative""}]","[{""label"": ""Raw edge"", ""value"": 0.0199, ""impact"": ""neutral""}, {""label"": ""Model-market gap"", ""value"": 0.007, ""impact"": ""neutral""}, {""label"": ""Form separation"", ""value"": 0.0, ""impact"": ""neutral""}, {""label"": ""Probability source"", ""value"": ""FOOTBALL_V13_FALLBACK"", ""impact"": ""neutral""}]","REJECT: positive=4, negative=2, neutral=4, confidence=1.000, risk=high",2026-09-20T18:21:31+00:00,2026-09-20T18:21:31+00:00
e1b0a4e885afb5e1d12782b2,soccer_germany_bundesliga,Bundesliga,FSV Mainz 05 vs Bayer Leverkusen,FSV Mainz 05,Nordic Bet,2026-10-10T13:30:00Z,PASS,PASS,0.34528976944509104,0.3310384198418151,0.12195270465626917,0.07492193573149535,1.0,low,"[{""label"": ""Raw edge"", ""value"": 0.122, ""impact"": ""positive""}, {""label"": ""Consensus safety"", ""value"": 0.918, ""impact"": ""positive""}, {""label"": ""ELO separation"", ""value"": 69.4, ""impact"": ""positive""}, {""label"": ""Competition importance"", ""value"": 0.85, ""impact"": ""positive""}, {""label"": ""Model dispersion"", ""value"": 0.0102, ""impact"": ""positive""}]","[{""label"": ""Historical xG"", ""value"": ""unavailable"", ""impact"": ""negative""}]","[{""label"": ""Model-market gap"", ""value"": 0.0251, ""impact"": ""neutral""}, {""label"": ""Form separation"", ""value"": 0.0, ""impact"": ""neutral""}, {""label"": ""Probability source"", ""value"": ""FOOTBALL_V13_FALLBACK"", ""impact"": ""neutral""}]","PASS: positive=5, negative=1, neutral=3, confidence=1.000, risk=low",2026-09-20T18:21:31+00:00,2026-09-20T18:21:31+00:00
0b41cd1624e42253d30e1e15,soccer_germany_bundesliga,Bundesliga,Union Berlin vs Elversberg,Draw,1xBet,2026-10-10T13:30:00Z,BLOCK,REJECT,0.2603277506671369,0.2577923967006298,0.017550733262958307,0.008620548954109845,1.0,high,"[{""label"": ""Consensus safety"", ""value"": 0.983, ""impact"": ""positive""}, {""label"": ""Form separation"", ""value"": -0.5, ""impact"": ""positive""}, {""label"": ""Competition importance"", ""value"": 0.85, ""impact"": ""positive""}, {""label"": ""Model dispersion"", ""value"": 0.0036, ""impact"": ""positive""}]","[{""label"": ""Historical xG"", ""value"": ""unavailable"", ""impact"": ""negative""}, {""label"": ""Decision rule"", ""value"": ""edge below minimum"", ""impact"": ""negative""}]","[{""label"": ""Raw edge"", ""value"": 0.0176, ""impact"": ""neutral""}, {""label"": ""Model-market gap"", ""value"": 0.0045, ""impact"": ""neutral""}, {""label"": ""ELO separation"", ""value"": 28.3, ""impact"": ""neutral""}, {""label"": ""Probability source"", ""value"": ""FOOTBALL_V13_FALLBACK"", ""impact"": ""neutral""}]","REJECT: positive=4, negative=2, neutral=4, confidence=1.000, risk=high",2026-09-20T18:21:31+00:00,2026-09-20T18:21:31+00:00
8836008d1d1174bf916eae47,soccer_germany_bundesliga,Bundesliga,Union Berlin vs Elversberg,Elversberg,1xBet,2026-10-10T13:30:00Z,BLOCK,REJECT,0.33213128157036453,0.3288139258843245,-0.005483804647664403,-0.01144708415038024,0.9855500960940381,high,"[{""label"": ""Consensus safety"", ""value"": 0.876, ""impact"": ""positive""}, {""label"": ""Form separation"", ""value"": -0.5, ""impact"": ""positive""}, {""label"": ""Competition importance"", ""value"": 0.85, ""impact"": ""positive""}, {""label"": ""Model dispersion"", ""value"": 0.0496, ""impact"": ""positive""}]","[{""label"": ""Raw edge"", ""value"": -0.0055, ""impact"": ""negative""}, {""label"": ""Historical xG"", ""value"": ""unavailable"", ""impact"": ""negative""}, {""label"": ""Decision rule"", ""value"": ""edge below minimum"", ""impact"": ""negative""}]","[{""label"": ""Model-market gap"", ""value"": 0.006, ""impact"": ""neutral""}, {""label"": ""ELO separation"", ""value"": 28.3, ""impact"": ""neutral""}, {""label"": ""Probability source"", ""value"": ""FOOTBALL_V13_FALLBACK"", ""impact"": ""neutral""}]","REJECT: positive=4, negative=3, neutral=3, confidence=0.986, risk=high",2026-09-20T18:21:31+00:00,2026-09-20T18:21:31+00:00
c8bde8c75cfdf2e171c4797d,soccer_germany_bundesliga,Bundesliga,Union Berlin vs Elversberg,Union Berlin,1xBet,2026-10-10T13:30:00Z,BLOCK,REJECT,0.4079763453454103,0.41339367741504557,-0.04348052636507238,-0.028147493544685414,0.9936423416934081,high,"[{""label"": ""Consensus safety"", ""value"": 0.878, ""impact"": ""positive""}, {""label"": ""Form separation"", ""value"": -0.5, ""impact"": ""positive""}, {""label"": ""Competition importance"", ""value"": 0.85, ""impact"": ""positive""}, {""label"": ""Model dispersion"", ""value"": 0.047, ""impact"": ""positive""}]","[{""label"": ""Raw edge"", ""value"": -0.0435, ""impact"": ""negative""}, {""label"": ""Model-market gap"", ""value"": -0.0098, ""impact"": ""negative""}, {""label"": ""Historical xG"", ""value"": ""unavailable"", ""impact"": ""negative""}, {""label"": ""Decision rule"", ""value"": ""edge below minimum"", ""impact"": ""negative""}]","[{""label"": ""ELO separation"", ""value"": 28.3, ""impact"": ""neutral""}, {""label"": ""Probability source"", ""value"": ""FOOTBALL_V13_FALLBACK"", ""impact"": ""neutral""}]","REJECT: positive=4, negative=4, neutral=2, confidence=0.994, risk=high",2026-09-20T18:21:31+00:00,2026-09-20T18:21:31+00:00
784f74588a369493298d85b0,soccer_germany_bundesliga,Bundesliga,TSG Hoffenheim vs Hamburger SV,Draw,Tipico,2026-10-10T13:30:00Z,BLOCK,REJECT,0.20166093008237224,0.18381437492696565,0.2233423586152361,0.12774384240151154,1.0,high,"[{""label"": ""Raw edge"", ""value"": 0.2233, ""impact"": ""positive""}, {""label"": ""Consensus safety"", ""value"": 0.906, ""impact"": ""positive""}, {""label"": ""ELO separation"", ""value"": 69.1, ""impact"": ""positive""}, {""label"": ""Competition importance"", ""value"": 0.85, ""impact"": ""positive""}, {""label"": ""Model dispersion"", ""value"": 0.0018, ""impact"": ""positive""}]","[{""label"": ""Historical xG"", ""value"": ""unavailable"", ""impact"": ""negative""}, {""label"": ""Decision rule"", ""value"": ""odds above maximum"", ""impact"": ""negative""}]","[{""label"": ""Model-market gap"", ""value"": 0.0308, ""impact"": ""neutral""}, {""label"": ""Form separation"", ""value"": 0.0, ""impact"": ""neutral""}, {""label"": ""Probability source"", ""value"": ""FOOTBALL_V13_FALLBACK"", ""impact"": ""neutral""}]","REJECT: positive=5, negative=2, neutral=3, confidence=1.000, risk=high",2026-09-20T18:21:31+00:00,2026-09-20T18:21:31+00:00
f1f55c2d796718d0bd680574,soccer_germany_bundesliga,Bundesliga,TSG Hoffenheim vs Hamburger SV,Hamburger SV,1xBet,2026-10-10T13:30:00Z,BLOCK,REJECT,0.16287416930121915,0.13116808067908511,0.45116375441125656,0.23145669937273108,1.0,high,"[{""label"": ""Raw edge"", ""value"": 0.4512, ""impact"": ""positive""}, {""label"": ""Model-market gap"", ""value"": 0.0549, ""impact"": ""positive""}, {""label"": ""ELO separation"", ""value"": 69.1, ""impact"": ""positive""}, {""label"": ""Competition importance"", ""value"": 0.85, ""impact"": ""positive""}, {""label"": ""Model dispersion"", ""value"": 0.007, ""impact"": ""positive""}]","[{""label"": ""Historical xG"", ""value"": ""unavailable"", ""impact"": ""negative""}, {""label"": ""Decision rule"", ""value"": ""edge above max guard"", ""impact"": ""negative""}]","[{""label"": ""Consensus safety"", ""value"": 0.791, ""impact"": ""neutral""}, {""label"": ""Form separation"", ""value"": 0.0, ""impact"": ""neutral""}, {""label"": ""Probability source"", ""value"": ""FOOTBALL_V13_FALLBACK"", ""impact"": ""neutral""}]","REJECT: positive=5, negative=2, neutral=3, confidence=1.000, risk=high",2026-09-20T18:21:31+00:00,2026-09-20T18:21:31+00:00
646d8ded4c433ec389bedde4,soccer_germany_bundesliga,Bundesliga,TSG Hoffenheim vs Hamburger SV,TSG Hoffenheim,1xBet,2026-10-10T13:30:00Z,BLOCK,REJECT,0.6534327189670143,0.6850175443939494,-0.09864635246817366,-0.05614084929574071,1.0,high,"[{""label"": ""ELO separation"", ""value"": 69.1, ""impact"": ""positive""}, {""label"": ""Competition importance"", ""value"": 0.85, ""impact"": ""positive""}, {""label"": ""Model dispersion"", ""value"": 0.0081, ""impact"": ""positive""}]","[{""label"": ""Raw edge"", ""value"": -0.0986, ""impact"": ""negative""}, {""label"": ""Model-market gap"", ""value"": -0.0547, ""impact"": ""negative""}, {""label"": ""Historical xG"", ""value"": ""unavailable"", ""impact"": ""negative""}, {""label"": ""Decision rule"", ""value"": ""edge below minimum"", ""impact"": ""negative""}]","[{""label"": ""Consensus safety"", ""value"": 0.697, ""impact"": ""neutral""}, {""label"": ""Form separation"", ""value"": 0.0, ""impact"": ""neutral""}, {""label"": ""Probability source"", ""value"": ""FOOTBALL_V13_FALLBACK"", ""impact"": ""neutral""}]","REJECT: positive=3, negative=4, neutral=3, confidence=1.000, risk=high",2026-09-20T18:21:31+00:00,2026-09-20T18:21:31+00:00
b393da903fae82b3a10280ca,soccer_germany_bundesliga,Bundesliga,SC Paderborn vs VfB Stuttgart,Draw,1xBet,2026-10-10T13:30:00Z,BLOCK,REJECT,0.22581227914302915,0.21543514320238172,0.10449171515271671,0.05634862024754532,1.0,high,"[{""label"": ""Raw edge"", ""value"": 0.1045, ""impact"": ""positive""}, {""label"": ""Consensus safety"", ""value"": 0.942, ""impact"": ""positive""}, {""label"": ""ELO separation"", ""value"": 54.6, ""impact"": ""positive""}, {""label"": ""Form separation"", ""value"": -0.5, ""impact"": ""positive""}, {""label"": ""Competition importance"", ""value"": 0.85, ""impact"": ""positive""}, {""label"": ""Model dispersion"", ""value"": 0.0018, ""impact"": ""positive""}]","[{""label"": ""Historical xG"", ""value"": ""unavailable"", ""impact"": ""negative""}, {""label"": ""Decision rule"", ""value"": ""odds above maximum"", ""impact"": ""negative""}]","[{""label"": ""Model-market gap"", ""value"": 0.0186, ""impact"": ""neutral""}, {""label"": ""Probability source"", ""value"": ""FOOTBALL_V13_FALLBACK"", ""impact"": ""neutral""}]","REJECT: positive=6, negative=2, neutral=2, confidence=1.000, risk=high",2026-09-20T18:21:31+00:00,2026-09-20T18:21:31+00:00
d4637ed340fe19414adb6000,soccer_germany_bundesliga,Bundesliga,SC Paderborn vs VfB Stuttgart,SC Paderborn,Nordic Bet,2026-10-10T13:30:00Z,BLOCK,REJECT,0.23260444346254114,0.20778282235410842,0.2408648142234151,0.11907443402555581,0.996864988586312,high,"[{""label"": ""Raw edge"", ""value"": 0.2409, ""impact"": ""positive""}, {""label"": ""Model-market gap"", ""value"": 0.0455, ""impact"": ""positive""}, {""label"": ""ELO separation"", ""value"": 54.6, ""impact"": ""positive""}, {""label"": ""Form separation"", ""value"": -0.5, ""impact"": ""positive""}, {""label"": ""Competition importance"", ""value"": 0.85, ""impact"": ""positive""}, {""label"": ""Model dispersion"", ""value"": 0.0409, ""impact"": ""positive""}]","[{""label"": ""Historical xG"", ""value"": ""unavailable"", ""impact"": ""negative""}, {""label"": ""Decision rule"", ""value"": ""odds above maximum"", ""impact"": ""negative""}]","[{""label"": ""Consensus safety"", ""value"": 0.795, ""impact"": ""neutral""}, {""label"": ""Probability source"", ""value"": ""FOOTBALL_V13_FALLBACK"", ""impact"": ""neutral""}]","REJECT: positive=6, negative=2, neutral=2, confidence=0.997, risk=high",2026-09-20T18:21:32+00:00,2026-09-20T18:21:32+00:00
5649959acea1b68323fe472e,soccer_germany_bundesliga,Bundesliga,SC Paderborn vs VfB Stuttgart,VfB Stuttgart,1xBet,2026-10-10T13:30:00Z,BLOCK,REJECT,0.5523304499115447,0.57678203444351,-0.1068855202243778,-0.06077175178082341,0.9849733230481105,high,"[{""label"": ""ELO separation"", ""value"": 54.6, ""impact"": ""positive""}, {""label"": ""Form separation"", ""value"": -0.5, ""impact"": ""positive""}, {""label"": ""Competition importance"", ""value"": 0.85, ""impact"": ""positive""}, {""label"": ""Model dispersion"", ""value"": 0.0427, ""impact"": ""positive""}]","[{""label"": ""Raw edge"", ""value"": -0.1069, ""impact"": ""negative""}, {""label"": ""Model-market gap"", ""value"": -0.0452, ""impact"": ""negative""}, {""label"": ""Historical xG"", ""value"": ""unavailable"", ""impact"": ""negative""}, {""label"": ""Decision rule"", ""value"": ""edge below minimum"", ""impact"": ""negative""}]","[{""label"": ""Consensus safety"", ""value"": 0.741, ""impact"": ""neutral""}, {""label"": ""Probability source"", ""value"": ""FOOTBALL_V13_FALLBACK"", ""impact"": ""neutral""}]","REJECT: positive=4, negative=4, neutral=2, confidence=0.985, risk=high",2026-09-20T18:21:32+00:00,2026-09-20T18:21:32+00:00
4f361e36cd520e447250ff9e,soccer_germany_bundesliga,Bundesliga,RB Leipzig vs Eintracht Frankfurt,Draw,1xBet,2026-10-10T16:30:00Z,BLOCK,REJECT,0.2137647986675868,0.19864908590456606,0.13964044487480676,0.0735451028818936,1.0,high,"[{""label"": ""Raw edge"", ""value"": 0.1396, ""impact"": ""positive""}, {""label"": ""Consensus safety"", ""value"": 0.923, ""impact"": ""positive""}, {""label"": ""ELO separation"", ""value"": 51.8, ""impact"": ""positive""}, {""label"": ""Form separation"", ""value"": -0.4444, ""impact"": ""positive""}, {""label"": ""Competition importance"", ""value"": 0.85, ""impact"": ""positive""}, {""label"": ""Model dispersion"", ""value"": 0.0025, ""impact"": ""positive""}]","[{""label"": ""Historical xG"", ""value"": ""unavailable"", ""impact"": ""negative""}, {""label"": ""Decision rule"", ""value"": ""odds above maximum"", ""impact"": ""negative""}]","[{""label"": ""Model-market gap"", ""value"": 0.0257, ""impact"": ""neutral""}, {""label"": ""Probability source"", ""value"": ""FOOTBALL_V13_FALLBACK"", ""impact"": ""neutral""}]","REJECT: positive=6, negative=2, neutral=2, confidence=1.000, risk=high",2026-09-20T18:21:32+00:00,2026-09-20T18:21:32+00:00
01e93e4b414056a402dc45b4,soccer_germany_bundesliga,Bundesliga,RB Leipzig vs Eintracht Frankfurt,Eintracht Frankfurt,1xBet,2026-10-10T16:30:00Z,BLOCK,REJECT,0.2177770423226702,0.19134903386616237,0.272662381989214,0.13548955415284103,0.9715675838688027,high,"[{""label"": ""Raw edge"", ""value"": 0.2727, ""impact"": ""positive""}, {""label"": ""Model-market gap"", ""value"": 0.047, ""impact"": ""positive""}, {""label"": ""ELO separation"", ""value"": 51.8, ""impact"": ""positive""}, {""label"": ""Form separation"", ""value"": -0.4444, ""impact"": ""positive""}, {""label"": ""Competition importance"", ""value"": 0.85, ""impact"": ""positive""}, {""label"": ""Model dispersion"", ""value"": 0.0554, ""impact"": ""positive""}]","[{""label"": ""Historical xG"", ""value"": ""unavailable"", ""impact"": ""negative""}, {""label"": ""Decision rule"", ""value"": ""odds above maximum"", ""impact"": ""negative""}]","[{""label"": ""Consensus safety"", ""value"": 0.777, ""impact"": ""neutral""}, {""label"": ""Probability source"", ""value"": ""FOOTBALL_V13_FALLBACK"", ""impact"": ""neutral""}]","REJECT: positive=6, negative=2, neutral=2, confidence=0.972, risk=high",2026-09-20T18:21:32+00:00,2026-09-20T18:21:32+00:00
37610d7f4be90ee72791de0c,soccer_germany_bundesliga,Bundesliga,RB Leipzig vs Eintracht Frankfurt,RB Leipzig,1xBet,2026-10-10T16:30:00Z,BLOCK,REJECT,0.5821078092085805,0.6100018802292715,-0.11445277310227997,-0.06672609529853943,0.9712051057503063,high,"[{""label"": ""ELO separation"", ""value"": 51.8, ""impact"": ""positive""}, {""label"": ""Form separation"", ""value"": -0.4444, ""impact"": ""positive""}, {""label"": ""Competition importance"", ""value"": 0.85, ""impact"": ""positive""}, {""label"": ""Model dispersion"", ""value"": 0.0529, ""impact"": ""positive""}]","[{""label"": ""Raw edge"", ""value"": -0.1145, ""impact"": ""negative""}, {""label"": ""Model-market gap"", ""value"": -0.0495, ""impact"": ""negative""}, {""label"": ""Historical xG"", ""value"": ""unavailable"", ""impact"": ""negative""}, {""label"": ""Decision rule"", ""value"": ""edge below minimum"", ""impact"": ""negative""}]","[{""label"": ""Consensus safety"", ""value"": 0.712, ""impact"": ""neutral""}, {""label"": ""Probability source"", ""value"": ""FOOTBALL_V13_FALLBACK"", ""impact"": ""neutral""}]","REJECT: positive=4, negative=4, neutral=2, confidence=0.971, risk=high",2026-09-20T18:21:32+00:00,2026-09-20T18:21:32+00:00
643c84dc1fa7a44afbf73376,soccer_germany_bundesliga,Bundesliga,1. FC Köln vs Borussia Monchengladbach,1. FC Köln,1xBet,2026-10-11T13:30:00Z,BLOCK,REJECT,0.46660955614908883,0.4805428443409402,-0.08352591035921042,-0.05316531109559199,1.0,high,"[{""label"": ""Consensus safety"", ""value"": 0.917, ""impact"": ""positive""}, {""label"": ""ELO separation"", ""value"": 75.7, ""impact"": ""positive""}, {""label"": ""Form separation"", ""value"": 0.1667, ""impact"": ""positive""}, {""label"": ""Competition importance"", ""value"": 0.85, ""impact"": ""positive""}, {""label"": ""Model dispersion"", ""value"": 0.0083, ""impact"": ""positive""}]","[{""label"": ""Raw edge"", ""value"": -0.0835, ""impact"": ""negative""}, {""label"": ""Model-market gap"", ""value"": -0.0246, ""impact"": ""negative""}, {""label"": ""Historical xG"", ""value"": ""unavailable"", ""impact"": ""negative""}, {""label"": ""Decision rule"", ""value"": ""edge below minimum"", ""impact"": ""negative""}]","[{""label"": ""Probability source"", ""value"": ""FOOTBALL_V13_FALLBACK"", ""impact"": ""neutral""}]","REJECT: positive=5, negative=4, neutral=1, confidence=1.000, risk=high",2026-09-20T18:21:32+00:00,2026-09-20T18:21:32+00:00
f6fe733a64b95a979a2ffcdb,soccer_germany_bundesliga,Bundesliga,1. FC Köln vs Borussia Monchengladbach,Borussia Monchengladbach,1xBet,2026-10-11T13:30:00Z,BLOCK,REJECT,0.28722944664511785,0.2789664057257593,0.05967056437748752,0.03158200579616901,1.0,high,"[{""label"": ""Consensus safety"", ""value"": 0.948, ""impact"": ""positive""}, {""label"": ""ELO separation"", ""value"": 75.7, ""impact"": ""positive""}, {""label"": ""Form separation"", ""value"": 0.1667, ""impact"": ""positive""}, {""label"": ""Competition importance"", ""value"": 0.85, ""impact"": ""positive""}, {""label"": ""Model dispersion"", ""value"": 0.0071, ""impact"": ""positive""}]","[{""label"": ""Historical xG"", ""value"": ""unavailable"", ""impact"": ""negative""}, {""label"": ""Decision rule"", ""value"": ""edge below minimum"", ""impact"": ""negative""}]","[{""label"": ""Raw edge"", ""value"": 0.0597, ""impact"": ""neutral""}, {""label"": ""Model-market gap"", ""value"": 0.0146, ""impact"": ""neutral""}, {""label"": ""Probability source"", ""value"": ""FOOTBALL_V13_FALLBACK"", ""impact"": ""neutral""}]","REJECT: positive=5, negative=2, neutral=3, confidence=1.000, risk=high",2026-09-20T18:21:32+00:00,2026-09-20T18:21:32+00:00
0bab3ad02e2731ce4d287c69,soccer_germany_bundesliga,Bundesliga,1. FC Köln vs Borussia Monchengladbach,Draw,1xBet,2026-10-11T13:30:00Z,BLOCK,REJECT,0.24636641144767146,0.2404907499333005,0.04092638617953126,0.019190252949946283,1.0,high,"[{""label"": ""Consensus safety"", ""value"": 0.968, ""impact"": ""positive""}, {""label"": ""ELO separation"", ""value"": 75.7, ""impact"": ""positive""}, {""label"": ""Form separation"", ""value"": 0.1667, ""impact"": ""positive""}, {""label"": ""Competition importance"", ""value"": 0.85, ""impact"": ""positive""}, {""label"": ""Model dispersion"", ""value"": 0.0023, ""impact"": ""positive""}]","[{""label"": ""Historical xG"", ""value"": ""unavailable"", ""impact"": ""negative""}, {""label"": ""Decision rule"", ""value"": ""edge below minimum"", ""impact"": ""negative""}]","[{""label"": ""Raw edge"", ""value"": 0.0409, ""impact"": ""neutral""}, {""label"": ""Model-market gap"", ""value"": 0.0103, ""impact"": ""neutral""}, {""label"": ""Probability source"", ""value"": ""FOOTBALL_V13_FALLBACK"", ""impact"": ""neutral""}]","REJECT: positive=5, negative=2, neutral=3, confidence=1.000, risk=high",2026-09-20T18:21:32+00:00,2026-09-20T18:21:32+00:00
d383f3eec408535b79f9d748,soccer_germany_bundesliga,Bundesliga,SC Freiburg vs FC Schalke 04,Draw,Betsson,2026-10-11T15:30:00Z,BLOCK,REJECT,0.24441770019351783,0.2364987426221535,0.03457349771580098,0.013539741935013021,1.0,high,"[{""label"": ""Consensus safety"", ""value"": 0.964, ""impact"": ""positive""}, {""label"": ""ELO separation"", ""value"": 87.0, ""impact"": ""positive""}, {""label"": ""Form separation"", ""value"": 0.1667, ""impact"": ""positive""}, {""label"": ""Competition importance"", ""value"": 0.85, ""impact"": ""positive""}, {""label"": ""Model dispersion"", ""value"": 0.0025, ""impact"": ""positive""}]","[{""label"": ""Historical xG"", ""value"": ""unavailable"", ""impact"": ""negative""}, {""label"": ""Decision rule"", ""value"": ""edge below minimum"", ""impact"": ""negative""}]","[{""label"": ""Raw edge"", ""value"": 0.0346, ""impact"": ""neutral""}, {""label"": ""Model-market gap"", ""value"": 0.0128, ""impact"": ""neutral""}, {""label"": ""Probability source"", ""value"": ""FOOTBALL_V13_FALLBACK"", ""impact"": ""neutral""}]","REJECT: positive=5, negative=2, neutral=3, confidence=1.000, risk=high",2026-09-20T18:21:32+00:00,2026-09-20T18:21:32+00:00
99bb2d54e8e9844cfafce39c,soccer_germany_bundesliga,Bundesliga,SC Freiburg vs FC Schalke 04,FC Schalke 04,1xBet,2026-10-11T15:30:00Z,BLOCK,REJECT,0.21964266728132886,0.1916522943951527,0.25362034401203437,0.13858180637153764,1.0,high,"[{""label"": ""Raw edge"", ""value"": 0.2536, ""impact"": ""positive""}, {""label"": ""Consensus safety"", ""value"": 0.87, ""impact"": ""positive""}, {""label"": ""Model-market gap"", ""value"": 0.0453, ""impact"": ""positive""}, {""label"": ""ELO separation"", ""value"": 87.0, ""impact"": ""positive""}, {""label"": ""Form separation"", ""value"": 0.1667, ""impact"": ""positive""}, {""label"": ""Competition importance"", ""value"": 0.85, ""impact"": ""positive""}, {""label"": ""Model dispersion"", ""value"": 0.0069, ""impact"": ""positive""}]","[{""label"": ""Historical xG"", ""value"": ""unavailable"", ""impact"": ""negative""}, {""label"": ""Decision rule"", ""value"": ""odds above maximum"", ""impact"": ""negative""}]","[{""label"": ""Probability source"", ""value"": ""FOOTBALL_V13_FALLBACK"", ""impact"": ""neutral""}]","REJECT: positive=7, negative=2, neutral=1, confidence=1.000, risk=high",2026-09-20T18:21:32+00:00,2026-09-20T18:21:32+00:00
876443fc6b93517201236325,soccer_germany_bundesliga,Bundesliga,SC Freiburg vs FC Schalke 04,SC Freiburg,1xBet,2026-10-11T15:30:00Z,BLOCK,REJECT,0.5364430552008284,0.5718489629826938,-0.11000641950521073,-0.06158647322376345,1.0,high,"[{""label"": ""ELO separation"", ""value"": 87.0, ""impact"": ""positive""}, {""label"": ""Form separation"", ""value"": 0.1667, ""impact"": ""positive""}, {""label"": ""Competition importance"", ""value"": 0.85, ""impact"": ""positive""}, {""label"": ""Model dispersion"", ""value"": 0.0093, ""impact"": ""positive""}]","[{""label"": ""Raw edge"", ""value"": -0.11, ""impact"": ""negative""}, {""label"": ""Model-market gap"", ""value"": -0.0574, ""impact"": ""negative""}, {""label"": ""Historical xG"", ""value"": ""unavailable"", ""impact"": ""negative""}, {""label"": ""Decision rule"", ""value"": ""edge below minimum"", ""impact"": ""negative""}]","[{""label"": ""Consensus safety"", ""value"": 0.834, ""impact"": ""neutral""}, {""label"": ""Probability source"", ""value"": ""FOOTBALL_V13_FALLBACK"", ""impact"": ""neutral""}]","REJECT: positive=4, negative=4, neutral=2, confidence=1.000, risk=high",2026-09-20T18:21:32+00:00,2026-09-20T18:21:32+00:00
2db18975338b52b1eaeda5dd,soccer_italy_serie_a,Serie A,AC Milan vs Lecce,AC Milan,Betfair,2026-09-20T18:45:00Z,BLOCK,REJECT,0.7320637190142739,0.771958503749381,-0.10701825907824536,-0.06420500608683818,1.0,high,"[{""label"": ""ELO separation"", ""value"": 74.0, ""impact"": ""positive""}, {""label"": ""Competition importance"", ""value"": 0.85, ""impact"": ""positive""}, {""label"": ""Model dispersion"", ""value"": 0.0297, ""impact"": ""positive""}]","[{""label"": ""Raw edge"", ""value"": -0.107, ""impact"": ""negative""}, {""label"": ""Consensus safety"", ""value"": 0.587, ""impact"": ""negative""}, {""label"": ""Model-market gap"", ""value"": -0.0632, ""impact"": ""negative""}, {""label"": ""Historical xG"", ""value"": ""unavailable"", ""impact"": ""negative""}, {""label"": ""Decision rule"", ""value"": ""edge below minimum"", ""impact"": ""negative""}]","[{""label"": ""Form separation"", ""value"": -0.0333, ""impact"": ""neutral""}, {""label"": ""Probability source"", ""value"": ""FOOTBALL_V13_FALLBACK"", ""impact"": ""neutral""}]","REJECT: positive=3, negative=5, neutral=2, confidence=1.000, risk=high",2026-09-20T18:21:32+00:00,2026-09-20T18:21:32+00:00
7996d9e45353aadef620d8de,soccer_italy_serie_a,Serie A,AC Milan vs Lecce,Draw,Betfair,2026-09-20T18:45:00Z,BLOCK,REJECT,0.1840021716117154,0.15350375289102333,0.36870673051248026,0.2078518695702416,1.0,high,"[{""label"": ""Raw edge"", ""value"": 0.3687, ""impact"": ""positive""}, {""label"": ""Consensus safety"", ""value"": 0.869, ""impact"": ""positive""}, {""label"": ""Model-market gap"", ""value"": 0.0478, ""impact"": ""positive""}, {""label"": ""ELO separation"", ""value"": 74.0, ""impact"": ""positive""}, {""label"": ""Competition importance"", ""value"": 0.85, ""impact"": ""positive""}, {""label"": ""Model dispersion"", ""value"": 0.0046, ""impact"": ""positive""}]","[{""label"": ""Historical xG"", ""value"": ""unavailable"", ""impact"": ""negative""}, {""label"": ""Decision rule"", ""value"": ""edge above max guard"", ""impact"": ""negative""}]","[{""label"": ""Form separation"", ""value"": -0.0333, ""impact"": ""neutral""}, {""label"": ""Probability source"", ""value"": ""FOOTBALL_V13_FALLBACK"", ""impact"": ""neutral""}]","REJECT: positive=6, negative=2, neutral=2, confidence=1.000, risk=high",2026-09-20T18:21:32+00:00,2026-09-20T18:21:32+00:00
84f9be2544bbb6b8af195733,soccer_italy_serie_a,Serie A,AC Milan vs Lecce,Lecce,Betfair,2026-09-20T18:45:00Z,BLOCK,REJECT,0.11498690032052586,0.07453774335959572,1.1470440501635615,0.6472624464601827,1.0,high,"[{""label"": ""Raw edge"", ""value"": 1.147, ""impact"": ""positive""}, {""label"": ""Model-market gap"", ""value"": 0.064, ""impact"": ""positive""}, {""label"": ""ELO separation"", ""value"": 74.0, ""impact"": ""positive""}, {""label"": ""Competition importance"", ""value"": 0.85, ""impact"": ""positive""}, {""label"": ""Model dispersion"", ""value"": 0.0251, ""impact"": ""positive""}]","[{""label"": ""Historical xG"", ""value"": ""unavailable"", ""impact"": ""negative""}, {""label"": ""Decision rule"", ""value"": ""edge above max guard"", ""impact"": ""negative""}]","[{""label"": ""Consensus safety"", ""value"": 0.717, ""impact"": ""neutral""}, {""label"": ""Form separation"", ""value"": -0.0333, ""impact"": ""neutral""}, {""label"": ""Probability source"", ""value"": ""FOOTBALL_V13_FALLBACK"", ""impact"": ""neutral""}]","REJECT: positive=5, negative=2, neutral=3, confidence=1.000, risk=high",2026-09-20T18:21:32+00:00,2026-09-20T18:21:32+00:00
0c9033b14046f64ee54a753e,soccer_italy_serie_a,Serie A,Genoa vs Fiorentina,Draw,1xBet,2026-10-10T13:00:00Z,BLOCK,REJECT,0.28053056888719713,0.28295039368761155,-0.029876963283886004,-0.01968240309638847,1.0,high,"[{""label"": ""Consensus safety"", ""value"": 0.985, ""impact"": ""positive""}, {""label"": ""ELO separation"", ""value"": 51.5, ""impact"": ""positive""}, {""label"": ""Form separation"", ""value"": -0.5, ""impact"": ""positive""}, {""label"": ""Competition importance"", ""value"": 0.85, ""impact"": ""positive""}, {""label"": ""Model dispersion"", ""value"": 0.0028, ""impact"": ""positive""}]","[{""label"": ""Raw edge"", ""value"": -0.0299, ""impact"": ""negative""}, {""label"": ""Model-market gap"", ""value"": -0.0042, ""impact"": ""negative""}, {""label"": ""Historical xG"", ""value"": ""unavailable"", ""impact"": ""negative""}, {""label"": ""Decision rule"", ""value"": ""edge below minimum"", ""impact"": ""negative""}]","[{""label"": ""Probability source"", ""value"": ""FOOTBALL_V13_FALLBACK"", ""impact"": ""neutral""}]","REJECT: positive=5, negative=4, neutral=1, confidence=1.000, risk=high",2026-09-20T18:21:32+00:00,2026-09-20T18:21:32+00:00
9c14dafc9f94500948fdad4d,soccer_italy_serie_a,Serie A,Genoa vs Fiorentina,Fiorentina,Unibet (NL),2026-10-10T13:00:00Z,BLOCK,REJECT,0.4005399422942878,0.4098249266930318,-0.0361284527459621,-0.015453226738359286,1.0,high,"[{""label"": ""Consensus safety"", ""value"": 0.88, ""impact"": ""positive""}, {""label"": ""ELO separation"", ""value"": 51.5, ""impact"": ""positive""}, {""label"": ""Form separation"", ""value"": -0.5, ""impact"": ""positive""}, {""label"": ""Competition importance"", ""value"": 0.85, ""impact"": ""positive""}, {""label"": ""Model dispersion"", ""value"": 0.0465, ""impact"": ""positive""}]","[{""label"": ""Raw edge"", ""value"": -0.0361, ""impact"": ""negative""}, {""label"": ""Model-market gap"", ""value"": -0.0164, ""impact"": ""negative""}, {""label"": ""Historical xG"", ""value"": ""unavailable"", ""impact"": ""negative""}, {""label"": ""Decision rule"", ""value"": ""edge below minimum"", ""impact"": ""negative""}]","[{""label"": ""Probability source"", ""value"": ""FOOTBALL_V13_FALLBACK"", ""impact"": ""neutral""}]","REJECT: positive=5, negative=4, neutral=1, confidence=1.000, risk=high",2026-09-20T18:21:32+00:00,2026-09-20T18:21:32+00:00
a9795daaac8cd525d6647474,soccer_italy_serie_a,Serie A,Genoa vs Fiorentina,Genoa,1xBet,2026-10-10T13:00:00Z,BLOCK,REJECT,0.3186275824479685,0.3072246796193567,0.06387592599079284,0.029448377575014954,1.0,high,"[{""label"": ""Consensus safety"", ""value"": 0.878, ""impact"": ""positive""}, {""label"": ""ELO separation"", ""value"": 51.5, ""impact"": ""positive""}, {""label"": ""Form separation"", ""value"": -0.5, ""impact"": ""positive""}, {""label"": ""Competition importance"", ""value"": 0.85, ""impact"": ""positive""}, {""label"": ""Model dispersion"", ""value"": 0.0438, ""impact"": ""positive""}]","[{""label"": ""Historical xG"", ""value"": ""unavailable"", ""impact"": ""negative""}, {""label"": ""Decision rule"", ""value"": ""edge below minimum"", ""impact"": ""negative""}]","[{""label"": ""Raw edge"", ""value"": 0.0639, ""impact"": ""neutral""}, {""label"": ""Model-market gap"", ""value"": 0.0201, ""impact"": ""neutral""}, {""label"": ""Probability source"", ""value"": ""FOOTBALL_V13_FALLBACK"", ""impact"": ""neutral""}]","REJECT: positive=5, negative=2, neutral=3, confidence=1.000, risk=high",2026-09-20T18:21:32+00:00,2026-09-20T18:21:32+00:00
74827558ad25b0cefc4fb983,soccer_italy_serie_a,Serie A,Inter Milan vs Parma,Draw,1xBet,2026-10-10T16:00:00Z,BLOCK,REJECT,0.1386689811161559,0.10982393110510849,0.7116044965853219,0.38935488150454967,1.0,high,"[{""label"": ""Raw edge"", ""value"": 0.7116, ""impact"": ""positive""}, {""label"": ""Model-market gap"", ""value"": 0.0516, ""impact"": ""positive""}, {""label"": ""ELO separation"", ""value"": 62.5, ""impact"": ""positive""}, {""label"": ""Form separation"", ""value"": 0.1667, ""impact"": ""positive""}, {""label"": ""Competition importance"", ""value"": 0.85, ""impact"": ""positive""}, {""label"": ""Model dispersion"", ""value"": 0.0022, ""impact"": ""positive""}]","[{""label"": ""Historical xG"", ""value"": ""unavailable"", ""impact"": ""negative""}, {""label"": ""Decision rule"", ""value"": ""edge above max guard"", ""impact"": ""negative""}]","[{""label"": ""Consensus safety"", ""value"": 0.825, ""impact"": ""neutral""}, {""label"": ""Probability source"", ""value"": ""FOOTBALL_V13_FALLBACK"", ""impact"": ""neutral""}]","REJECT: positive=6, negative=2, neutral=2, confidence=1.000, risk=high",2026-09-20T18:21:32+00:00,2026-09-20T18:21:32+00:00
b7fde0f9e98807c2721ce07d,soccer_italy_serie_a,Serie A,Inter Milan vs Parma,Inter Milan,Unibet (SE),2026-10-10T16:00:00Z,BLOCK,REJECT,0.8046750119414008,0.8328883783273742,-0.10828427637960392,-0.0684004979553499,1.0,high,"[{""label"": ""ELO separation"", ""value"": 62.5, ""impact"": ""positive""}, {""label"": ""Form separation"", ""value"": 0.1667, ""impact"": ""positive""}, {""label"": ""Competition importance"", ""value"": 0.85, ""impact"": ""positive""}, {""label"": ""Model dispersion"", ""value"": 0.0082, ""impact"": ""positive""}]","[{""label"": ""Raw edge"", ""value"": -0.1083, ""impact"": ""negative""}, {""label"": ""Consensus safety"", ""value"": 0.525, ""impact"": ""negative""}, {""label"": ""Model-market gap"", ""value"": -0.0507, ""impact"": ""negative""}, {""label"": ""Historical xG"", ""value"": ""unavailable"", ""impact"": ""negative""}, {""label"": ""Decision rule"", ""value"": ""edge below minimum"", ""impact"": ""negative""}]","[{""label"": ""Probability source"", ""value"": ""FOOTBALL_V13_FALLBACK"", ""impact"": ""neutral""}]","REJECT: positive=4, negative=5, neutral=1, confidence=1.000, risk=high",2026-09-20T18:21:32+00:00,2026-09-20T18:21:32+00:00
6daa85c640c1aac629edb62d,soccer_italy_serie_a,Serie A,Inter Milan vs Parma,Parma,Nordic Bet,2026-10-10T16:00:00Z,BLOCK,REJECT,0.08557320645619618,0.05728769056751738,1.3777592763193427,0.7302606191701616,1.0,high,"[{""label"": ""Raw edge"", ""value"": 1.3778, ""impact"": ""positive""}, {""label"": ""Model-market gap"", ""value"": 0.0508, ""impact"": ""positive""}, {""label"": ""ELO separation"", ""value"": 62.5, ""impact"": ""positive""}, {""label"": ""Form separation"", ""value"": 0.1667, ""impact"": ""positive""}, {""label"": ""Competition importance"", ""value"": 0.85, ""impact"": ""positive""}, {""label"": ""Model dispersion"", ""value"": 0.0075, ""impact"": ""positive""}]","[{""label"": ""Historical xG"", ""value"": ""unavailable"", ""impact"": ""negative""}, {""label"": ""Decision rule"", ""value"": ""edge above max guard"", ""impact"": ""negative""}]","[{""label"": ""Consensus safety"", ""value"": 0.701, ""impact"": ""neutral""}, {""label"": ""Probability source"", ""value"": ""FOOTBALL_V13_FALLBACK"", ""impact"": ""neutral""}]","REJECT: positive=6, negative=2, neutral=2, confidence=1.000, risk=high",2026-09-20T18:21:32+00:00,2026-09-20T18:21:32+00:00
385a1a10109e90015dc9451c,soccer_italy_serie_a,Serie A,Napoli vs Frosinone,Draw,1xBet,2026-10-10T18:45:00Z,BLOCK,REJECT,0.2173272218675637,0.20494381386949892,0.12387022455777674,0.06098251512787373,1.0,high,"[{""label"": ""Raw edge"", ""value"": 0.1239, ""impact"": ""positive""}, {""label"": ""Consensus safety"", ""value"": 0.927, ""impact"": ""positive""}, {""label"": ""ELO separation"", ""value"": 60.2, ""impact"": ""positive""}, {""label"": ""Competition importance"", ""value"": 0.85, ""impact"": ""positive""}, {""label"": ""Model dispersion"", ""value"": 0.0025, ""impact"": ""positive""}]","[{""label"": ""Historical xG"", ""value"": ""unavailable"", ""impact"": ""negative""}, {""label"": ""Decision rule"", ""value"": ""odds above maximum"", ""impact"": ""negative""}]","[{""label"": ""Model-market gap"", ""value"": 0.0226, ""impact"": ""neutral""}, {""label"": ""Form separation"", ""value"": 0.0, ""impact"": ""neutral""}, {""label"": ""Probability source"", ""value"": ""FOOTBALL_V13_FALLBACK"", ""impact"": ""neutral""}]","REJECT: positive=5, negative=2, neutral=3, confidence=1.000, risk=high",2026-09-20T18:21:32+00:00,2026-09-20T18:21:32+00:00
386c73c32de8fee31f9cf4f6,soccer_italy_serie_a,Serie A,Napoli vs Frosinone,Frosinone,Unibet (SE),2026-10-10T18:45:00Z,BLOCK,REJECT,0.16941139527625895,0.143244916489485,0.4339009672569918,0.2238789358224342,1.0,high,"[{""label"": ""Raw edge"", ""value"": 0.4339, ""impact"": ""positive""}, {""label"": ""Model-market gap"", ""value"": 0.0479, ""impact"": ""positive""}, {""label"": ""ELO separation"", ""value"": 60.2, ""impact"": ""positive""}, {""label"": ""Competition importance"", ""value"": 0.85, ""impact"": ""positive""}, {""label"": ""Model dispersion"", ""value"": 0.0129, ""impact"": ""positive""}]","[{""label"": ""Historical xG"", ""value"": ""unavailable"", ""impact"": ""negative""}, {""label"": ""Decision rule"", ""value"": ""edge above max guard"", ""impact"": ""negative""}]","[{""label"": ""Consensus safety"", ""value"": 0.784, ""impact"": ""neutral""}, {""label"": ""Form separation"", ""value"": 0.0, ""impact"": ""neutral""}, {""label"": ""Probability source"", ""value"": ""FOOTBALL_V13_FALLBACK"", ""impact"": ""neutral""}]","REJECT: positive=5, negative=2, neutral=3, confidence=1.000, risk=high",2026-09-20T18:21:32+00:00,2026-09-20T18:21:32+00:00
a9017f24b5f21eb0cb53744f,soccer_italy_serie_a,Serie A,Napoli vs Frosinone,Napoli,1xBet,2026-10-10T18:45:00Z,BLOCK,REJECT,0.6257693569001852,0.651811269641016,-0.0999424662032733,-0.05601682760706752,1.0,high,"[{""label"": ""ELO separation"", ""value"": 60.2, ""impact"": ""positive""}, {""label"": ""Competition importance"", ""value"": 0.85, ""impact"": ""positive""}, {""label"": ""Model dispersion"", ""value"": 0.0141, ""impact"": ""positive""}]","[{""label"": ""Raw edge"", ""value"": -0.0999, ""impact"": ""negative""}, {""label"": ""Model-market gap"", ""value"": -0.0477, ""impact"": ""negative""}, {""label"": ""Historical xG"", ""value"": ""unavailable"", ""impact"": ""negative""}, {""label"": ""Decision rule"", ""value"": ""edge below minimum"", ""impact"": ""negative""}]","[{""label"": ""Consensus safety"", ""value"": 0.711, ""impact"": ""neutral""}, {""label"": ""Form separation"", ""value"": 0.0, ""impact"": ""neutral""}, {""label"": ""Probability source"", ""value"": ""FOOTBALL_V13_FALLBACK"", ""impact"": ""neutral""}]","REJECT: positive=3, negative=4, neutral=3, confidence=1.000, risk=high",2026-09-20T18:21:32+00:00,2026-09-20T18:21:32+00:00
03aa5a195909907b6d7f3f70,soccer_italy_serie_a,Serie A,Como vs AS Roma,AS Roma,Unibet (NL),2026-10-11T10:30:00Z,BLOCK,REJECT,0.35034431805540145,0.3494342617340799,0.011301214984656305,0.0071885161368802466,0.9662550216067226,high,"[{""label"": ""Consensus safety"", ""value"": 0.855, ""impact"": ""positive""}, {""label"": ""Form separation"", ""value"": -0.5, ""impact"": ""positive""}, {""label"": ""Competition importance"", ""value"": 0.85, ""impact"": ""positive""}, {""label"": ""Model dispersion"", ""value"": 0.0554, ""impact"": ""positive""}]","[{""label"": ""Historical xG"", ""value"": ""unavailable"", ""impact"": ""negative""}, {""label"": ""Decision rule"", ""value"": ""edge below minimum"", ""impact"": ""negative""}]","[{""label"": ""Raw edge"", ""value"": 0.0113, ""impact"": ""neutral""}, {""label"": ""Model-market gap"", ""value"": 0.0017, ""impact"": ""neutral""}, {""label"": ""ELO separation"", ""value"": 45.1, ""impact"": ""neutral""}, {""label"": ""Probability source"", ""value"": ""FOOTBALL_V13_FALLBACK"", ""impact"": ""neutral""}]","REJECT: positive=4, negative=2, neutral=4, confidence=0.966, risk=high",2026-09-20T18:21:32+00:00,2026-09-20T18:21:32+00:00
98a5f1cf62ac213df383a9e6,soccer_italy_serie_a,Serie A,Como vs AS Roma,Como,1xBet,2026-10-11T10:30:00Z,BLOCK,REJECT,0.37800723587398444,0.3787174156153051,-0.0036642692998886117,-0.0016789627396084957,0.9831876100830861,high,"[{""label"": ""Consensus safety"", ""value"": 0.869, ""impact"": ""positive""}, {""label"": ""Form separation"", ""value"": -0.5, ""impact"": ""positive""}, {""label"": ""Competition importance"", ""value"": 0.85, ""impact"": ""positive""}, {""label"": ""Model dispersion"", ""value"": 0.0503, ""impact"": ""positive""}]","[{""label"": ""Raw edge"", ""value"": -0.0037, ""impact"": ""negative""}, {""label"": ""Model-market gap"", ""value"": -0.0013, ""impact"": ""negative""}, {""label"": ""Historical xG"", ""value"": ""unavailable"", ""impact"": ""negative""}, {""label"": ""Decision rule"", ""value"": ""edge below minimum"", ""impact"": ""negative""}]","[{""label"": ""ELO separation"", ""value"": 45.1, ""impact"": ""neutral""}, {""label"": ""Probability source"", ""value"": ""FOOTBALL_V13_FALLBACK"", ""impact"": ""neutral""}]","REJECT: positive=4, negative=4, neutral=2, confidence=0.983, risk=high",2026-09-20T18:21:32+00:00,2026-09-20T18:21:32+00:00
3f767699b1eda9929f3d6882,soccer_italy_serie_a,Serie A,Como vs AS Roma,Draw,1xBet,2026-10-11T10:30:00Z,BLOCK,REJECT,0.2715840619571577,0.27184832265061515,-0.004053246328774018,-0.0027232089981834634,1.0,high,"[{""label"": ""Consensus safety"", ""value"": 0.987, ""impact"": ""positive""}, {""label"": ""Form separation"", ""value"": -0.5, ""impact"": ""positive""}, {""label"": ""Competition importance"", ""value"": 0.85, ""impact"": ""positive""}, {""label"": ""Model dispersion"", ""value"": 0.0051, ""impact"": ""positive""}]","[{""label"": ""Raw edge"", ""value"": -0.0041, ""impact"": ""negative""}, {""label"": ""Model-market gap"", ""value"": -0.0005, ""impact"": ""negative""}, {""label"": ""Historical xG"", ""value"": ""unavailable"", ""impact"": ""negative""}, {""label"": ""Decision rule"", ""value"": ""edge below minimum"", ""impact"": ""negative""}]","[{""label"": ""ELO separation"", ""value"": 45.1, ""impact"": ""neutral""}, {""label"": ""Probability source"", ""value"": ""FOOTBALL_V13_FALLBACK"", ""impact"": ""neutral""}]","REJECT: positive=4, negative=4, neutral=2, confidence=1.000, risk=high",2026-09-20T18:21:32+00:00,2026-09-20T18:21:32+00:00
03a0fa513df7a8b64fa836cb,soccer_italy_serie_a,Serie A,Lecce vs Bologna,Bologna,Unibet (SE),2026-10-11T13:00:00Z,BLOCK,REJECT,0.4360222873486588,0.4688484203682697,-0.14367923030650953,-0.08061552783674446,1.0,high,"[{""label"": ""ELO separation"", ""value"": 80.8, ""impact"": ""positive""}, {""label"": ""Form separation"", ""value"": 0.5, ""impact"": ""positive""}, {""label"": ""Competition importance"", ""value"": 0.85, ""impact"": ""positive""}, {""label"": ""Model dispersion"", ""value"": 0.0155, ""impact"": ""positive""}]","[{""label"": ""Raw edge"", ""value"": -0.1437, ""impact"": ""negative""}, {""label"": ""Model-market gap"", ""value"": -0.0552, ""impact"": ""negative""}, {""label"": ""Historical xG"", ""value"": ""unavailable"", ""impact"": ""negative""}, {""label"": ""Decision rule"", ""value"": ""edge below minimum"", ""impact"": ""negative""}]","[{""label"": ""Consensus safety"", ""value"": 0.823, ""impact"": ""neutral""}, {""label"": ""Probability source"", ""value"": ""FOOTBALL_V13_FALLBACK"", ""impact"": ""neutral""}]","REJECT: positive=4, negative=4, neutral=2, confidence=1.000, risk=high",2026-09-20T18:21:32+00:00,2026-09-20T18:21:32+00:00
2d32132eed8004f8edbeed71,soccer_italy_serie_a,Serie A,Lecce vs Bologna,Draw,Unibet (SE),2026-10-11T13:00:00Z,BLOCK,REJECT,0.28101312789829413,0.28426092007498105,-0.024076933229286057,-0.013613871451849136,1.0,high,"[{""label"": ""Consensus safety"", ""value"": 0.981, ""impact"": ""positive""}, {""label"": ""ELO separation"", ""value"": 80.8, ""impact"": ""positive""}, {""label"": ""Form separation"", ""value"": 0.5, ""impact"": ""positive""}, {""label"": ""Competition importance"", ""value"": 0.85, ""impact"": ""positive""}, {""label"": ""Model dispersion"", ""value"": 0.0037, ""impact"": ""positive""}]","[{""label"": ""Raw edge"", ""value"": -0.0241, ""impact"": ""negative""}, {""label"": ""Model-market gap"", ""value"": -0.0054, ""impact"": ""negative""}, {""label"": ""Historical xG"", ""value"": ""unavailable"", ""impact"": ""negative""}, {""label"": ""Decision rule"", ""value"": ""edge below minimum"", ""impact"": ""negative""}]","[{""label"": ""Probability source"", ""value"": ""FOOTBALL_V13_FALLBACK"", ""impact"": ""neutral""}]","REJECT: positive=5, negative=4, neutral=1, confidence=1.000, risk=high",2026-09-20T18:21:32+00:00,2026-09-20T18:21:32+00:00
3df086d905752108540902ad,soccer_italy_serie_a,Serie A,Lecce vs Bologna,Lecce,1xBet,2026-10-11T13:00:00Z,BLOCK,REJECT,0.28074219072533496,0.24689065955674927,0.2793208916744023,0.15074391697124767,1.0,high,"[{""label"": ""Raw edge"", ""value"": 0.2793, ""impact"": ""positive""}, {""label"": ""Model-market gap"", ""value"": 0.057, ""impact"": ""positive""}, {""label"": ""ELO separation"", ""value"": 80.8, ""impact"": ""positive""}, {""label"": ""Form separation"", ""value"": 0.5, ""impact"": ""positive""}, {""label"": ""Competition importance"", ""value"": 0.85, ""impact"": ""positive""}, {""label"": ""Model dispersion"", ""value"": 0.0188, ""impact"": ""positive""}]","[{""label"": ""Historical xG"", ""value"": ""unavailable"", ""impact"": ""negative""}, {""label"": ""Decision rule"", ""value"": ""edge above max guard"", ""impact"": ""negative""}]","[{""label"": ""Consensus safety"", ""value"": 0.805, ""impact"": ""neutral""}, {""label"": ""Probability source"", ""value"": ""FOOTBALL_V13_FALLBACK"", ""impact"": ""neutral""}]","REJECT: positive=6, negative=2, neutral=2, confidence=1.000, risk=high",2026-09-20T18:21:32+00:00,2026-09-20T18:21:32+00:00
fef08d627d638cc991ac9e2a,soccer_italy_serie_a,Serie A,Lazio vs Monza,Draw,1xBet,2026-10-11T13:00:00Z,BLOCK,REJECT,0.261570415832368,0.25924747828043987,0.012117271128662788,0.005838444736226456,1.0,high,"[{""label"": ""Consensus safety"", ""value"": 0.987, ""impact"": ""positive""}, {""label"": ""ELO separation"", ""value"": 102.3, ""impact"": ""positive""}, {""label"": ""Form separation"", ""value"": 0.5156, ""impact"": ""positive""}, {""label"": ""Competition importance"", ""value"": 0.85, ""impact"": ""positive""}, {""label"": ""Model dispersion"", ""value"": 0.004, ""impact"": ""positive""}]","[{""label"": ""Historical xG"", ""value"": ""unavailable"", ""impact"": ""negative""}, {""label"": ""Decision rule"", ""value"": ""edge below minimum"", ""impact"": ""negative""}]","[{""label"": ""Raw edge"", ""value"": 0.0121, ""impact"": ""neutral""}, {""label"": ""Model-market gap"", ""value"": 0.0036, ""impact"": ""neutral""}, {""label"": ""Probability source"", ""value"": ""FOOTBALL_V13_FALLBACK"", ""impact"": ""neutral""}]","REJECT: positive=5, negative=2, neutral=3, confidence=1.000, risk=high",2026-09-20T18:21:32+00:00,2026-09-20T18:21:32+00:00
b89acbbf4db3e27e85980bf9,soccer_italy_serie_a,Serie A,Lazio vs Monza,Lazio,Unibet (SE),2026-10-11T13:00:00Z,BLOCK,REJECT,0.5237835827525374,0.5511180391708033,-0.10615892741368893,-0.06465277172299462,1.0,high,"[{""label"": ""Consensus safety"", ""value"": 0.864, ""impact"": ""positive""}, {""label"": ""ELO separation"", ""value"": 102.3, ""impact"": ""positive""}, {""label"": ""Form separation"", ""value"": 0.5156, ""impact"": ""positive""}, {""label"": ""Competition importance"", ""value"": 0.85, ""impact"": ""positive""}, {""label"": ""Model dispersion"", ""value"": 0.0246, ""impact"": ""positive""}]","[{""label"": ""Raw edge"", ""value"": -0.1062, ""impact"": ""negative""}, {""label"": ""Model-market gap"", ""value"": -0.0433, ""impact"": ""negative""}, {""label"": ""Historical xG"", ""value"": ""unavailable"", ""impact"": ""negative""}, {""label"": ""Decision rule"", ""value"": ""edge below minimum"", ""impact"": ""negative""}]","[{""label"": ""Probability source"", ""value"": ""FOOTBALL_V13_FALLBACK"", ""impact"": ""neutral""}]","REJECT: positive=5, negative=4, neutral=1, confidence=1.000, risk=high",2026-09-20T18:21:32+00:00,2026-09-20T18:21:32+00:00
f29cd5af926d1598773bc601,soccer_italy_serie_a,Serie A,Lazio vs Monza,Monza,Nordic Bet,2026-10-11T13:00:00Z,BLOCK,REJECT,0.2152354483328187,0.18963448254875684,0.24240378384494332,0.1342612882207981,1.0,high,"[{""label"": ""Raw edge"", ""value"": 0.2424, ""impact"": ""positive""}, {""label"": ""Consensus safety"", ""value"": 0.875, ""impact"": ""positive""}, {""label"": ""Model-market gap"", ""value"": 0.0404, ""impact"": ""positive""}, {""label"": ""ELO separation"", ""value"": 102.3, ""impact"": ""positive""}, {""label"": ""Form separation"", ""value"": 0.5156, ""impact"": ""positive""}, {""label"": ""Competition importance"", ""value"": 0.85, ""impact"": ""positive""}, {""label"": ""Model dispersion"", ""value"": 0.021, ""impact"": ""positive""}]","[{""label"": ""Historical xG"", ""value"": ""unavailable"", ""impact"": ""negative""}, {""label"": ""Decision rule"", ""value"": ""odds above maximum"", ""impact"": ""negative""}]","[{""label"": ""Probability source"", ""value"": ""FOOTBALL_V13_FALLBACK"", ""impact"": ""neutral""}]","REJECT: positive=7, negative=2, neutral=1, confidence=1.000, risk=high",2026-09-20T18:21:32+00:00,2026-09-20T18:21:32+00:00
edac74f7ac51c722a60d680e,soccer_italy_serie_a,Serie A,Sassuolo vs AC Milan,AC Milan,Unibet (SE),2026-10-11T16:00:00Z,BLOCK,REJECT,0.49326064404113396,0.5274208658740187,-0.13056234569982683,-0.07236974063640146,1.0,high,"[{""label"": ""Competition importance"", ""value"": 0.85, ""impact"": ""positive""}, {""label"": ""Model dispersion"", ""value"": 0.0159, ""impact"": ""positive""}]","[{""label"": ""Raw edge"", ""value"": -0.1306, ""impact"": ""negative""}, {""label"": ""Model-market gap"", ""value"": -0.0575, ""impact"": ""negative""}, {""label"": ""Historical xG"", ""value"": ""unavailable"", ""impact"": ""negative""}, {""label"": ""Decision rule"", ""value"": ""edge below minimum"", ""impact"": ""negative""}]","[{""label"": ""Consensus safety"", ""value"": 0.795, ""impact"": ""neutral""}, {""label"": ""ELO separation"", ""value"": 34.1, ""impact"": ""neutral""}, {""label"": ""Form separation"", ""value"": 0.0333, ""impact"": ""neutral""}, {""label"": ""Probability source"", ""value"": ""FOOTBALL_V13_FALLBACK"", ""impact"": ""neutral""}]","REJECT: positive=2, negative=4, neutral=4, confidence=1.000, risk=high",2026-09-20T18:21:32+00:00,2026-09-20T18:21:32+00:00
e4d475f1f42a58345ea16045,soccer_italy_serie_a,Serie A,Sassuolo vs AC Milan,Draw,1xBet,2026-10-11T16:00:00Z,BLOCK,REJECT,0.25928760917724647,0.2547086433269758,0.031063774012128453,0.01574377460367398,1.0,high,"[{""label"": ""Consensus safety"", ""value"": 0.977, ""impact"": ""positive""}, {""label"": ""Competition importance"", ""value"": 0.85, ""impact"": ""positive""}, {""label"": ""Model dispersion"", ""value"": 0.0022, ""impact"": ""positive""}]","[{""label"": ""Historical xG"", ""value"": ""unavailable"", ""impact"": ""negative""}, {""label"": ""Decision rule"", ""value"": ""edge below minimum"", ""impact"": ""negative""}]","[{""label"": ""Raw edge"", ""value"": 0.0311, ""impact"": ""neutral""}, {""label"": ""Model-market gap"", ""value"": 0.0076, ""impact"": ""neutral""}, {""label"": ""ELO separation"", ""value"": 34.1, ""impact"": ""neutral""}, {""label"": ""Form separation"", ""value"": 0.0333, ""impact"": ""neutral""}, {""label"": ""Probability source"", ""value"": ""FOOTBALL_V13_FALLBACK"", ""impact"": ""neutral""}]","REJECT: positive=3, negative=2, neutral=5, confidence=1.000, risk=high",2026-09-20T18:21:32+00:00,2026-09-20T18:21:32+00:00
4ea2c4e4576fd199f36ac119,soccer_italy_serie_a,Serie A,Sassuolo vs AC Milan,Sassuolo,1xBet,2026-10-11T16:00:00Z,BLOCK,REJECT,0.2517887201690304,0.2178704907990055,0.2594091428032601,0.12693616049097295,1.0,high,"[{""label"": ""Raw edge"", ""value"": 0.2594, ""impact"": ""positive""}, {""label"": ""Model-market gap"", ""value"": 0.0571, ""impact"": ""positive""}, {""label"": ""Competition importance"", ""value"": 0.85, ""impact"": ""positive""}, {""label"": ""Model dispersion"", ""value"": 0.0181, ""impact"": ""positive""}]","[{""label"": ""Historical xG"", ""value"": ""unavailable"", ""impact"": ""negative""}, {""label"": ""Decision rule"", ""value"": ""odds above maximum"", ""impact"": ""negative""}]","[{""label"": ""Consensus safety"", ""value"": 0.817, ""impact"": ""neutral""}, {""label"": ""ELO separation"", ""value"": 34.1, ""impact"": ""neutral""}, {""label"": ""Form separation"", ""value"": 0.0333, ""impact"": ""neutral""}, {""label"": ""Probability source"", ""value"": ""FOOTBALL_V13_FALLBACK"", ""impact"": ""neutral""}]","REJECT: positive=4, negative=2, neutral=4, confidence=1.000, risk=high",2026-09-20T18:21:32+00:00,2026-09-20T18:21:32+00:00
54e4065b7505ca1cc7bd2f80,soccer_italy_serie_a,Serie A,Cagliari vs Juventus,Cagliari,Unibet (SE),2026-10-11T18:45:00Z,BLOCK,REJECT,0.1881545132154645,0.1583684588700332,0.3677128864768078,0.18451092147236473,1.0,high,"[{""label"": ""Raw edge"", ""value"": 0.3677, ""impact"": ""positive""}, {""label"": ""Model-market gap"", ""value"": 0.052, ""impact"": ""positive""}, {""label"": ""ELO separation"", ""value"": 83.4, ""impact"": ""positive""}, {""label"": ""Form separation"", ""value"": 0.6667, ""impact"": ""positive""}, {""label"": ""Competition importance"", ""value"": 0.85, ""impact"": ""positive""}, {""label"": ""Model dispersion"", ""value"": 0.0247, ""impact"": ""positive""}]","[{""label"": ""Historical xG"", ""value"": ""unavailable"", ""impact"": ""negative""}, {""label"": ""Decision rule"", ""value"": ""edge above max guard"", ""impact"": ""negative""}]","[{""label"": ""Consensus safety"", ""value"": 0.703, ""impact"": ""neutral""}, {""label"": ""Probability source"", ""value"": ""FOOTBALL_V13_FALLBACK"", ""impact"": ""neutral""}]","REJECT: positive=6, negative=2, neutral=2, confidence=1.000, risk=high",2026-09-20T18:21:32+00:00,2026-09-20T18:21:32+00:00
9ef201cee19568a859ccf6c0,soccer_italy_serie_a,Serie A,Cagliari vs Juventus,Draw,Unibet (SE),2026-10-11T18:45:00Z,BLOCK,REJECT,0.24210057898900048,0.23532542835101058,0.049933520285808,0.02393420921014568,1.0,high,"[{""label"": ""Consensus safety"", ""value"": 0.964, ""impact"": ""positive""}, {""label"": ""ELO separation"", ""value"": 83.4, ""impact"": ""positive""}, {""label"": ""Form separation"", ""value"": 0.6667, ""impact"": ""positive""}, {""label"": ""Competition importance"", ""value"": 0.85, ""impact"": ""positive""}, {""label"": ""Model dispersion"", ""value"": 0.0049, ""impact"": ""positive""}]","[{""label"": ""Historical xG"", ""value"": ""unavailable"", ""impact"": ""negative""}, {""label"": ""Decision rule"", ""value"": ""edge below minimum"", ""impact"": ""negative""}]","[{""label"": ""Raw edge"", ""value"": 0.0499, ""impact"": ""neutral""}, {""label"": ""Model-market gap"", ""value"": 0.0117, ""impact"": ""neutral""}, {""label"": ""Probability source"", ""value"": ""FOOTBALL_V13_FALLBACK"", ""impact"": ""neutral""}]","REJECT: positive=5, negative=2, neutral=3, confidence=1.000, risk=high",2026-09-20T18:21:33+00:00,2026-09-20T18:21:33+00:00
f691c33da2727c491e9202cb,soccer_italy_serie_a,Serie A,Cagliari vs Juventus,Juventus,1xBet,2026-10-11T18:45:00Z,BLOCK,REJECT,0.576039492452469,0.6063061127789563,-0.10326320877369755,-0.0553641873398386,1.0,high,"[{""label"": ""ELO separation"", ""value"": 83.4, ""impact"": ""positive""}, {""label"": ""Form separation"", ""value"": 0.6667, ""impact"": ""positive""}, {""label"": ""Competition importance"", ""value"": 0.85, ""impact"": ""positive""}, {""label"": ""Model dispersion"", ""value"": 0.0202, ""impact"": ""positive""}]","[{""label"": ""Raw edge"", ""value"": -0.1033, ""impact"": ""negative""}, {""label"": ""Model-market gap"", ""value"": -0.0528, ""impact"": ""negative""}, {""label"": ""Historical xG"", ""value"": ""unavailable"", ""impact"": ""negative""}, {""label"": ""Decision rule"", ""value"": ""edge below minimum"", ""impact"": ""negative""}]","[{""label"": ""Consensus safety"", ""value"": 0.671, ""impact"": ""neutral""}, {""label"": ""Probability source"", ""value"": ""FOOTBALL_V13_FALLBACK"", ""impact"": ""neutral""}]","REJECT: positive=4, negative=4, neutral=2, confidence=1.000, risk=high",2026-09-20T18:21:33+00:00,2026-09-20T18:21:33+00:00
e7bb79bc56f48b51e3523aca,soccer_italy_serie_a,Serie A,Atalanta BC vs Venezia,Atalanta BC,1xBet,2026-10-12T16:30:00Z,BLOCK,REJECT,0.5412839593872707,0.5696999671768961,-0.10145918091591555,-0.05268176289019252,1.0,high,"[{""label"": ""ELO separation"", ""value"": 92.1, ""impact"": ""positive""}, {""label"": ""Form separation"", ""value"": 0.5, ""impact"": ""positive""}, {""label"": ""Competition importance"", ""value"": 0.85, ""impact"": ""positive""}, {""label"": ""Model dispersion"", ""value"": 0.0174, ""impact"": ""positive""}]","[{""label"": ""Raw edge"", ""value"": -0.1015, ""impact"": ""negative""}, {""label"": ""Model-market gap"", ""value"": -0.0503, ""impact"": ""negative""}, {""label"": ""Historical xG"", ""value"": ""unavailable"", ""impact"": ""negative""}, {""label"": ""Decision rule"", ""value"": ""edge below minimum"", ""impact"": ""negative""}]","[{""label"": ""Consensus safety"", ""value"": 0.837, ""impact"": ""neutral""}, {""label"": ""Probability source"", ""value"": ""FOOTBALL_V13_FALLBACK"", ""impact"": ""neutral""}]","REJECT: positive=4, negative=4, neutral=2, confidence=1.000, risk=high",2026-09-20T18:21:33+00:00,2026-09-20T18:21:33+00:00
a8db301c7fee476217517422,soccer_italy_serie_a,Serie A,Atalanta BC vs Venezia,Draw,Unibet (SE),2026-10-12T16:30:00Z,BLOCK,REJECT,0.2437088047124149,0.23753275519772837,0.043259604255673656,0.019507290068674476,1.0,high,"[{""label"": ""Consensus safety"", ""value"": 0.967, ""impact"": ""positive""}, {""label"": ""ELO separation"", ""value"": 92.1, ""impact"": ""positive""}, {""label"": ""Form separation"", ""value"": 0.5, ""impact"": ""positive""}, {""label"": ""Competition importance"", ""value"": 0.85, ""impact"": ""positive""}, {""label"": ""Model dispersion"", ""value"": 0.0048, ""impact"": ""positive""}]","[{""label"": ""Historical xG"", ""value"": ""unavailable"", ""impact"": ""negative""}, {""label"": ""Decision rule"", ""value"": ""edge below minimum"", ""impact"": ""negative""}]","[{""label"": ""Raw edge"", ""value"": 0.0433, ""impact"": ""neutral""}, {""label"": ""Model-market gap"", ""value"": 0.0109, ""impact"": ""neutral""}, {""label"": ""Probability source"", ""value"": ""FOOTBALL_V13_FALLBACK"", ""impact"": ""neutral""}]","REJECT: positive=5, negative=2, neutral=3, confidence=1.000, risk=high",2026-09-20T18:21:33+00:00,2026-09-20T18:21:33+00:00
0513fa76fe2cfdda21bec234,soccer_italy_serie_a,Serie A,Atalanta BC vs Venezia,Venezia,Tipico,2026-10-12T16:30:00Z,BLOCK,REJECT,0.21581602241400644,0.19276727762537554,0.2841779117967791,0.15471157002805874,1.0,high,"[{""label"": ""Raw edge"", ""value"": 0.2842, ""impact"": ""positive""}, {""label"": ""Consensus safety"", ""value"": 0.87, ""impact"": ""positive""}, {""label"": ""Model-market gap"", ""value"": 0.0407, ""impact"": ""positive""}, {""label"": ""ELO separation"", ""value"": 92.1, ""impact"": ""positive""}, {""label"": ""Form separation"", ""value"": 0.5, ""impact"": ""positive""}, {""label"": ""Competition importance"", ""value"": 0.85, ""impact"": ""positive""}, {""label"": ""Model dispersion"", ""value"": 0.0132, ""impact"": ""positive""}]","[{""label"": ""Historical xG"", ""value"": ""unavailable"", ""impact"": ""negative""}, {""label"": ""Decision rule"", ""value"": ""edge above max guard"", ""impact"": ""negative""}]","[{""label"": ""Probability source"", ""value"": ""FOOTBALL_V13_FALLBACK"", ""impact"": ""neutral""}]","REJECT: positive=7, negative=2, neutral=1, confidence=1.000, risk=high",2026-09-20T18:21:33+00:00,2026-09-20T18:21:33+00:00
8cebac68ea3d26b27c2f69af,soccer_italy_serie_a,Serie A,Torino vs Udinese,Draw,1xBet,2026-10-12T18:45:00Z,BLOCK,REJECT,0.2802411454390742,0.2825655998760012,-0.03066127719048828,-0.020516970214720858,1.0,high,"[{""label"": ""Consensus safety"", ""value"": 0.984, ""impact"": ""positive""}, {""label"": ""Form separation"", ""value"": -0.5, ""impact"": ""positive""}, {""label"": ""Competition importance"", ""value"": 0.85, ""impact"": ""positive""}, {""label"": ""Model dispersion"", ""value"": 0.0037, ""impact"": ""positive""}]","[{""label"": ""Raw edge"", ""value"": -0.0307, ""impact"": ""negative""}, {""label"": ""Model-market gap"", ""value"": -0.004, ""impact"": ""negative""}, {""label"": ""Historical xG"", ""value"": ""unavailable"", ""impact"": ""negative""}, {""label"": ""Decision rule"", ""value"": ""edge below minimum"", ""impact"": ""negative""}]","[{""label"": ""ELO separation"", ""value"": 41.3, ""impact"": ""neutral""}, {""label"": ""Probability source"", ""value"": ""FOOTBALL_V13_FALLBACK"", ""impact"": ""neutral""}]","REJECT: positive=4, negative=4, neutral=2, confidence=1.000, risk=high",2026-09-20T18:21:33+00:00,2026-09-20T18:21:33+00:00
08321d3e8233fa637687e9ee,soccer_italy_serie_a,Serie A,Torino vs Udinese,Torino,Unibet (NL),2026-10-12T18:45:00Z,BLOCK,REJECT,0.40642199866003836,0.41339727172026725,-0.045485107113625856,-0.02706850271322226,1.0,high,"[{""label"": ""Consensus safety"", ""value"": 0.877, ""impact"": ""positive""}, {""label"": ""Form separation"", ""value"": -0.5, ""impact"": ""positive""}, {""label"": ""Competition importance"", ""value"": 0.85, ""impact"": ""positive""}, {""label"": ""Model dispersion"", ""value"": 0.047, ""impact"": ""positive""}]","[{""label"": ""Raw edge"", ""value"": -0.0455, ""impact"": ""negative""}, {""label"": ""Model-market gap"", ""value"": -0.0123, ""impact"": ""negative""}, {""label"": ""Historical xG"", ""value"": ""unavailable"", ""impact"": ""negative""}, {""label"": ""Decision rule"", ""value"": ""edge below minimum"", ""impact"": ""negative""}]","[{""label"": ""ELO separation"", ""value"": 41.3, ""impact"": ""neutral""}, {""label"": ""Probability source"", ""value"": ""FOOTBALL_V13_FALLBACK"", ""impact"": ""neutral""}]","REJECT: positive=4, negative=4, neutral=2, confidence=1.000, risk=high",2026-09-20T18:21:33+00:00,2026-09-20T18:21:33+00:00
d727feea4e874f634f91a153,soccer_italy_serie_a,Serie A,Torino vs Udinese,Udinese,1xBet,2026-10-12T18:45:00Z,BLOCK,REJECT,0.31266757786604765,0.3040371284037315,0.044537457787825696,0.01839619646767766,0.9901167427950364,high,"[{""label"": ""Consensus safety"", ""value"": 0.863, ""impact"": ""positive""}, {""label"": ""Form separation"", ""value"": -0.5, ""impact"": ""positive""}, {""label"": ""Competition importance"", ""value"": 0.85, ""impact"": ""positive""}, {""label"": ""Model dispersion"", ""value"": 0.0507, ""impact"": ""positive""}]","[{""label"": ""Historical xG"", ""value"": ""unavailable"", ""impact"": ""negative""}, {""label"": ""Decision rule"", ""value"": ""edge below minimum"", ""impact"": ""negative""}]","[{""label"": ""Raw edge"", ""value"": 0.0445, ""impact"": ""neutral""}, {""label"": ""Model-market gap"", ""value"": 0.0154, ""impact"": ""neutral""}, {""label"": ""ELO separation"", ""value"": 41.3, ""impact"": ""neutral""}, {""label"": ""Probability source"", ""value"": ""FOOTBALL_V13_FALLBACK"", ""impact"": ""neutral""}]","REJECT: positive=4, negative=2, neutral=4, confidence=0.990, risk=high",2026-09-20T18:21:33+00:00,2026-09-20T18:21:33+00:00
7c4f3c6609e117c46b17516d,soccer_france_ligue_one,Ligue 1,Marseille vs Paris Saint Germain,Draw,Betfair,2026-09-20T18:45:00Z,BLOCK,REJECT,0.20220759374868436,0.18364410905231923,0.18336769733627967,0.09029900558009052,1.0,high,"[{""label"": ""Raw edge"", ""value"": 0.1834, ""impact"": ""positive""}, {""label"": ""Consensus safety"", ""value"": 0.906, ""impact"": ""positive""}, {""label"": ""ELO separation"", ""value"": 81.5, ""impact"": ""positive""}, {""label"": ""Competition importance"", ""value"": 0.85, ""impact"": ""positive""}, {""label"": ""Model dispersion"", ""value"": 0.0031, ""impact"": ""positive""}]","[{""label"": ""Historical xG"", ""value"": ""unavailable"", ""impact"": ""negative""}, {""label"": ""Decision rule"", ""value"": ""odds above maximum"", ""impact"": ""negative""}]","[{""label"": ""Model-market gap"", ""value"": 0.0315, ""impact"": ""neutral""}, {""label"": ""Form separation"", ""value"": 0.0, ""impact"": ""neutral""}, {""label"": ""Probability source"", ""value"": ""FOOTBALL_V13_FALLBACK"", ""impact"": ""neutral""}]","REJECT: positive=5, negative=2, neutral=3, confidence=1.000, risk=high",2026-09-20T18:21:33+00:00,2026-09-20T18:21:33+00:00
6f2ddc4c4db48112d8c0a59c,soccer_france_ligue_one,Ligue 1,Marseille vs Paris Saint Germain,Marseille,Betfair,2026-09-20T18:45:00Z,BLOCK,REJECT,0.17646204851307637,0.14324476363039945,0.5584726213491142,0.30308872665641395,1.0,high,"[{""label"": ""Raw edge"", ""value"": 0.5585, ""impact"": ""positive""}, {""label"": ""Model-market gap"", ""value"": 0.0566, ""impact"": ""positive""}, {""label"": ""ELO separation"", ""value"": 81.5, ""impact"": ""positive""}, {""label"": ""Competition importance"", ""value"": 0.85, ""impact"": ""positive""}, {""label"": ""Model dispersion"", ""value"": 0.009, ""impact"": ""positive""}]","[{""label"": ""Historical xG"", ""value"": ""unavailable"", ""impact"": ""negative""}, {""label"": ""Decision rule"", ""value"": ""edge above max guard"", ""impact"": ""negative""}]","[{""label"": ""Consensus safety"", ""value"": 0.711, ""impact"": ""neutral""}, {""label"": ""Form separation"", ""value"": 0.0, ""impact"": ""neutral""}, {""label"": ""Probability source"", ""value"": ""FOOTBALL_V13_FALLBACK"", ""impact"": ""neutral""}]","REJECT: positive=5, negative=2, neutral=3, confidence=1.000, risk=high",2026-09-20T18:21:33+00:00,2026-09-20T18:21:33+00:00
3c38d38bc262dd999b63c7ec,soccer_france_ligue_one,Ligue 1,Marseille vs Paris Saint Germain,Paris Saint Germain,1xBet,2026-09-20T18:45:00Z,BLOCK,REJECT,0.6396058653853323,0.6731111273172814,-0.09427885790678703,-0.04820660100857345,1.0,high,"[{""label"": ""ELO separation"", ""value"": 81.5, ""impact"": ""positive""}, {""label"": ""Competition importance"", ""value"": 0.85, ""impact"": ""positive""}, {""label"": ""Model dispersion"", ""value"": 0.0064, ""impact"": ""positive""}]","[{""label"": ""Raw edge"", ""value"": -0.0943, ""impact"": ""negative""}, {""label"": ""Model-market gap"", ""value"": -0.057, ""impact"": ""negative""}, {""label"": ""Historical xG"", ""value"": ""unavailable"", ""impact"": ""negative""}, {""label"": ""Decision rule"", ""value"": ""edge below minimum"", ""impact"": ""negative""}]","[{""label"": ""Consensus safety"", ""value"": 0.617, ""impact"": ""neutral""}, {""label"": ""Form separation"", ""value"": 0.0, ""impact"": ""neutral""}, {""label"": ""Probability source"", ""value"": ""FOOTBALL_V13_FALLBACK"", ""impact"": ""neutral""}]","REJECT: positive=3, negative=4, neutral=3, confidence=1.000, risk=high",2026-09-20T18:21:33+00:00,2026-09-20T18:21:33+00:00
9bba33b3b3cb0fc4e152f3c2,soccer_france_ligue_one,Ligue 1,RC Lens vs Lyon,Draw,Unibet (SE),2026-10-09T18:45:00Z,BLOCK,REJECT,0.2590321487855459,0.2558628699828359,0.005816241540382627,-0.0021952178262070678,1.0,high,"[{""label"": ""Consensus safety"", ""value"": 0.981, ""impact"": ""positive""}, {""label"": ""Form separation"", ""value"": -0.5, ""impact"": ""positive""}, {""label"": ""Competition importance"", ""value"": 0.85, ""impact"": ""positive""}, {""label"": ""Model dispersion"", ""value"": 0.0047, ""impact"": ""positive""}]","[{""label"": ""Historical xG"", ""value"": ""unavailable"", ""impact"": ""negative""}, {""label"": ""Decision rule"", ""value"": ""edge below minimum"", ""impact"": ""negative""}]","[{""label"": ""Raw edge"", ""value"": 0.0058, ""impact"": ""neutral""}, {""label"": ""Model-market gap"", ""value"": 0.0054, ""impact"": ""neutral""}, {""label"": ""ELO separation"", ""value"": 35.5, ""impact"": ""neutral""}, {""label"": ""Probability source"", ""value"": ""FOOTBALL_V13_FALLBACK"", ""impact"": ""neutral""}]","REJECT: positive=4, negative=2, neutral=4, confidence=1.000, risk=high",2026-09-20T18:21:33+00:00,2026-09-20T18:21:33+00:00
7c1f4cc79d4d1671d26cad36,soccer_france_ligue_one,Ligue 1,RC Lens vs Lyon,Lyon,Unibet (SE),2026-10-09T18:45:00Z,BLOCK,REJECT,0.3155154672923731,0.30687385714637555,0.04733049126637079,0.01989623714308877,0.9718289209298216,high,"[{""label"": ""Consensus safety"", ""value"": 0.85, ""impact"": ""positive""}, {""label"": ""Form separation"", ""value"": -0.5, ""impact"": ""positive""}, {""label"": ""Competition importance"", ""value"": 0.85, ""impact"": ""positive""}, {""label"": ""Model dispersion"", ""value"": 0.0598, ""impact"": ""positive""}]","[{""label"": ""Historical xG"", ""value"": ""unavailable"", ""impact"": ""negative""}, {""label"": ""Decision rule"", ""value"": ""edge below minimum"", ""impact"": ""negative""}]","[{""label"": ""Raw edge"", ""value"": 0.0473, ""impact"": ""neutral""}, {""label"": ""Model-market gap"", ""value"": 0.0154, ""impact"": ""neutral""}, {""label"": ""ELO separation"", ""value"": 35.5, ""impact"": ""neutral""}, {""label"": ""Probability source"", ""value"": ""FOOTBALL_V13_FALLBACK"", ""impact"": ""neutral""}]","REJECT: positive=4, negative=2, neutral=4, confidence=0.972, risk=high",2026-09-20T18:21:33+00:00,2026-09-20T18:21:33+00:00
bda91f2befec07040039b929,soccer_france_ligue_one,Ligue 1,RC Lens vs Lyon,RC Lens,1xBet,2026-10-09T18:45:00Z,BLOCK,REJECT,0.42587554702672825,0.43726327287078864,-0.052929523808052936,-0.026431665895995198,0.9854042270382075,high,"[{""label"": ""Consensus safety"", ""value"": 0.85, ""impact"": ""positive""}, {""label"": ""Form separation"", ""value"": -0.5, ""impact"": ""positive""}, {""label"": ""Competition importance"", ""value"": 0.85, ""impact"": ""positive""}, {""label"": ""Model dispersion"", ""value"": 0.0552, ""impact"": ""positive""}]","[{""label"": ""Raw edge"", ""value"": -0.0529, ""impact"": ""negative""}, {""label"": ""Model-market gap"", ""value"": -0.0201, ""impact"": ""negative""}, {""label"": ""Historical xG"", ""value"": ""unavailable"", ""impact"": ""negative""}, {""label"": ""Decision rule"", ""value"": ""edge below minimum"", ""impact"": ""negative""}]","[{""label"": ""ELO separation"", ""value"": 35.5, ""impact"": ""neutral""}, {""label"": ""Probability source"", ""value"": ""FOOTBALL_V13_FALLBACK"", ""impact"": ""neutral""}]","REJECT: positive=4, negative=4, neutral=2, confidence=0.985, risk=high",2026-09-20T18:21:33+00:00,2026-09-20T18:21:33+00:00
c957b4010959fc62623a2cdf,soccer_france_ligue_one,Ligue 1,Lille vs Le Havre,Draw,Unibet (SE),2026-10-10T15:15:00Z,BLOCK,REJECT,0.21759637063033688,0.20436858355109375,0.13252428027487895,0.07084491496032039,1.0,high,"[{""label"": ""Raw edge"", ""value"": 0.1325, ""impact"": ""positive""}, {""label"": ""Consensus safety"", ""value"": 0.934, ""impact"": ""positive""}, {""label"": ""ELO separation"", ""value"": 108.5, ""impact"": ""positive""}, {""label"": ""Form separation"", ""value"": 0.9167, ""impact"": ""positive""}, {""label"": ""Competition importance"", ""value"": 0.85, ""impact"": ""positive""}, {""label"": ""Model dispersion"", ""value"": 0.0072, ""impact"": ""positive""}]","[{""label"": ""Historical xG"", ""value"": ""unavailable"", ""impact"": ""negative""}, {""label"": ""Decision rule"", ""value"": ""odds above maximum"", ""impact"": ""negative""}]","[{""label"": ""Model-market gap"", ""value"": 0.0221, ""impact"": ""neutral""}, {""label"": ""Probability source"", ""value"": ""FOOTBALL_V13_FALLBACK"", ""impact"": ""neutral""}]","REJECT: positive=6, negative=2, neutral=2, confidence=1.000, risk=high",2026-09-20T18:21:33+00:00,2026-09-20T18:21:33+00:00
a3bf8f92a8318833c99c4861,soccer_france_ligue_one,Ligue 1,Lille vs Le Havre,Le Havre,Unibet (SE),2026-10-10T15:15:00Z,BLOCK,REJECT,0.16454405526685698,0.1347648083833692,0.4821676336824332,0.2547339145254687,1.0,high,"[{""label"": ""Raw edge"", ""value"": 0.4822, ""impact"": ""positive""}, {""label"": ""Model-market gap"", ""value"": 0.0505, ""impact"": ""positive""}, {""label"": ""ELO separation"", ""value"": 108.5, ""impact"": ""positive""}, {""label"": ""Form separation"", ""value"": 0.9167, ""impact"": ""positive""}, {""label"": ""Competition importance"", ""value"": 0.85, ""impact"": ""positive""}, {""label"": ""Model dispersion"", ""value"": 0.0337, ""impact"": ""positive""}]","[{""label"": ""Historical xG"", ""value"": ""unavailable"", ""impact"": ""negative""}, {""label"": ""Decision rule"", ""value"": ""edge above max guard"", ""impact"": ""negative""}]","[{""label"": ""Consensus safety"", ""value"": 0.822, ""impact"": ""neutral""}, {""label"": ""Probability source"", ""value"": ""FOOTBALL_V13_FALLBACK"", ""impact"": ""neutral""}]","REJECT: positive=6, negative=2, neutral=2, confidence=1.000, risk=high",2026-09-20T18:21:33+00:00,2026-09-20T18:21:33+00:00
199a90524c7f8d3e695ec1db,soccer_france_ligue_one,Ligue 1,Lille vs Le Havre,Lille,1xBet,2026-10-10T15:15:00Z,BLOCK,REJECT,0.6294151857976695,0.660866608065537,-0.10720860260585474,-0.0602868420909238,1.0,high,"[{""label"": ""ELO separation"", ""value"": 108.5, ""impact"": ""positive""}, {""label"": ""Form separation"", ""value"": 0.9167, ""impact"": ""positive""}, {""label"": ""Competition importance"", ""value"": 0.85, ""impact"": ""positive""}, {""label"": ""Model dispersion"", ""value"": 0.0405, ""impact"": ""positive""}]","[{""label"": ""Raw edge"", ""value"": -0.1072, ""impact"": ""negative""}, {""label"": ""Model-market gap"", ""value"": -0.0535, ""impact"": ""negative""}, {""label"": ""Historical xG"", ""value"": ""unavailable"", ""impact"": ""negative""}, {""label"": ""Decision rule"", ""value"": ""edge below minimum"", ""impact"": ""negative""}]","[{""label"": ""Consensus safety"", ""value"": 0.758, ""impact"": ""neutral""}, {""label"": ""Probability source"", ""value"": ""FOOTBALL_V13_FALLBACK"", ""impact"": ""neutral""}]","REJECT: positive=4, negative=4, neutral=2, confidence=1.000, risk=high",2026-09-20T18:21:33+00:00,2026-09-20T18:21:33+00:00
c4b70c8d9ef4e3829cd623ca,soccer_france_ligue_one,Ligue 1,AS Monaco vs Toulouse,AS Monaco,1xBet,2026-10-10T18:45:00Z,BLOCK,REJECT,0.5249314640961296,0.5402192521327336,-0.06360799490620128,-0.03598576780243274,1.0,high,"[{""label"": ""Consensus safety"", ""value"": 0.866, ""impact"": ""positive""}, {""label"": ""ELO separation"", ""value"": 120.4, ""impact"": ""positive""}, {""label"": ""Form separation"", ""value"": 0.8889, ""impact"": ""positive""}, {""label"": ""Competition importance"", ""value"": 0.85, ""impact"": ""positive""}, {""label"": ""Model dispersion"", ""value"": 0.051, ""impact"": ""positive""}]","[{""label"": ""Raw edge"", ""value"": -0.0636, ""impact"": ""negative""}, {""label"": ""Model-market gap"", ""value"": -0.0257, ""impact"": ""negative""}, {""label"": ""Historical xG"", ""value"": ""unavailable"", ""impact"": ""negative""}, {""label"": ""Decision rule"", ""value"": ""edge below minimum"", ""impact"": ""negative""}]","[{""label"": ""Probability source"", ""value"": ""FOOTBALL_V13_FALLBACK"", ""impact"": ""neutral""}]","REJECT: positive=5, negative=4, neutral=1, confidence=1.000, risk=high",2026-09-20T18:21:33+00:00,2026-09-20T18:21:33+00:00
c1c21cb37c956af74feee2aa,soccer_france_ligue_one,Ligue 1,AS Monaco vs Toulouse,Draw,1xBet,2026-10-10T18:45:00Z,BLOCK,REJECT,0.24570253471679204,0.2405153228001763,0.023631225087065166,0.007932977661094649,1.0,high,"[{""label"": ""Consensus safety"", ""value"": 0.971, ""impact"": ""positive""}, {""label"": ""ELO separation"", ""value"": 120.4, ""impact"": ""positive""}, {""label"": ""Form separation"", ""value"": 0.8889, ""impact"": ""positive""}, {""label"": ""Competition importance"", ""value"": 0.85, ""impact"": ""positive""}, {""label"": ""Model dispersion"", ""value"": 0.0085, ""impact"": ""positive""}]","[{""label"": ""Historical xG"", ""value"": ""unavailable"", ""impact"": ""negative""}, {""label"": ""Decision rule"", ""value"": ""edge below minimum"", ""impact"": ""negative""}]","[{""label"": ""Raw edge"", ""value"": 0.0236, ""impact"": ""neutral""}, {""label"": ""Model-market gap"", ""value"": 0.0085, ""impact"": ""neutral""}, {""label"": ""Probability source"", ""value"": ""FOOTBALL_V13_FALLBACK"", ""impact"": ""neutral""}]","REJECT: positive=5, negative=2, neutral=3, confidence=1.000, risk=high",2026-09-20T18:21:33+00:00,2026-09-20T18:21:33+00:00
3dac89350ab2016bfa428b06,soccer_france_ligue_one,Ligue 1,AS Monaco vs Toulouse,Toulouse,LeoVegas (SE),2026-10-10T18:45:00Z,BLOCK,REJECT,0.2307495911828373,0.2192654250670901,0.12098076152474602,0.06815296842096027,1.0,high,"[{""label"": ""Raw edge"", ""value"": 0.121, ""impact"": ""positive""}, {""label"": ""Consensus safety"", ""value"": 0.893, ""impact"": ""positive""}, {""label"": ""ELO separation"", ""value"": 120.4, ""impact"": ""positive""}, {""label"": ""Form separation"", ""value"": 0.8889, ""impact"": ""positive""}, {""label"": ""Competition importance"", ""value"": 0.85, ""impact"": ""positive""}, {""label"": ""Model dispersion"", ""value"": 0.0429, ""impact"": ""positive""}]","[{""label"": ""Historical xG"", ""value"": ""unavailable"", ""impact"": ""negative""}, {""label"": ""Decision rule"", ""value"": ""odds above maximum"", ""impact"": ""negative""}]","[{""label"": ""Model-market gap"", ""value"": 0.0192, ""impact"": ""neutral""}, {""label"": ""Probability source"", ""value"": ""FOOTBALL_V13_FALLBACK"", ""impact"": ""neutral""}]","REJECT: positive=6, negative=2, neutral=2, confidence=1.000, risk=high",2026-09-20T18:21:33+00:00,2026-09-20T18:21:33+00:00
7ae66f3bef4ac91f5c30d62a,soccer_france_ligue_one,Ligue 1,Brest vs Angers,Angers,Unibet (SE),2026-10-10T18:45:00Z,PASS,PASS,0.2683473710553831,0.25081702996573396,0.11158667332965244,0.04810502658225291,0.9961517699207355,low,"[{""label"": ""Raw edge"", ""value"": 0.1116, ""impact"": ""positive""}, {""label"": ""Form separation"", ""value"": -0.4444, ""impact"": ""positive""}, {""label"": ""Competition importance"", ""value"": 0.85, ""impact"": ""positive""}, {""label"": ""Model dispersion"", ""value"": 0.0502, ""impact"": ""positive""}]","[{""label"": ""Historical xG"", ""value"": ""unavailable"", ""impact"": ""negative""}]","[{""label"": ""Consensus safety"", ""value"": 0.835, ""impact"": ""neutral""}, {""label"": ""Model-market gap"", ""value"": 0.0306, ""impact"": ""neutral""}, {""label"": ""ELO separation"", ""value"": 43.2, ""impact"": ""neutral""}, {""label"": ""Probability source"", ""value"": ""FOOTBALL_V13_FALLBACK"", ""impact"": ""neutral""}]","PASS: positive=4, negative=1, neutral=4, confidence=0.996, risk=low",2026-09-20T18:21:33+00:00,2026-09-20T18:21:33+00:00
07a6128906c158bca6d98bdd,soccer_france_ligue_one,Ligue 1,Brest vs Angers,Brest,1xBet,2026-10-10T18:45:00Z,BLOCK,REJECT,0.4709688801140752,0.49110554497708875,-0.08781239351496561,-0.046821886166121485,1.0,high,"[{""label"": ""Form separation"", ""value"": -0.4444, ""impact"": ""positive""}, {""label"": ""Competition importance"", ""value"": 0.85, ""impact"": ""positive""}, {""label"": ""Model dispersion"", ""value"": 0.0474, ""impact"": ""positive""}]","[{""label"": ""Raw edge"", ""value"": -0.0878, ""impact"": ""negative""}, {""label"": ""Model-market gap"", ""value"": -0.035, ""impact"": ""negative""}, {""label"": ""Historical xG"", ""value"": ""unavailable"", ""impact"": ""negative""}, {""label"": ""Decision rule"", ""value"": ""edge below minimum"", ""impact"": ""negative""}]","[{""label"": ""Consensus safety"", ""value"": 0.829, ""impact"": ""neutral""}, {""label"": ""ELO separation"", ""value"": 43.2, ""impact"": ""neutral""}, {""label"": ""Probability source"", ""value"": ""FOOTBALL_V13_FALLBACK"", ""impact"": ""neutral""}]","REJECT: positive=3, negative=4, neutral=3, confidence=1.000, risk=high",2026-09-20T18:21:33+00:00,2026-09-20T18:21:33+00:00
f0d641da26af4e04dc860a00,soccer_france_ligue_one,Ligue 1,Brest vs Angers,Draw,1xBet,2026-10-10T18:45:00Z,BLOCK,REJECT,0.26092209189668014,0.2580774250571771,0.012208218483672484,0.00366920225630863,1.0,high,"[{""label"": ""Consensus safety"", ""value"": 0.984, ""impact"": ""positive""}, {""label"": ""Form separation"", ""value"": -0.4444, ""impact"": ""positive""}, {""label"": ""Competition importance"", ""value"": 0.85, ""impact"": ""positive""}, {""label"": ""Model dispersion"", ""value"": 0.0029, ""impact"": ""positive""}]","[{""label"": ""Historical xG"", ""value"": ""unavailable"", ""impact"": ""negative""}, {""label"": ""Decision rule"", ""value"": ""edge below minimum"", ""impact"": ""negative""}]","[{""label"": ""Raw edge"", ""value"": 0.0122, ""impact"": ""neutral""}, {""label"": ""Model-market gap"", ""value"": 0.0048, ""impact"": ""neutral""}, {""label"": ""ELO separation"", ""value"": 43.2, ""impact"": ""neutral""}, {""label"": ""Probability source"", ""value"": ""FOOTBALL_V13_FALLBACK"", ""impact"": ""neutral""}]","REJECT: positive=4, negative=2, neutral=4, confidence=1.000, risk=high",2026-09-20T18:21:33+00:00,2026-09-20T18:21:33+00:00
e81a907171b86f3ec2ce2fca,soccer_france_ligue_one,Ligue 1,Paris Saint Germain vs Le Mans FC,Draw,1xBet,2026-10-10T18:45:00Z,BLOCK,REJECT,0.12551716937798296,0.0967818091475428,0.9863053864826388,0.5499142337700323,1.0,high,"[{""label"": ""Raw edge"", ""value"": 0.9863, ""impact"": ""positive""}, {""label"": ""Model-market gap"", ""value"": 0.0514, ""impact"": ""positive""}, {""label"": ""ELO separation"", ""value"": 56.2, ""impact"": ""positive""}, {""label"": ""Form separation"", ""value"": -0.5, ""impact"": ""positive""}, {""label"": ""Competition importance"", ""value"": 0.85, ""impact"": ""positive""}, {""label"": ""Model dispersion"", ""value"": 0.0034, ""impact"": ""positive""}]","[{""label"": ""Historical xG"", ""value"": ""unavailable"", ""impact"": ""negative""}, {""label"": ""Decision rule"", ""value"": ""edge above max guard"", ""impact"": ""negative""}]","[{""label"": ""Consensus safety"", ""value"": 0.813, ""impact"": ""neutral""}, {""label"": ""Probability source"", ""value"": ""FOOTBALL_V13_FALLBACK"", ""impact"": ""neutral""}]","REJECT: positive=6, negative=2, neutral=2, confidence=1.000, risk=high",2026-09-20T18:21:33+00:00,2026-09-20T18:21:33+00:00
dea6f2d3a1438c036dd207aa,soccer_france_ligue_one,Ligue 1,Paris Saint Germain vs Le Mans FC,Le Mans FC,1xBet,2026-10-10T18:45:00Z,BLOCK,REJECT,0.07744441234156546,0.05370473085484112,1.3584963541957018,0.6668804982770954,0.9630940133671732,high,"[{""label"": ""Raw edge"", ""value"": 1.3585, ""impact"": ""positive""}, {""label"": ""Model-market gap"", ""value"": 0.0446, ""impact"": ""positive""}, {""label"": ""ELO separation"", ""value"": 56.2, ""impact"": ""positive""}, {""label"": ""Form separation"", ""value"": -0.5, ""impact"": ""positive""}, {""label"": ""Competition importance"", ""value"": 0.85, ""impact"": ""positive""}, {""label"": ""Model dispersion"", ""value"": 0.0465, ""impact"": ""positive""}]","[{""label"": ""Historical xG"", ""value"": ""unavailable"", ""impact"": ""negative""}, {""label"": ""Decision rule"", ""value"": ""edge above max guard"", ""impact"": ""negative""}]","[{""label"": ""Consensus safety"", ""value"": 0.644, ""impact"": ""neutral""}, {""label"": ""Probability source"", ""value"": ""FOOTBALL_V13_FALLBACK"", ""impact"": ""neutral""}]","REJECT: positive=6, negative=2, neutral=2, confidence=0.963, risk=high",2026-09-20T18:21:33+00:00,2026-09-20T18:21:33+00:00
4ed7d9fa91cd6bf6ec696c1d,soccer_france_ligue_one,Ligue 1,Paris Saint Germain vs Le Mans FC,Paris Saint Germain,Betsson,2026-10-10T18:45:00Z,BLOCK,REJECT,0.8256457426749798,0.8495134599976162,-0.09902923369053607,-0.06373123969194645,0.9512838612938835,high,"[{""label"": ""ELO separation"", ""value"": 56.2, ""impact"": ""positive""}, {""label"": ""Form separation"", ""value"": -0.5, ""impact"": ""positive""}, {""label"": ""Competition importance"", ""value"": 0.85, ""impact"": ""positive""}, {""label"": ""Model dispersion"", ""value"": 0.0433, ""impact"": ""positive""}]","[{""label"": ""Raw edge"", ""value"": -0.099, ""impact"": ""negative""}, {""label"": ""Consensus safety"", ""value"": 0.466, ""impact"": ""negative""}, {""label"": ""Model-market gap"", ""value"": -0.0451, ""impact"": ""negative""}, {""label"": ""Historical xG"", ""value"": ""unavailable"", ""impact"": ""negative""}, {""label"": ""Decision rule"", ""value"": ""edge below minimum"", ""impact"": ""negative""}]","[{""label"": ""Probability source"", ""value"": ""FOOTBALL_V13_FALLBACK"", ""impact"": ""neutral""}]","REJECT: positive=4, negative=5, neutral=1, confidence=0.951, risk=high",2026-09-20T18:21:33+00:00,2026-09-20T18:21:33+00:00
135563e23a40848d44b3b42d,soccer_france_ligue_one,Ligue 1,Lorient vs Paris FC,Draw,LeoVegas (SE),2026-10-10T18:45:00Z,BLOCK,REJECT,0.2764995756780265,0.2782551119233879,-0.009223833752784794,-0.0037103211071952695,1.0,high,"[{""label"": ""Consensus safety"", ""value"": 0.981, ""impact"": ""positive""}, {""label"": ""Form separation"", ""value"": -0.6667, ""impact"": ""positive""}, {""label"": ""Competition importance"", ""value"": 0.85, ""impact"": ""positive""}, {""label"": ""Model dispersion"", ""value"": 0.0064, ""impact"": ""positive""}]","[{""label"": ""Raw edge"", ""value"": -0.0092, ""impact"": ""negative""}, {""label"": ""Model-market gap"", ""value"": -0.003, ""impact"": ""negative""}, {""label"": ""Historical xG"", ""value"": ""unavailable"", ""impact"": ""negative""}, {""label"": ""Decision rule"", ""value"": ""edge below minimum"", ""impact"": ""negative""}]","[{""label"": ""ELO separation"", ""value"": 41.1, ""impact"": ""neutral""}, {""label"": ""Probability source"", ""value"": ""FOOTBALL_V13_FALLBACK"", ""impact"": ""neutral""}]","REJECT: positive=4, negative=4, neutral=2, confidence=1.000, risk=high",2026-09-20T18:21:33+00:00,2026-09-20T18:21:33+00:00
60b3b2c5f6a64f3aaf82a34c,soccer_france_ligue_one,Ligue 1,Lorient vs Paris FC,Lorient,1xBet,2026-10-10T18:45:00Z,BLOCK,REJECT,0.3316690370151117,0.32560663471860013,0.02381755226140836,0.006334009558580376,0.9493246744627702,high,"[{""label"": ""Form separation"", ""value"": -0.6667, ""impact"": ""positive""}, {""label"": ""Competition importance"", ""value"": 0.85, ""impact"": ""positive""}, {""label"": ""Model dispersion"", ""value"": 0.0643, ""impact"": ""positive""}]","[{""label"": ""Historical xG"", ""value"": ""unavailable"", ""impact"": ""negative""}, {""label"": ""Decision rule"", ""value"": ""edge below minimum"", ""impact"": ""negative""}]","[{""label"": ""Raw edge"", ""value"": 0.0238, ""impact"": ""neutral""}, {""label"": ""Consensus safety"", ""value"": 0.849, ""impact"": ""neutral""}, {""label"": ""Model-market gap"", ""value"": 0.0112, ""impact"": ""neutral""}, {""label"": ""ELO separation"", ""value"": 41.1, ""impact"": ""neutral""}, {""label"": ""Probability source"", ""value"": ""FOOTBALL_V13_FALLBACK"", ""impact"": ""neutral""}]","REJECT: positive=3, negative=2, neutral=5, confidence=0.949, risk=high",2026-09-20T18:21:33+00:00,2026-09-20T18:21:33+00:00
6534b66bfec660bbda9b756f,soccer_france_ligue_one,Ligue 1,Lorient vs Paris FC,Paris FC,1xBet,2026-10-10T18:45:00Z,BLOCK,REJECT,0.39147965789508066,0.39613825335801195,-0.03924367254017813,-0.021809419643581584,0.9284142957551513,high,"[{""label"": ""Form separation"", ""value"": -0.6667, ""impact"": ""positive""}, {""label"": ""Competition importance"", ""value"": 0.85, ""impact"": ""positive""}, {""label"": ""Model dispersion"", ""value"": 0.0707, ""impact"": ""positive""}]","[{""label"": ""Raw edge"", ""value"": -0.0392, ""impact"": ""negative""}, {""label"": ""Model-market gap"", ""value"": -0.0087, ""impact"": ""negative""}, {""label"": ""Historical xG"", ""value"": ""unavailable"", ""impact"": ""negative""}, {""label"": ""Decision rule"", ""value"": ""edge below minimum"", ""impact"": ""negative""}]","[{""label"": ""Consensus safety"", ""value"": 0.835, ""impact"": ""neutral""}, {""label"": ""ELO separation"", ""value"": 41.1, ""impact"": ""neutral""}, {""label"": ""Probability source"", ""value"": ""FOOTBALL_V13_FALLBACK"", ""impact"": ""neutral""}]","REJECT: positive=3, negative=4, neutral=3, confidence=0.928, risk=high",2026-09-20T18:21:33+00:00,2026-09-20T18:21:33+00:00
777ffd6e7f92f272f99da379,soccer_france_ligue_one,Ligue 1,Nice vs Strasbourg,Draw,1xBet,2026-10-11T13:00:00Z,BLOCK,REJECT,0.2685784309921997,0.26815630883478925,0.0001678443472166169,-0.0007162816701799101,1.0,high,"[{""label"": ""Consensus safety"", ""value"": 0.99, ""impact"": ""positive""}, {""label"": ""Form separation"", ""value"": -0.5, ""impact"": ""positive""}, {""label"": ""Competition importance"", ""value"": 0.85, ""impact"": ""positive""}, {""label"": ""Model dispersion"", ""value"": 0.0045, ""impact"": ""positive""}]","[{""label"": ""Historical xG"", ""value"": ""unavailable"", ""impact"": ""negative""}, {""label"": ""Decision rule"", ""value"": ""edge below minimum"", ""impact"": ""negative""}]","[{""label"": ""Raw edge"", ""value"": 0.0002, ""impact"": ""neutral""}, {""label"": ""Model-market gap"", ""value"": 0.0007, ""impact"": ""neutral""}, {""label"": ""ELO separation"", ""value"": 47.6, ""impact"": ""neutral""}, {""label"": ""Probability source"", ""value"": ""FOOTBALL_V13_FALLBACK"", ""impact"": ""neutral""}]","REJECT: positive=4, negative=2, neutral=4, confidence=1.000, risk=high",2026-09-20T18:21:33+00:00,2026-09-20T18:21:33+00:00
208bcbfafa3d7f4e53e7cb26,soccer_france_ligue_one,Ligue 1,Nice vs Strasbourg,Nice,1xBet,2026-10-11T13:00:00Z,BLOCK,REJECT,0.41508101011682613,0.424976174017458,-0.06637048154836589,-0.03891478076812828,0.9755869007393813,high,"[{""label"": ""Consensus safety"", ""value"": 0.851, ""impact"": ""positive""}, {""label"": ""Form separation"", ""value"": -0.5, ""impact"": ""positive""}, {""label"": ""Competition importance"", ""value"": 0.85, ""impact"": ""positive""}, {""label"": ""Model dispersion"", ""value"": 0.06, ""impact"": ""positive""}]","[{""label"": ""Raw edge"", ""value"": -0.0664, ""impact"": ""negative""}, {""label"": ""Model-market gap"", ""value"": -0.0173, ""impact"": ""negative""}, {""label"": ""Historical xG"", ""value"": ""unavailable"", ""impact"": ""negative""}, {""label"": ""Decision rule"", ""value"": ""edge below minimum"", ""impact"": ""negative""}]","[{""label"": ""ELO separation"", ""value"": 47.6, ""impact"": ""neutral""}, {""label"": ""Probability source"", ""value"": ""FOOTBALL_V13_FALLBACK"", ""impact"": ""neutral""}]","REJECT: positive=4, negative=4, neutral=2, confidence=0.976, risk=high",2026-09-20T18:21:33+00:00,2026-09-20T18:21:33+00:00
b492bf6551a96ba1755bb0a7,soccer_france_ligue_one,Ligue 1,Nice vs Strasbourg,Strasbourg,1xBet,2026-10-11T13:00:00Z,BLOCK,REJECT,0.31612985328767185,0.30686751714775273,0.04401182032544071,0.016353159977112112,0.9611162548327762,high,"[{""label"": ""Form separation"", ""value"": -0.5, ""impact"": ""positive""}, {""label"": ""Competition importance"", ""value"": 0.85, ""impact"": ""positive""}, {""label"": ""Model dispersion"", ""value"": 0.0645, ""impact"": ""positive""}]","[{""label"": ""Historical xG"", ""value"": ""unavailable"", ""impact"": ""negative""}, {""label"": ""Decision rule"", ""value"": ""edge below minimum"", ""impact"": ""negative""}]","[{""label"": ""Raw edge"", ""value"": 0.044, ""impact"": ""neutral""}, {""label"": ""Consensus safety"", ""value"": 0.843, ""impact"": ""neutral""}, {""label"": ""Model-market gap"", ""value"": 0.0164, ""impact"": ""neutral""}, {""label"": ""ELO separation"", ""value"": 47.6, ""impact"": ""neutral""}, {""label"": ""Probability source"", ""value"": ""FOOTBALL_V13_FALLBACK"", ""impact"": ""neutral""}]","REJECT: positive=3, negative=2, neutral=5, confidence=0.961, risk=high",2026-09-20T18:21:33+00:00,2026-09-20T18:21:33+00:00
71625b5b8d551b04b85dbc8a,soccer_france_ligue_one,Ligue 1,Rennes vs Auxerre,Auxerre,Unibet (NL),2026-10-11T15:15:00Z,BLOCK,REJECT,0.17620811230965885,0.1430128001981557,0.4968324971969216,0.2589278324204767,1.0,high,"[{""label"": ""Raw edge"", ""value"": 0.4968, ""impact"": ""positive""}, {""label"": ""Model-market gap"", ""value"": 0.0566, ""impact"": ""positive""}, {""label"": ""ELO separation"", ""value"": 89.2, ""impact"": ""positive""}, {""label"": ""Form separation"", ""value"": 0.6667, ""impact"": ""positive""}, {""label"": ""Competition importance"", ""value"": 0.85, ""impact"": ""positive""}, {""label"": ""Model dispersion"", ""value"": 0.009, ""impact"": ""positive""}]","[{""label"": ""Historical xG"", ""value"": ""unavailable"", ""impact"": ""negative""}, {""label"": ""Decision rule"", ""value"": ""edge above max guard"", ""impact"": ""negative""}]","[{""label"": ""Consensus safety"", ""value"": 0.819, ""impact"": ""neutral""}, {""label"": ""Probability source"", ""value"": ""FOOTBALL_V13_FALLBACK"", ""impact"": ""neutral""}]","REJECT: positive=6, negative=2, neutral=2, confidence=1.000, risk=high",2026-09-20T18:21:33+00:00,2026-09-20T18:21:33+00:00
b6a68dc08f054c159f39114e,soccer_france_ligue_one,Ligue 1,Rennes vs Auxerre,Draw,1xBet,2026-10-11T15:15:00Z,BLOCK,REJECT,0.20718709852487707,0.19047229157407528,0.14693266799005844,0.06907727533204829,1.0,high,"[{""label"": ""Raw edge"", ""value"": 0.1469, ""impact"": ""positive""}, {""label"": ""Consensus safety"", ""value"": 0.915, ""impact"": ""positive""}, {""label"": ""ELO separation"", ""value"": 89.2, ""impact"": ""positive""}, {""label"": ""Form separation"", ""value"": 0.6667, ""impact"": ""positive""}, {""label"": ""Competition importance"", ""value"": 0.85, ""impact"": ""positive""}, {""label"": ""Model dispersion"", ""value"": 0.0039, ""impact"": ""positive""}]","[{""label"": ""Historical xG"", ""value"": ""unavailable"", ""impact"": ""negative""}, {""label"": ""Decision rule"", ""value"": ""odds above maximum"", ""impact"": ""negative""}]","[{""label"": ""Model-market gap"", ""value"": 0.0284, ""impact"": ""neutral""}, {""label"": ""Probability source"", ""value"": ""FOOTBALL_V13_FALLBACK"", ""impact"": ""neutral""}]","REJECT: positive=6, negative=2, neutral=2, confidence=1.000, risk=high",2026-09-20T18:21:33+00:00,2026-09-20T18:21:33+00:00
934c52750bab5ae5f5874c72,soccer_france_ligue_one,Ligue 1,Rennes vs Auxerre,Rennes,1xBet,2026-10-11T15:15:00Z,BLOCK,REJECT,0.6337005836428753,0.666514908227769,-0.10866898208815923,-0.060317059028637605,1.0,high,"[{""label"": ""ELO separation"", ""value"": 89.2, ""impact"": ""positive""}, {""label"": ""Form separation"", ""value"": 0.6667, ""impact"": ""positive""}, {""label"": ""Competition importance"", ""value"": 0.85, ""impact"": ""positive""}, {""label"": ""Model dispersion"", ""value"": 0.0124, ""impact"": ""positive""}]","[{""label"": ""Raw edge"", ""value"": -0.1087, ""impact"": ""negative""}, {""label"": ""Model-market gap"", ""value"": -0.056, ""impact"": ""negative""}, {""label"": ""Historical xG"", ""value"": ""unavailable"", ""impact"": ""negative""}, {""label"": ""Decision rule"", ""value"": ""edge below minimum"", ""impact"": ""negative""}]","[{""label"": ""Consensus safety"", ""value"": 0.735, ""impact"": ""neutral""}, {""label"": ""Probability source"", ""value"": ""FOOTBALL_V13_FALLBACK"", ""impact"": ""neutral""}]","REJECT: positive=4, negative=4, neutral=2, confidence=1.000, risk=high",2026-09-20T18:21:33+00:00,2026-09-20T18:21:33+00:00
51cee82afe524fc635e0ebc5,soccer_france_ligue_one,Ligue 1,Troyes vs Marseille,Draw,1xBet,2026-10-11T18:45:00Z,BLOCK,REJECT,0.25569417548794915,0.25117394302166185,0.028386302967851718,0.01424344768158446,1.0,high,"[{""label"": ""Consensus safety"", ""value"": 0.97, ""impact"": ""positive""}, {""label"": ""Form separation"", ""value"": -0.4167, ""impact"": ""positive""}, {""label"": ""Competition importance"", ""value"": 0.85, ""impact"": ""positive""}, {""label"": ""Model dispersion"", ""value"": 0.009, ""impact"": ""positive""}]","[{""label"": ""Historical xG"", ""value"": ""unavailable"", ""impact"": ""negative""}, {""label"": ""Decision rule"", ""value"": ""edge below minimum"", ""impact"": ""negative""}]","[{""label"": ""Raw edge"", ""value"": 0.0284, ""impact"": ""neutral""}, {""label"": ""Model-market gap"", ""value"": 0.0072, ""impact"": ""neutral""}, {""label"": ""ELO separation"", ""value"": 12.4, ""impact"": ""neutral""}, {""label"": ""Probability source"", ""value"": ""FOOTBALL_V13_FALLBACK"", ""impact"": ""neutral""}]","REJECT: positive=4, negative=2, neutral=4, confidence=1.000, risk=high",2026-09-20T18:21:33+00:00,2026-09-20T18:21:33+00:00
199e48ff414e3722175a8288,soccer_france_ligue_one,Ligue 1,Troyes vs Marseille,Marseille,1xBet,2026-10-11T18:45:00Z,BLOCK,REJECT,0.47155742372723963,0.4869903465884547,-0.07486700060516327,-0.03883919367397094,0.9232041730954486,high,"[{""label"": ""Form separation"", ""value"": -0.4167, ""impact"": ""positive""}, {""label"": ""Competition importance"", ""value"": 0.85, ""impact"": ""positive""}, {""label"": ""Model dispersion"", ""value"": 0.0829, ""impact"": ""positive""}]","[{""label"": ""Raw edge"", ""value"": -0.0749, ""impact"": ""negative""}, {""label"": ""Model-market gap"", ""value"": -0.0267, ""impact"": ""negative""}, {""label"": ""Historical xG"", ""value"": ""unavailable"", ""impact"": ""negative""}, {""label"": ""Decision rule"", ""value"": ""edge below minimum"", ""impact"": ""negative""}]","[{""label"": ""Consensus safety"", ""value"": 0.796, ""impact"": ""neutral""}, {""label"": ""ELO separation"", ""value"": 12.4, ""impact"": ""neutral""}, {""label"": ""Probability source"", ""value"": ""FOOTBALL_V13_FALLBACK"", ""impact"": ""neutral""}]","REJECT: positive=3, negative=4, neutral=3, confidence=0.923, risk=high",2026-09-20T18:21:33+00:00,2026-09-20T18:21:33+00:00
9488c520145ffd74a3c905ae,soccer_france_ligue_one,Ligue 1,Troyes vs Marseille,Troyes,Unibet (SE),2026-10-11T18:45:00Z,BLOCK,REJECT,0.27483230624523164,0.26183571038988335,0.06460996135512387,0.023419943061497785,0.9498363420866534,high,"[{""label"": ""Form separation"", ""value"": -0.4167, ""impact"": ""positive""}, {""label"": ""Competition importance"", ""value"": 0.85, ""impact"": ""positive""}, {""label"": ""Model dispersion"", ""value"": 0.0751, ""impact"": ""positive""}]","[{""label"": ""Historical xG"", ""value"": ""unavailable"", ""impact"": ""negative""}, {""label"": ""Decision rule"", ""value"": ""edge below minimum"", ""impact"": ""negative""}]","[{""label"": ""Raw edge"", ""value"": 0.0646, ""impact"": ""neutral""}, {""label"": ""Consensus safety"", ""value"": 0.822, ""impact"": ""neutral""}, {""label"": ""Model-market gap"", ""value"": 0.0221, ""impact"": ""neutral""}, {""label"": ""ELO separation"", ""value"": 12.4, ""impact"": ""neutral""}, {""label"": ""Probability source"", ""value"": ""FOOTBALL_V13_FALLBACK"", ""impact"": ""neutral""}]","REJECT: positive=3, negative=2, neutral=5, confidence=0.950, risk=high",2026-09-20T18:21:33+00:00,2026-09-20T18:21:33+00:00
80e0faaebb0ea4f0f584bf1a,soccer_efl_champ,Championship,West Ham United vs Queens Park Rangers,Draw,Codere (IT),2026-10-09T19:00:00Z,BLOCK,REJECT,0.22503478316460312,0.2096360839353005,0.14724430205468098,0.08400817174461173,1.0,high,"[{""label"": ""Raw edge"", ""value"": 0.1472, ""impact"": ""positive""}, {""label"": ""Consensus safety"", ""value"": 0.932, ""impact"": ""positive""}, {""label"": ""ELO separation"", ""value"": 89.7, ""impact"": ""positive""}, {""label"": ""Form separation"", ""value"": 0.0833, ""impact"": ""positive""}, {""label"": ""Model dispersion"", ""value"": 0.0045, ""impact"": ""positive""}]","[{""label"": ""Historical xG"", ""value"": ""unavailable"", ""impact"": ""negative""}, {""label"": ""Decision rule"", ""value"": ""odds above maximum"", ""impact"": ""negative""}]","[{""label"": ""Model-market gap"", ""value"": 0.0245, ""impact"": ""neutral""}, {""label"": ""Competition importance"", ""value"": 0.72, ""impact"": ""neutral""}, {""label"": ""Probability source"", ""value"": ""FOOTBALL_V13_FALLBACK"", ""impact"": ""neutral""}]","REJECT: positive=5, negative=2, neutral=3, confidence=1.000, risk=high",2026-09-20T18:21:34+00:00,2026-09-20T18:21:34+00:00
4b27cdc22e7d935abbecac5d,soccer_efl_champ,Championship,West Ham United vs Queens Park Rangers,Queens Park Rangers,Codere (IT),2026-10-09T19:00:00Z,BLOCK,REJECT,0.19802770138580697,0.16049490596111982,0.49987621583067465,0.2835894729810048,1.0,high,"[{""label"": ""Raw edge"", ""value"": 0.4999, ""impact"": ""positive""}, {""label"": ""Model-market gap"", ""value"": 0.0601, ""impact"": ""positive""}, {""label"": ""ELO separation"", ""value"": 89.7, ""impact"": ""positive""}, {""label"": ""Form separation"", ""value"": 0.0833, ""impact"": ""positive""}, {""label"": ""Model dispersion"", ""value"": 0.0175, ""impact"": ""positive""}]","[{""label"": ""Historical xG"", ""value"": ""unavailable"", ""impact"": ""negative""}, {""label"": ""Decision rule"", ""value"": ""edge above max guard"", ""impact"": ""negative""}]","[{""label"": ""Consensus safety"", ""value"": 0.822, ""impact"": ""neutral""}, {""label"": ""Competition importance"", ""value"": 0.72, ""impact"": ""neutral""}, {""label"": ""Probability source"", ""value"": ""FOOTBALL_V13_FALLBACK"", ""impact"": ""neutral""}]","REJECT: positive=5, negative=2, neutral=3, confidence=1.000, risk=high",2026-09-20T18:21:34+00:00,2026-09-20T18:21:34+00:00
b766f412712e81422a5c06df,soccer_efl_champ,Championship,West Ham United vs Queens Park Rangers,West Ham United,Betfair,2026-10-09T19:00:00Z,BLOCK,REJECT,0.5909138408611574,0.6298690101035798,-0.12055778659912653,-0.06803352246193695,1.0,high,"[{""label"": ""ELO separation"", ""value"": 89.7, ""impact"": ""positive""}, {""label"": ""Form separation"", ""value"": 0.0833, ""impact"": ""positive""}, {""label"": ""Model dispersion"", ""value"": 0.022, ""impact"": ""positive""}]","[{""label"": ""Raw edge"", ""value"": -0.1206, ""impact"": ""negative""}, {""label"": ""Model-market gap"", ""value"": -0.0625, ""impact"": ""negative""}, {""label"": ""Historical xG"", ""value"": ""unavailable"", ""impact"": ""negative""}, {""label"": ""Decision rule"", ""value"": ""edge below minimum"", ""impact"": ""negative""}]","[{""label"": ""Consensus safety"", ""value"": 0.754, ""impact"": ""neutral""}, {""label"": ""Competition importance"", ""value"": 0.72, ""impact"": ""neutral""}, {""label"": ""Probability source"", ""value"": ""FOOTBALL_V13_FALLBACK"", ""impact"": ""neutral""}]","REJECT: positive=3, negative=4, neutral=3, confidence=1.000, risk=high",2026-09-20T18:21:34+00:00,2026-09-20T18:21:34+00:00
0086f1ee27eebf5f2b26ad22,soccer_efl_champ,Championship,West Bromwich Albion vs Birmingham City,Birmingham City,Codere (IT),2026-10-10T11:30:00Z,BLOCK,REJECT,0.30783450454990446,0.3066609106979358,0.002748266207657668,0.0003781372667254907,1.0,high,"[{""label"": ""Consensus safety"", ""value"": 0.976, ""impact"": ""positive""}, {""label"": ""ELO separation"", ""value"": 55.9, ""impact"": ""positive""}, {""label"": ""Form separation"", ""value"": 0.3556, ""impact"": ""positive""}, {""label"": ""Model dispersion"", ""value"": 0.0115, ""impact"": ""positive""}]","[{""label"": ""Historical xG"", ""value"": ""unavailable"", ""impact"": ""negative""}, {""label"": ""Decision rule"", ""value"": ""edge below minimum"", ""impact"": ""negative""}]","[{""label"": ""Raw edge"", ""value"": 0.0027, ""impact"": ""neutral""}, {""label"": ""Model-market gap"", ""value"": 0.0019, ""impact"": ""neutral""}, {""label"": ""Competition importance"", ""value"": 0.72, ""impact"": ""neutral""}, {""label"": ""Probability source"", ""value"": ""FOOTBALL_V13_FALLBACK"", ""impact"": ""neutral""}]","REJECT: positive=4, negative=2, neutral=4, confidence=1.000, risk=high",2026-09-20T18:21:34+00:00,2026-09-20T18:21:34+00:00
f7d11fc46b5fd9be3f64cfef,soccer_efl_champ,Championship,West Bromwich Albion vs Birmingham City,Draw,Betfair,2026-10-10T11:30:00Z,BLOCK,REJECT,0.27419156200799266,0.2750041193675246,-0.042013592231702424,-0.03263135650374643,1.0,high,"[{""label"": ""Consensus safety"", ""value"": 0.995, ""impact"": ""positive""}, {""label"": ""ELO separation"", ""value"": 55.9, ""impact"": ""positive""}, {""label"": ""Form separation"", ""value"": 0.3556, ""impact"": ""positive""}, {""label"": ""Model dispersion"", ""value"": 0.002, ""impact"": ""positive""}]","[{""label"": ""Raw edge"", ""value"": -0.042, ""impact"": ""negative""}, {""label"": ""Model-market gap"", ""value"": -0.0013, ""impact"": ""negative""}, {""label"": ""Historical xG"", ""value"": ""unavailable"", ""impact"": ""negative""}, {""label"": ""Decision rule"", ""value"": ""edge below minimum"", ""impact"": ""negative""}]","[{""label"": ""Competition importance"", ""value"": 0.72, ""impact"": ""neutral""}, {""label"": ""Probability source"", ""value"": ""FOOTBALL_V13_FALLBACK"", ""impact"": ""neutral""}]","REJECT: positive=4, negative=4, neutral=2, confidence=1.000, risk=high",2026-09-20T18:21:34+00:00,2026-09-20T18:21:34+00:00
90ec1626e54371bc3c8ca5c3,soccer_efl_champ,Championship,West Bromwich Albion vs Birmingham City,West Bromwich Albion,Pinnacle,2026-10-10T11:30:00Z,BLOCK,REJECT,0.41794623267379466,0.41833496993453967,-0.035083819886511325,-0.02795034072090436,1.0,high,"[{""label"": ""Consensus safety"", ""value"": 0.973, ""impact"": ""positive""}, {""label"": ""ELO separation"", ""value"": 55.9, ""impact"": ""positive""}, {""label"": ""Form separation"", ""value"": 0.3556, ""impact"": ""positive""}, {""label"": ""Model dispersion"", ""value"": 0.0135, ""impact"": ""positive""}]","[{""label"": ""Raw edge"", ""value"": -0.0351, ""impact"": ""negative""}, {""label"": ""Model-market gap"", ""value"": -0.0006, ""impact"": ""negative""}, {""label"": ""Historical xG"", ""value"": ""unavailable"", ""impact"": ""negative""}, {""label"": ""Decision rule"", ""value"": ""edge below minimum"", ""impact"": ""negative""}]","[{""label"": ""Competition importance"", ""value"": 0.72, ""impact"": ""neutral""}, {""label"": ""Probability source"", ""value"": ""FOOTBALL_V13_FALLBACK"", ""impact"": ""neutral""}]","REJECT: positive=4, negative=4, neutral=2, confidence=1.000, risk=high",2026-09-20T18:21:34+00:00,2026-09-20T18:21:34+00:00
585ed6babcf523a9de5aa6c1,soccer_efl_champ,Championship,Charlton Athletic vs Bristol City,Bristol City,Nordic Bet,2026-10-10T11:30:00Z,BLOCK,REJECT,0.40035882882439355,0.4159080622559089,-0.09701465349066951,-0.0575829287307081,1.0,high,"[{""label"": ""Consensus safety"", ""value"": 0.905, ""impact"": ""positive""}, {""label"": ""ELO separation"", ""value"": 54.2, ""impact"": ""positive""}, {""label"": ""Form separation"", ""value"": 0.1111, ""impact"": ""positive""}, {""label"": ""Model dispersion"", ""value"": 0.0208, ""impact"": ""positive""}]","[{""label"": ""Raw edge"", ""value"": -0.097, ""impact"": ""negative""}, {""label"": ""Model-market gap"", ""value"": -0.0267, ""impact"": ""negative""}, {""label"": ""Historical xG"", ""value"": ""unavailable"", ""impact"": ""negative""}, {""label"": ""Decision rule"", ""value"": ""edge below minimum"", ""impact"": ""negative""}]","[{""label"": ""Competition importance"", ""value"": 0.72, ""impact"": ""neutral""}, {""label"": ""Probability source"", ""value"": ""FOOTBALL_V13_FALLBACK"", ""impact"": ""neutral""}]","REJECT: positive=4, negative=4, neutral=2, confidence=1.000, risk=high",2026-09-20T18:21:34+00:00,2026-09-20T18:21:34+00:00
77fb6e545ccd79729ea71979,soccer_efl_champ,Championship,Charlton Athletic vs Bristol City,Charlton Athletic,Codere (IT),2026-10-10T11:30:00Z,PASS,PASS,0.31275860811643597,0.2942439913506855,0.09227459571011054,0.039063459272041655,1.0,low,"[{""label"": ""Raw edge"", ""value"": 0.0923, ""impact"": ""positive""}, {""label"": ""Consensus safety"", ""value"": 0.888, ""impact"": ""positive""}, {""label"": ""ELO separation"", ""value"": 54.2, ""impact"": ""positive""}, {""label"": ""Form separation"", ""value"": 0.1111, ""impact"": ""positive""}, {""label"": ""Model dispersion"", ""value"": 0.0225, ""impact"": ""positive""}]","[{""label"": ""Historical xG"", ""value"": ""unavailable"", ""impact"": ""negative""}]","[{""label"": ""Model-market gap"", ""value"": 0.0318, ""impact"": ""neutral""}, {""label"": ""Competition importance"", ""value"": 0.72, ""impact"": ""neutral""}, {""label"": ""Probability source"", ""value"": ""FOOTBALL_V13_FALLBACK"", ""impact"": ""neutral""}]","PASS: positive=5, negative=1, neutral=3, confidence=1.000, risk=low",2026-09-20T18:21:34+00:00,2026-09-20T18:21:34+00:00
b2f9d690bb938b8ee7da6d98,soccer_efl_champ,Championship,Charlton Athletic vs Bristol City,Draw,Codere (IT),2026-10-10T11:30:00Z,BLOCK,REJECT,0.28646039248356636,0.2898479463934057,-0.03409825550497314,-0.021302379812999022,1.0,high,"[{""label"": ""Consensus safety"", ""value"": 0.982, ""impact"": ""positive""}, {""label"": ""ELO separation"", ""value"": 54.2, ""impact"": ""positive""}, {""label"": ""Form separation"", ""value"": 0.1111, ""impact"": ""positive""}, {""label"": ""Model dispersion"", ""value"": 0.0021, ""impact"": ""positive""}]","[{""label"": ""Raw edge"", ""value"": -0.0341, ""impact"": ""negative""}, {""label"": ""Model-market gap"", ""value"": -0.0058, ""impact"": ""negative""}, {""label"": ""Historical xG"", ""value"": ""unavailable"", ""impact"": ""negative""}, {""label"": ""Decision rule"", ""value"": ""edge below minimum"", ""impact"": ""negative""}]","[{""label"": ""Competition importance"", ""value"": 0.72, ""impact"": ""neutral""}, {""label"": ""Probability source"", ""value"": ""FOOTBALL_V13_FALLBACK"", ""impact"": ""neutral""}]","REJECT: positive=4, negative=4, neutral=2, confidence=1.000, risk=high",2026-09-20T18:21:34+00:00,2026-09-20T18:21:34+00:00
526896faa487b08a78986156,soccer_efl_champ,Championship,Swansea City vs Norwich City,Draw,Codere (IT),2026-10-10T11:30:00Z,BLOCK,REJECT,0.2734393171034014,0.2737865221162879,-0.01635752477593788,-0.012779512485287066,1.0,high,"[{""label"": ""Consensus safety"", ""value"": 0.997, ""impact"": ""positive""}, {""label"": ""ELO separation"", ""value"": 56.3, ""impact"": ""positive""}, {""label"": ""Form separation"", ""value"": 0.2914, ""impact"": ""positive""}, {""label"": ""Model dispersion"", ""value"": 0.0012, ""impact"": ""positive""}]","[{""label"": ""Raw edge"", ""value"": -0.0164, ""impact"": ""negative""}, {""label"": ""Model-market gap"", ""value"": -0.0006, ""impact"": ""negative""}, {""label"": ""Historical xG"", ""value"": ""unavailable"", ""impact"": ""negative""}, {""label"": ""Decision rule"", ""value"": ""edge below minimum"", ""impact"": ""negative""}]","[{""label"": ""Competition importance"", ""value"": 0.72, ""impact"": ""neutral""}, {""label"": ""Probability source"", ""value"": ""FOOTBALL_V13_FALLBACK"", ""impact"": ""neutral""}]","REJECT: positive=4, negative=4, neutral=2, confidence=1.000, risk=high",2026-09-20T18:21:34+00:00,2026-09-20T18:21:34+00:00
4ce066cf163891cdbd5af794,soccer_efl_champ,Championship,Swansea City vs Norwich City,Norwich City,Codere (IT),2026-10-10T11:30:00Z,BLOCK,REJECT,0.3452349208149673,0.35477126045691015,-0.08320254551261264,-0.055529855320646165,1.0,high,"[{""label"": ""Consensus safety"", ""value"": 0.955, ""impact"": ""positive""}, {""label"": ""ELO separation"", ""value"": 56.3, ""impact"": ""positive""}, {""label"": ""Form separation"", ""value"": 0.2914, ""impact"": ""positive""}, {""label"": ""Model dispersion"", ""value"": 0.007, ""impact"": ""positive""}]","[{""label"": ""Raw edge"", ""value"": -0.0832, ""impact"": ""negative""}, {""label"": ""Model-market gap"", ""value"": -0.0152, ""impact"": ""negative""}, {""label"": ""Historical xG"", ""value"": ""unavailable"", ""impact"": ""negative""}, {""label"": ""Decision rule"", ""value"": ""edge below minimum"", ""impact"": ""negative""}]","[{""label"": ""Competition importance"", ""value"": 0.72, ""impact"": ""neutral""}, {""label"": ""Probability source"", ""value"": ""FOOTBALL_V13_FALLBACK"", ""impact"": ""neutral""}]","REJECT: positive=4, negative=4, neutral=2, confidence=1.000, risk=high",2026-09-20T18:21:34+00:00,2026-09-20T18:21:34+00:00
976276f4fa759b0eec0e314d,soccer_efl_champ,Championship,Swansea City vs Norwich City,Swansea City,Nordic Bet,2026-10-10T11:30:00Z,BLOCK,REJECT,0.3812674617588468,0.3714422174268019,0.029763513117986085,0.011466375801375136,1.0,high,"[{""label"": ""Consensus safety"", ""value"": 0.952, ""impact"": ""positive""}, {""label"": ""ELO separation"", ""value"": 56.3, ""impact"": ""positive""}, {""label"": ""Form separation"", ""value"": 0.2914, ""impact"": ""positive""}, {""label"": ""Model dispersion"", ""value"": 0.0082, ""impact"": ""positive""}]","[{""label"": ""Historical xG"", ""value"": ""unavailable"", ""impact"": ""negative""}, {""label"": ""Decision rule"", ""value"": ""edge below minimum"", ""impact"": ""negative""}]","[{""label"": ""Raw edge"", ""value"": 0.0298, ""impact"": ""neutral""}, {""label"": ""Model-market gap"", ""value"": 0.0157, ""impact"": ""neutral""}, {""label"": ""Competition importance"", ""value"": 0.72, ""impact"": ""neutral""}, {""label"": ""Probability source"", ""value"": ""FOOTBALL_V13_FALLBACK"", ""impact"": ""neutral""}]","REJECT: positive=4, negative=2, neutral=4, confidence=1.000, risk=high",2026-09-20T18:21:34+00:00,2026-09-20T18:21:34+00:00
d6571ba25063d4f38aab207b,soccer_efl_champ,Championship,Blackburn Rovers vs Cardiff City,Blackburn Rovers,Nordic Bet,2026-10-10T14:00:00Z,BLOCK,REJECT,0.3814796900076939,0.36921089855110073,0.0576386260202173,0.030442873068777278,1.0,high,"[{""label"": ""Consensus safety"", ""value"": 0.932, ""impact"": ""positive""}, {""label"": ""ELO separation"", ""value"": 85.3, ""impact"": ""positive""}, {""label"": ""Form separation"", ""value"": 0.3556, ""impact"": ""positive""}, {""label"": ""Model dispersion"", ""value"": 0.0155, ""impact"": ""positive""}]","[{""label"": ""Historical xG"", ""value"": ""unavailable"", ""impact"": ""negative""}, {""label"": ""Decision rule"", ""value"": ""edge below minimum"", ""impact"": ""negative""}]","[{""label"": ""Raw edge"", ""value"": 0.0576, ""impact"": ""neutral""}, {""label"": ""Model-market gap"", ""value"": 0.0196, ""impact"": ""neutral""}, {""label"": ""Competition importance"", ""value"": 0.72, ""impact"": ""neutral""}, {""label"": ""Probability source"", ""value"": ""FOOTBALL_V13_FALLBACK"", ""impact"": ""neutral""}]","REJECT: positive=4, negative=2, neutral=4, confidence=1.000, risk=high",2026-09-20T18:21:34+00:00,2026-09-20T18:21:34+00:00
512267c7c356fcbcd9dafedb,soccer_efl_champ,Championship,Blackburn Rovers vs Cardiff City,Cardiff City,Codere (IT),2026-10-10T14:00:00Z,BLOCK,REJECT,0.35283792372531175,0.36672608158573594,-0.06974412154900844,-0.038733113703461775,1.0,high,"[{""label"": ""Consensus safety"", ""value"": 0.929, ""impact"": ""positive""}, {""label"": ""ELO separation"", ""value"": 85.3, ""impact"": ""positive""}, {""label"": ""Form separation"", ""value"": 0.3556, ""impact"": ""positive""}, {""label"": ""Model dispersion"", ""value"": 0.0127, ""impact"": ""positive""}]","[{""label"": ""Raw edge"", ""value"": -0.0697, ""impact"": ""negative""}, {""label"": ""Model-market gap"", ""value"": -0.0222, ""impact"": ""negative""}, {""label"": ""Historical xG"", ""value"": ""unavailable"", ""impact"": ""negative""}, {""label"": ""Decision rule"", ""value"": ""edge below minimum"", ""impact"": ""negative""}]","[{""label"": ""Competition importance"", ""value"": 0.72, ""impact"": ""neutral""}, {""label"": ""Probability source"", ""value"": ""FOOTBALL_V13_FALLBACK"", ""impact"": ""neutral""}]","REJECT: positive=4, negative=4, neutral=2, confidence=1.000, risk=high",2026-09-20T18:21:34+00:00,2026-09-20T18:21:34+00:00
4de7a2d966f9382119c986a7,soccer_efl_champ,Championship,Blackburn Rovers vs Cardiff City,Draw,Betfair,2026-10-10T14:00:00Z,BLOCK,REJECT,0.26559228120523704,0.26406301986316333,-0.0006442320324365758,-0.0032598928530864894,1.0,high,"[{""label"": ""Consensus safety"", ""value"": 0.991, ""impact"": ""positive""}, {""label"": ""ELO separation"", ""value"": 85.3, ""impact"": ""positive""}, {""label"": ""Form separation"", ""value"": 0.3556, ""impact"": ""positive""}, {""label"": ""Model dispersion"", ""value"": 0.0031, ""impact"": ""positive""}]","[{""label"": ""Raw edge"", ""value"": -0.0006, ""impact"": ""negative""}, {""label"": ""Historical xG"", ""value"": ""unavailable"", ""impact"": ""negative""}, {""label"": ""Decision rule"", ""value"": ""edge below minimum"", ""impact"": ""negative""}]","[{""label"": ""Model-market gap"", ""value"": 0.0024, ""impact"": ""neutral""}, {""label"": ""Competition importance"", ""value"": 0.72, ""impact"": ""neutral""}, {""label"": ""Probability source"", ""value"": ""FOOTBALL_V13_FALLBACK"", ""impact"": ""neutral""}]","REJECT: positive=4, negative=3, neutral=3, confidence=1.000, risk=high",2026-09-20T18:21:34+00:00,2026-09-20T18:21:34+00:00
0fd1fec41eb8aea4ee9fda9e,soccer_efl_champ,Championship,Bolton Wanderers vs Stoke City,Bolton Wanderers,Codere (IT),2026-10-10T14:00:00Z,BLOCK,REJECT,0.3659162955980566,0.36072311007924246,0.034666033781804995,0.020100366949022983,1.0,high,"[{""label"": ""Consensus safety"", ""value"": 0.923, ""impact"": ""positive""}, {""label"": ""ELO separation"", ""value"": 70.0, ""impact"": ""positive""}, {""label"": ""Form separation"", ""value"": -0.1667, ""impact"": ""positive""}, {""label"": ""Model dispersion"", ""value"": 0.031, ""impact"": ""positive""}]","[{""label"": ""Historical xG"", ""value"": ""unavailable"", ""impact"": ""negative""}, {""label"": ""Decision rule"", ""value"": ""edge below minimum"", ""impact"": ""negative""}]","[{""label"": ""Raw edge"", ""value"": 0.0347, ""impact"": ""neutral""}, {""label"": ""Model-market gap"", ""value"": 0.0088, ""impact"": ""neutral""}, {""label"": ""Competition importance"", ""value"": 0.72, ""impact"": ""neutral""}, {""label"": ""Probability source"", ""value"": ""FOOTBALL_V13_FALLBACK"", ""impact"": ""neutral""}]","REJECT: positive=4, negative=2, neutral=4, confidence=1.000, risk=high",2026-09-20T18:21:34+00:00,2026-09-20T18:21:34+00:00
447c614e448700ee434bfa76,soccer_efl_champ,Championship,Bolton Wanderers vs Stoke City,Draw,Codere (IT),2026-10-10T14:00:00Z,BLOCK,REJECT,0.2791733194638837,0.2809214524606666,-0.04089653291116002,-0.03015350124218846,1.0,high,"[{""label"": ""Consensus safety"", ""value"": 0.989, ""impact"": ""positive""}, {""label"": ""ELO separation"", ""value"": 70.0, ""impact"": ""positive""}, {""label"": ""Form separation"", ""value"": -0.1667, ""impact"": ""positive""}, {""label"": ""Model dispersion"", ""value"": 0.0027, ""impact"": ""positive""}]","[{""label"": ""Raw edge"", ""value"": -0.0409, ""impact"": ""negative""}, {""label"": ""Model-market gap"", ""value"": -0.0029, ""impact"": ""negative""}, {""label"": ""Historical xG"", ""value"": ""unavailable"", ""impact"": ""negative""}, {""label"": ""Decision rule"", ""value"": ""edge below minimum"", ""impact"": ""negative""}]","[{""label"": ""Competition importance"", ""value"": 0.72, ""impact"": ""neutral""}, {""label"": ""Probability source"", ""value"": ""FOOTBALL_V13_FALLBACK"", ""impact"": ""neutral""}]","REJECT: positive=4, negative=4, neutral=2, confidence=1.000, risk=high",2026-09-20T18:21:34+00:00,2026-09-20T18:21:34+00:00
6bc9517c7f3434c9f58af50e,soccer_efl_champ,Championship,Bolton Wanderers vs Stoke City,Stoke City,Pinnacle,2026-10-10T14:00:00Z,BLOCK,REJECT,0.35466793944089525,0.35835543746009096,-0.03521189668413982,-0.02282509792909427,1.0,high,"[{""label"": ""Consensus safety"", ""value"": 0.931, ""impact"": ""positive""}, {""label"": ""ELO separation"", ""value"": 70.0, ""impact"": ""positive""}, {""label"": ""Form separation"", ""value"": -0.1667, ""impact"": ""positive""}, {""label"": ""Model dispersion"", ""value"": 0.0291, ""impact"": ""positive""}]","[{""label"": ""Raw edge"", ""value"": -0.0352, ""impact"": ""negative""}, {""label"": ""Model-market gap"", ""value"": -0.0062, ""impact"": ""negative""}, {""label"": ""Historical xG"", ""value"": ""unavailable"", ""impact"": ""negative""}, {""label"": ""Decision rule"", ""value"": ""edge below minimum"", ""impact"": ""negative""}]","[{""label"": ""Competition importance"", ""value"": 0.72, ""impact"": ""neutral""}, {""label"": ""Probability source"", ""value"": ""FOOTBALL_V13_FALLBACK"", ""impact"": ""neutral""}]","REJECT: positive=4, negative=4, neutral=2, confidence=1.000, risk=high",2026-09-20T18:21:34+00:00,2026-09-20T18:21:34+00:00
0d13e65de9d3bd78305e2b3f,soccer_efl_champ,Championship,Watford vs Burnley,Burnley,Codere (IT),2026-10-10T14:00:00Z,BLOCK,REJECT,0.37955277492614126,0.39888273474019886,-0.07584295473818525,-0.04182640196687041,1.0,high,"[{""label"": ""Consensus safety"", ""value"": 0.894, ""impact"": ""positive""}, {""label"": ""ELO separation"", ""value"": 93.2, ""impact"": ""positive""}, {""label"": ""Form separation"", ""value"": 0.1048, ""impact"": ""positive""}, {""label"": ""Model dispersion"", ""value"": 0.0249, ""impact"": ""positive""}]","[{""label"": ""Raw edge"", ""value"": -0.0758, ""impact"": ""negative""}, {""label"": ""Model-market gap"", ""value"": -0.0292, ""impact"": ""negative""}, {""label"": ""Historical xG"", ""value"": ""unavailable"", ""impact"": ""negative""}, {""label"": ""Decision rule"", ""value"": ""edge below minimum"", ""impact"": ""negative""}]","[{""label"": ""Competition importance"", ""value"": 0.72, ""impact"": ""neutral""}, {""label"": ""Probability source"", ""value"": ""FOOTBALL_V13_FALLBACK"", ""impact"": ""neutral""}]","REJECT: positive=4, negative=4, neutral=2, confidence=1.000, risk=high",2026-09-20T18:21:34+00:00,2026-09-20T18:21:34+00:00
4d2f6b1fd1294d8e1be8937d,soccer_efl_champ,Championship,Watford vs Burnley,Draw,Pinnacle,2026-10-10T14:00:00Z,BLOCK,REJECT,0.27382852248598577,0.2733935409678748,-0.024398513393969812,-0.02036587561174771,1.0,high,"[{""label"": ""Consensus safety"", ""value"": 0.987, ""impact"": ""positive""}, {""label"": ""ELO separation"", ""value"": 93.2, ""impact"": ""positive""}, {""label"": ""Form separation"", ""value"": 0.1048, ""impact"": ""positive""}, {""label"": ""Model dispersion"", ""value"": 0.0056, ""impact"": ""positive""}]","[{""label"": ""Raw edge"", ""value"": -0.0244, ""impact"": ""negative""}, {""label"": ""Historical xG"", ""value"": ""unavailable"", ""impact"": ""negative""}, {""label"": ""Decision rule"", ""value"": ""edge below minimum"", ""impact"": ""negative""}]","[{""label"": ""Model-market gap"", ""value"": 0.0007, ""impact"": ""neutral""}, {""label"": ""Competition importance"", ""value"": 0.72, ""impact"": ""neutral""}, {""label"": ""Probability source"", ""value"": ""FOOTBALL_V13_FALLBACK"", ""impact"": ""neutral""}]","REJECT: positive=4, negative=3, neutral=3, confidence=1.000, risk=high",2026-09-20T18:21:34+00:00,2026-09-20T18:21:34+00:00
2eee3fca5c4c046fae35de91,soccer_efl_champ,Championship,Watford vs Burnley,Watford,Betsson,2026-10-10T14:00:00Z,BLOCK,REJECT,0.3462251340153428,0.32772372429192637,0.049496587460756025,0.01910570874685064,1.0,high,"[{""label"": ""Consensus safety"", ""value"": 0.886, ""impact"": ""positive""}, {""label"": ""ELO separation"", ""value"": 93.2, ""impact"": ""positive""}, {""label"": ""Form separation"", ""value"": 0.1048, ""impact"": ""positive""}, {""label"": ""Model dispersion"", ""value"": 0.0304, ""impact"": ""positive""}]","[{""label"": ""Historical xG"", ""value"": ""unavailable"", ""impact"": ""negative""}, {""label"": ""Decision rule"", ""value"": ""edge below minimum"", ""impact"": ""negative""}]","[{""label"": ""Raw edge"", ""value"": 0.0495, ""impact"": ""neutral""}, {""label"": ""Model-market gap"", ""value"": 0.028, ""impact"": ""neutral""}, {""label"": ""Competition importance"", ""value"": 0.72, ""impact"": ""neutral""}, {""label"": ""Probability source"", ""value"": ""FOOTBALL_V13_FALLBACK"", ""impact"": ""neutral""}]","REJECT: positive=4, negative=2, neutral=4, confidence=1.000, risk=high",2026-09-20T18:21:34+00:00,2026-09-20T18:21:34+00:00
d1c52735d7306388c391c486,soccer_efl_champ,Championship,Derby County vs Wrexham AFC,Derby County,Codere (IT),2026-10-10T14:00:00Z,BLOCK,REJECT,0.3382133375696824,0.3362557511931558,0.018361132998431673,0.011978917513879323,1.0,high,"[{""label"": ""Consensus safety"", ""value"": 0.881, ""impact"": ""positive""}, {""label"": ""Form separation"", ""value"": -0.4222, ""impact"": ""positive""}, {""label"": ""Model dispersion"", ""value"": 0.0578, ""impact"": ""positive""}]","[{""label"": ""Historical xG"", ""value"": ""unavailable"", ""impact"": ""negative""}, {""label"": ""Decision rule"", ""value"": ""edge below minimum"", ""impact"": ""negative""}]","[{""label"": ""Raw edge"", ""value"": 0.0184, ""impact"": ""neutral""}, {""label"": ""Model-market gap"", ""value"": 0.0032, ""impact"": ""neutral""}, {""label"": ""ELO separation"", ""value"": 1.8, ""impact"": ""neutral""}, {""label"": ""Competition importance"", ""value"": 0.72, ""impact"": ""neutral""}, {""label"": ""Probability source"", ""value"": ""FOOTBALL_V13_FALLBACK"", ""impact"": ""neutral""}]","REJECT: positive=3, negative=2, neutral=5, confidence=1.000, risk=high",2026-09-20T18:21:34+00:00,2026-09-20T18:21:34+00:00
24126d6e07a60935c35ebf7a,soccer_efl_champ,Championship,Derby County vs Wrexham AFC,Draw,Codere (IT),2026-10-10T14:00:00Z,BLOCK,REJECT,0.28351616453214645,0.2868223344803608,-0.05680314583030799,-0.0410922734437099,1.0,high,"[{""label"": ""Consensus safety"", ""value"": 0.978, ""impact"": ""positive""}, {""label"": ""Form separation"", ""value"": -0.4222, ""impact"": ""positive""}, {""label"": ""Model dispersion"", ""value"": 0.0074, ""impact"": ""positive""}]","[{""label"": ""Raw edge"", ""value"": -0.0568, ""impact"": ""negative""}, {""label"": ""Model-market gap"", ""value"": -0.0053, ""impact"": ""negative""}, {""label"": ""Historical xG"", ""value"": ""unavailable"", ""impact"": ""negative""}, {""label"": ""Decision rule"", ""value"": ""edge below minimum"", ""impact"": ""negative""}]","[{""label"": ""ELO separation"", ""value"": 1.8, ""impact"": ""neutral""}, {""label"": ""Competition importance"", ""value"": 0.72, ""impact"": ""neutral""}, {""label"": ""Probability source"", ""value"": ""FOOTBALL_V13_FALLBACK"", ""impact"": ""neutral""}]","REJECT: positive=3, negative=4, neutral=3, confidence=1.000, risk=high",2026-09-20T18:21:34+00:00,2026-09-20T18:21:34+00:00
b7838d1a9ac97dbe588d8c74,soccer_efl_champ,Championship,Derby County vs Wrexham AFC,Wrexham AFC,Pinnacle,2026-10-10T14:00:00Z,BLOCK,REJECT,0.37757644840300636,0.37692191432648336,-0.0020858831167089864,-0.0025718656182978678,0.9938799928479503,high,"[{""label"": ""Consensus safety"", ""value"": 0.87, ""impact"": ""positive""}, {""label"": ""Form separation"", ""value"": -0.4222, ""impact"": ""positive""}, {""label"": ""Model dispersion"", ""value"": 0.0631, ""impact"": ""positive""}]","[{""label"": ""Raw edge"", ""value"": -0.0021, ""impact"": ""negative""}, {""label"": ""Historical xG"", ""value"": ""unavailable"", ""impact"": ""negative""}, {""label"": ""Decision rule"", ""value"": ""edge below minimum"", ""impact"": ""negative""}]","[{""label"": ""Model-market gap"", ""value"": 0.0011, ""impact"": ""neutral""}, {""label"": ""ELO separation"", ""value"": 1.8, ""impact"": ""neutral""}, {""label"": ""Competition importance"", ""value"": 0.72, ""impact"": ""neutral""}, {""label"": ""Probability source"", ""value"": ""FOOTBALL_V13_FALLBACK"", ""impact"": ""neutral""}]","REJECT: positive=3, negative=3, neutral=4, confidence=0.994, risk=high",2026-09-20T18:21:34+00:00,2026-09-20T18:21:34+00:00
568fc80d7678a51d088ef5b7,soccer_efl_champ,Championship,Sheffield United vs Lincoln City,Draw,Codere (IT),2026-10-10T14:00:00Z,BLOCK,REJECT,0.27170623540667393,0.2708543266958143,-0.006187856748564036,-0.006768606814481574,1.0,high,"[{""label"": ""Consensus safety"", ""value"": 0.994, ""impact"": ""positive""}, {""label"": ""Form separation"", ""value"": -0.0833, ""impact"": ""positive""}, {""label"": ""Model dispersion"", ""value"": 0.0016, ""impact"": ""positive""}]","[{""label"": ""Raw edge"", ""value"": -0.0062, ""impact"": ""negative""}, {""label"": ""Historical xG"", ""value"": ""unavailable"", ""impact"": ""negative""}, {""label"": ""Decision rule"", ""value"": ""edge below minimum"", ""impact"": ""negative""}]","[{""label"": ""Model-market gap"", ""value"": 0.0014, ""impact"": ""neutral""}, {""label"": ""ELO separation"", ""value"": 25.2, ""impact"": ""neutral""}, {""label"": ""Competition importance"", ""value"": 0.72, ""impact"": ""neutral""}, {""label"": ""Probability source"", ""value"": ""FOOTBALL_V13_FALLBACK"", ""impact"": ""neutral""}]","REJECT: positive=3, negative=3, neutral=4, confidence=1.000, risk=high",2026-09-20T18:21:34+00:00,2026-09-20T18:21:34+00:00
c802e3d7ee2ebb8f759ab631,soccer_efl_champ,Championship,Sheffield United vs Lincoln City,Lincoln City,Codere (IT),2026-10-10T14:00:00Z,PASS,PASS,0.27718103001162125,0.26005255071888433,0.15633589340025744,0.08896148464414318,1.0,low,"[{""label"": ""Raw edge"", ""value"": 0.1563, ""impact"": ""positive""}, {""label"": ""Consensus safety"", ""value"": 0.881, ""impact"": ""positive""}, {""label"": ""Form separation"", ""value"": -0.0833, ""impact"": ""positive""}, {""label"": ""Model dispersion"", ""value"": 0.0306, ""impact"": ""positive""}]","[{""label"": ""Historical xG"", ""value"": ""unavailable"", ""impact"": ""negative""}]","[{""label"": ""Model-market gap"", ""value"": 0.029, ""impact"": ""neutral""}, {""label"": ""ELO separation"", ""value"": 25.2, ""impact"": ""neutral""}, {""label"": ""Competition importance"", ""value"": 0.72, ""impact"": ""neutral""}, {""label"": ""Probability source"", ""value"": ""FOOTBALL_V13_FALLBACK"", ""impact"": ""neutral""}]","PASS: positive=4, negative=1, neutral=4, confidence=1.000, risk=low",2026-09-20T18:21:34+00:00,2026-09-20T18:21:34+00:00
f25e39a866882efa007c45f0,soccer_efl_champ,Championship,Sheffield United vs Lincoln City,Sheffield United,Pinnacle,2026-10-10T14:00:00Z,BLOCK,REJECT,0.45119329264349894,0.46909312258530145,-0.10932000306590606,-0.06802872379951937,1.0,high,"[{""label"": ""Consensus safety"", ""value"": 0.878, ""impact"": ""positive""}, {""label"": ""Form separation"", ""value"": -0.0833, ""impact"": ""positive""}, {""label"": ""Model dispersion"", ""value"": 0.0303, ""impact"": ""positive""}]","[{""label"": ""Raw edge"", ""value"": -0.1093, ""impact"": ""negative""}, {""label"": ""Model-market gap"", ""value"": -0.0303, ""impact"": ""negative""}, {""label"": ""Historical xG"", ""value"": ""unavailable"", ""impact"": ""negative""}, {""label"": ""Decision rule"", ""value"": ""edge below minimum"", ""impact"": ""negative""}]","[{""label"": ""ELO separation"", ""value"": 25.2, ""impact"": ""neutral""}, {""label"": ""Competition importance"", ""value"": 0.72, ""impact"": ""neutral""}, {""label"": ""Probability source"", ""value"": ""FOOTBALL_V13_FALLBACK"", ""impact"": ""neutral""}]","REJECT: positive=3, negative=4, neutral=3, confidence=1.000, risk=high",2026-09-20T18:21:34+00:00,2026-09-20T18:21:34+00:00
9dfd945a855eaa81f43b704b,soccer_efl_champ,Championship,Middlesbrough vs Wolverhampton Wanderers,Draw,Pinnacle,2026-10-10T14:00:00Z,BLOCK,REJECT,0.26687557984596316,0.2648952640544149,-9.10653672436812e-06,-0.00368479452130531,1.0,high,"[{""label"": ""Consensus safety"", ""value"": 0.991, ""impact"": ""positive""}, {""label"": ""ELO separation"", ""value"": 53.0, ""impact"": ""positive""}, {""label"": ""Form separation"", ""value"": -0.25, ""impact"": ""positive""}, {""label"": ""Model dispersion"", ""value"": 0.0006, ""impact"": ""positive""}]","[{""label"": ""Raw edge"", ""value"": -0.0, ""impact"": ""negative""}, {""label"": ""Historical xG"", ""value"": ""unavailable"", ""impact"": ""negative""}, {""label"": ""Decision rule"", ""value"": ""edge below minimum"", ""impact"": ""negative""}]","[{""label"": ""Model-market gap"", ""value"": 0.0032, ""impact"": ""neutral""}, {""label"": ""Competition importance"", ""value"": 0.72, ""impact"": ""neutral""}, {""label"": ""Probability source"", ""value"": ""FOOTBALL_V13_FALLBACK"", ""impact"": ""neutral""}]","REJECT: positive=4, negative=3, neutral=3, confidence=1.000, risk=high",2026-09-20T18:21:34+00:00,2026-09-20T18:21:34+00:00
6faa22d52a6bb7f52bd60c8d,soccer_efl_champ,Championship,Middlesbrough vs Wolverhampton Wanderers,Middlesbrough,Nordic Bet,2026-10-10T14:00:00Z,BLOCK,REJECT,0.4152635808570345,0.4253015620008832,-0.09661277468962304,-0.06656411509101129,1.0,high,"[{""label"": ""Consensus safety"", ""value"": 0.9, ""impact"": ""positive""}, {""label"": ""ELO separation"", ""value"": 53.0, ""impact"": ""positive""}, {""label"": ""Form separation"", ""value"": -0.25, ""impact"": ""positive""}, {""label"": ""Model dispersion"", ""value"": 0.0399, ""impact"": ""positive""}]","[{""label"": ""Raw edge"", ""value"": -0.0966, ""impact"": ""negative""}, {""label"": ""Model-market gap"", ""value"": -0.0165, ""impact"": ""negative""}, {""label"": ""Historical xG"", ""value"": ""unavailable"", ""impact"": ""negative""}, {""label"": ""Decision rule"", ""value"": ""edge below minimum"", ""impact"": ""negative""}]","[{""label"": ""Competition importance"", ""value"": 0.72, ""impact"": ""neutral""}, {""label"": ""Probability source"", ""value"": ""FOOTBALL_V13_FALLBACK"", ""impact"": ""neutral""}]","REJECT: positive=4, negative=4, neutral=2, confidence=1.000, risk=high",2026-09-20T18:21:34+00:00,2026-09-20T18:21:34+00:00
70804c9d54c822bd132b19c6,soccer_efl_champ,Championship,Middlesbrough vs Wolverhampton Wanderers,Wolverhampton Wanderers,Codere (IT),2026-10-10T14:00:00Z,PASS,PASS,0.31817116291121317,0.30980317394470197,0.10018259390586559,0.06691655938687238,1.0,low,"[{""label"": ""Raw edge"", ""value"": 0.1002, ""impact"": ""positive""}, {""label"": ""Consensus safety"", ""value"": 0.904, ""impact"": ""positive""}, {""label"": ""ELO separation"", ""value"": 53.0, ""impact"": ""positive""}, {""label"": ""Form separation"", ""value"": -0.25, ""impact"": ""positive""}, {""label"": ""Model dispersion"", ""value"": 0.04, ""impact"": ""positive""}]","[{""label"": ""Historical xG"", ""value"": ""unavailable"", ""impact"": ""negative""}]","[{""label"": ""Model-market gap"", ""value"": 0.0138, ""impact"": ""neutral""}, {""label"": ""Competition importance"", ""value"": 0.72, ""impact"": ""neutral""}, {""label"": ""Probability source"", ""value"": ""FOOTBALL_V13_FALLBACK"", ""impact"": ""neutral""}]","PASS: positive=5, negative=1, neutral=3, confidence=1.000, risk=low",2026-09-20T18:21:34+00:00,2026-09-20T18:21:34+00:00
8133d6a1a4f7074c819ff4d8,soccer_efl_champ,Championship,Preston North End vs Millwall,Draw,Codere (IT),2026-10-10T14:00:00Z,BLOCK,REJECT,0.2856852728035837,0.28975595664897513,-0.03657868359945049,-0.023458752395526954,1.0,high,"[{""label"": ""Consensus safety"", ""value"": 0.977, ""impact"": ""positive""}, {""label"": ""ELO separation"", ""value"": 97.9, ""impact"": ""positive""}, {""label"": ""Model dispersion"", ""value"": 0.0056, ""impact"": ""positive""}]","[{""label"": ""Raw edge"", ""value"": -0.0366, ""impact"": ""negative""}, {""label"": ""Model-market gap"", ""value"": -0.0064, ""impact"": ""negative""}, {""label"": ""Historical xG"", ""value"": ""unavailable"", ""impact"": ""negative""}, {""label"": ""Decision rule"", ""value"": ""edge below minimum"", ""impact"": ""negative""}]","[{""label"": ""Form separation"", ""value"": 0.05, ""impact"": ""neutral""}, {""label"": ""Competition importance"", ""value"": 0.72, ""impact"": ""neutral""}, {""label"": ""Probability source"", ""value"": ""FOOTBALL_V13_FALLBACK"", ""impact"": ""neutral""}]","REJECT: positive=3, negative=4, neutral=3, confidence=1.000, risk=high",2026-09-20T18:21:34+00:00,2026-09-20T18:21:34+00:00
fe2afbf9d17ae88c8fc77aba,soccer_efl_champ,Championship,Preston North End vs Millwall,Millwall,Nordic Bet,2026-10-10T14:00:00Z,BLOCK,REJECT,0.3492303990689613,0.35678230863731686,-0.06553865244868651,-0.043357095722244124,1.0,high,"[{""label"": ""Consensus safety"", ""value"": 0.934, ""impact"": ""positive""}, {""label"": ""ELO separation"", ""value"": 97.9, ""impact"": ""positive""}, {""label"": ""Model dispersion"", ""value"": 0.0225, ""impact"": ""positive""}]","[{""label"": ""Raw edge"", ""value"": -0.0655, ""impact"": ""negative""}, {""label"": ""Model-market gap"", ""value"": -0.012, ""impact"": ""negative""}, {""label"": ""Historical xG"", ""value"": ""unavailable"", ""impact"": ""negative""}, {""label"": ""Decision rule"", ""value"": ""edge below minimum"", ""impact"": ""negative""}]","[{""label"": ""Form separation"", ""value"": 0.05, ""impact"": ""neutral""}, {""label"": ""Competition importance"", ""value"": 0.72, ""impact"": ""neutral""}, {""label"": ""Probability source"", ""value"": ""FOOTBALL_V13_FALLBACK"", ""impact"": ""neutral""}]","REJECT: positive=3, negative=4, neutral=3, confidence=1.000, risk=high",2026-09-20T18:21:34+00:00,2026-09-20T18:21:34+00:00
3fe71c14bfac8162f1ba24d3,soccer_efl_champ,Championship,Preston North End vs Millwall,Preston North End,Nordic Bet,2026-10-10T14:00:00Z,BLOCK,REJECT,0.36454131419056346,0.35346173471370806,-0.012982930932777914,-0.02453254620627478,1.0,high,"[{""label"": ""Consensus safety"", ""value"": 0.911, ""impact"": ""positive""}, {""label"": ""ELO separation"", ""value"": 97.9, ""impact"": ""positive""}, {""label"": ""Model dispersion"", ""value"": 0.0281, ""impact"": ""positive""}]","[{""label"": ""Raw edge"", ""value"": -0.013, ""impact"": ""negative""}, {""label"": ""Historical xG"", ""value"": ""unavailable"", ""impact"": ""negative""}, {""label"": ""Decision rule"", ""value"": ""edge below minimum"", ""impact"": ""negative""}]","[{""label"": ""Model-market gap"", ""value"": 0.0176, ""impact"": ""neutral""}, {""label"": ""Form separation"", ""value"": 0.05, ""impact"": ""neutral""}, {""label"": ""Competition importance"", ""value"": 0.72, ""impact"": ""neutral""}, {""label"": ""Probability source"", ""value"": ""FOOTBALL_V13_FALLBACK"", ""impact"": ""neutral""}]","REJECT: positive=3, negative=3, neutral=4, confidence=1.000, risk=high",2026-09-20T18:21:34+00:00,2026-09-20T18:21:34+00:00
cd71e5a783de98ce4e337b25,soccer_efl_champ,Championship,Southampton vs Portsmouth,Draw,Codere (IT),2026-10-11T11:00:00Z,BLOCK,REJECT,0.23371927492396177,0.22285186044243835,0.05920225059909634,0.023208976797480553,1.0,high,"[{""label"": ""Consensus safety"", ""value"": 0.949, ""impact"": ""positive""}, {""label"": ""ELO separation"", ""value"": 95.0, ""impact"": ""positive""}, {""label"": ""Form separation"", ""value"": -0.3333, ""impact"": ""positive""}, {""label"": ""Model dispersion"", ""value"": 0.004, ""impact"": ""positive""}]","[{""label"": ""Historical xG"", ""value"": ""unavailable"", ""impact"": ""negative""}, {""label"": ""Decision rule"", ""value"": ""edge below minimum"", ""impact"": ""negative""}]","[{""label"": ""Raw edge"", ""value"": 0.0592, ""impact"": ""neutral""}, {""label"": ""Model-market gap"", ""value"": 0.0179, ""impact"": ""neutral""}, {""label"": ""Competition importance"", ""value"": 0.72, ""impact"": ""neutral""}, {""label"": ""Probability source"", ""value"": ""FOOTBALL_V13_FALLBACK"", ""impact"": ""neutral""}]","REJECT: positive=4, negative=2, neutral=4, confidence=1.000, risk=high",2026-09-20T18:21:34+00:00,2026-09-20T18:21:34+00:00
43f64356b38eff02afbdd065,soccer_efl_champ,Championship,Southampton vs Portsmouth,Portsmouth,Codere (IT),2026-10-11T11:00:00Z,BLOCK,REJECT,0.20273959031573907,0.17041305952846406,0.3935323323040114,0.21027356248098356,1.0,high,"[{""label"": ""Raw edge"", ""value"": 0.3935, ""impact"": ""positive""}, {""label"": ""Model-market gap"", ""value"": 0.0544, ""impact"": ""positive""}, {""label"": ""ELO separation"", ""value"": 95.0, ""impact"": ""positive""}, {""label"": ""Form separation"", ""value"": -0.3333, ""impact"": ""positive""}, {""label"": ""Model dispersion"", ""value"": 0.0478, ""impact"": ""positive""}]","[{""label"": ""Historical xG"", ""value"": ""unavailable"", ""impact"": ""negative""}, {""label"": ""Decision rule"", ""value"": ""edge above max guard"", ""impact"": ""negative""}]","[{""label"": ""Consensus safety"", ""value"": 0.782, ""impact"": ""neutral""}, {""label"": ""Competition importance"", ""value"": 0.72, ""impact"": ""neutral""}, {""label"": ""Probability source"", ""value"": ""FOOTBALL_V13_FALLBACK"", ""impact"": ""neutral""}]","REJECT: positive=5, negative=2, neutral=3, confidence=1.000, risk=high",2026-09-20T18:21:34+00:00,2026-09-20T18:21:34+00:00
4334e910c7eeb189d7634adf,soccer_efl_champ,Championship,Southampton vs Portsmouth,Southampton,Betfair,2026-10-11T11:00:00Z,BLOCK,REJECT,0.5745528727939041,0.6067350800290976,-0.12137850974019904,-0.06995710825870546,1.0,high,"[{""label"": ""ELO separation"", ""value"": 95.0, ""impact"": ""positive""}, {""label"": ""Form separation"", ""value"": -0.3333, ""impact"": ""positive""}, {""label"": ""Model dispersion"", ""value"": 0.0491, ""impact"": ""positive""}]","[{""label"": ""Raw edge"", ""value"": -0.1214, ""impact"": ""negative""}, {""label"": ""Model-market gap"", ""value"": -0.0541, ""impact"": ""negative""}, {""label"": ""Historical xG"", ""value"": ""unavailable"", ""impact"": ""negative""}, {""label"": ""Decision rule"", ""value"": ""edge below minimum"", ""impact"": ""negative""}]","[{""label"": ""Consensus safety"", ""value"": 0.735, ""impact"": ""neutral""}, {""label"": ""Competition importance"", ""value"": 0.72, ""impact"": ""neutral""}, {""label"": ""Probability source"", ""value"": ""FOOTBALL_V13_FALLBACK"", ""impact"": ""neutral""}]","REJECT: positive=3, negative=4, neutral=3, confidence=1.000, risk=high",2026-09-20T18:21:34+00:00,2026-09-20T18:21:34+00:00
ed500e9f8dd21bd6cbb5f7c3,soccer_england_league1,League One,Bradford City vs Barnsley,Barnsley,Unibet (NL),2026-09-26T14:00:00Z,BLOCK,REJECT,0.2337827061554144,0.2195652898008342,0.04655281258670785,0.004194414341465941,1.0,high,"[{""label"": ""Consensus safety"", ""value"": 0.903, ""impact"": ""positive""}, {""label"": ""ELO separation"", ""value"": 120.0, ""impact"": ""positive""}, {""label"": ""Form separation"", ""value"": 0.6667, ""impact"": ""positive""}, {""label"": ""Model dispersion"", ""value"": 0.0335, ""impact"": ""positive""}]","[{""label"": ""Historical xG"", ""value"": ""unavailable"", ""impact"": ""negative""}, {""label"": ""Decision rule"", ""value"": ""edge below minimum"", ""impact"": ""negative""}]","[{""label"": ""Raw edge"", ""value"": 0.0466, ""impact"": ""neutral""}, {""label"": ""Model-market gap"", ""value"": 0.0238, ""impact"": ""neutral""}, {""label"": ""Competition importance"", ""value"": 0.68, ""impact"": ""neutral""}, {""label"": ""Probability source"", ""value"": ""FOOTBALL_V13_FALLBACK"", ""impact"": ""neutral""}]","REJECT: positive=4, negative=2, neutral=4, confidence=1.000, risk=high",2026-09-20T18:21:35+00:00,2026-09-20T18:21:35+00:00
2e833a1c932cccdfe0742e43,soccer_england_league1,League One,Bradford City vs Barnsley,Bradford City,Unibet (NL),2026-09-26T14:00:00Z,BLOCK,REJECT,0.5115170861782352,0.528059656041248,-0.10958167734347868,-0.07129211290279135,1.0,high,"[{""label"": ""Consensus safety"", ""value"": 0.883, ""impact"": ""positive""}, {""label"": ""ELO separation"", ""value"": 120.0, ""impact"": ""positive""}, {""label"": ""Form separation"", ""value"": 0.6667, ""impact"": ""positive""}, {""label"": ""Model dispersion"", ""value"": 0.0414, ""impact"": ""positive""}]","[{""label"": ""Raw edge"", ""value"": -0.1096, ""impact"": ""negative""}, {""label"": ""Model-market gap"", ""value"": -0.0278, ""impact"": ""negative""}, {""label"": ""Historical xG"", ""value"": ""unavailable"", ""impact"": ""negative""}, {""label"": ""Decision rule"", ""value"": ""edge below minimum"", ""impact"": ""negative""}]","[{""label"": ""Competition importance"", ""value"": 0.68, ""impact"": ""neutral""}, {""label"": ""Probability source"", ""value"": ""FOOTBALL_V13_FALLBACK"", ""impact"": ""neutral""}]","REJECT: positive=4, negative=4, neutral=2, confidence=1.000, risk=high",2026-09-20T18:21:35+00:00,2026-09-20T18:21:35+00:00
c9ed91a1c6a675089e122e78,soccer_england_league1,League One,Bradford City vs Barnsley,Draw,Unibet (NL),2026-09-26T14:00:00Z,BLOCK,REJECT,0.2556352389840947,0.25237505415791767,-0.03336587835992488,-0.03295212655488447,1.0,high,"[{""label"": ""Consensus safety"", ""value"": 0.978, ""impact"": ""positive""}, {""label"": ""ELO separation"", ""value"": 120.0, ""impact"": ""positive""}, {""label"": ""Form separation"", ""value"": 0.6667, ""impact"": ""positive""}, {""label"": ""Model dispersion"", ""value"": 0.0085, ""impact"": ""positive""}]","[{""label"": ""Raw edge"", ""value"": -0.0334, ""impact"": ""negative""}, {""label"": ""Historical xG"", ""value"": ""unavailable"", ""impact"": ""negative""}, {""label"": ""Decision rule"", ""value"": ""edge below minimum"", ""impact"": ""negative""}]","[{""label"": ""Model-market gap"", ""value"": 0.0054, ""impact"": ""neutral""}, {""label"": ""Competition importance"", ""value"": 0.68, ""impact"": ""neutral""}, {""label"": ""Probability source"", ""value"": ""FOOTBALL_V13_FALLBACK"", ""impact"": ""neutral""}]","REJECT: positive=4, negative=3, neutral=3, confidence=1.000, risk=high",2026-09-20T18:21:35+00:00,2026-09-20T18:21:35+00:00
feb7cac1f72ec113be361599,soccer_england_league1,League One,Notts County vs Blackpool,Blackpool,Unibet (SE),2026-09-26T14:00:00Z,BLOCK,REJECT,0.3158238928991125,0.316795145027308,-0.0702761211484334,-0.05442083957349208,1.0,high,"[{""label"": ""Consensus safety"", ""value"": 0.982, ""impact"": ""positive""}, {""label"": ""ELO separation"", ""value"": 90.4, ""impact"": ""positive""}, {""label"": ""Form separation"", ""value"": 0.3333, ""impact"": ""positive""}, {""label"": ""Model dispersion"", ""value"": 0.008, ""impact"": ""positive""}]","[{""label"": ""Raw edge"", ""value"": -0.0703, ""impact"": ""negative""}, {""label"": ""Model-market gap"", ""value"": -0.0016, ""impact"": ""negative""}, {""label"": ""Historical xG"", ""value"": ""unavailable"", ""impact"": ""negative""}, {""label"": ""Decision rule"", ""value"": ""edge below minimum"", ""impact"": ""negative""}]","[{""label"": ""Competition importance"", ""value"": 0.68, ""impact"": ""neutral""}, {""label"": ""Probability source"", ""value"": ""FOOTBALL_V13_FALLBACK"", ""impact"": ""neutral""}]","REJECT: positive=4, negative=4, neutral=2, confidence=1.000, risk=high",2026-09-20T18:21:35+00:00,2026-09-20T18:21:35+00:00
555938dff921b1d24f7ab49c,soccer_england_league1,League One,Notts County vs Blackpool,Draw,Unibet (SE),2026-09-26T14:00:00Z,BLOCK,REJECT,0.2812953282954047,0.2843331610861553,-0.07854371847425967,-0.0571338560784409,1.0,high,"[{""label"": ""Consensus safety"", ""value"": 0.981, ""impact"": ""positive""}, {""label"": ""ELO separation"", ""value"": 90.4, ""impact"": ""positive""}, {""label"": ""Form separation"", ""value"": 0.3333, ""impact"": ""positive""}, {""label"": ""Model dispersion"", ""value"": 0.0048, ""impact"": ""positive""}]","[{""label"": ""Raw edge"", ""value"": -0.0785, ""impact"": ""negative""}, {""label"": ""Model-market gap"", ""value"": -0.0051, ""impact"": ""negative""}, {""label"": ""Historical xG"", ""value"": ""unavailable"", ""impact"": ""negative""}, {""label"": ""Decision rule"", ""value"": ""edge below minimum"", ""impact"": ""negative""}]","[{""label"": ""Competition importance"", ""value"": 0.68, ""impact"": ""neutral""}, {""label"": ""Probability source"", ""value"": ""FOOTBALL_V13_FALLBACK"", ""impact"": ""neutral""}]","REJECT: positive=4, negative=4, neutral=2, confidence=1.000, risk=high",2026-09-20T18:21:35+00:00,2026-09-20T18:21:35+00:00
4ff5ba0f881999d3170d3e3d,soccer_england_league1,League One,Notts County vs Blackpool,Notts County,Unibet (SE),2026-09-26T14:00:00Z,BLOCK,REJECT,0.4027626878165635,0.3988716938865368,-0.04722699469961622,-0.04262227310083075,1.0,high,"[{""label"": ""Consensus safety"", ""value"": 0.965, ""impact"": ""positive""}, {""label"": ""ELO separation"", ""value"": 90.4, ""impact"": ""positive""}, {""label"": ""Form separation"", ""value"": 0.3333, ""impact"": ""positive""}, {""label"": ""Model dispersion"", ""value"": 0.0127, ""impact"": ""positive""}]","[{""label"": ""Raw edge"", ""value"": -0.0472, ""impact"": ""negative""}, {""label"": ""Historical xG"", ""value"": ""unavailable"", ""impact"": ""negative""}, {""label"": ""Decision rule"", ""value"": ""edge below minimum"", ""impact"": ""negative""}]","[{""label"": ""Model-market gap"", ""value"": 0.0066, ""impact"": ""neutral""}, {""label"": ""Competition importance"", ""value"": 0.68, ""impact"": ""neutral""}, {""label"": ""Probability source"", ""value"": ""FOOTBALL_V13_FALLBACK"", ""impact"": ""neutral""}]","REJECT: positive=4, negative=3, neutral=3, confidence=1.000, risk=high",2026-09-20T18:21:35+00:00,2026-09-20T18:21:35+00:00
8079d69c5b1e0c30466d02e0,soccer_england_league1,League One,Milton Keynes Dons vs Bromley FC,Bromley FC,Unibet (SE),2026-09-26T14:00:00Z,BLOCK,REJECT,0.23230042175089496,0.20121467440497953,0.18629848785715963,0.07313408308763258,1.0,high,"[{""label"": ""Raw edge"", ""value"": 0.1863, ""impact"": ""positive""}, {""label"": ""Model-market gap"", ""value"": 0.0512, ""impact"": ""positive""}, {""label"": ""ELO separation"", ""value"": 58.1, ""impact"": ""positive""}, {""label"": ""Form separation"", ""value"": -0.1944, ""impact"": ""positive""}, {""label"": ""Model dispersion"", ""value"": 0.0317, ""impact"": ""positive""}]","[{""label"": ""Historical xG"", ""value"": ""unavailable"", ""impact"": ""negative""}, {""label"": ""Decision rule"", ""value"": ""odds above maximum"", ""impact"": ""negative""}]","[{""label"": ""Consensus safety"", ""value"": 0.834, ""impact"": ""neutral""}, {""label"": ""Competition importance"", ""value"": 0.68, ""impact"": ""neutral""}, {""label"": ""Probability source"", ""value"": ""FOOTBALL_V13_FALLBACK"", ""impact"": ""neutral""}]","REJECT: positive=5, negative=2, neutral=3, confidence=1.000, risk=high",2026-09-20T18:21:35+00:00,2026-09-20T18:21:35+00:00
df63d5df570957caaef5e238,soccer_england_league1,League One,Milton Keynes Dons vs Bromley FC,Draw,Unibet (SE),2026-09-26T14:00:00Z,BLOCK,REJECT,0.24972303365324572,0.24140635058158855,-0.0058767708661963125,-0.02077451310997286,1.0,high,"[{""label"": ""Consensus safety"", ""value"": 0.964, ""impact"": ""positive""}, {""label"": ""ELO separation"", ""value"": 58.1, ""impact"": ""positive""}, {""label"": ""Form separation"", ""value"": -0.1944, ""impact"": ""positive""}, {""label"": ""Model dispersion"", ""value"": 0.002, ""impact"": ""positive""}]","[{""label"": ""Raw edge"", ""value"": -0.0059, ""impact"": ""negative""}, {""label"": ""Historical xG"", ""value"": ""unavailable"", ""impact"": ""negative""}, {""label"": ""Decision rule"", ""value"": ""edge below minimum"", ""impact"": ""negative""}]","[{""label"": ""Model-market gap"", ""value"": 0.0135, ""impact"": ""neutral""}, {""label"": ""Competition importance"", ""value"": 0.68, ""impact"": ""neutral""}, {""label"": ""Probability source"", ""value"": ""FOOTBALL_V13_FALLBACK"", ""impact"": ""neutral""}]","REJECT: positive=4, negative=3, neutral=3, confidence=1.000, risk=high",2026-09-20T18:21:35+00:00,2026-09-20T18:21:35+00:00
82d689af50090faf5ceed569,soccer_england_league1,League One,Milton Keynes Dons vs Bromley FC,Milton Keynes Dons,Unibet (SE),2026-09-26T14:00:00Z,BLOCK,REJECT,0.5217118317385061,0.557378975013432,-0.16232600089884675,-0.09839481984827264,1.0,high,"[{""label"": ""ELO separation"", ""value"": 58.1, ""impact"": ""positive""}, {""label"": ""Form separation"", ""value"": -0.1944, ""impact"": ""positive""}, {""label"": ""Model dispersion"", ""value"": 0.0327, ""impact"": ""positive""}]","[{""label"": ""Raw edge"", ""value"": -0.1623, ""impact"": ""negative""}, {""label"": ""Model-market gap"", ""value"": -0.0588, ""impact"": ""negative""}, {""label"": ""Historical xG"", ""value"": ""unavailable"", ""impact"": ""negative""}, {""label"": ""Decision rule"", ""value"": ""edge below minimum"", ""impact"": ""negative""}]","[{""label"": ""Consensus safety"", ""value"": 0.8, ""impact"": ""neutral""}, {""label"": ""Competition importance"", ""value"": 0.68, ""impact"": ""neutral""}, {""label"": ""Probability source"", ""value"": ""FOOTBALL_V13_FALLBACK"", ""impact"": ""neutral""}]","REJECT: positive=3, negative=4, neutral=3, confidence=1.000, risk=high",2026-09-20T18:21:35+00:00,2026-09-20T18:21:35+00:00
e4e003c7cd487a189ffa7feb,soccer_england_league1,League One,Plymouth Argyle vs Burton Albion,Burton Albion,Coolbet,2026-09-26T14:00:00Z,BLOCK,REJECT,0.2121263656656036,0.19011984757736342,0.17009136761236232,0.03925161883091311,0.8123695364557387,high,"[{""label"": ""Raw edge"", ""value"": 0.1701, ""impact"": ""positive""}, {""label"": ""Model-market gap"", ""value"": 0.0439, ""impact"": ""positive""}, {""label"": ""Form separation"", ""value"": -0.8889, ""impact"": ""positive""}, {""label"": ""Model dispersion"", ""value"": 0.1006, ""impact"": ""positive""}]","[{""label"": ""Historical xG"", ""value"": ""unavailable"", ""impact"": ""negative""}, {""label"": ""Decision rule"", ""value"": ""odds above maximum"", ""impact"": ""negative""}]","[{""label"": ""Consensus safety"", ""value"": 0.681, ""impact"": ""neutral""}, {""label"": ""ELO separation"", ""value"": 12.4, ""impact"": ""neutral""}, {""label"": ""Competition importance"", ""value"": 0.68, ""impact"": ""neutral""}, {""label"": ""Probability source"", ""value"": ""FOOTBALL_V13_FALLBACK"", ""impact"": ""neutral""}]","REJECT: positive=4, negative=2, neutral=4, confidence=0.812, risk=high",2026-09-20T18:21:35+00:00,2026-09-20T18:21:35+00:00
c2a5206db6f32e999c7f99b9,soccer_england_league1,League One,Plymouth Argyle vs Burton Albion,Draw,1xBet,2026-09-26T14:00:00Z,BLOCK,REJECT,0.24172747467206457,0.23428098171961473,-0.0003383388725649583,-0.016755460776002647,1.0,high,"[{""label"": ""Consensus safety"", ""value"": 0.953, ""impact"": ""positive""}, {""label"": ""Form separation"", ""value"": -0.8889, ""impact"": ""positive""}, {""label"": ""Model dispersion"", ""value"": 0.0126, ""impact"": ""positive""}]","[{""label"": ""Raw edge"", ""value"": -0.0003, ""impact"": ""negative""}, {""label"": ""Historical xG"", ""value"": ""unavailable"", ""impact"": ""negative""}, {""label"": ""Decision rule"", ""value"": ""edge below minimum"", ""impact"": ""negative""}]","[{""label"": ""Model-market gap"", ""value"": 0.0125, ""impact"": ""neutral""}, {""label"": ""ELO separation"", ""value"": 12.4, ""impact"": ""neutral""}, {""label"": ""Competition importance"", ""value"": 0.68, ""impact"": ""neutral""}, {""label"": ""Probability source"", ""value"": ""FOOTBALL_V13_FALLBACK"", ""impact"": ""neutral""}]","REJECT: positive=3, negative=3, neutral=4, confidence=1.000, risk=high",2026-09-20T18:21:35+00:00,2026-09-20T18:21:35+00:00
f9a2e7d09ffb54e703c570fb,soccer_england_league1,League One,Plymouth Argyle vs Burton Albion,Plymouth Argyle,Pinnacle,2026-09-26T14:00:00Z,BLOCK,REJECT,0.5518873954297167,0.5755991707030218,-0.13119888107590283,-0.0640688869902142,0.8474988788209797,high,"[{""label"": ""Form separation"", ""value"": -0.8889, ""impact"": ""positive""}, {""label"": ""Model dispersion"", ""value"": 0.0885, ""impact"": ""positive""}]","[{""label"": ""Raw edge"", ""value"": -0.1312, ""impact"": ""negative""}, {""label"": ""Model-market gap"", ""value"": -0.0458, ""impact"": ""negative""}, {""label"": ""Historical xG"", ""value"": ""unavailable"", ""impact"": ""negative""}, {""label"": ""Decision rule"", ""value"": ""edge below minimum"", ""impact"": ""negative""}]","[{""label"": ""Consensus safety"", ""value"": 0.67, ""impact"": ""neutral""}, {""label"": ""ELO separation"", ""value"": 12.4, ""impact"": ""neutral""}, {""label"": ""Competition importance"", ""value"": 0.68, ""impact"": ""neutral""}, {""label"": ""Probability source"", ""value"": ""FOOTBALL_V13_FALLBACK"", ""impact"": ""neutral""}]","REJECT: positive=2, negative=4, neutral=4, confidence=0.847, risk=high",2026-09-20T18:21:35+00:00,2026-09-20T18:21:35+00:00
ba0eda82caae6ccc1325cffb,soccer_england_league1,League One,Cambridge United vs Wimbledon,Cambridge United,Unibet (SE),2026-09-26T14:00:00Z,BLOCK,REJECT,0.49977401206789956,0.5200048798216841,-0.11078338009436284,-0.06803733118217337,1.0,high,"[{""label"": ""Consensus safety"", ""value"": 0.893, ""impact"": ""positive""}, {""label"": ""ELO separation"", ""value"": 102.7, ""impact"": ""positive""}, {""label"": ""Form separation"", ""value"": 0.3333, ""impact"": ""positive""}, {""label"": ""Model dispersion"", ""value"": 0.0179, ""impact"": ""positive""}]","[{""label"": ""Raw edge"", ""value"": -0.1108, ""impact"": ""negative""}, {""label"": ""Model-market gap"", ""value"": -0.0341, ""impact"": ""negative""}, {""label"": ""Historical xG"", ""value"": ""unavailable"", ""impact"": ""negative""}, {""label"": ""Decision rule"", ""value"": ""edge below minimum"", ""impact"": ""negative""}]","[{""label"": ""Competition importance"", ""value"": 0.68, ""impact"": ""neutral""}, {""label"": ""Probability source"", ""value"": ""FOOTBALL_V13_FALLBACK"", ""impact"": ""neutral""}]","REJECT: positive=4, negative=4, neutral=2, confidence=1.000, risk=high",2026-09-20T18:21:35+00:00,2026-09-20T18:21:35+00:00
1dd13052a14b749862c651d6,soccer_england_league1,League One,Cambridge United vs Wimbledon,Draw,Betfair,2026-09-26T14:00:00Z,BLOCK,REJECT,0.2640140664523729,0.26233408419619053,-0.018952255630528048,-0.018438817671416793,1.0,high,"[{""label"": ""Consensus safety"", ""value"": 0.986, ""impact"": ""positive""}, {""label"": ""ELO separation"", ""value"": 102.7, ""impact"": ""positive""}, {""label"": ""Form separation"", ""value"": 0.3333, ""impact"": ""positive""}, {""label"": ""Model dispersion"", ""value"": 0.0058, ""impact"": ""positive""}]","[{""label"": ""Raw edge"", ""value"": -0.019, ""impact"": ""negative""}, {""label"": ""Historical xG"", ""value"": ""unavailable"", ""impact"": ""negative""}, {""label"": ""Decision rule"", ""value"": ""edge below minimum"", ""impact"": ""negative""}]","[{""label"": ""Model-market gap"", ""value"": 0.0028, ""impact"": ""neutral""}, {""label"": ""Competition importance"", ""value"": 0.68, ""impact"": ""neutral""}, {""label"": ""Probability source"", ""value"": ""FOOTBALL_V13_FALLBACK"", ""impact"": ""neutral""}]","REJECT: positive=4, negative=3, neutral=3, confidence=1.000, risk=high",2026-09-20T18:21:35+00:00,2026-09-20T18:21:35+00:00
66815da304f9b562c7533a85,soccer_england_league1,League One,Cambridge United vs Wimbledon,Wimbledon,Betfair,2026-09-26T14:00:00Z,BLOCK,REJECT,0.2367655055533683,0.21766103598212555,0.19888393159105489,0.10871056060517309,1.0,high,"[{""label"": ""Raw edge"", ""value"": 0.1989, ""impact"": ""positive""}, {""label"": ""Consensus safety"", ""value"": 0.903, ""impact"": ""positive""}, {""label"": ""ELO separation"", ""value"": 102.7, ""impact"": ""positive""}, {""label"": ""Form separation"", ""value"": 0.3333, ""impact"": ""positive""}, {""label"": ""Model dispersion"", ""value"": 0.0124, ""impact"": ""positive""}]","[{""label"": ""Historical xG"", ""value"": ""unavailable"", ""impact"": ""negative""}, {""label"": ""Decision rule"", ""value"": ""odds above maximum"", ""impact"": ""negative""}]","[{""label"": ""Model-market gap"", ""value"": 0.0321, ""impact"": ""neutral""}, {""label"": ""Competition importance"", ""value"": 0.68, ""impact"": ""neutral""}, {""label"": ""Probability source"", ""value"": ""FOOTBALL_V13_FALLBACK"", ""impact"": ""neutral""}]","REJECT: positive=5, negative=2, neutral=3, confidence=1.000, risk=high",2026-09-20T18:21:35+00:00,2026-09-20T18:21:35+00:00
cc9294624779648fa93a13c9,soccer_england_league1,League One,Huddersfield Town vs Luton,Draw,Coolbet,2026-09-26T14:00:00Z,BLOCK,REJECT,0.27570112754542386,0.2767460399996863,0.03098521528324194,0.026998322986707467,1.0,high,"[{""label"": ""Consensus safety"", ""value"": 0.985, ""impact"": ""positive""}, {""label"": ""Form separation"", ""value"": -0.6667, ""impact"": ""positive""}, {""label"": ""Model dispersion"", ""value"": 0.006, ""impact"": ""positive""}]","[{""label"": ""Model-market gap"", ""value"": -0.0018, ""impact"": ""negative""}, {""label"": ""Historical xG"", ""value"": ""unavailable"", ""impact"": ""negative""}, {""label"": ""Decision rule"", ""value"": ""edge below minimum"", ""impact"": ""negative""}]","[{""label"": ""Raw edge"", ""value"": 0.031, ""impact"": ""neutral""}, {""label"": ""ELO separation"", ""value"": 39.0, ""impact"": ""neutral""}, {""label"": ""Competition importance"", ""value"": 0.68, ""impact"": ""neutral""}, {""label"": ""Probability source"", ""value"": ""FOOTBALL_V13_FALLBACK"", ""impact"": ""neutral""}]","REJECT: positive=3, negative=3, neutral=4, confidence=1.000, risk=high",2026-09-20T18:21:35+00:00,2026-09-20T18:21:35+00:00
b8612560a9a99a990d06bcad,soccer_england_league1,League One,Huddersfield Town vs Luton,Huddersfield Town,Coolbet,2026-09-26T14:00:00Z,BLOCK,REJECT,0.43492029999244175,0.44798314629645675,-0.20728465461916012,-0.14125950939299886,0.9494505093397962,high,"[{""label"": ""Form separation"", ""value"": -0.6667, ""impact"": ""positive""}, {""label"": ""Model dispersion"", ""value"": 0.0554, ""impact"": ""positive""}]","[{""label"": ""Raw edge"", ""value"": -0.2073, ""impact"": ""negative""}, {""label"": ""Model-market gap"", ""value"": -0.0241, ""impact"": ""negative""}, {""label"": ""Historical xG"", ""value"": ""unavailable"", ""impact"": ""negative""}, {""label"": ""Decision rule"", ""value"": ""edge below minimum"", ""impact"": ""negative""}]","[{""label"": ""Consensus safety"", ""value"": 0.837, ""impact"": ""neutral""}, {""label"": ""ELO separation"", ""value"": 39.0, ""impact"": ""neutral""}, {""label"": ""Competition importance"", ""value"": 0.68, ""impact"": ""neutral""}, {""label"": ""Probability source"", ""value"": ""FOOTBALL_V13_FALLBACK"", ""impact"": ""neutral""}]","REJECT: positive=2, negative=4, neutral=4, confidence=0.949, risk=high",2026-09-20T18:21:35+00:00,2026-09-20T18:21:35+00:00
f48c3c87e28de20efb9f7496,soccer_england_league1,League One,Huddersfield Town vs Luton,Luton,Marathon Bet,2026-09-26T14:00:00Z,PASS,PASS,0.2885347621199349,0.27527081370385703,0.15842219917063383,0.08447330653501164,0.929785725385772,low,"[{""label"": ""Raw edge"", ""value"": 0.1584, ""impact"": ""positive""}, {""label"": ""Form separation"", ""value"": -0.6667, ""impact"": ""positive""}, {""label"": ""Model dispersion"", ""value"": 0.0613, ""impact"": ""positive""}]","[{""label"": ""Historical xG"", ""value"": ""unavailable"", ""impact"": ""negative""}]","[{""label"": ""Consensus safety"", ""value"": 0.822, ""impact"": ""neutral""}, {""label"": ""Model-market gap"", ""value"": 0.0248, ""impact"": ""neutral""}, {""label"": ""ELO separation"", ""value"": 39.0, ""impact"": ""neutral""}, {""label"": ""Competition importance"", ""value"": 0.68, ""impact"": ""neutral""}, {""label"": ""Probability source"", ""value"": ""FOOTBALL_V13_FALLBACK"", ""impact"": ""neutral""}]","PASS: positive=3, negative=1, neutral=5, confidence=0.930, risk=low",2026-09-20T18:21:35+00:00,2026-09-20T18:21:35+00:00
c7246b21fdb294c3af0c971c,soccer_england_league1,League One,Mansfield Town vs Leyton Orient,Draw,Unibet (NL),2026-09-26T14:00:00Z,BLOCK,REJECT,0.26875008754915963,0.26657129579409594,-0.04070267894159352,-0.03659189280341818,1.0,high,"[{""label"": ""Consensus safety"", ""value"": 0.989, ""impact"": ""positive""}, {""label"": ""Form separation"", ""value"": 0.0833, ""impact"": ""positive""}, {""label"": ""Model dispersion"", ""value"": 0.0019, ""impact"": ""positive""}]","[{""label"": ""Raw edge"", ""value"": -0.0407, ""impact"": ""negative""}, {""label"": ""Historical xG"", ""value"": ""unavailable"", ""impact"": ""negative""}, {""label"": ""Decision rule"", ""value"": ""edge below minimum"", ""impact"": ""negative""}]","[{""label"": ""Model-market gap"", ""value"": 0.0037, ""impact"": ""neutral""}, {""label"": ""ELO separation"", ""value"": 45.9, ""impact"": ""neutral""}, {""label"": ""Competition importance"", ""value"": 0.68, ""impact"": ""neutral""}, {""label"": ""Probability source"", ""value"": ""FOOTBALL_V13_FALLBACK"", ""impact"": ""neutral""}]","REJECT: positive=3, negative=3, neutral=4, confidence=1.000, risk=high",2026-09-20T18:21:35+00:00,2026-09-20T18:21:35+00:00
d1c75e42d70c302b29d43323,soccer_england_league1,League One,Mansfield Town vs Leyton Orient,Leyton Orient,Unibet (NL),2026-09-26T14:00:00Z,BLOCK,REJECT,0.2961556986586667,0.28566759408571163,0.0011603174060867971,-0.01807099670259309,1.0,high,"[{""label"": ""Consensus safety"", ""value"": 0.936, ""impact"": ""positive""}, {""label"": ""Form separation"", ""value"": 0.0833, ""impact"": ""positive""}, {""label"": ""Model dispersion"", ""value"": 0.0163, ""impact"": ""positive""}]","[{""label"": ""Historical xG"", ""value"": ""unavailable"", ""impact"": ""negative""}, {""label"": ""Decision rule"", ""value"": ""edge below minimum"", ""impact"": ""negative""}]","[{""label"": ""Raw edge"", ""value"": 0.0012, ""impact"": ""neutral""}, {""label"": ""Model-market gap"", ""value"": 0.0177, ""impact"": ""neutral""}, {""label"": ""ELO separation"", ""value"": 45.9, ""impact"": ""neutral""}, {""label"": ""Competition importance"", ""value"": 0.68, ""impact"": ""neutral""}, {""label"": ""Probability source"", ""value"": ""FOOTBALL_V13_FALLBACK"", ""impact"": ""neutral""}]","REJECT: positive=3, negative=2, neutral=5, confidence=1.000, risk=high",2026-09-20T18:21:35+00:00,2026-09-20T18:21:35+00:00
f1dd1e0957c9197fdb0d0bbe,soccer_england_league1,League One,Mansfield Town vs Leyton Orient,Mansfield Town,Unibet (NL),2026-09-26T14:00:00Z,BLOCK,REJECT,0.4352977829803152,0.4477611101201924,-0.10393912627012936,-0.06840462492608097,1.0,high,"[{""label"": ""Consensus safety"", ""value"": 0.925, ""impact"": ""positive""}, {""label"": ""Form separation"", ""value"": 0.0833, ""impact"": ""positive""}, {""label"": ""Model dispersion"", ""value"": 0.0177, ""impact"": ""positive""}]","[{""label"": ""Raw edge"", ""value"": -0.1039, ""impact"": ""negative""}, {""label"": ""Model-market gap"", ""value"": -0.0211, ""impact"": ""negative""}, {""label"": ""Historical xG"", ""value"": ""unavailable"", ""impact"": ""negative""}, {""label"": ""Decision rule"", ""value"": ""edge below minimum"", ""impact"": ""negative""}]","[{""label"": ""ELO separation"", ""value"": 45.9, ""impact"": ""neutral""}, {""label"": ""Competition importance"", ""value"": 0.68, ""impact"": ""neutral""}, {""label"": ""Probability source"", ""value"": ""FOOTBALL_V13_FALLBACK"", ""impact"": ""neutral""}]","REJECT: positive=3, negative=4, neutral=3, confidence=1.000, risk=high",2026-09-20T18:21:35+00:00,2026-09-20T18:21:35+00:00
18d1bd4337782d29e2adcca7,soccer_england_league1,League One,Stockport County FC vs Peterborough United,Draw,Betfair,2026-09-26T14:00:00Z,BLOCK,REJECT,0.20394157628780601,0.18328460723308992,0.1920861712479589,0.09692479908619166,1.0,high,"[{""label"": ""Raw edge"", ""value"": 0.1921, ""impact"": ""positive""}, {""label"": ""Consensus safety"", ""value"": 0.906, ""impact"": ""positive""}, {""label"": ""ELO separation"", ""value"": 87.9, ""impact"": ""positive""}, {""label"": ""Form separation"", ""value"": 0.2778, ""impact"": ""positive""}, {""label"": ""Model dispersion"", ""value"": 0.0043, ""impact"": ""positive""}]","[{""label"": ""Historical xG"", ""value"": ""unavailable"", ""impact"": ""negative""}, {""label"": ""Decision rule"", ""value"": ""odds above maximum"", ""impact"": ""negative""}]","[{""label"": ""Model-market gap"", ""value"": 0.0335, ""impact"": ""neutral""}, {""label"": ""Competition importance"", ""value"": 0.68, ""impact"": ""neutral""}, {""label"": ""Probability source"", ""value"": ""FOOTBALL_V13_FALLBACK"", ""impact"": ""neutral""}]","REJECT: positive=5, negative=2, neutral=3, confidence=1.000, risk=high",2026-09-20T18:21:35+00:00,2026-09-20T18:21:35+00:00
240fe77e1639c90c9183d0ac,soccer_england_league1,League One,Stockport County FC vs Peterborough United,Peterborough United,Betfair,2026-09-26T14:00:00Z,BLOCK,REJECT,0.17639946423883707,0.13803945194690675,0.4826546490060575,0.24323550281397896,1.0,high,"[{""label"": ""Raw edge"", ""value"": 0.4827, ""impact"": ""positive""}, {""label"": ""Model-market gap"", ""value"": 0.0623, ""impact"": ""positive""}, {""label"": ""ELO separation"", ""value"": 87.9, ""impact"": ""positive""}, {""label"": ""Form separation"", ""value"": 0.2778, ""impact"": ""positive""}, {""label"": ""Model dispersion"", ""value"": 0.0105, ""impact"": ""positive""}]","[{""label"": ""Historical xG"", ""value"": ""unavailable"", ""impact"": ""negative""}, {""label"": ""Decision rule"", ""value"": ""edge above max guard"", ""impact"": ""negative""}]","[{""label"": ""Consensus safety"", ""value"": 0.816, ""impact"": ""neutral""}, {""label"": ""Competition importance"", ""value"": 0.68, ""impact"": ""neutral""}, {""label"": ""Probability source"", ""value"": ""FOOTBALL_V13_FALLBACK"", ""impact"": ""neutral""}]","REJECT: positive=5, negative=2, neutral=3, confidence=1.000, risk=high",2026-09-20T18:21:35+00:00,2026-09-20T18:21:35+00:00
332aeffa01ac1d4b73b8a678,soccer_england_league1,League One,Stockport County FC vs Peterborough United,Stockport County FC,Unibet (NL),2026-09-26T14:00:00Z,BLOCK,REJECT,0.6408009581751144,0.6786759408200034,-0.13000174325365355,-0.0768450074403399,1.0,high,"[{""label"": ""ELO separation"", ""value"": 87.9, ""impact"": ""positive""}, {""label"": ""Form separation"", ""value"": 0.2778, ""impact"": ""positive""}, {""label"": ""Model dispersion"", ""value"": 0.0147, ""impact"": ""positive""}]","[{""label"": ""Raw edge"", ""value"": -0.13, ""impact"": ""negative""}, {""label"": ""Model-market gap"", ""value"": -0.0617, ""impact"": ""negative""}, {""label"": ""Historical xG"", ""value"": ""unavailable"", ""impact"": ""negative""}, {""label"": ""Decision rule"", ""value"": ""edge below minimum"", ""impact"": ""negative""}]","[{""label"": ""Consensus safety"", ""value"": 0.722, ""impact"": ""neutral""}, {""label"": ""Competition importance"", ""value"": 0.68, ""impact"": ""neutral""}, {""label"": ""Probability source"", ""value"": ""FOOTBALL_V13_FALLBACK"", ""impact"": ""neutral""}]","REJECT: positive=3, negative=4, neutral=3, confidence=1.000, risk=high",2026-09-20T18:21:35+00:00,2026-09-20T18:21:35+00:00
8106a12c538090ab44391706,soccer_england_league1,League One,Wycombe Wanderers vs Reading,Draw,Betfair,2026-09-26T14:00:00Z,BLOCK,REJECT,0.2689694154086204,0.2679597642948018,-0.0024018938266192613,-0.003833990437191209,1.0,high,"[{""label"": ""Consensus safety"", ""value"": 0.99, ""impact"": ""positive""}, {""label"": ""Form separation"", ""value"": -0.3333, ""impact"": ""positive""}, {""label"": ""Model dispersion"", ""value"": 0.004, ""impact"": ""positive""}]","[{""label"": ""Raw edge"", ""value"": -0.0024, ""impact"": ""negative""}, {""label"": ""Historical xG"", ""value"": ""unavailable"", ""impact"": ""negative""}, {""label"": ""Decision rule"", ""value"": ""edge below minimum"", ""impact"": ""negative""}]","[{""label"": ""Model-market gap"", ""value"": 0.0017, ""impact"": ""neutral""}, {""label"": ""ELO separation"", ""value"": 44.0, ""impact"": ""neutral""}, {""label"": ""Competition importance"", ""value"": 0.68, ""impact"": ""neutral""}, {""label"": ""Probability source"", ""value"": ""FOOTBALL_V13_FALLBACK"", ""impact"": ""neutral""}]","REJECT: positive=3, negative=3, neutral=4, confidence=1.000, risk=high",2026-09-20T18:21:35+00:00,2026-09-20T18:21:35+00:00
3d2fdc292b81b10db42250c8,soccer_england_league1,League One,Wycombe Wanderers vs Reading,Reading,Pinnacle,2026-09-26T14:00:00Z,BLOCK,REJECT,0.3553816192619186,0.3538652665333641,-0.02692884598137657,-0.023595387762545224,0.993736428222745,high,"[{""label"": ""Consensus safety"", ""value"": 0.878, ""impact"": ""positive""}, {""label"": ""Form separation"", ""value"": -0.3333, ""impact"": ""positive""}, {""label"": ""Model dispersion"", ""value"": 0.0566, ""impact"": ""positive""}]","[{""label"": ""Raw edge"", ""value"": -0.0269, ""impact"": ""negative""}, {""label"": ""Historical xG"", ""value"": ""unavailable"", ""impact"": ""negative""}, {""label"": ""Decision rule"", ""value"": ""edge below minimum"", ""impact"": ""negative""}]","[{""label"": ""Model-market gap"", ""value"": 0.0026, ""impact"": ""neutral""}, {""label"": ""ELO separation"", ""value"": 44.0, ""impact"": ""neutral""}, {""label"": ""Competition importance"", ""value"": 0.68, ""impact"": ""neutral""}, {""label"": ""Probability source"", ""value"": ""FOOTBALL_V13_FALLBACK"", ""impact"": ""neutral""}]","REJECT: positive=3, negative=3, neutral=4, confidence=0.994, risk=high",2026-09-20T18:21:35+00:00,2026-09-20T18:21:35+00:00
c14845a760e93037b24c4102,soccer_england_league1,League One,Wycombe Wanderers vs Reading,Wycombe Wanderers,Unibet (NL),2026-09-26T14:00:00Z,BLOCK,REJECT,0.3758151247081176,0.3781749691718342,-0.027088903221790805,-0.018225913452937486,1.0,high,"[{""label"": ""Consensus safety"", ""value"": 0.885, ""impact"": ""positive""}, {""label"": ""Form separation"", ""value"": -0.3333, ""impact"": ""positive""}, {""label"": ""Model dispersion"", ""value"": 0.0526, ""impact"": ""positive""}]","[{""label"": ""Raw edge"", ""value"": -0.0271, ""impact"": ""negative""}, {""label"": ""Model-market gap"", ""value"": -0.004, ""impact"": ""negative""}, {""label"": ""Historical xG"", ""value"": ""unavailable"", ""impact"": ""negative""}, {""label"": ""Decision rule"", ""value"": ""edge below minimum"", ""impact"": ""negative""}]","[{""label"": ""ELO separation"", ""value"": 44.0, ""impact"": ""neutral""}, {""label"": ""Competition importance"", ""value"": 0.68, ""impact"": ""neutral""}, {""label"": ""Probability source"", ""value"": ""FOOTBALL_V13_FALLBACK"", ""impact"": ""neutral""}]","REJECT: positive=3, negative=4, neutral=3, confidence=1.000, risk=high",2026-09-20T18:21:35+00:00,2026-09-20T18:21:35+00:00
c0a167b1b8fe52a9779192cd,soccer_england_league1,League One,Stevenage vs Sheffield Wednesday,Draw,Unibet (NL),2026-09-26T14:00:00Z,BLOCK,REJECT,0.28429720664627683,0.2876620404332015,-0.08314775080862358,-0.060565979212667855,1.0,high,"[{""label"": ""Consensus safety"", ""value"": 0.984, ""impact"": ""positive""}, {""label"": ""Form separation"", ""value"": -0.4444, ""impact"": ""positive""}, {""label"": ""Model dispersion"", ""value"": 0.0026, ""impact"": ""positive""}]","[{""label"": ""Raw edge"", ""value"": -0.0831, ""impact"": ""negative""}, {""label"": ""Model-market gap"", ""value"": -0.0056, ""impact"": ""negative""}, {""label"": ""Historical xG"", ""value"": ""unavailable"", ""impact"": ""negative""}, {""label"": ""Decision rule"", ""value"": ""edge below minimum"", ""impact"": ""negative""}]","[{""label"": ""ELO separation"", ""value"": 40.5, ""impact"": ""neutral""}, {""label"": ""Competition importance"", ""value"": 0.68, ""impact"": ""neutral""}, {""label"": ""Probability source"", ""value"": ""FOOTBALL_V13_FALLBACK"", ""impact"": ""neutral""}]","REJECT: positive=3, negative=4, neutral=3, confidence=1.000, risk=high",2026-09-20T18:21:35+00:00,2026-09-20T18:21:35+00:00
250f1a85c8921a413b11db69,soccer_england_league1,League One,Stevenage vs Sheffield Wednesday,Sheffield Wednesday,Unibet (NL),2026-09-26T14:00:00Z,BLOCK,REJECT,0.38581331873075464,0.3931991685912604,-0.09383974873956624,-0.0651304662912408,1.0,high,"[{""label"": ""Consensus safety"", ""value"": 0.893, ""impact"": ""positive""}, {""label"": ""Form separation"", ""value"": -0.4444, ""impact"": ""positive""}, {""label"": ""Model dispersion"", ""value"": 0.0462, ""impact"": ""positive""}]","[{""label"": ""Raw edge"", ""value"": -0.0938, ""impact"": ""negative""}, {""label"": ""Model-market gap"", ""value"": -0.0125, ""impact"": ""negative""}, {""label"": ""Historical xG"", ""value"": ""unavailable"", ""impact"": ""negative""}, {""label"": ""Decision rule"", ""value"": ""edge below minimum"", ""impact"": ""negative""}]","[{""label"": ""ELO separation"", ""value"": 40.5, ""impact"": ""neutral""}, {""label"": ""Competition importance"", ""value"": 0.68, ""impact"": ""neutral""}, {""label"": ""Probability source"", ""value"": ""FOOTBALL_V13_FALLBACK"", ""impact"": ""neutral""}]","REJECT: positive=3, negative=4, neutral=3, confidence=1.000, risk=high",2026-09-20T18:21:35+00:00,2026-09-20T18:21:35+00:00
029953ef0de2c1e57eab7deb,soccer_england_league1,League One,Stevenage vs Sheffield Wednesday,Stevenage,Unibet (NL),2026-09-26T14:00:00Z,BLOCK,REJECT,0.32943183275704824,0.3191387909755381,-0.007384029142860515,-0.022444050366120787,1.0,high,"[{""label"": ""Consensus safety"", ""value"": 0.892, ""impact"": ""positive""}, {""label"": ""Form separation"", ""value"": -0.4444, ""impact"": ""positive""}, {""label"": ""Model dispersion"", ""value"": 0.0437, ""impact"": ""positive""}]","[{""label"": ""Raw edge"", ""value"": -0.0074, ""impact"": ""negative""}, {""label"": ""Historical xG"", ""value"": ""unavailable"", ""impact"": ""negative""}, {""label"": ""Decision rule"", ""value"": ""edge below minimum"", ""impact"": ""negative""}]","[{""label"": ""Model-market gap"", ""value"": 0.0173, ""impact"": ""neutral""}, {""label"": ""ELO separation"", ""value"": 40.5, ""impact"": ""neutral""}, {""label"": ""Competition importance"", ""value"": 0.68, ""impact"": ""neutral""}, {""label"": ""Probability source"", ""value"": ""FOOTBALL_V13_FALLBACK"", ""impact"": ""neutral""}]","REJECT: positive=3, negative=3, neutral=4, confidence=1.000, risk=high",2026-09-20T18:21:35+00:00,2026-09-20T18:21:35+00:00
79e47242f225977bb38dd1ea,soccer_england_league2,League Two,Swindon Town vs Accrington Stanley,Accrington Stanley,Tipico,2026-09-26T14:00:00Z,BLOCK,REJECT,0.2922171246193383,0.2871167055105521,-0.02553722904978606,-0.028677514111757257,1.0,high,"[{""label"": ""Consensus safety"", ""value"": 0.966, ""impact"": ""positive""}, {""label"": ""ELO separation"", ""value"": 100.9, ""impact"": ""positive""}, {""label"": ""Form separation"", ""value"": 0.3333, ""impact"": ""positive""}, {""label"": ""Model dispersion"", ""value"": 0.0119, ""impact"": ""positive""}]","[{""label"": ""Raw edge"", ""value"": -0.0255, ""impact"": ""negative""}, {""label"": ""Historical xG"", ""value"": ""unavailable"", ""impact"": ""negative""}, {""label"": ""Decision rule"", ""value"": ""edge below minimum"", ""impact"": ""negative""}]","[{""label"": ""Model-market gap"", ""value"": 0.0082, ""impact"": ""neutral""}, {""label"": ""Competition importance"", ""value"": 0.68, ""impact"": ""neutral""}, {""label"": ""Probability source"", ""value"": ""FOOTBALL_V13_FALLBACK"", ""impact"": ""neutral""}]","REJECT: positive=4, negative=3, neutral=3, confidence=1.000, risk=high",2026-09-20T18:21:35+00:00,2026-09-20T18:21:35+00:00
197fc9285be042a47732d37b,soccer_england_league2,League Two,Swindon Town vs Accrington Stanley,Draw,Coolbet,2026-09-26T14:00:00Z,BLOCK,REJECT,0.25956602606145307,0.2557911841210287,-0.018173362034641816,-0.021408479103532455,1.0,high,"[{""label"": ""Consensus safety"", ""value"": 0.981, ""impact"": ""positive""}, {""label"": ""ELO separation"", ""value"": 100.9, ""impact"": ""positive""}, {""label"": ""Form separation"", ""value"": 0.3333, ""impact"": ""positive""}, {""label"": ""Model dispersion"", ""value"": 0.0046, ""impact"": ""positive""}]","[{""label"": ""Raw edge"", ""value"": -0.0182, ""impact"": ""negative""}, {""label"": ""Historical xG"", ""value"": ""unavailable"", ""impact"": ""negative""}, {""label"": ""Decision rule"", ""value"": ""edge below minimum"", ""impact"": ""negative""}]","[{""label"": ""Model-market gap"", ""value"": 0.006, ""impact"": ""neutral""}, {""label"": ""Competition importance"", ""value"": 0.68, ""impact"": ""neutral""}, {""label"": ""Probability source"", ""value"": ""FOOTBALL_V13_FALLBACK"", ""impact"": ""neutral""}]","REJECT: positive=4, negative=3, neutral=3, confidence=1.000, risk=high",2026-09-20T18:21:35+00:00,2026-09-20T18:21:35+00:00
0e7d56e236c3e6ab49518030,soccer_england_league2,League Two,Swindon Town vs Accrington Stanley,Swindon Town,Betfair,2026-09-26T14:00:00Z,BLOCK,REJECT,0.4484937456688635,0.4570921103684193,-0.07797809916611531,-0.05395234267501183,1.0,high,"[{""label"": ""Consensus safety"", ""value"": 0.947, ""impact"": ""positive""}, {""label"": ""ELO separation"", ""value"": 100.9, ""impact"": ""positive""}, {""label"": ""Form separation"", ""value"": 0.3333, ""impact"": ""positive""}, {""label"": ""Model dispersion"", ""value"": 0.0165, ""impact"": ""positive""}]","[{""label"": ""Raw edge"", ""value"": -0.078, ""impact"": ""negative""}, {""label"": ""Model-market gap"", ""value"": -0.0138, ""impact"": ""negative""}, {""label"": ""Historical xG"", ""value"": ""unavailable"", ""impact"": ""negative""}, {""label"": ""Decision rule"", ""value"": ""edge below minimum"", ""impact"": ""negative""}]","[{""label"": ""Competition importance"", ""value"": 0.68, ""impact"": ""neutral""}, {""label"": ""Probability source"", ""value"": ""FOOTBALL_V13_FALLBACK"", ""impact"": ""neutral""}]","REJECT: positive=4, negative=4, neutral=2, confidence=1.000, risk=high",2026-09-20T18:21:35+00:00,2026-09-20T18:21:35+00:00
8cefb1e911673278288ecf38,soccer_england_league2,League Two,Bristol Rovers vs Exeter City,Bristol Rovers,1xBet,2026-09-26T14:00:00Z,BLOCK,REJECT,0.5153350140067144,0.5492243913980754,-0.16107976259699164,-0.09974516517359551,1.0,high,"[{""label"": ""ELO separation"", ""value"": 76.8, ""impact"": ""positive""}, {""label"": ""Model dispersion"", ""value"": 0.0325, ""impact"": ""positive""}]","[{""label"": ""Raw edge"", ""value"": -0.1611, ""impact"": ""negative""}, {""label"": ""Model-market gap"", ""value"": -0.0557, ""impact"": ""negative""}, {""label"": ""Historical xG"", ""value"": ""unavailable"", ""impact"": ""negative""}, {""label"": ""Decision rule"", ""value"": ""edge below minimum"", ""impact"": ""negative""}]","[{""label"": ""Consensus safety"", ""value"": 0.816, ""impact"": ""neutral""}, {""label"": ""Form separation"", ""value"": 0.0, ""impact"": ""neutral""}, {""label"": ""Competition importance"", ""value"": 0.68, ""impact"": ""neutral""}, {""label"": ""Probability source"", ""value"": ""FOOTBALL_V13_FALLBACK"", ""impact"": ""neutral""}]","REJECT: positive=2, negative=4, neutral=4, confidence=1.000, risk=high",2026-09-20T18:21:35+00:00,2026-09-20T18:21:35+00:00
81d812331dff516da87c488a,soccer_england_league2,League Two,Bristol Rovers vs Exeter City,Draw,Pinnacle,2026-09-26T14:00:00Z,BLOCK,REJECT,0.24086696434090582,0.2302946460689275,0.05162973298354334,0.019034445059144985,1.0,high,"[{""label"": ""Consensus safety"", ""value"": 0.952, ""impact"": ""positive""}, {""label"": ""ELO separation"", ""value"": 76.8, ""impact"": ""positive""}, {""label"": ""Model dispersion"", ""value"": 0.0039, ""impact"": ""positive""}]","[{""label"": ""Historical xG"", ""value"": ""unavailable"", ""impact"": ""negative""}, {""label"": ""Decision rule"", ""value"": ""edge below minimum"", ""impact"": ""negative""}]","[{""label"": ""Raw edge"", ""value"": 0.0516, ""impact"": ""neutral""}, {""label"": ""Model-market gap"", ""value"": 0.0171, ""impact"": ""neutral""}, {""label"": ""Form separation"", ""value"": 0.0, ""impact"": ""neutral""}, {""label"": ""Competition importance"", ""value"": 0.68, ""impact"": ""neutral""}, {""label"": ""Probability source"", ""value"": ""FOOTBALL_V13_FALLBACK"", ""impact"": ""neutral""}]","REJECT: positive=3, negative=2, neutral=5, confidence=1.000, risk=high",2026-09-20T18:21:35+00:00,2026-09-20T18:21:35+00:00
a6a43fb9806f4b32ac1f2d5f,soccer_england_league2,League Two,Bristol Rovers vs Exeter City,Exeter City,Betfair,2026-09-26T14:00:00Z,BLOCK,REJECT,0.24535463466652033,0.2204809625329971,0.17599554699081388,0.08365803018291629,1.0,high,"[{""label"": ""Raw edge"", ""value"": 0.176, ""impact"": ""positive""}, {""label"": ""Consensus safety"", ""value"": 0.862, ""impact"": ""positive""}, {""label"": ""Model-market gap"", ""value"": 0.0409, ""impact"": ""positive""}, {""label"": ""ELO separation"", ""value"": 76.8, ""impact"": ""positive""}, {""label"": ""Model dispersion"", ""value"": 0.0294, ""impact"": ""positive""}]","[{""label"": ""Historical xG"", ""value"": ""unavailable"", ""impact"": ""negative""}, {""label"": ""Decision rule"", ""value"": ""odds above maximum"", ""impact"": ""negative""}]","[{""label"": ""Form separation"", ""value"": 0.0, ""impact"": ""neutral""}, {""label"": ""Competition importance"", ""value"": 0.68, ""impact"": ""neutral""}, {""label"": ""Probability source"", ""value"": ""FOOTBALL_V13_FALLBACK"", ""impact"": ""neutral""}]","REJECT: positive=5, negative=2, neutral=3, confidence=1.000, risk=high",2026-09-20T18:21:35+00:00,2026-09-20T18:21:35+00:00
5a645430ba998eaab3b0d812,soccer_england_league2,League Two,Cheltenham Town vs Chesterfield FC,Cheltenham Town,Betfair,2026-09-26T14:00:00Z,PASS,PASS,0.3328255201224875,0.3117904008431378,0.09005792359522591,0.03889762098188357,1.0,low,"[{""label"": ""Raw edge"", ""value"": 0.0901, ""impact"": ""positive""}, {""label"": ""Consensus safety"", ""value"": 0.891, ""impact"": ""positive""}, {""label"": ""ELO separation"", ""value"": 77.3, ""impact"": ""positive""}, {""label"": ""Form separation"", ""value"": 0.1111, ""impact"": ""positive""}, {""label"": ""Model dispersion"", ""value"": 0.0149, ""impact"": ""positive""}]","[{""label"": ""Historical xG"", ""value"": ""unavailable"", ""impact"": ""negative""}]","[{""label"": ""Model-market gap"", ""value"": 0.0343, ""impact"": ""neutral""}, {""label"": ""Competition importance"", ""value"": 0.68, ""impact"": ""neutral""}, {""label"": ""Probability source"", ""value"": ""FOOTBALL_V13_FALLBACK"", ""impact"": ""neutral""}]","PASS: positive=5, negative=1, neutral=3, confidence=1.000, risk=low",2026-09-20T18:21:36+00:00,2026-09-20T18:21:36+00:00
2ec1d6d76c8323bd00a3bbeb,soccer_england_league2,League Two,Cheltenham Town vs Chesterfield FC,Chesterfield FC,Betfair,2026-09-26T14:00:00Z,BLOCK,REJECT,0.4080179713236964,0.4337604473665989,-0.12999576875787866,-0.07570517615406895,1.0,high,"[{""label"": ""Consensus safety"", ""value"": 0.874, ""impact"": ""positive""}, {""label"": ""ELO separation"", ""value"": 77.3, ""impact"": ""positive""}, {""label"": ""Form separation"", ""value"": 0.1111, ""impact"": ""positive""}, {""label"": ""Model dispersion"", ""value"": 0.0119, ""impact"": ""positive""}]","[{""label"": ""Raw edge"", ""value"": -0.13, ""impact"": ""negative""}, {""label"": ""Model-market gap"", ""value"": -0.0419, ""impact"": ""negative""}, {""label"": ""Historical xG"", ""value"": ""unavailable"", ""impact"": ""negative""}, {""label"": ""Decision rule"", ""value"": ""edge below minimum"", ""impact"": ""negative""}]","[{""label"": ""Competition importance"", ""value"": 0.68, ""impact"": ""neutral""}, {""label"": ""Probability source"", ""value"": ""FOOTBALL_V13_FALLBACK"", ""impact"": ""neutral""}]","REJECT: positive=4, negative=4, neutral=2, confidence=1.000, risk=high",2026-09-20T18:21:36+00:00,2026-09-20T18:21:36+00:00
f19bca0ed33a921ad25122fa,soccer_england_league2,League Two,Cheltenham Town vs Chesterfield FC,Draw,Pinnacle,2026-09-26T14:00:00Z,BLOCK,REJECT,0.2590534589816636,0.25444915179026334,-0.004754954013622914,-0.01253462231111684,1.0,high,"[{""label"": ""Consensus safety"", ""value"": 0.978, ""impact"": ""positive""}, {""label"": ""ELO separation"", ""value"": 77.3, ""impact"": ""positive""}, {""label"": ""Form separation"", ""value"": 0.1111, ""impact"": ""positive""}, {""label"": ""Model dispersion"", ""value"": 0.0035, ""impact"": ""positive""}]","[{""label"": ""Raw edge"", ""value"": -0.0048, ""impact"": ""negative""}, {""label"": ""Historical xG"", ""value"": ""unavailable"", ""impact"": ""negative""}, {""label"": ""Decision rule"", ""value"": ""edge below minimum"", ""impact"": ""negative""}]","[{""label"": ""Model-market gap"", ""value"": 0.0075, ""impact"": ""neutral""}, {""label"": ""Competition importance"", ""value"": 0.68, ""impact"": ""neutral""}, {""label"": ""Probability source"", ""value"": ""FOOTBALL_V13_FALLBACK"", ""impact"": ""neutral""}]","REJECT: positive=4, negative=3, neutral=3, confidence=1.000, risk=high",2026-09-20T18:21:36+00:00,2026-09-20T18:21:36+00:00
c4103cf317b543c37c20b53c,soccer_england_league2,League Two,Shrewsbury Town vs Colchester United,Colchester United,Pinnacle,2026-09-26T14:00:00Z,BLOCK,REJECT,0.3475272813539743,0.3509038773477674,-0.05845833042688242,-0.041188168992365035,1.0,high,"[{""label"": ""Consensus safety"", ""value"": 0.95, ""impact"": ""positive""}, {""label"": ""ELO separation"", ""value"": 58.8, ""impact"": ""positive""}, {""label"": ""Model dispersion"", ""value"": 0.0204, ""impact"": ""positive""}]","[{""label"": ""Raw edge"", ""value"": -0.0585, ""impact"": ""negative""}, {""label"": ""Model-market gap"", ""value"": -0.006, ""impact"": ""negative""}, {""label"": ""Historical xG"", ""value"": ""unavailable"", ""impact"": ""negative""}, {""label"": ""Decision rule"", ""value"": ""edge below minimum"", ""impact"": ""negative""}]","[{""label"": ""Form separation"", ""value"": 0.0, ""impact"": ""neutral""}, {""label"": ""Competition importance"", ""value"": 0.68, ""impact"": ""neutral""}, {""label"": ""Probability source"", ""value"": ""FOOTBALL_V13_FALLBACK"", ""impact"": ""neutral""}]","REJECT: positive=3, negative=4, neutral=3, confidence=1.000, risk=high",2026-09-20T18:21:36+00:00,2026-09-20T18:21:36+00:00
c3a2743bef0f9d0a1a93b0da,soccer_england_league2,League Two,Shrewsbury Town vs Colchester United,Draw,Coolbet,2026-09-26T14:00:00Z,BLOCK,REJECT,0.28085176152887725,0.2825594181599651,-0.07750107098896664,-0.058844237363555554,1.0,high,"[{""label"": ""Consensus safety"", ""value"": 0.988, ""impact"": ""positive""}, {""label"": ""ELO separation"", ""value"": 58.8, ""impact"": ""positive""}, {""label"": ""Model dispersion"", ""value"": 0.0026, ""impact"": ""positive""}]","[{""label"": ""Raw edge"", ""value"": -0.0775, ""impact"": ""negative""}, {""label"": ""Model-market gap"", ""value"": -0.003, ""impact"": ""negative""}, {""label"": ""Historical xG"", ""value"": ""unavailable"", ""impact"": ""negative""}, {""label"": ""Decision rule"", ""value"": ""edge below minimum"", ""impact"": ""negative""}]","[{""label"": ""Form separation"", ""value"": 0.0, ""impact"": ""neutral""}, {""label"": ""Competition importance"", ""value"": 0.68, ""impact"": ""neutral""}, {""label"": ""Probability source"", ""value"": ""FOOTBALL_V13_FALLBACK"", ""impact"": ""neutral""}]","REJECT: positive=3, negative=4, neutral=3, confidence=1.000, risk=high",2026-09-20T18:21:36+00:00,2026-09-20T18:21:36+00:00
bffbf479621573f34967ae30,soccer_england_league2,League Two,Shrewsbury Town vs Colchester United,Shrewsbury Town,Tipico,2026-09-26T14:00:00Z,BLOCK,REJECT,0.3714730950027507,0.3665367044922676,-0.024127139721710544,-0.027461140805092186,1.0,high,"[{""label"": ""Consensus safety"", ""value"": 0.944, ""impact"": ""positive""}, {""label"": ""ELO separation"", ""value"": 58.8, ""impact"": ""positive""}, {""label"": ""Model dispersion"", ""value"": 0.021, ""impact"": ""positive""}]","[{""label"": ""Raw edge"", ""value"": -0.0241, ""impact"": ""negative""}, {""label"": ""Historical xG"", ""value"": ""unavailable"", ""impact"": ""negative""}, {""label"": ""Decision rule"", ""value"": ""edge below minimum"", ""impact"": ""negative""}]","[{""label"": ""Model-market gap"", ""value"": 0.0088, ""impact"": ""neutral""}, {""label"": ""Form separation"", ""value"": 0.0, ""impact"": ""neutral""}, {""label"": ""Competition importance"", ""value"": 0.68, ""impact"": ""neutral""}, {""label"": ""Probability source"", ""value"": ""FOOTBALL_V13_FALLBACK"", ""impact"": ""neutral""}]","REJECT: positive=3, negative=3, neutral=4, confidence=1.000, risk=high",2026-09-20T18:21:36+00:00,2026-09-20T18:21:36+00:00
783bea5e35c7b8c593641276,soccer_england_league2,League Two,Rotherham United vs Crewe Alexandra,Crewe Alexandra,Betfair,2026-09-26T14:00:00Z,BLOCK,REJECT,0.31685527372786326,0.31394565355789905,0.004342124784360246,-0.001531692246429784,1.0,high,"[{""label"": ""Consensus safety"", ""value"": 0.963, ""impact"": ""positive""}, {""label"": ""ELO separation"", ""value"": 70.8, ""impact"": ""positive""}, {""label"": ""Model dispersion"", ""value"": 0.0148, ""impact"": ""positive""}]","[{""label"": ""Historical xG"", ""value"": ""unavailable"", ""impact"": ""negative""}, {""label"": ""Decision rule"", ""value"": ""edge below minimum"", ""impact"": ""negative""}]","[{""label"": ""Raw edge"", ""value"": 0.0043, ""impact"": ""neutral""}, {""label"": ""Model-market gap"", ""value"": 0.0049, ""impact"": ""neutral""}, {""label"": ""Form separation"", ""value"": -0.0333, ""impact"": ""neutral""}, {""label"": ""Competition importance"", ""value"": 0.68, ""impact"": ""neutral""}, {""label"": ""Probability source"", ""value"": ""FOOTBALL_V13_FALLBACK"", ""impact"": ""neutral""}]","REJECT: positive=3, negative=2, neutral=5, confidence=1.000, risk=high",2026-09-20T18:21:36+00:00,2026-09-20T18:21:36+00:00
f4dc7a32d8a9d712303604af,soccer_england_league2,League Two,Rotherham United vs Crewe Alexandra,Draw,Betfair,2026-09-26T14:00:00Z,BLOCK,REJECT,0.26433830441594064,0.2615253412223604,-0.014952634743074622,-0.017639024366235094,1.0,high,"[{""label"": ""Consensus safety"", ""value"": 0.985, ""impact"": ""positive""}, {""label"": ""ELO separation"", ""value"": 70.8, ""impact"": ""positive""}, {""label"": ""Model dispersion"", ""value"": 0.0034, ""impact"": ""positive""}]","[{""label"": ""Raw edge"", ""value"": -0.015, ""impact"": ""negative""}, {""label"": ""Historical xG"", ""value"": ""unavailable"", ""impact"": ""negative""}, {""label"": ""Decision rule"", ""value"": ""edge below minimum"", ""impact"": ""negative""}]","[{""label"": ""Model-market gap"", ""value"": 0.0047, ""impact"": ""neutral""}, {""label"": ""Form separation"", ""value"": -0.0333, ""impact"": ""neutral""}, {""label"": ""Competition importance"", ""value"": 0.68, ""impact"": ""neutral""}, {""label"": ""Probability source"", ""value"": ""FOOTBALL_V13_FALLBACK"", ""impact"": ""neutral""}]","REJECT: positive=3, negative=3, neutral=4, confidence=1.000, risk=high",2026-09-20T18:21:36+00:00,2026-09-20T18:21:36+00:00
119f19a43b5c48418dbc3d87,soccer_england_league2,League Two,Rotherham United vs Crewe Alexandra,Rotherham United,Betfair,2026-09-26T14:00:00Z,BLOCK,REJECT,0.4190004109308964,0.4245290052197406,-0.036688843546717864,-0.02243751611523276,1.0,high,"[{""label"": ""Consensus safety"", ""value"": 0.951, ""impact"": ""positive""}, {""label"": ""ELO separation"", ""value"": 70.8, ""impact"": ""positive""}, {""label"": ""Model dispersion"", ""value"": 0.0171, ""impact"": ""positive""}]","[{""label"": ""Raw edge"", ""value"": -0.0367, ""impact"": ""negative""}, {""label"": ""Model-market gap"", ""value"": -0.0093, ""impact"": ""negative""}, {""label"": ""Historical xG"", ""value"": ""unavailable"", ""impact"": ""negative""}, {""label"": ""Decision rule"", ""value"": ""edge below minimum"", ""impact"": ""negative""}]","[{""label"": ""Form separation"", ""value"": -0.0333, ""impact"": ""neutral""}, {""label"": ""Competition importance"", ""value"": 0.68, ""impact"": ""neutral""}, {""label"": ""Probability source"", ""value"": ""FOOTBALL_V13_FALLBACK"", ""impact"": ""neutral""}]","REJECT: positive=3, negative=4, neutral=3, confidence=1.000, risk=high",2026-09-20T18:21:36+00:00,2026-09-20T18:21:36+00:00
07783e36b057f6a0d2be0504,soccer_england_league2,League Two,Fleetwood Town vs Rochdale,Draw,Pinnacle,2026-09-26T14:00:00Z,BLOCK,REJECT,0.2578466287555127,0.25483286254607357,-0.012743588361417202,-0.016220186413163213,1.0,high,"[{""label"": ""Consensus safety"", ""value"": 0.981, ""impact"": ""positive""}, {""label"": ""ELO separation"", ""value"": 104.9, ""impact"": ""positive""}, {""label"": ""Form separation"", ""value"": 0.5, ""impact"": ""positive""}, {""label"": ""Model dispersion"", ""value"": 0.0066, ""impact"": ""positive""}]","[{""label"": ""Raw edge"", ""value"": -0.0127, ""impact"": ""negative""}, {""label"": ""Historical xG"", ""value"": ""unavailable"", ""impact"": ""negative""}, {""label"": ""Decision rule"", ""value"": ""edge below minimum"", ""impact"": ""negative""}]","[{""label"": ""Model-market gap"", ""value"": 0.005, ""impact"": ""neutral""}, {""label"": ""Competition importance"", ""value"": 0.68, ""impact"": ""neutral""}, {""label"": ""Probability source"", ""value"": ""FOOTBALL_V13_FALLBACK"", ""impact"": ""neutral""}]","REJECT: positive=4, negative=3, neutral=3, confidence=1.000, risk=high",2026-09-20T18:21:36+00:00,2026-09-20T18:21:36+00:00
01ea3b18346cf25ecdba4a17,soccer_england_league2,League Two,Fleetwood Town vs Rochdale,Fleetwood Town,Betfair,2026-09-26T14:00:00Z,BLOCK,REJECT,0.49092268368331743,0.5052170365558113,-0.09021863710873523,-0.057989239462484514,1.0,high,"[{""label"": ""Consensus safety"", ""value"": 0.908, ""impact"": ""positive""}, {""label"": ""ELO separation"", ""value"": 104.9, ""impact"": ""positive""}, {""label"": ""Form separation"", ""value"": 0.5, ""impact"": ""positive""}, {""label"": ""Model dispersion"", ""value"": 0.0296, ""impact"": ""positive""}]","[{""label"": ""Raw edge"", ""value"": -0.0902, ""impact"": ""negative""}, {""label"": ""Model-market gap"", ""value"": -0.0239, ""impact"": ""negative""}, {""label"": ""Historical xG"", ""value"": ""unavailable"", ""impact"": ""negative""}, {""label"": ""Decision rule"", ""value"": ""edge below minimum"", ""impact"": ""negative""}]","[{""label"": ""Competition importance"", ""value"": 0.68, ""impact"": ""neutral""}, {""label"": ""Probability source"", ""value"": ""FOOTBALL_V13_FALLBACK"", ""impact"": ""neutral""}]","REJECT: positive=4, negative=4, neutral=2, confidence=1.000, risk=high",2026-09-20T18:21:36+00:00,2026-09-20T18:21:36+00:00
923bb56dd6bea8ae5d1f4a31,soccer_england_league2,League Two,Fleetwood Town vs Rochdale,Rochdale,Betfair,2026-09-26T14:00:00Z,BLOCK,REJECT,0.251838869771457,0.23995010089811514,0.06488319976193746,0.026150697759250163,1.0,high,"[{""label"": ""Consensus safety"", ""value"": 0.925, ""impact"": ""positive""}, {""label"": ""ELO separation"", ""value"": 104.9, ""impact"": ""positive""}, {""label"": ""Form separation"", ""value"": 0.5, ""impact"": ""positive""}, {""label"": ""Model dispersion"", ""value"": 0.0236, ""impact"": ""positive""}]","[{""label"": ""Historical xG"", ""value"": ""unavailable"", ""impact"": ""negative""}, {""label"": ""Decision rule"", ""value"": ""edge below minimum"", ""impact"": ""negative""}]","[{""label"": ""Raw edge"", ""value"": 0.0649, ""impact"": ""neutral""}, {""label"": ""Model-market gap"", ""value"": 0.0198, ""impact"": ""neutral""}, {""label"": ""Competition importance"", ""value"": 0.68, ""impact"": ""neutral""}, {""label"": ""Probability source"", ""value"": ""FOOTBALL_V13_FALLBACK"", ""impact"": ""neutral""}]","REJECT: positive=4, negative=2, neutral=4, confidence=1.000, risk=high",2026-09-20T18:21:36+00:00,2026-09-20T18:21:36+00:00
5415f1fec833884c176464e1,soccer_england_league2,League Two,York City vs Gillingham,Draw,Pinnacle,2026-09-26T14:00:00Z,BLOCK,REJECT,0.21981213134488517,0.20485530184344677,0.11458909500842318,0.051346630198668815,1.0,high,"[{""label"": ""Raw edge"", ""value"": 0.1146, ""impact"": ""positive""}, {""label"": ""Consensus safety"", ""value"": 0.926, ""impact"": ""positive""}, {""label"": ""ELO separation"", ""value"": 53.7, ""impact"": ""positive""}, {""label"": ""Form separation"", ""value"": -0.1667, ""impact"": ""positive""}, {""label"": ""Model dispersion"", ""value"": 0.0018, ""impact"": ""positive""}]","[{""label"": ""Historical xG"", ""value"": ""unavailable"", ""impact"": ""negative""}, {""label"": ""Decision rule"", ""value"": ""odds above maximum"", ""impact"": ""negative""}]","[{""label"": ""Model-market gap"", ""value"": 0.0254, ""impact"": ""neutral""}, {""label"": ""Competition importance"", ""value"": 0.68, ""impact"": ""neutral""}, {""label"": ""Probability source"", ""value"": ""FOOTBALL_V13_FALLBACK"", ""impact"": ""neutral""}]","REJECT: positive=5, negative=2, neutral=3, confidence=1.000, risk=high",2026-09-20T18:21:36+00:00,2026-09-20T18:21:36+00:00
3c15af0956bfd072eecbbdde,soccer_england_league2,League Two,York City vs Gillingham,Gillingham,Betfair,2026-09-26T14:00:00Z,BLOCK,REJECT,0.2058890554237992,0.17536450180341234,0.3686178559738451,0.18912959124007944,1.0,high,"[{""label"": ""Raw edge"", ""value"": 0.3686, ""impact"": ""positive""}, {""label"": ""Model-market gap"", ""value"": 0.0527, ""impact"": ""positive""}, {""label"": ""ELO separation"", ""value"": 53.7, ""impact"": ""positive""}, {""label"": ""Form separation"", ""value"": -0.1667, ""impact"": ""positive""}, {""label"": ""Model dispersion"", ""value"": 0.0329, ""impact"": ""positive""}]","[{""label"": ""Historical xG"", ""value"": ""unavailable"", ""impact"": ""negative""}, {""label"": ""Decision rule"", ""value"": ""edge above max guard"", ""impact"": ""negative""}]","[{""label"": ""Consensus safety"", ""value"": 0.8, ""impact"": ""neutral""}, {""label"": ""Competition importance"", ""value"": 0.68, ""impact"": ""neutral""}, {""label"": ""Probability source"", ""value"": ""FOOTBALL_V13_FALLBACK"", ""impact"": ""neutral""}]","REJECT: positive=5, negative=2, neutral=3, confidence=1.000, risk=high",2026-09-20T18:21:36+00:00,2026-09-20T18:21:36+00:00
f322600f28a0144d600af3aa,soccer_england_league2,League Two,York City vs Gillingham,York City,Betfair,2026-09-26T14:00:00Z,BLOCK,REJECT,0.5891973958511176,0.6197801963531409,-0.13255763882877192,-0.07918333548725957,1.0,high,"[{""label"": ""ELO separation"", ""value"": 53.7, ""impact"": ""positive""}, {""label"": ""Form separation"", ""value"": -0.1667, ""impact"": ""positive""}, {""label"": ""Model dispersion"", ""value"": 0.0323, ""impact"": ""positive""}]","[{""label"": ""Raw edge"", ""value"": -0.1326, ""impact"": ""negative""}, {""label"": ""Model-market gap"", ""value"": -0.0528, ""impact"": ""negative""}, {""label"": ""Historical xG"", ""value"": ""unavailable"", ""impact"": ""negative""}, {""label"": ""Decision rule"", ""value"": ""edge below minimum"", ""impact"": ""negative""}]","[{""label"": ""Consensus safety"", ""value"": 0.73, ""impact"": ""neutral""}, {""label"": ""Competition importance"", ""value"": 0.68, ""impact"": ""neutral""}, {""label"": ""Probability source"", ""value"": ""FOOTBALL_V13_FALLBACK"", ""impact"": ""neutral""}]","REJECT: positive=3, negative=4, neutral=3, confidence=1.000, risk=high",2026-09-20T18:21:36+00:00,2026-09-20T18:21:36+00:00
b6407ad76ec292033c59e2a7,soccer_england_league2,League Two,Newport County vs Grimsby Town,Draw,Coolbet,2026-09-26T14:00:00Z,BLOCK,REJECT,0.2559795677727902,0.25105684318117966,-0.028157170450924474,-0.032221674925914254,1.0,high,"[{""label"": ""Consensus safety"", ""value"": 0.977, ""impact"": ""positive""}, {""label"": ""ELO separation"", ""value"": 70.1, ""impact"": ""positive""}, {""label"": ""Form separation"", ""value"": 0.1667, ""impact"": ""positive""}, {""label"": ""Model dispersion"", ""value"": 0.0029, ""impact"": ""positive""}]","[{""label"": ""Raw edge"", ""value"": -0.0282, ""impact"": ""negative""}, {""label"": ""Historical xG"", ""value"": ""unavailable"", ""impact"": ""negative""}, {""label"": ""Decision rule"", ""value"": ""edge below minimum"", ""impact"": ""negative""}]","[{""label"": ""Model-market gap"", ""value"": 0.0081, ""impact"": ""neutral""}, {""label"": ""Competition importance"", ""value"": 0.68, ""impact"": ""neutral""}, {""label"": ""Probability source"", ""value"": ""FOOTBALL_V13_FALLBACK"", ""impact"": ""neutral""}]","REJECT: positive=4, negative=3, neutral=3, confidence=1.000, risk=high",2026-09-20T18:21:36+00:00,2026-09-20T18:21:36+00:00
02be2da162893084b165d4fc,soccer_england_league2,League Two,Newport County vs Grimsby Town,Grimsby Town,Coolbet,2026-09-26T14:00:00Z,BLOCK,REJECT,0.4600417790302801,0.4973339906035262,-0.19351606166104507,-0.1197341245301723,1.0,high,"[{""label"": ""ELO separation"", ""value"": 70.1, ""impact"": ""positive""}, {""label"": ""Form separation"", ""value"": 0.1667, ""impact"": ""positive""}, {""label"": ""Model dispersion"", ""value"": 0.0038, ""impact"": ""positive""}]","[{""label"": ""Raw edge"", ""value"": -0.1935, ""impact"": ""negative""}, {""label"": ""Model-market gap"", ""value"": -0.0614, ""impact"": ""negative""}, {""label"": ""Historical xG"", ""value"": ""unavailable"", ""impact"": ""negative""}, {""label"": ""Decision rule"", ""value"": ""edge below minimum"", ""impact"": ""negative""}]","[{""label"": ""Consensus safety"", ""value"": 0.802, ""impact"": ""neutral""}, {""label"": ""Competition importance"", ""value"": 0.68, ""impact"": ""neutral""}, {""label"": ""Probability source"", ""value"": ""FOOTBALL_V13_FALLBACK"", ""impact"": ""neutral""}]","REJECT: positive=3, negative=4, neutral=3, confidence=1.000, risk=high",2026-09-20T18:21:36+00:00,2026-09-20T18:21:36+00:00
9db82c393325299723b97eae,soccer_england_league2,League Two,Newport County vs Grimsby Town,Newport County,Tipico,2026-09-26T14:00:00Z,BLOCK,REJECT,0.2882462683642937,0.2516091662152942,0.40406061464008447,0.23877499410197228,1.0,high,"[{""label"": ""Raw edge"", ""value"": 0.4041, ""impact"": ""positive""}, {""label"": ""Model-market gap"", ""value"": 0.0604, ""impact"": ""positive""}, {""label"": ""ELO separation"", ""value"": 70.1, ""impact"": ""positive""}, {""label"": ""Form separation"", ""value"": 0.1667, ""impact"": ""positive""}, {""label"": ""Model dispersion"", ""value"": 0.0067, ""impact"": ""positive""}]","[{""label"": ""Historical xG"", ""value"": ""unavailable"", ""impact"": ""negative""}, {""label"": ""Decision rule"", ""value"": ""edge above max guard"", ""impact"": ""negative""}]","[{""label"": ""Consensus safety"", ""value"": 0.824, ""impact"": ""neutral""}, {""label"": ""Competition importance"", ""value"": 0.68, ""impact"": ""neutral""}, {""label"": ""Probability source"", ""value"": ""FOOTBALL_V13_FALLBACK"", ""impact"": ""neutral""}]","REJECT: positive=5, negative=2, neutral=3, confidence=1.000, risk=high",2026-09-20T18:21:36+00:00,2026-09-20T18:21:36+00:00
4713371d7a04ad651f85a08e,soccer_england_league2,League Two,Tranmere Rovers vs Walsall,Draw,Betfair,2026-09-26T14:00:00Z,BLOCK,REJECT,0.2911967331153574,0.29595749151321604,-0.02225303963468872,-0.007981267604692253,1.0,high,"[{""label"": ""Consensus safety"", ""value"": 0.971, ""impact"": ""positive""}, {""label"": ""ELO separation"", ""value"": 82.1, ""impact"": ""positive""}, {""label"": ""Form separation"", ""value"": 0.1667, ""impact"": ""positive""}, {""label"": ""Model dispersion"", ""value"": 0.0043, ""impact"": ""positive""}]","[{""label"": ""Raw edge"", ""value"": -0.0223, ""impact"": ""negative""}, {""label"": ""Model-market gap"", ""value"": -0.0084, ""impact"": ""negative""}, {""label"": ""Historical xG"", ""value"": ""unavailable"", ""impact"": ""negative""}, {""label"": ""Decision rule"", ""value"": ""edge below minimum"", ""impact"": ""negative""}]","[{""label"": ""Competition importance"", ""value"": 0.68, ""impact"": ""neutral""}, {""label"": ""Probability source"", ""value"": ""FOOTBALL_V13_FALLBACK"", ""impact"": ""neutral""}]","REJECT: positive=4, negative=4, neutral=2, confidence=1.000, risk=high",2026-09-20T18:21:36+00:00,2026-09-20T18:21:36+00:00
6485c2a98788c0ac3d9c5103,soccer_england_league2,League Two,Tranmere Rovers vs Walsall,Tranmere Rovers,Pinnacle,2026-09-26T14:00:00Z,BLOCK,REJECT,0.3715250404308488,0.3626998787931479,0.006170503580717579,-0.00943773477752987,1.0,high,"[{""label"": ""Consensus safety"", ""value"": 0.948, ""impact"": ""positive""}, {""label"": ""ELO separation"", ""value"": 82.1, ""impact"": ""positive""}, {""label"": ""Form separation"", ""value"": 0.1667, ""impact"": ""positive""}, {""label"": ""Model dispersion"", ""value"": 0.0063, ""impact"": ""positive""}]","[{""label"": ""Historical xG"", ""value"": ""unavailable"", ""impact"": ""negative""}, {""label"": ""Decision rule"", ""value"": ""edge below minimum"", ""impact"": ""negative""}]","[{""label"": ""Raw edge"", ""value"": 0.0062, ""impact"": ""neutral""}, {""label"": ""Model-market gap"", ""value"": 0.0156, ""impact"": ""neutral""}, {""label"": ""Competition importance"", ""value"": 0.68, ""impact"": ""neutral""}, {""label"": ""Probability source"", ""value"": ""FOOTBALL_V13_FALLBACK"", ""impact"": ""neutral""}]","REJECT: positive=4, negative=2, neutral=4, confidence=1.000, risk=high",2026-09-20T18:21:36+00:00,2026-09-20T18:21:36+00:00
0bbe24cf4f622c540f771b58,soccer_england_league2,League Two,Tranmere Rovers vs Walsall,Walsall,Pinnacle,2026-09-26T14:00:00Z,BLOCK,REJECT,0.33718346261022325,0.3413426296936361,-0.04136180857919591,-0.025945037276449673,1.0,high,"[{""label"": ""Consensus safety"", ""value"": 0.976, ""impact"": ""positive""}, {""label"": ""ELO separation"", ""value"": 82.1, ""impact"": ""positive""}, {""label"": ""Form separation"", ""value"": 0.1667, ""impact"": ""positive""}, {""label"": ""Model dispersion"", ""value"": 0.0036, ""impact"": ""positive""}]","[{""label"": ""Raw edge"", ""value"": -0.0414, ""impact"": ""negative""}, {""label"": ""Model-market gap"", ""value"": -0.0073, ""impact"": ""negative""}, {""label"": ""Historical xG"", ""value"": ""unavailable"", ""impact"": ""negative""}, {""label"": ""Decision rule"", ""value"": ""edge below minimum"", ""impact"": ""negative""}]","[{""label"": ""Competition importance"", ""value"": 0.68, ""impact"": ""neutral""}, {""label"": ""Probability source"", ""value"": ""FOOTBALL_V13_FALLBACK"", ""impact"": ""neutral""}]","REJECT: positive=4, negative=4, neutral=2, confidence=1.000, risk=high",2026-09-20T18:21:36+00:00,2026-09-20T18:21:36+00:00
039b3eae7dd6bc78e827c6c9,soccer_england_league2,League Two,Oldham Athletic vs Salford City,Draw,Coolbet,2026-09-26T16:30:00Z,BLOCK,REJECT,0.2675063140043731,0.264957943926845,-0.031722306268292866,-0.0297297909569456,1.0,high,"[{""label"": ""Consensus safety"", ""value"": 0.986, ""impact"": ""positive""}, {""label"": ""ELO separation"", ""value"": 80.9, ""impact"": ""positive""}, {""label"": ""Model dispersion"", ""value"": 0.0044, ""impact"": ""positive""}]","[{""label"": ""Raw edge"", ""value"": -0.0317, ""impact"": ""negative""}, {""label"": ""Historical xG"", ""value"": ""unavailable"", ""impact"": ""negative""}, {""label"": ""Decision rule"", ""value"": ""edge below minimum"", ""impact"": ""negative""}]","[{""label"": ""Model-market gap"", ""value"": 0.004, ""impact"": ""neutral""}, {""label"": ""Form separation"", ""value"": 0.0711, ""impact"": ""neutral""}, {""label"": ""Competition importance"", ""value"": 0.68, ""impact"": ""neutral""}, {""label"": ""Probability source"", ""value"": ""FOOTBALL_V13_FALLBACK"", ""impact"": ""neutral""}]","REJECT: positive=3, negative=3, neutral=4, confidence=1.000, risk=high",2026-09-20T18:21:36+00:00,2026-09-20T18:21:36+00:00
3d83056c920a7e9635a9fd15,soccer_england_league2,League Two,Oldham Athletic vs Salford City,Oldham Athletic,Coolbet,2026-09-26T16:30:00Z,BLOCK,REJECT,0.3883507096284275,0.38485113428498774,-0.043506444281825374,-0.03902685909062253,1.0,high,"[{""label"": ""Consensus safety"", ""value"": 0.942, ""impact"": ""positive""}, {""label"": ""ELO separation"", ""value"": 80.9, ""impact"": ""positive""}, {""label"": ""Model dispersion"", ""value"": 0.0235, ""impact"": ""positive""}]","[{""label"": ""Raw edge"", ""value"": -0.0435, ""impact"": ""negative""}, {""label"": ""Historical xG"", ""value"": ""unavailable"", ""impact"": ""negative""}, {""label"": ""Decision rule"", ""value"": ""edge below minimum"", ""impact"": ""negative""}]","[{""label"": ""Model-market gap"", ""value"": 0.0056, ""impact"": ""neutral""}, {""label"": ""Form separation"", ""value"": 0.0711, ""impact"": ""neutral""}, {""label"": ""Competition importance"", ""value"": 0.68, ""impact"": ""neutral""}, {""label"": ""Probability source"", ""value"": ""FOOTBALL_V13_FALLBACK"", ""impact"": ""neutral""}]","REJECT: positive=3, negative=3, neutral=4, confidence=1.000, risk=high",2026-09-20T18:21:36+00:00,2026-09-20T18:21:36+00:00
c290126c01b24d121d81c4bd,soccer_england_league2,League Two,Oldham Athletic vs Salford City,Salford City,Pinnacle,2026-09-26T16:30:00Z,BLOCK,REJECT,0.34423118768028116,0.35019092178816724,-0.0833807597219044,-0.059485642482513625,1.0,high,"[{""label"": ""Consensus safety"", ""value"": 0.946, ""impact"": ""positive""}, {""label"": ""ELO separation"", ""value"": 80.9, ""impact"": ""positive""}, {""label"": ""Model dispersion"", ""value"": 0.0194, ""impact"": ""positive""}]","[{""label"": ""Raw edge"", ""value"": -0.0834, ""impact"": ""negative""}, {""label"": ""Model-market gap"", ""value"": -0.0094, ""impact"": ""negative""}, {""label"": ""Historical xG"", ""value"": ""unavailable"", ""impact"": ""negative""}, {""label"": ""Decision rule"", ""value"": ""edge below minimum"", ""impact"": ""negative""}]","[{""label"": ""Form separation"", ""value"": 0.0711, ""impact"": ""neutral""}, {""label"": ""Competition importance"", ""value"": 0.68, ""impact"": ""neutral""}, {""label"": ""Probability source"", ""value"": ""FOOTBALL_V13_FALLBACK"", ""impact"": ""neutral""}]","REJECT: positive=3, negative=4, neutral=3, confidence=1.000, risk=high",2026-09-20T18:21:36+00:00,2026-09-20T18:21:36+00:00
a09dc6fcb108c080bfa4f76b,soccer_portugal_primeira_liga,Primeira Liga,Santa Clara vs Braga,Braga,Matchbook,2026-09-20T17:00:00Z,BLOCK,REJECT,0.2790350679444043,0.26875446066786085,0.17233070447242516,0.1238384794061668,1.0,high,"[{""label"": ""Raw edge"", ""value"": 0.1723, ""impact"": ""positive""}, {""label"": ""Consensus safety"", ""value"": 0.949, ""impact"": ""positive""}, {""label"": ""ELO separation"", ""value"": 82.2, ""impact"": ""positive""}, {""label"": ""Form separation"", ""value"": 0.3333, ""impact"": ""positive""}, {""label"": ""Model dispersion"", ""value"": 0.0053, ""impact"": ""positive""}]","[{""label"": ""Historical xG"", ""value"": ""unavailable"", ""impact"": ""negative""}, {""label"": ""Decision rule"", ""value"": ""odds above maximum"", ""impact"": ""negative""}]","[{""label"": ""Model-market gap"", ""value"": 0.0172, ""impact"": ""neutral""}, {""label"": ""Competition importance"", ""value"": 0.68, ""impact"": ""neutral""}, {""label"": ""Probability source"", ""value"": ""FOOTBALL_V13_FALLBACK"", ""impact"": ""neutral""}]","REJECT: positive=5, negative=2, neutral=3, confidence=1.000, risk=high",2026-09-20T18:21:36+00:00,2026-09-20T18:21:36+00:00
5663e95b90ad74301584d242,soccer_portugal_primeira_liga,Primeira Liga,Santa Clara vs Braga,Draw,Pinnacle,2026-09-20T17:00:00Z,BLOCK,REJECT,0.47294297404302194,0.5085674544317466,-0.08833667797268085,-0.033953596280793634,1.0,high,"[{""label"": ""ELO separation"", ""value"": 82.2, ""impact"": ""positive""}, {""label"": ""Form separation"", ""value"": 0.3333, ""impact"": ""positive""}, {""label"": ""Model dispersion"", ""value"": 0.0033, ""impact"": ""positive""}]","[{""label"": ""Raw edge"", ""value"": -0.0883, ""impact"": ""negative""}, {""label"": ""Model-market gap"", ""value"": -0.0595, ""impact"": ""negative""}, {""label"": ""Historical xG"", ""value"": ""unavailable"", ""impact"": ""negative""}, {""label"": ""Decision rule"", ""value"": ""edge below minimum"", ""impact"": ""negative""}]","[{""label"": ""Consensus safety"", ""value"": 0.742, ""impact"": ""neutral""}, {""label"": ""Competition importance"", ""value"": 0.68, ""impact"": ""neutral""}, {""label"": ""Probability source"", ""value"": ""FOOTBALL_V13_FALLBACK"", ""impact"": ""neutral""}]","REJECT: positive=3, negative=4, neutral=3, confidence=1.000, risk=high",2026-09-20T18:21:36+00:00,2026-09-20T18:21:36+00:00
4f6390809fe2a7c3a587c0c9,soccer_portugal_primeira_liga,Primeira Liga,Santa Clara vs Braga,Santa Clara,Coolbet,2026-09-20T17:00:00Z,BLOCK,REJECT,0.25770318440998796,0.2226780849003926,0.265871783964698,0.135838627281646,1.0,high,"[{""label"": ""Raw edge"", ""value"": 0.2659, ""impact"": ""positive""}, {""label"": ""Model-market gap"", ""value"": 0.0586, ""impact"": ""positive""}, {""label"": ""ELO separation"", ""value"": 82.2, ""impact"": ""positive""}, {""label"": ""Form separation"", ""value"": 0.3333, ""impact"": ""positive""}, {""label"": ""Model dispersion"", ""value"": 0.0086, ""impact"": ""positive""}]","[{""label"": ""Historical xG"", ""value"": ""unavailable"", ""impact"": ""negative""}, {""label"": ""Decision rule"", ""value"": ""odds above maximum"", ""impact"": ""negative""}]","[{""label"": ""Consensus safety"", ""value"": 0.79, ""impact"": ""neutral""}, {""label"": ""Competition importance"", ""value"": 0.68, ""impact"": ""neutral""}, {""label"": ""Probability source"", ""value"": ""FOOTBALL_V13_FALLBACK"", ""impact"": ""neutral""}]","REJECT: positive=5, negative=2, neutral=3, confidence=1.000, risk=high",2026-09-20T18:21:36+00:00,2026-09-20T18:21:36+00:00
ba5762539b0e8366ab7573f6,soccer_portugal_primeira_liga,Primeira Liga,Estoril vs Casa Pia,Casa Pia,Matchbook,2026-09-20T17:01:00Z,BLOCK,REJECT,0.23514931437368763,0.21331053878680767,0.23698698727309941,0.13087781406025284,1.0,high,"[{""label"": ""Raw edge"", ""value"": 0.237, ""impact"": ""positive""}, {""label"": ""Form separation"", ""value"": -0.3333, ""impact"": ""positive""}, {""label"": ""Model dispersion"", ""value"": 0.0399, ""impact"": ""positive""}]","[{""label"": ""Historical xG"", ""value"": ""unavailable"", ""impact"": ""negative""}, {""label"": ""Decision rule"", ""value"": ""odds above maximum"", ""impact"": ""negative""}]","[{""label"": ""Consensus safety"", ""value"": 0.816, ""impact"": ""neutral""}, {""label"": ""Model-market gap"", ""value"": 0.0391, ""impact"": ""neutral""}, {""label"": ""ELO separation"", ""value"": 41.0, ""impact"": ""neutral""}, {""label"": ""Competition importance"", ""value"": 0.68, ""impact"": ""neutral""}, {""label"": ""Probability source"", ""value"": ""FOOTBALL_V13_FALLBACK"", ""impact"": ""neutral""}]","REJECT: positive=3, negative=2, neutral=5, confidence=1.000, risk=high",2026-09-20T18:21:36+00:00,2026-09-20T18:21:36+00:00
d961fc1d632d7eb8939dce1d,soccer_portugal_primeira_liga,Primeira Liga,Estoril vs Casa Pia,Draw,Pinnacle,2026-09-20T17:01:00Z,BLOCK,REJECT,0.39166923951319166,0.42097389131956936,-0.12429221178031336,-0.06101232216598116,1.0,high,"[{""label"": ""Form separation"", ""value"": -0.3333, ""impact"": ""positive""}, {""label"": ""Model dispersion"", ""value"": 0.0024, ""impact"": ""positive""}]","[{""label"": ""Raw edge"", ""value"": -0.1243, ""impact"": ""negative""}, {""label"": ""Model-market gap"", ""value"": -0.0515, ""impact"": ""negative""}, {""label"": ""Historical xG"", ""value"": ""unavailable"", ""impact"": ""negative""}, {""label"": ""Decision rule"", ""value"": ""edge below minimum"", ""impact"": ""negative""}]","[{""label"": ""Consensus safety"", ""value"": 0.838, ""impact"": ""neutral""}, {""label"": ""ELO separation"", ""value"": 41.0, ""impact"": ""neutral""}, {""label"": ""Competition importance"", ""value"": 0.68, ""impact"": ""neutral""}, {""label"": ""Probability source"", ""value"": ""FOOTBALL_V13_FALLBACK"", ""impact"": ""neutral""}]","REJECT: positive=2, negative=4, neutral=4, confidence=1.000, risk=high",2026-09-20T18:21:36+00:00,2026-09-20T18:21:36+00:00
90b0f283c95610fd61e385a2,soccer_portugal_primeira_liga,Primeira Liga,Estoril vs Casa Pia,Estoril,Matchbook,2026-09-20T17:01:00Z,BLOCK,REJECT,0.3682832594519345,0.3657155698936231,0.03687081498370892,0.02681760633951322,1.0,high,"[{""label"": ""Consensus safety"", ""value"": 0.911, ""impact"": ""positive""}, {""label"": ""Form separation"", ""value"": -0.3333, ""impact"": ""positive""}, {""label"": ""Model dispersion"", ""value"": 0.0375, ""impact"": ""positive""}]","[{""label"": ""Historical xG"", ""value"": ""unavailable"", ""impact"": ""negative""}, {""label"": ""Decision rule"", ""value"": ""edge below minimum"", ""impact"": ""negative""}]","[{""label"": ""Raw edge"", ""value"": 0.0369, ""impact"": ""neutral""}, {""label"": ""Model-market gap"", ""value"": 0.0046, ""impact"": ""neutral""}, {""label"": ""ELO separation"", ""value"": 41.0, ""impact"": ""neutral""}, {""label"": ""Competition importance"", ""value"": 0.68, ""impact"": ""neutral""}, {""label"": ""Probability source"", ""value"": ""FOOTBALL_V13_FALLBACK"", ""impact"": ""neutral""}]","REJECT: positive=3, negative=2, neutral=5, confidence=1.000, risk=high",2026-09-20T18:21:36+00:00,2026-09-20T18:21:36+00:00
64b7516636395f52c746d587,soccer_portugal_primeira_liga,Primeira Liga,FC Porto vs Benfica,Benfica,Betfair,2026-09-20T19:30:00Z,BLOCK,REJECT,0.3713952577040881,0.38012128116136046,-0.06056465787452814,-0.035547681800069494,1.0,high,"[{""label"": ""Consensus safety"", ""value"": 0.94, ""impact"": ""positive""}, {""label"": ""ELO separation"", ""value"": 64.3, ""impact"": ""positive""}, {""label"": ""Model dispersion"", ""value"": 0.0146, ""impact"": ""positive""}]","[{""label"": ""Raw edge"", ""value"": -0.0606, ""impact"": ""negative""}, {""label"": ""Model-market gap"", ""value"": -0.016, ""impact"": ""negative""}, {""label"": ""Historical xG"", ""value"": ""unavailable"", ""impact"": ""negative""}, {""label"": ""Decision rule"", ""value"": ""edge below minimum"", ""impact"": ""negative""}]","[{""label"": ""Form separation"", ""value"": 0.0, ""impact"": ""neutral""}, {""label"": ""Competition importance"", ""value"": 0.68, ""impact"": ""neutral""}, {""label"": ""Probability source"", ""value"": ""FOOTBALL_V13_FALLBACK"", ""impact"": ""neutral""}]","REJECT: positive=3, negative=4, neutral=3, confidence=1.000, risk=high",2026-09-20T18:21:36+00:00,2026-09-20T18:21:36+00:00
af7441aca1480dbf0b1cc022,soccer_portugal_primeira_liga,Primeira Liga,FC Porto vs Benfica,Draw,Tipico,2026-09-20T19:30:00Z,BLOCK,REJECT,0.28247357316567,0.28460066259930217,-0.04553343515929309,-0.03366793105633701,1.0,high,"[{""label"": ""Consensus safety"", ""value"": 0.985, ""impact"": ""positive""}, {""label"": ""ELO separation"", ""value"": 64.3, ""impact"": ""positive""}, {""label"": ""Model dispersion"", ""value"": 0.003, ""impact"": ""positive""}]","[{""label"": ""Raw edge"", ""value"": -0.0455, ""impact"": ""negative""}, {""label"": ""Model-market gap"", ""value"": -0.0039, ""impact"": ""negative""}, {""label"": ""Historical xG"", ""value"": ""unavailable"", ""impact"": ""negative""}, {""label"": ""Decision rule"", ""value"": ""edge below minimum"", ""impact"": ""negative""}]","[{""label"": ""Form separation"", ""value"": 0.0, ""impact"": ""neutral""}, {""label"": ""Competition importance"", ""value"": 0.68, ""impact"": ""neutral""}, {""label"": ""Probability source"", ""value"": ""FOOTBALL_V13_FALLBACK"", ""impact"": ""neutral""}]","REJECT: positive=3, negative=4, neutral=3, confidence=1.000, risk=high",2026-09-20T18:21:36+00:00,2026-09-20T18:21:36+00:00
7720cf2904ee9f5acfa52237,soccer_portugal_primeira_liga,Primeira Liga,FC Porto vs Benfica,FC Porto,Betfair,2026-09-20T19:30:00Z,PASS,PASS,0.34596522927383566,0.33527805623933743,0.10013640412468838,0.061648697263889635,1.0,low,"[{""label"": ""Raw edge"", ""value"": 0.1001, ""impact"": ""positive""}, {""label"": ""Consensus safety"", ""value"": 0.927, ""impact"": ""positive""}, {""label"": ""ELO separation"", ""value"": 64.3, ""impact"": ""positive""}, {""label"": ""Model dispersion"", ""value"": 0.0155, ""impact"": ""positive""}]","[{""label"": ""Historical xG"", ""value"": ""unavailable"", ""impact"": ""negative""}]","[{""label"": ""Model-market gap"", ""value"": 0.0196, ""impact"": ""neutral""}, {""label"": ""Form separation"", ""value"": 0.0, ""impact"": ""neutral""}, {""label"": ""Competition importance"", ""value"": 0.68, ""impact"": ""neutral""}, {""label"": ""Probability source"", ""value"": ""FOOTBALL_V13_FALLBACK"", ""impact"": ""neutral""}]","PASS: positive=4, negative=1, neutral=4, confidence=1.000, risk=low",2026-09-20T18:21:36+00:00,2026-09-20T18:21:36+00:00
b1fd499bbe43ac0cdf83d4a5,soccer_belgium_first_div,Belgian Pro League,Club Brugge vs Genk,Draw,Betclic (FR),2026-09-20T16:30:00Z,BLOCK,REJECT,0.5360721944551561,0.5714285714285715,19.493362385889444,18.203585810070884,1.0,high,"[{""label"": ""Raw edge"", ""value"": 19.4934, ""impact"": ""positive""}, {""label"": ""ELO separation"", ""value"": 79.2, ""impact"": ""positive""}, {""label"": ""Form separation"", ""value"": 0.5833, ""impact"": ""positive""}, {""label"": ""Model dispersion"", ""value"": 0.0057, ""impact"": ""positive""}]","[{""label"": ""Model-market gap"", ""value"": -0.0591, ""impact"": ""negative""}, {""label"": ""Historical xG"", ""value"": ""unavailable"", ""impact"": ""negative""}, {""label"": ""Decision rule"", ""value"": ""edge above max guard"", ""impact"": ""negative""}]","[{""label"": ""Consensus safety"", ""value"": 0.669, ""impact"": ""neutral""}, {""label"": ""Competition importance"", ""value"": 0.68, ""impact"": ""neutral""}, {""label"": ""Probability source"", ""value"": ""FOOTBALL_V13_FALLBACK"", ""impact"": ""neutral""}]","REJECT: positive=4, negative=3, neutral=3, confidence=1.000, risk=high",2026-09-20T18:21:36+00:00,2026-09-20T18:21:36+00:00
f5b9326674e3701f5133d323,soccer_belgium_first_div,Belgian Pro League,Club Brugge vs Genk,Genk,Betclic (FR),2026-09-20T16:30:00Z,BLOCK,REJECT,0.403364142350218,0.42857142857142855,37.58852378122437,35.02752643151984,1.0,high,"[{""label"": ""Raw edge"", ""value"": 37.5885, ""impact"": ""positive""}, {""label"": ""ELO separation"", ""value"": 79.2, ""impact"": ""positive""}, {""label"": ""Form separation"", ""value"": 0.5833, ""impact"": ""positive""}, {""label"": ""Model dispersion"", ""value"": 0.0316, ""impact"": ""positive""}]","[{""label"": ""Model-market gap"", ""value"": -0.0427, ""impact"": ""negative""}, {""label"": ""Historical xG"", ""value"": ""unavailable"", ""impact"": ""negative""}, {""label"": ""Decision rule"", ""value"": ""edge above max guard"", ""impact"": ""negative""}]","[{""label"": ""Consensus safety"", ""value"": 0.841, ""impact"": ""neutral""}, {""label"": ""Competition importance"", ""value"": 0.68, ""impact"": ""neutral""}, {""label"": ""Probability source"", ""value"": ""FOOTBALL_V13_FALLBACK"", ""impact"": ""neutral""}]","REJECT: positive=4, negative=3, neutral=3, confidence=1.000, risk=high",2026-09-20T18:21:36+00:00,2026-09-20T18:21:36+00:00
67efa95d046a67a4eafbfb6b,soccer_belgium_first_div,Belgian Pro League,KV Kortrijk vs SK Beveren,Draw,Unibet (NL),2026-09-20T17:16:00Z,BLOCK,REJECT,0.3167544684290641,0.33110879634430196,-0.0765451205838168,-0.040070527012077126,1.0,high,"[{""label"": ""Consensus safety"", ""value"": 0.928, ""impact"": ""positive""}, {""label"": ""Form separation"", ""value"": -0.8, ""impact"": ""positive""}, {""label"": ""Model dispersion"", ""value"": 0.0119, ""impact"": ""positive""}]","[{""label"": ""Raw edge"", ""value"": -0.0765, ""impact"": ""negative""}, {""label"": ""Model-market gap"", ""value"": -0.0233, ""impact"": ""negative""}, {""label"": ""Historical xG"", ""value"": ""unavailable"", ""impact"": ""negative""}, {""label"": ""Decision rule"", ""value"": ""edge below minimum"", ""impact"": ""negative""}]","[{""label"": ""ELO separation"", ""value"": 7.4, ""impact"": ""neutral""}, {""label"": ""Competition importance"", ""value"": 0.68, ""impact"": ""neutral""}, {""label"": ""Probability source"", ""value"": ""FOOTBALL_V13_FALLBACK"", ""impact"": ""neutral""}]","REJECT: positive=3, negative=4, neutral=3, confidence=1.000, risk=high",2026-09-20T18:21:37+00:00,2026-09-20T18:21:37+00:00
14e7733f3a1323a3550d8c90,soccer_belgium_first_div,Belgian Pro League,KV Kortrijk vs SK Beveren,KV Kortrijk,Matchbook,2026-09-20T17:16:00Z,BLOCK,REJECT,0.4772404896373163,0.5049623308222057,-0.11220435582262323,-0.05078840659084905,0.8987650928938976,high,"[{""label"": ""Form separation"", ""value"": -0.8, ""impact"": ""positive""}, {""label"": ""Model dispersion"", ""value"": 0.0882, ""impact"": ""positive""}]","[{""label"": ""Raw edge"", ""value"": -0.1122, ""impact"": ""negative""}, {""label"": ""Model-market gap"", ""value"": -0.0497, ""impact"": ""negative""}, {""label"": ""Historical xG"", ""value"": ""unavailable"", ""impact"": ""negative""}, {""label"": ""Decision rule"", ""value"": ""edge below minimum"", ""impact"": ""negative""}]","[{""label"": ""Consensus safety"", ""value"": 0.735, ""impact"": ""neutral""}, {""label"": ""ELO separation"", ""value"": 7.4, ""impact"": ""neutral""}, {""label"": ""Competition importance"", ""value"": 0.68, ""impact"": ""neutral""}, {""label"": ""Probability source"", ""value"": ""FOOTBALL_V13_FALLBACK"", ""impact"": ""neutral""}]","REJECT: positive=2, negative=4, neutral=4, confidence=0.899, risk=high",2026-09-20T18:21:37+00:00,2026-09-20T18:21:37+00:00
7bfb3dad120697a0ea34b22f,soccer_belgium_first_div,Belgian Pro League,KV Kortrijk vs SK Beveren,SK Beveren,Suprabets,2026-09-20T17:16:00Z,BLOCK,REJECT,0.18997927856607333,0.16392887283349247,0.3574504860673975,0.15729042186178965,0.8587618766401157,high,"[{""label"": ""Raw edge"", ""value"": 0.3575, ""impact"": ""positive""}, {""label"": ""Model-market gap"", ""value"": 0.0482, ""impact"": ""positive""}, {""label"": ""Form separation"", ""value"": -0.8, ""impact"": ""positive""}, {""label"": ""Model dispersion"", ""value"": 0.0989, ""impact"": ""positive""}]","[{""label"": ""Historical xG"", ""value"": ""unavailable"", ""impact"": ""negative""}, {""label"": ""Decision rule"", ""value"": ""edge above max guard"", ""impact"": ""negative""}]","[{""label"": ""Consensus safety"", ""value"": 0.669, ""impact"": ""neutral""}, {""label"": ""ELO separation"", ""value"": 7.4, ""impact"": ""neutral""}, {""label"": ""Competition importance"", ""value"": 0.68, ""impact"": ""neutral""}, {""label"": ""Probability source"", ""value"": ""FOOTBALL_V13_FALLBACK"", ""impact"": ""neutral""}]","REJECT: positive=4, negative=2, neutral=4, confidence=0.859, risk=high",2026-09-20T18:21:37+00:00,2026-09-20T18:21:37+00:00
a9ecff0922f014db5da4672e,soccer_turkey_super_league,Turkish Super Lig,Amed SK vs Besiktas JK,Amed SK,Pinnacle,2026-09-20T17:00:00Z,BLOCK,REJECT,0.7437426587297089,0.7796158775600958,-0.06359013082995746,-0.02806346430360605,1.0,high,"[{""label"": ""ELO separation"", ""value"": 80.4, ""impact"": ""positive""}, {""label"": ""Form separation"", ""value"": 0.0833, ""impact"": ""positive""}, {""label"": ""Model dispersion"", ""value"": 0.0169, ""impact"": ""positive""}]","[{""label"": ""Raw edge"", ""value"": -0.0636, ""impact"": ""negative""}, {""label"": ""Consensus safety"", ""value"": 0.593, ""impact"": ""negative""}, {""label"": ""Model-market gap"", ""value"": -0.0593, ""impact"": ""negative""}, {""label"": ""Historical xG"", ""value"": ""unavailable"", ""impact"": ""negative""}, {""label"": ""Decision rule"", ""value"": ""edge below minimum"", ""impact"": ""negative""}]","[{""label"": ""Competition importance"", ""value"": 0.68, ""impact"": ""neutral""}, {""label"": ""Probability source"", ""value"": ""FOOTBALL_V13_FALLBACK"", ""impact"": ""neutral""}]","REJECT: positive=3, negative=5, neutral=2, confidence=1.000, risk=high",2026-09-20T18:21:37+00:00,2026-09-20T18:21:37+00:00
70c092119477cec288c0164d,soccer_turkey_super_league,Turkish Super Lig,Amed SK vs Besiktas JK,Besiktas JK,Coolbet,2026-09-20T17:00:00Z,BLOCK,REJECT,0.10041281902864002,0.06420877261460405,1.231473974928218,0.6841453685986916,1.0,high,"[{""label"": ""Raw edge"", ""value"": 1.2315, ""impact"": ""positive""}, {""label"": ""Model-market gap"", ""value"": 0.0598, ""impact"": ""positive""}, {""label"": ""ELO separation"", ""value"": 80.4, ""impact"": ""positive""}, {""label"": ""Form separation"", ""value"": 0.0833, ""impact"": ""positive""}, {""label"": ""Model dispersion"", ""value"": 0.014, ""impact"": ""positive""}]","[{""label"": ""Historical xG"", ""value"": ""unavailable"", ""impact"": ""negative""}, {""label"": ""Decision rule"", ""value"": ""edge above max guard"", ""impact"": ""negative""}]","[{""label"": ""Consensus safety"", ""value"": 0.719, ""impact"": ""neutral""}, {""label"": ""Competition importance"", ""value"": 0.68, ""impact"": ""neutral""}, {""label"": ""Probability source"", ""value"": ""FOOTBALL_V13_FALLBACK"", ""impact"": ""neutral""}]","REJECT: positive=5, negative=2, neutral=3, confidence=1.000, risk=high",2026-09-20T18:21:37+00:00,2026-09-20T18:21:37+00:00
389e366dc8772fd6578d32df,soccer_turkey_super_league,Turkish Super Lig,Amed SK vs Besiktas JK,Draw,Unibet (NL),2026-09-20T17:00:00Z,BLOCK,REJECT,0.18287430358424478,0.1561753498253003,0.3002177527133969,0.15980596991306165,1.0,high,"[{""label"": ""Raw edge"", ""value"": 0.3002, ""impact"": ""positive""}, {""label"": ""Consensus safety"", ""value"": 0.873, ""impact"": ""positive""}, {""label"": ""Model-market gap"", ""value"": 0.0439, ""impact"": ""positive""}, {""label"": ""ELO separation"", ""value"": 80.4, ""impact"": ""positive""}, {""label"": ""Form separation"", ""value"": 0.0833, ""impact"": ""positive""}, {""label"": ""Model dispersion"", ""value"": 0.0041, ""impact"": ""positive""}]","[{""label"": ""Historical xG"", ""value"": ""unavailable"", ""impact"": ""negative""}, {""label"": ""Decision rule"", ""value"": ""edge above max guard"", ""impact"": ""negative""}]","[{""label"": ""Competition importance"", ""value"": 0.68, ""impact"": ""neutral""}, {""label"": ""Probability source"", ""value"": ""FOOTBALL_V13_FALLBACK"", ""impact"": ""neutral""}]","REJECT: positive=6, negative=2, neutral=2, confidence=1.000, risk=high",2026-09-20T18:21:37+00:00,2026-09-20T18:21:37+00:00
76829d1de933017b4a5ebdb7,soccer_turkey_super_league,Turkish Super Lig,Goztepe vs Çaykur Rizespor,Draw,Betfair,2026-09-20T17:01:00Z,BLOCK,REJECT,0.2346601946286367,0.22300667203453675,0.1380589537528225,0.08715412849310195,1.0,high,"[{""label"": ""Raw edge"", ""value"": 0.1381, ""impact"": ""positive""}, {""label"": ""Consensus safety"", ""value"": 0.944, ""impact"": ""positive""}, {""label"": ""Form separation"", ""value"": -0.4167, ""impact"": ""positive""}, {""label"": ""Model dispersion"", ""value"": 0.0028, ""impact"": ""positive""}]","[{""label"": ""Historical xG"", ""value"": ""unavailable"", ""impact"": ""negative""}, {""label"": ""Decision rule"", ""value"": ""odds above maximum"", ""impact"": ""negative""}]","[{""label"": ""Model-market gap"", ""value"": 0.0191, ""impact"": ""neutral""}, {""label"": ""ELO separation"", ""value"": 37.3, ""impact"": ""neutral""}, {""label"": ""Competition importance"", ""value"": 0.68, ""impact"": ""neutral""}, {""label"": ""Probability source"", ""value"": ""FOOTBALL_V13_FALLBACK"", ""impact"": ""neutral""}]","REJECT: positive=4, negative=2, neutral=4, confidence=1.000, risk=high",2026-09-20T18:21:37+00:00,2026-09-20T18:21:37+00:00
1dccdfecef9e036ce87d7ffd,soccer_turkey_super_league,Turkish Super Lig,Goztepe vs Çaykur Rizespor,Goztepe,Betfair,2026-09-20T17:01:00Z,BLOCK,REJECT,0.6663163670031997,0.6991377477359909,-0.11108701975412516,-0.06816582194559002,1.0,high,"[{""label"": ""Form separation"", ""value"": -0.4167, ""impact"": ""positive""}, {""label"": ""Model dispersion"", ""value"": 0.0438, ""impact"": ""positive""}]","[{""label"": ""Raw edge"", ""value"": -0.1111, ""impact"": ""negative""}, {""label"": ""Model-market gap"", ""value"": -0.055, ""impact"": ""negative""}, {""label"": ""Historical xG"", ""value"": ""unavailable"", ""impact"": ""negative""}, {""label"": ""Decision rule"", ""value"": ""edge below minimum"", ""impact"": ""negative""}]","[{""label"": ""Consensus safety"", ""value"": 0.632, ""impact"": ""neutral""}, {""label"": ""ELO separation"", ""value"": 37.3, ""impact"": ""neutral""}, {""label"": ""Competition importance"", ""value"": 0.68, ""impact"": ""neutral""}, {""label"": ""Probability source"", ""value"": ""FOOTBALL_V13_FALLBACK"", ""impact"": ""neutral""}]","REJECT: positive=2, negative=4, neutral=4, confidence=1.000, risk=high",2026-09-20T18:21:37+00:00,2026-09-20T18:21:37+00:00
5bb5a9db4b00e85918a26be0,soccer_turkey_super_league,Turkish Super Lig,Goztepe vs Çaykur Rizespor,Çaykur Rizespor,Matchbook,2026-09-20T17:01:00Z,BLOCK,REJECT,0.11036380997935297,0.0778555802294724,1.0522856328545123,0.6084682274733159,1.0,high,"[{""label"": ""Raw edge"", ""value"": 1.0523, ""impact"": ""positive""}, {""label"": ""Model-market gap"", ""value"": 0.0545, ""impact"": ""positive""}, {""label"": ""Form separation"", ""value"": -0.4167, ""impact"": ""positive""}, {""label"": ""Model dispersion"", ""value"": 0.0466, ""impact"": ""positive""}]","[{""label"": ""Historical xG"", ""value"": ""unavailable"", ""impact"": ""negative""}, {""label"": ""Decision rule"", ""value"": ""edge above max guard"", ""impact"": ""negative""}]","[{""label"": ""Consensus safety"", ""value"": 0.683, ""impact"": ""neutral""}, {""label"": ""ELO separation"", ""value"": 37.3, ""impact"": ""neutral""}, {""label"": ""Competition importance"", ""value"": 0.68, ""impact"": ""neutral""}, {""label"": ""Probability source"", ""value"": ""FOOTBALL_V13_FALLBACK"", ""impact"": ""neutral""}]","REJECT: positive=4, negative=2, neutral=4, confidence=1.000, risk=high",2026-09-20T18:21:37+00:00,2026-09-20T18:21:37+00:00
f48d1efac46fe723fc188164,soccer_greece_super_league,Greek Super League,Kalamata FC vs Panathinaikos,Draw,Winamax (FR),2026-09-20T16:30:00Z,BLOCK,REJECT,0.3072153564167258,0.31593846519559066,5.011061500210864,4.673049395758756,1.0,high,"[{""label"": ""Raw edge"", ""value"": 5.0111, ""impact"": ""positive""}, {""label"": ""Consensus safety"", ""value"": 0.943, ""impact"": ""positive""}, {""label"": ""Form separation"", ""value"": -1.0, ""impact"": ""positive""}, {""label"": ""Model dispersion"", ""value"": 0.0094, ""impact"": ""positive""}]","[{""label"": ""Model-market gap"", ""value"": -0.0154, ""impact"": ""negative""}, {""label"": ""Historical xG"", ""value"": ""unavailable"", ""impact"": ""negative""}, {""label"": ""Decision rule"", ""value"": ""edge above max guard"", ""impact"": ""negative""}]","[{""label"": ""ELO separation"", ""value"": 38.8, ""impact"": ""neutral""}, {""label"": ""Competition importance"", ""value"": 0.68, ""impact"": ""neutral""}, {""label"": ""Probability source"", ""value"": ""FOOTBALL_V13_FALLBACK"", ""impact"": ""neutral""}]","REJECT: positive=4, negative=3, neutral=3, confidence=1.000, risk=high",2026-09-20T18:21:37+00:00,2026-09-20T18:21:37+00:00
6ae19960f7a06d426916360b,soccer_greece_super_league,Greek Super League,Kalamata FC vs Panathinaikos,Kalamata FC,Winamax (FR),2026-09-20T16:30:00Z,BLOCK,REJECT,0.06455308540542933,0.04281472776617505,41.650899996386265,25.44459167684615,0.895577683613782,high,"[{""label"": ""Raw edge"", ""value"": 41.6509, ""impact"": ""positive""}, {""label"": ""Model-market gap"", ""value"": 0.0425, ""impact"": ""positive""}, {""label"": ""Form separation"", ""value"": -1.0, ""impact"": ""positive""}, {""label"": ""Model dispersion"", ""value"": 0.072, ""impact"": ""positive""}]","[{""label"": ""Historical xG"", ""value"": ""unavailable"", ""impact"": ""negative""}, {""label"": ""Decision rule"", ""value"": ""edge above max guard"", ""impact"": ""negative""}]","[{""label"": ""Consensus safety"", ""value"": 0.634, ""impact"": ""neutral""}, {""label"": ""ELO separation"", ""value"": 38.8, ""impact"": ""neutral""}, {""label"": ""Competition importance"", ""value"": 0.68, ""impact"": ""neutral""}, {""label"": ""Probability source"", ""value"": ""FOOTBALL_V13_FALLBACK"", ""impact"": ""neutral""}]","REJECT: positive=4, negative=2, neutral=4, confidence=0.896, risk=high",2026-09-20T18:21:37+00:00,2026-09-20T18:21:37+00:00
684e3f0147eb335e6dfa10f8,soccer_greece_super_league,Greek Super League,Kalamata FC vs Panathinaikos,Panathinaikos,Suprabets,2026-09-20T16:30:00Z,BLOCK,REJECT,0.6207351521726899,0.6412468070382343,-0.369730630307334,-0.2758087771537248,0.8714725382486506,high,"[{""label"": ""Form separation"", ""value"": -1.0, ""impact"": ""positive""}, {""label"": ""Model dispersion"", ""value"": 0.0813, ""impact"": ""positive""}]","[{""label"": ""Raw edge"", ""value"": -0.3697, ""impact"": ""negative""}, {""label"": ""Model-market gap"", ""value"": -0.041, ""impact"": ""negative""}, {""label"": ""Historical xG"", ""value"": ""unavailable"", ""impact"": ""negative""}, {""label"": ""Decision rule"", ""value"": ""edge below minimum"", ""impact"": ""negative""}]","[{""label"": ""Consensus safety"", ""value"": 0.667, ""impact"": ""neutral""}, {""label"": ""ELO separation"", ""value"": 38.8, ""impact"": ""neutral""}, {""label"": ""Competition importance"", ""value"": 0.68, ""impact"": ""neutral""}, {""label"": ""Probability source"", ""value"": ""FOOTBALL_V13_FALLBACK"", ""impact"": ""neutral""}]","REJECT: positive=2, negative=4, neutral=4, confidence=0.871, risk=high",2026-09-20T18:21:37+00:00,2026-09-20T18:21:37+00:00
ab3a410ee63395ccbc38e589,soccer_greece_super_league,Greek Super League,Panetolikos Agrinio vs PAOK Thessaloniki,Draw,Betfair,2026-09-20T18:00:00Z,BLOCK,REJECT,0.2560873089383293,0.25253760400065534,0.061500676086357675,0.04311236441143706,1.0,high,"[{""label"": ""Consensus safety"", ""value"": 0.979, ""impact"": ""positive""}, {""label"": ""ELO separation"", ""value"": 79.1, ""impact"": ""positive""}, {""label"": ""Form separation"", ""value"": 0.5, ""impact"": ""positive""}, {""label"": ""Model dispersion"", ""value"": 0.0055, ""impact"": ""positive""}]","[{""label"": ""Historical xG"", ""value"": ""unavailable"", ""impact"": ""negative""}, {""label"": ""Decision rule"", ""value"": ""odds above maximum"", ""impact"": ""negative""}]","[{""label"": ""Raw edge"", ""value"": 0.0615, ""impact"": ""neutral""}, {""label"": ""Model-market gap"", ""value"": 0.0064, ""impact"": ""neutral""}, {""label"": ""Competition importance"", ""value"": 0.68, ""impact"": ""neutral""}, {""label"": ""Probability source"", ""value"": ""FOOTBALL_V13_FALLBACK"", ""impact"": ""neutral""}]","REJECT: positive=4, negative=2, neutral=4, confidence=1.000, risk=high",2026-09-20T18:21:37+00:00,2026-09-20T18:21:37+00:00
49f3426ffe3f3ce5674774d5,soccer_greece_super_league,Greek Super League,Panetolikos Agrinio vs PAOK Thessaloniki,Panetolikos Agrinio,Betfair,2026-09-20T18:00:00Z,BLOCK,REJECT,0.16520349371070658,0.13751885574697478,0.4615050906571998,0.24904293673612174,1.0,high,"[{""label"": ""Raw edge"", ""value"": 0.4615, ""impact"": ""positive""}, {""label"": ""Model-market gap"", ""value"": 0.0499, ""impact"": ""positive""}, {""label"": ""ELO separation"", ""value"": 79.1, ""impact"": ""positive""}, {""label"": ""Form separation"", ""value"": 0.5, ""impact"": ""positive""}, {""label"": ""Model dispersion"", ""value"": 0.0134, ""impact"": ""positive""}]","[{""label"": ""Historical xG"", ""value"": ""unavailable"", ""impact"": ""negative""}, {""label"": ""Decision rule"", ""value"": ""edge above max guard"", ""impact"": ""negative""}]","[{""label"": ""Consensus safety"", ""value"": 0.693, ""impact"": ""neutral""}, {""label"": ""Competition importance"", ""value"": 0.68, ""impact"": ""neutral""}, {""label"": ""Probability source"", ""value"": ""FOOTBALL_V13_FALLBACK"", ""impact"": ""neutral""}]","REJECT: positive=5, negative=2, neutral=3, confidence=1.000, risk=high",2026-09-20T18:21:37+00:00,2026-09-20T18:21:37+00:00
d1f038b77459bad249366b3c,soccer_greece_super_league,Greek Super League,Panetolikos Agrinio vs PAOK Thessaloniki,PAOK Thessaloniki,Betfair,2026-09-20T18:00:00Z,BLOCK,REJECT,0.5818434626562725,0.60994354025237,-0.12725674667915665,-0.07967326827627712,1.0,high,"[{""label"": ""ELO separation"", ""value"": 79.1, ""impact"": ""positive""}, {""label"": ""Form separation"", ""value"": 0.5, ""impact"": ""positive""}, {""label"": ""Model dispersion"", ""value"": 0.0094, ""impact"": ""positive""}]","[{""label"": ""Raw edge"", ""value"": -0.1273, ""impact"": ""negative""}, {""label"": ""Model-market gap"", ""value"": -0.0505, ""impact"": ""negative""}, {""label"": ""Historical xG"", ""value"": ""unavailable"", ""impact"": ""negative""}, {""label"": ""Decision rule"", ""value"": ""edge below minimum"", ""impact"": ""negative""}]","[{""label"": ""Consensus safety"", ""value"": 0.676, ""impact"": ""neutral""}, {""label"": ""Competition importance"", ""value"": 0.68, ""impact"": ""neutral""}, {""label"": ""Probability source"", ""value"": ""FOOTBALL_V13_FALLBACK"", ""impact"": ""neutral""}]","REJECT: positive=3, negative=4, neutral=3, confidence=1.000, risk=high",2026-09-20T18:21:37+00:00,2026-09-20T18:21:37+00:00
c485bf208bc5bc66fc2d1c10,soccer_greece_super_league,Greek Super League,AEK Athens vs OFI Crete,AEK Athens,888sport,2026-10-10T16:30:00Z,BLOCK,REJECT,0.7493870093797774,0.7722332499900995,-0.12666464475567862,-0.08826341366605911,0.9186181239039142,high,"[{""label"": ""ELO separation"", ""value"": 54.0, ""impact"": ""positive""}, {""label"": ""Form separation"", ""value"": -0.5, ""impact"": ""positive""}, {""label"": ""Model dispersion"", ""value"": 0.0472, ""impact"": ""positive""}]","[{""label"": ""Raw edge"", ""value"": -0.1267, ""impact"": ""negative""}, {""label"": ""Consensus safety"", ""value"": 0.539, ""impact"": ""negative""}, {""label"": ""Model-market gap"", ""value"": -0.0445, ""impact"": ""negative""}, {""label"": ""Historical xG"", ""value"": ""unavailable"", ""impact"": ""negative""}, {""label"": ""Decision rule"", ""value"": ""edge below minimum"", ""impact"": ""negative""}]","[{""label"": ""Competition importance"", ""value"": 0.68, ""impact"": ""neutral""}, {""label"": ""Probability source"", ""value"": ""FOOTBALL_V13_FALLBACK"", ""impact"": ""neutral""}]","REJECT: positive=3, negative=5, neutral=2, confidence=0.919, risk=high",2026-09-20T18:21:37+00:00,2026-09-20T18:21:37+00:00
5cb4529cbcd9821279d9a91b,soccer_greece_super_league,Greek Super League,AEK Athens vs OFI Crete,Draw,Betsson,2026-10-10T16:30:00Z,BLOCK,REJECT,0.17696487693883817,0.1542838624996018,0.19043858033454764,0.07581446145751557,1.0,high,"[{""label"": ""Raw edge"", ""value"": 0.1904, ""impact"": ""positive""}, {""label"": ""Consensus safety"", ""value"": 0.875, ""impact"": ""positive""}, {""label"": ""Model-market gap"", ""value"": 0.0409, ""impact"": ""positive""}, {""label"": ""ELO separation"", ""value"": 54.0, ""impact"": ""positive""}, {""label"": ""Form separation"", ""value"": -0.5, ""impact"": ""positive""}, {""label"": ""Model dispersion"", ""value"": 0.0054, ""impact"": ""positive""}]","[{""label"": ""Historical xG"", ""value"": ""unavailable"", ""impact"": ""negative""}, {""label"": ""Decision rule"", ""value"": ""odds above maximum"", ""impact"": ""negative""}]","[{""label"": ""Competition importance"", ""value"": 0.68, ""impact"": ""neutral""}, {""label"": ""Probability source"", ""value"": ""FOOTBALL_V13_FALLBACK"", ""impact"": ""neutral""}]","REJECT: positive=6, negative=2, neutral=2, confidence=1.000, risk=high",2026-09-20T18:21:37+00:00,2026-09-20T18:21:37+00:00
8abfa5463d18611ffdc1b956,soccer_greece_super_league,Greek Super League,AEK Athens vs OFI Crete,OFI Crete,Betsson,2026-10-10T16:30:00Z,BLOCK,REJECT,0.09584277015418133,0.07348288751029874,0.6400502505049592,0.29914884675007186,0.9176013426759686,high,"[{""label"": ""Raw edge"", ""value"": 0.6401, ""impact"": ""positive""}, {""label"": ""Model-market gap"", ""value"": 0.0437, ""impact"": ""positive""}, {""label"": ""ELO separation"", ""value"": 54.0, ""impact"": ""positive""}, {""label"": ""Form separation"", ""value"": -0.5, ""impact"": ""positive""}, {""label"": ""Model dispersion"", ""value"": 0.0521, ""impact"": ""positive""}]","[{""label"": ""Historical xG"", ""value"": ""unavailable"", ""impact"": ""negative""}, {""label"": ""Decision rule"", ""value"": ""edge above max guard"", ""impact"": ""negative""}]","[{""label"": ""Consensus safety"", ""value"": 0.654, ""impact"": ""neutral""}, {""label"": ""Competition importance"", ""value"": 0.68, ""impact"": ""neutral""}, {""label"": ""Probability source"", ""value"": ""FOOTBALL_V13_FALLBACK"", ""impact"": ""neutral""}]","REJECT: positive=5, negative=2, neutral=3, confidence=0.918, risk=high",2026-09-20T18:21:37+00:00,2026-09-20T18:21:37+00:00
40bfc12b2234348a05a5abb0,soccer_greece_super_league,Greek Super League,Asteras Tripolis vs Atromitos Athens,Asteras Tripolis,888sport,2026-10-10T16:30:00Z,BLOCK,REJECT,0.3819945365207362,0.38233015067017473,-0.04574057407629817,-0.04192752453785355,0.9765446981467253,high,"[{""label"": ""Consensus safety"", ""value"": 0.889, ""impact"": ""positive""}, {""label"": ""Form separation"", ""value"": -0.5, ""impact"": ""positive""}, {""label"": ""Model dispersion"", ""value"": 0.0429, ""impact"": ""positive""}]","[{""label"": ""Raw edge"", ""value"": -0.0457, ""impact"": ""negative""}, {""label"": ""Model-market gap"", ""value"": -0.0006, ""impact"": ""negative""}, {""label"": ""Historical xG"", ""value"": ""unavailable"", ""impact"": ""negative""}, {""label"": ""Decision rule"", ""value"": ""edge below minimum"", ""impact"": ""negative""}]","[{""label"": ""ELO separation"", ""value"": 44.5, ""impact"": ""neutral""}, {""label"": ""Competition importance"", ""value"": 0.68, ""impact"": ""neutral""}, {""label"": ""Probability source"", ""value"": ""FOOTBALL_V13_FALLBACK"", ""impact"": ""neutral""}]","REJECT: positive=3, negative=4, neutral=3, confidence=0.977, risk=high",2026-09-20T18:21:37+00:00,2026-09-20T18:21:37+00:00
3deace69ed6c5ca492ebfe55,soccer_greece_super_league,Greek Super League,Asteras Tripolis vs Atromitos Athens,Atromitos Athens,1xBet,2026-10-10T16:30:00Z,BLOCK,REJECT,0.3248551041323167,0.3208781395862866,-0.050936124292007556,-0.050802524645723594,0.9609904385505643,high,"[{""label"": ""Consensus safety"", ""value"": 0.871, ""impact"": ""positive""}, {""label"": ""Form separation"", ""value"": -0.5, ""impact"": ""positive""}, {""label"": ""Model dispersion"", ""value"": 0.0474, ""impact"": ""positive""}]","[{""label"": ""Raw edge"", ""value"": -0.0509, ""impact"": ""negative""}, {""label"": ""Historical xG"", ""value"": ""unavailable"", ""impact"": ""negative""}, {""label"": ""Decision rule"", ""value"": ""edge below minimum"", ""impact"": ""negative""}]","[{""label"": ""Model-market gap"", ""value"": 0.0075, ""impact"": ""neutral""}, {""label"": ""ELO separation"", ""value"": 44.5, ""impact"": ""neutral""}, {""label"": ""Competition importance"", ""value"": 0.68, ""impact"": ""neutral""}, {""label"": ""Probability source"", ""value"": ""FOOTBALL_V13_FALLBACK"", ""impact"": ""neutral""}]","REJECT: positive=3, negative=3, neutral=4, confidence=0.961, risk=high",2026-09-20T18:21:37+00:00,2026-09-20T18:21:37+00:00
ac3a0667a75e6601110961fb,soccer_greece_super_league,Greek Super League,Asteras Tripolis vs Atromitos Athens,Draw,1xBet,2026-10-10T16:30:00Z,BLOCK,REJECT,0.2921582242026298,0.2967917097435387,-0.08849628694711786,-0.06635670345911956,1.0,high,"[{""label"": ""Consensus safety"", ""value"": 0.97, ""impact"": ""positive""}, {""label"": ""Form separation"", ""value"": -0.5, ""impact"": ""positive""}, {""label"": ""Model dispersion"", ""value"": 0.0046, ""impact"": ""positive""}]","[{""label"": ""Raw edge"", ""value"": -0.0885, ""impact"": ""negative""}, {""label"": ""Model-market gap"", ""value"": -0.0083, ""impact"": ""negative""}, {""label"": ""Historical xG"", ""value"": ""unavailable"", ""impact"": ""negative""}, {""label"": ""Decision rule"", ""value"": ""edge below minimum"", ""impact"": ""negative""}]","[{""label"": ""ELO separation"", ""value"": 44.5, ""impact"": ""neutral""}, {""label"": ""Competition importance"", ""value"": 0.68, ""impact"": ""neutral""}, {""label"": ""Probability source"", ""value"": ""FOOTBALL_V13_FALLBACK"", ""impact"": ""neutral""}]","REJECT: positive=3, negative=4, neutral=3, confidence=1.000, risk=high",2026-09-20T18:21:37+00:00,2026-09-20T18:21:37+00:00
7d8990dcd8c08b18db5d7461,soccer_greece_super_league,Greek Super League,AE Kifisia FC vs Panetolikos Agrinio,AE Kifisia FC,1xBet,2026-10-11T14:00:00Z,BLOCK,REJECT,0.4269651055177675,0.4354550410635203,-0.1104429704490757,-0.07993993278303589,0.9753560645126613,high,"[{""label"": ""Consensus safety"", ""value"": 0.865, ""impact"": ""positive""}, {""label"": ""ELO separation"", ""value"": 54.0, ""impact"": ""positive""}, {""label"": ""Form separation"", ""value"": -0.5, ""impact"": ""positive""}, {""label"": ""Model dispersion"", ""value"": 0.0433, ""impact"": ""positive""}]","[{""label"": ""Raw edge"", ""value"": -0.1104, ""impact"": ""negative""}, {""label"": ""Model-market gap"", ""value"": -0.0159, ""impact"": ""negative""}, {""label"": ""Historical xG"", ""value"": ""unavailable"", ""impact"": ""negative""}, {""label"": ""Decision rule"", ""value"": ""edge below minimum"", ""impact"": ""negative""}]","[{""label"": ""Competition importance"", ""value"": 0.68, ""impact"": ""neutral""}, {""label"": ""Probability source"", ""value"": ""FOOTBALL_V13_FALLBACK"", ""impact"": ""neutral""}]","REJECT: positive=4, negative=4, neutral=2, confidence=0.975, risk=high",2026-09-20T18:21:37+00:00,2026-09-20T18:21:37+00:00
8b0505617e0e730e5daa717a,soccer_greece_super_league,Greek Super League,AE Kifisia FC vs Panetolikos Agrinio,Draw,1xBet,2026-10-11T14:00:00Z,BLOCK,REJECT,0.2854455720380521,0.28858501155238003,-0.06631121519649341,-0.05015177384486898,1.0,high,"[{""label"": ""Consensus safety"", ""value"": 0.977, ""impact"": ""positive""}, {""label"": ""ELO separation"", ""value"": 54.0, ""impact"": ""positive""}, {""label"": ""Form separation"", ""value"": -0.5, ""impact"": ""positive""}, {""label"": ""Model dispersion"", ""value"": 0.0048, ""impact"": ""positive""}]","[{""label"": ""Raw edge"", ""value"": -0.0663, ""impact"": ""negative""}, {""label"": ""Model-market gap"", ""value"": -0.0056, ""impact"": ""negative""}, {""label"": ""Historical xG"", ""value"": ""unavailable"", ""impact"": ""negative""}, {""label"": ""Decision rule"", ""value"": ""edge below minimum"", ""impact"": ""negative""}]","[{""label"": ""Competition importance"", ""value"": 0.68, ""impact"": ""neutral""}, {""label"": ""Probability source"", ""value"": ""FOOTBALL_V13_FALLBACK"", ""impact"": ""neutral""}]","REJECT: positive=4, negative=4, neutral=2, confidence=1.000, risk=high",2026-09-20T18:21:37+00:00,2026-09-20T18:21:37+00:00
b6d799f656af39b405b1157f,soccer_greece_super_league,Greek Super League,AE Kifisia FC vs Panetolikos Agrinio,Panetolikos Agrinio,Betsson,2026-10-11T14:00:00Z,BLOCK,REJECT,0.28664895541392615,0.27595994738409957,0.051395478082569834,0.016121785623284424,0.9601611703461664,high,"[{""label"": ""ELO separation"", ""value"": 54.0, ""impact"": ""positive""}, {""label"": ""Form separation"", ""value"": -0.5, ""impact"": ""positive""}, {""label"": ""Model dispersion"", ""value"": 0.0476, ""impact"": ""positive""}]","[{""label"": ""Historical xG"", ""value"": ""unavailable"", ""impact"": ""negative""}, {""label"": ""Decision rule"", ""value"": ""edge below minimum"", ""impact"": ""negative""}]","[{""label"": ""Raw edge"", ""value"": 0.0514, ""impact"": ""neutral""}, {""label"": ""Consensus safety"", ""value"": 0.845, ""impact"": ""neutral""}, {""label"": ""Model-market gap"", ""value"": 0.0202, ""impact"": ""neutral""}, {""label"": ""Competition importance"", ""value"": 0.68, ""impact"": ""neutral""}, {""label"": ""Probability source"", ""value"": ""FOOTBALL_V13_FALLBACK"", ""impact"": ""neutral""}]","REJECT: positive=3, negative=2, neutral=5, confidence=0.960, risk=high",2026-09-20T18:21:37+00:00,2026-09-20T18:21:37+00:00
2bdfa316530435e8652d1b0c,soccer_greece_super_league,Greek Super League,Iraklis FC vs Levadiakos,Draw,1xBet,2026-10-11T14:00:00Z,BLOCK,REJECT,0.2876206066999222,0.2915731853258559,-0.06128903819472753,-0.04394856001606893,1.0,high,"[{""label"": ""Consensus safety"", ""value"": 0.971, ""impact"": ""positive""}, {""label"": ""ELO separation"", ""value"": 81.0, ""impact"": ""positive""}, {""label"": ""Form separation"", ""value"": 0.5, ""impact"": ""positive""}, {""label"": ""Model dispersion"", ""value"": 0.0062, ""impact"": ""positive""}]","[{""label"": ""Raw edge"", ""value"": -0.0613, ""impact"": ""negative""}, {""label"": ""Model-market gap"", ""value"": -0.0071, ""impact"": ""negative""}, {""label"": ""Historical xG"", ""value"": ""unavailable"", ""impact"": ""negative""}, {""label"": ""Decision rule"", ""value"": ""edge below minimum"", ""impact"": ""negative""}]","[{""label"": ""Competition importance"", ""value"": 0.68, ""impact"": ""neutral""}, {""label"": ""Probability source"", ""value"": ""FOOTBALL_V13_FALLBACK"", ""impact"": ""neutral""}]","REJECT: positive=4, negative=4, neutral=2, confidence=1.000, risk=high",2026-09-20T18:21:37+00:00,2026-09-20T18:21:37+00:00
65fad5aaf3c80098ae37ddd2,soccer_greece_super_league,Greek Super League,Iraklis FC vs Levadiakos,Iraklis FC,1xBet,2026-10-11T14:00:00Z,BLOCK,REJECT,0.38900277865817834,0.38297437746021235,-0.027055708672677148,-0.033846525912714844,1.0,high,"[{""label"": ""Consensus safety"", ""value"": 0.934, ""impact"": ""positive""}, {""label"": ""ELO separation"", ""value"": 81.0, ""impact"": ""positive""}, {""label"": ""Form separation"", ""value"": 0.5, ""impact"": ""positive""}, {""label"": ""Model dispersion"", ""value"": 0.0194, ""impact"": ""positive""}]","[{""label"": ""Raw edge"", ""value"": -0.0271, ""impact"": ""negative""}, {""label"": ""Historical xG"", ""value"": ""unavailable"", ""impact"": ""negative""}, {""label"": ""Decision rule"", ""value"": ""edge below minimum"", ""impact"": ""negative""}]","[{""label"": ""Model-market gap"", ""value"": 0.0109, ""impact"": ""neutral""}, {""label"": ""Competition importance"", ""value"": 0.68, ""impact"": ""neutral""}, {""label"": ""Probability source"", ""value"": ""FOOTBALL_V13_FALLBACK"", ""impact"": ""neutral""}]","REJECT: positive=4, negative=3, neutral=3, confidence=1.000, risk=high",2026-09-20T18:21:37+00:00,2026-09-20T18:21:37+00:00
119dab597a30c1c3540bcce6,soccer_greece_super_league,Greek Super League,Iraklis FC vs Levadiakos,Levadiakos,Betsson,2026-10-11T14:00:00Z,BLOCK,REJECT,0.32308344192726773,0.32545243721393174,-0.06861168845777732,-0.060145494593501866,1.0,high,"[{""label"": ""Consensus safety"", ""value"": 0.957, ""impact"": ""positive""}, {""label"": ""ELO separation"", ""value"": 81.0, ""impact"": ""positive""}, {""label"": ""Form separation"", ""value"": 0.5, ""impact"": ""positive""}, {""label"": ""Model dispersion"", ""value"": 0.0146, ""impact"": ""positive""}]","[{""label"": ""Raw edge"", ""value"": -0.0686, ""impact"": ""negative""}, {""label"": ""Model-market gap"", ""value"": -0.0043, ""impact"": ""negative""}, {""label"": ""Historical xG"", ""value"": ""unavailable"", ""impact"": ""negative""}, {""label"": ""Decision rule"", ""value"": ""edge below minimum"", ""impact"": ""negative""}]","[{""label"": ""Competition importance"", ""value"": 0.68, ""impact"": ""neutral""}, {""label"": ""Probability source"", ""value"": ""FOOTBALL_V13_FALLBACK"", ""impact"": ""neutral""}]","REJECT: positive=4, negative=4, neutral=2, confidence=1.000, risk=high",2026-09-20T18:21:37+00:00,2026-09-20T18:21:37+00:00
a74b7e476d43a93a0f652a32,soccer_greece_super_league,Greek Super League,Aris Thessaloniki vs Volos FC,Aris Thessaloniki,1xBet,2026-10-11T16:00:00Z,BLOCK,REJECT,0.5086815423876956,0.5301067793296285,-0.13016205952778293,-0.08610785231906852,1.0,high,"[{""label"": ""Consensus safety"", ""value"": 0.876, ""impact"": ""positive""}, {""label"": ""ELO separation"", ""value"": 76.9, ""impact"": ""positive""}, {""label"": ""Form separation"", ""value"": 0.5, ""impact"": ""positive""}, {""label"": ""Model dispersion"", ""value"": 0.0138, ""impact"": ""positive""}]","[{""label"": ""Raw edge"", ""value"": -0.1302, ""impact"": ""negative""}, {""label"": ""Model-market gap"", ""value"": -0.0387, ""impact"": ""negative""}, {""label"": ""Historical xG"", ""value"": ""unavailable"", ""impact"": ""negative""}, {""label"": ""Decision rule"", ""value"": ""edge below minimum"", ""impact"": ""negative""}]","[{""label"": ""Competition importance"", ""value"": 0.68, ""impact"": ""neutral""}, {""label"": ""Probability source"", ""value"": ""FOOTBALL_V13_FALLBACK"", ""impact"": ""neutral""}]","REJECT: positive=4, negative=4, neutral=2, confidence=1.000, risk=high",2026-09-20T18:21:37+00:00,2026-09-20T18:21:37+00:00
c3afed2dbcbeacaecf36ab42,soccer_greece_super_league,Greek Super League,Aris Thessaloniki vs Volos FC,Draw,1xBet,2026-10-11T16:00:00Z,BLOCK,REJECT,0.2681532381482454,0.2673645113890288,-0.032385666708194316,-0.029944639941466195,1.0,high,"[{""label"": ""Consensus safety"", ""value"": 0.989, ""impact"": ""positive""}, {""label"": ""ELO separation"", ""value"": 76.9, ""impact"": ""positive""}, {""label"": ""Form separation"", ""value"": 0.5, ""impact"": ""positive""}, {""label"": ""Model dispersion"", ""value"": 0.0054, ""impact"": ""positive""}]","[{""label"": ""Raw edge"", ""value"": -0.0324, ""impact"": ""negative""}, {""label"": ""Historical xG"", ""value"": ""unavailable"", ""impact"": ""negative""}, {""label"": ""Decision rule"", ""value"": ""edge below minimum"", ""impact"": ""negative""}]","[{""label"": ""Model-market gap"", ""value"": 0.0014, ""impact"": ""neutral""}, {""label"": ""Competition importance"", ""value"": 0.68, ""impact"": ""neutral""}, {""label"": ""Probability source"", ""value"": ""FOOTBALL_V13_FALLBACK"", ""impact"": ""neutral""}]","REJECT: positive=4, negative=3, neutral=3, confidence=1.000, risk=high",2026-09-20T18:21:37+00:00,2026-09-20T18:21:37+00:00
8017753a1ee5e7c07e4b4ac1,soccer_greece_super_league,Greek Super League,Aris Thessaloniki vs Volos FC,Volos FC,Nordic Bet,2026-10-11T16:00:00Z,BLOCK,REJECT,0.22358014396977094,0.20252870928134276,0.23830246749351724,0.13068664585380935,1.0,high,"[{""label"": ""Raw edge"", ""value"": 0.2383, ""impact"": ""positive""}, {""label"": ""Consensus safety"", ""value"": 0.879, ""impact"": ""positive""}, {""label"": ""ELO separation"", ""value"": 76.9, ""impact"": ""positive""}, {""label"": ""Form separation"", ""value"": 0.5, ""impact"": ""positive""}, {""label"": ""Model dispersion"", ""value"": 0.0099, ""impact"": ""positive""}]","[{""label"": ""Historical xG"", ""value"": ""unavailable"", ""impact"": ""negative""}, {""label"": ""Decision rule"", ""value"": ""odds above maximum"", ""impact"": ""negative""}]","[{""label"": ""Model-market gap"", ""value"": 0.0379, ""impact"": ""neutral""}, {""label"": ""Competition importance"", ""value"": 0.68, ""impact"": ""neutral""}, {""label"": ""Probability source"", ""value"": ""FOOTBALL_V13_FALLBACK"", ""impact"": ""neutral""}]","REJECT: positive=5, negative=2, neutral=3, confidence=1.000, risk=high",2026-09-20T18:21:37+00:00,2026-09-20T18:21:37+00:00
ea279b6cb8394ee06c4d68b0,soccer_greece_super_league,Greek Super League,Olympiakos Piraeus vs Panathinaikos,Draw,1xBet,2026-10-11T18:00:00Z,BLOCK,REJECT,0.28132437662275284,0.2835182432438312,-0.07741651351421253,-0.061905451540005686,1.0,high,"[{""label"": ""Consensus safety"", ""value"": 0.98, ""impact"": ""positive""}, {""label"": ""ELO separation"", ""value"": 54.0, ""impact"": ""positive""}, {""label"": ""Form separation"", ""value"": -0.5, ""impact"": ""positive""}, {""label"": ""Model dispersion"", ""value"": 0.0054, ""impact"": ""positive""}]","[{""label"": ""Raw edge"", ""value"": -0.0774, ""impact"": ""negative""}, {""label"": ""Model-market gap"", ""value"": -0.0039, ""impact"": ""negative""}, {""label"": ""Historical xG"", ""value"": ""unavailable"", ""impact"": ""negative""}, {""label"": ""Decision rule"", ""value"": ""edge below minimum"", ""impact"": ""negative""}]","[{""label"": ""Competition importance"", ""value"": 0.68, ""impact"": ""neutral""}, {""label"": ""Probability source"", ""value"": ""FOOTBALL_V13_FALLBACK"", ""impact"": ""neutral""}]","REJECT: positive=4, negative=4, neutral=2, confidence=1.000, risk=high",2026-09-20T18:21:37+00:00,2026-09-20T18:21:37+00:00
fc3643e8b175b59df695b971,soccer_greece_super_league,Greek Super League,Olympiakos Piraeus vs Panathinaikos,Olympiakos Piraeus,Nordic Bet,2026-10-11T18:00:00Z,BLOCK,REJECT,0.41489325347534944,0.42116986866082956,-0.09942184360073947,-0.0726920856664613,0.9656062349571911,high,"[{""label"": ""Consensus safety"", ""value"": 0.863, ""impact"": ""positive""}, {""label"": ""ELO separation"", ""value"": 54.0, ""impact"": ""positive""}, {""label"": ""Form separation"", ""value"": -0.5, ""impact"": ""positive""}, {""label"": ""Model dispersion"", ""value"": 0.0472, ""impact"": ""positive""}]","[{""label"": ""Raw edge"", ""value"": -0.0994, ""impact"": ""negative""}, {""label"": ""Model-market gap"", ""value"": -0.0118, ""impact"": ""negative""}, {""label"": ""Historical xG"", ""value"": ""unavailable"", ""impact"": ""negative""}, {""label"": ""Decision rule"", ""value"": ""edge below minimum"", ""impact"": ""negative""}]","[{""label"": ""Competition importance"", ""value"": 0.68, ""impact"": ""neutral""}, {""label"": ""Probability source"", ""value"": ""FOOTBALL_V13_FALLBACK"", ""impact"": ""neutral""}]","REJECT: positive=4, negative=4, neutral=2, confidence=0.966, risk=high",2026-09-20T18:21:37+00:00,2026-09-20T18:21:37+00:00
18c2c2562ce7918aa051e392,soccer_greece_super_league,Greek Super League,Olympiakos Piraeus vs Panathinaikos,Panathinaikos,1xBet,2026-10-11T18:00:00Z,BLOCK,REJECT,0.3030679414514068,0.2953118880953392,0.05130698118632959,0.02246426232489162,0.9486365933165019,high,"[{""label"": ""ELO separation"", ""value"": 54.0, ""impact"": ""positive""}, {""label"": ""Form separation"", ""value"": -0.5, ""impact"": ""positive""}, {""label"": ""Model dispersion"", ""value"": 0.0521, ""impact"": ""positive""}]","[{""label"": ""Historical xG"", ""value"": ""unavailable"", ""impact"": ""negative""}, {""label"": ""Decision rule"", ""value"": ""edge below minimum"", ""impact"": ""negative""}]","[{""label"": ""Raw edge"", ""value"": 0.0513, ""impact"": ""neutral""}, {""label"": ""Consensus safety"", ""value"": 0.845, ""impact"": ""neutral""}, {""label"": ""Model-market gap"", ""value"": 0.0148, ""impact"": ""neutral""}, {""label"": ""Competition importance"", ""value"": 0.68, ""impact"": ""neutral""}, {""label"": ""Probability source"", ""value"": ""FOOTBALL_V13_FALLBACK"", ""impact"": ""neutral""}]","REJECT: positive=3, negative=2, neutral=5, confidence=0.949, risk=high",2026-09-20T18:21:37+00:00,2026-09-20T18:21:37+00:00
645a07e4bcd5203dd63a28f3,soccer_greece_super_league,Greek Super League,Levadiakos vs Volos FC,Draw,Betsson,2026-10-17T14:00:00Z,BLOCK,REJECT,0.28782778560089817,0.2909494928757112,-0.07299715873641954,-0.061577813456857686,1.0,high,"[{""label"": ""Consensus safety"", ""value"": 0.979, ""impact"": ""positive""}, {""label"": ""ELO separation"", ""value"": 65.0, ""impact"": ""positive""}, {""label"": ""Model dispersion"", ""value"": 0.0036, ""impact"": ""positive""}]","[{""label"": ""Raw edge"", ""value"": -0.073, ""impact"": ""negative""}, {""label"": ""Model-market gap"", ""value"": -0.0057, ""impact"": ""negative""}, {""label"": ""Historical xG"", ""value"": ""unavailable"", ""impact"": ""negative""}, {""label"": ""Decision rule"", ""value"": ""edge below minimum"", ""impact"": ""negative""}]","[{""label"": ""Form separation"", ""value"": 0.0, ""impact"": ""neutral""}, {""label"": ""Competition importance"", ""value"": 0.68, ""impact"": ""neutral""}, {""label"": ""Probability source"", ""value"": ""FOOTBALL_V13_FALLBACK"", ""impact"": ""neutral""}]","REJECT: positive=3, negative=4, neutral=3, confidence=1.000, risk=high",2026-09-20T18:21:37+00:00,2026-09-20T18:21:37+00:00
c3923f3cc9961385211de5cb,soccer_greece_super_league,Greek Super League,Levadiakos vs Volos FC,Levadiakos,1xBet,2026-10-17T14:00:00Z,BLOCK,REJECT,0.4304889428490422,0.4375493852242373,-0.10423586837286569,-0.07922385148242822,1.0,high,"[{""label"": ""Consensus safety"", ""value"": 0.933, ""impact"": ""positive""}, {""label"": ""ELO separation"", ""value"": 65.0, ""impact"": ""positive""}, {""label"": ""Model dispersion"", ""value"": 0.0154, ""impact"": ""positive""}]","[{""label"": ""Raw edge"", ""value"": -0.1042, ""impact"": ""negative""}, {""label"": ""Model-market gap"", ""value"": -0.013, ""impact"": ""negative""}, {""label"": ""Historical xG"", ""value"": ""unavailable"", ""impact"": ""negative""}, {""label"": ""Decision rule"", ""value"": ""edge below minimum"", ""impact"": ""negative""}]","[{""label"": ""Form separation"", ""value"": 0.0, ""impact"": ""neutral""}, {""label"": ""Competition importance"", ""value"": 0.68, ""impact"": ""neutral""}, {""label"": ""Probability source"", ""value"": ""FOOTBALL_V13_FALLBACK"", ""impact"": ""neutral""}]","REJECT: positive=3, negative=4, neutral=3, confidence=1.000, risk=high",2026-09-20T18:21:37+00:00,2026-09-20T18:21:37+00:00
68fe3aa8d7fb8b5dd73af57f,soccer_greece_super_league,Greek Super League,Levadiakos vs Volos FC,Volos FC,Betsson,2026-10-17T14:00:00Z,BLOCK,REJECT,0.2815264954970196,0.2715011219000515,0.04393130979431081,0.012872058989316407,1.0,high,"[{""label"": ""Consensus safety"", ""value"": 0.919, ""impact"": ""positive""}, {""label"": ""ELO separation"", ""value"": 65.0, ""impact"": ""positive""}, {""label"": ""Model dispersion"", ""value"": 0.0151, ""impact"": ""positive""}]","[{""label"": ""Historical xG"", ""value"": ""unavailable"", ""impact"": ""negative""}, {""label"": ""Decision rule"", ""value"": ""edge below minimum"", ""impact"": ""negative""}]","[{""label"": ""Raw edge"", ""value"": 0.0439, ""impact"": ""neutral""}, {""label"": ""Model-market gap"", ""value"": 0.0185, ""impact"": ""neutral""}, {""label"": ""Form separation"", ""value"": 0.0, ""impact"": ""neutral""}, {""label"": ""Competition importance"", ""value"": 0.68, ""impact"": ""neutral""}, {""label"": ""Probability source"", ""value"": ""FOOTBALL_V13_FALLBACK"", ""impact"": ""neutral""}]","REJECT: positive=3, negative=2, neutral=5, confidence=1.000, risk=high",2026-09-20T18:21:38+00:00,2026-09-20T18:21:38+00:00
b867364d9280abbd50ff9474,soccer_greece_super_league,Greek Super League,Atromitos Athens vs AEK Athens,AEK Athens,1xBet,2026-10-17T16:30:00Z,BLOCK,REJECT,0.6103979280971408,0.6361872581847611,-0.1877309651338669,-0.1362488896351466,1.0,high,"[{""label"": ""ELO separation"", ""value"": 65.0, ""impact"": ""positive""}, {""label"": ""Model dispersion"", ""value"": 0.0151, ""impact"": ""positive""}]","[{""label"": ""Raw edge"", ""value"": -0.1877, ""impact"": ""negative""}, {""label"": ""Model-market gap"", ""value"": -0.0476, ""impact"": ""negative""}, {""label"": ""Historical xG"", ""value"": ""unavailable"", ""impact"": ""negative""}, {""label"": ""Decision rule"", ""value"": ""edge below minimum"", ""impact"": ""negative""}]","[{""label"": ""Consensus safety"", ""value"": 0.674, ""impact"": ""neutral""}, {""label"": ""Form separation"", ""value"": 0.0, ""impact"": ""neutral""}, {""label"": ""Competition importance"", ""value"": 0.68, ""impact"": ""neutral""}, {""label"": ""Probability source"", ""value"": ""FOOTBALL_V13_FALLBACK"", ""impact"": ""neutral""}]","REJECT: positive=2, negative=4, neutral=4, confidence=1.000, risk=high",2026-09-20T18:21:38+00:00,2026-09-20T18:21:38+00:00
33bfaec8b1b1136ff4a819f7,soccer_greece_super_league,Greek Super League,Atromitos Athens vs AEK Athens,Atromitos Athens,1xBet,2026-10-17T16:30:00Z,BLOCK,REJECT,0.16734667663932057,0.1415866569219068,0.5602954458698819,0.32894017418265653,1.0,high,"[{""label"": ""Raw edge"", ""value"": 0.5603, ""impact"": ""positive""}, {""label"": ""Model-market gap"", ""value"": 0.0475, ""impact"": ""positive""}, {""label"": ""ELO separation"", ""value"": 65.0, ""impact"": ""positive""}, {""label"": ""Model dispersion"", ""value"": 0.0154, ""impact"": ""positive""}]","[{""label"": ""Historical xG"", ""value"": ""unavailable"", ""impact"": ""negative""}, {""label"": ""Decision rule"", ""value"": ""edge above max guard"", ""impact"": ""negative""}]","[{""label"": ""Consensus safety"", ""value"": 0.728, ""impact"": ""neutral""}, {""label"": ""Form separation"", ""value"": 0.0, ""impact"": ""neutral""}, {""label"": ""Competition importance"", ""value"": 0.68, ""impact"": ""neutral""}, {""label"": ""Probability source"", ""value"": ""FOOTBALL_V13_FALLBACK"", ""impact"": ""neutral""}]","REJECT: positive=4, negative=2, neutral=4, confidence=1.000, risk=high",2026-09-20T18:21:38+00:00,2026-09-20T18:21:38+00:00
471146e396ae3533751afc82,soccer_greece_super_league,Greek Super League,Atromitos Athens vs AEK Athens,Draw,Nordic Bet,2026-10-17T16:30:00Z,BLOCK,REJECT,0.23188304499862494,0.2222260848933321,0.06769865229072236,0.02751118349340031,1.0,high,"[{""label"": ""Consensus safety"", ""value"": 0.944, ""impact"": ""positive""}, {""label"": ""ELO separation"", ""value"": 65.0, ""impact"": ""positive""}, {""label"": ""Model dispersion"", ""value"": 0.0036, ""impact"": ""positive""}]","[{""label"": ""Historical xG"", ""value"": ""unavailable"", ""impact"": ""negative""}, {""label"": ""Decision rule"", ""value"": ""edge below minimum"", ""impact"": ""negative""}]","[{""label"": ""Raw edge"", ""value"": 0.0677, ""impact"": ""neutral""}, {""label"": ""Model-market gap"", ""value"": 0.0177, ""impact"": ""neutral""}, {""label"": ""Form separation"", ""value"": 0.0, ""impact"": ""neutral""}, {""label"": ""Competition importance"", ""value"": 0.68, ""impact"": ""neutral""}, {""label"": ""Probability source"", ""value"": ""FOOTBALL_V13_FALLBACK"", ""impact"": ""neutral""}]","REJECT: positive=3, negative=2, neutral=5, confidence=1.000, risk=high",2026-09-20T18:21:38+00:00,2026-09-20T18:21:38+00:00
5dca42454e3c72ffa303b95e,soccer_greece_super_league,Greek Super League,Kalamata FC vs OFI Crete,Draw,Betsson,2026-10-18T13:00:00Z,BLOCK,REJECT,0.2941522908601091,0.29997091774713275,-0.1020715090545683,-0.0840574468772988,1.0,high,"[{""label"": ""Consensus safety"", ""value"": 0.958, ""impact"": ""positive""}, {""label"": ""Form separation"", ""value"": -1.0, ""impact"": ""positive""}, {""label"": ""Model dispersion"", ""value"": 0.0094, ""impact"": ""positive""}]","[{""label"": ""Raw edge"", ""value"": -0.1021, ""impact"": ""negative""}, {""label"": ""Model-market gap"", ""value"": -0.0103, ""impact"": ""negative""}, {""label"": ""Historical xG"", ""value"": ""unavailable"", ""impact"": ""negative""}, {""label"": ""Decision rule"", ""value"": ""edge below minimum"", ""impact"": ""negative""}]","[{""label"": ""ELO separation"", ""value"": 38.8, ""impact"": ""neutral""}, {""label"": ""Competition importance"", ""value"": 0.68, ""impact"": ""neutral""}, {""label"": ""Probability source"", ""value"": ""FOOTBALL_V13_FALLBACK"", ""impact"": ""neutral""}]","REJECT: positive=3, negative=4, neutral=3, confidence=1.000, risk=high",2026-09-20T18:21:38+00:00,2026-09-20T18:21:38+00:00
0762585b22d2e53db95ae392,soccer_greece_super_league,Greek Super League,Kalamata FC vs OFI Crete,Kalamata FC,1xBet,2026-10-18T13:00:00Z,BLOCK,REJECT,0.3889405562627458,0.3933948581712954,-0.06928883062085345,-0.04509047545155308,0.8878465576897742,high,"[{""label"": ""Form separation"", ""value"": -1.0, ""impact"": ""positive""}, {""label"": ""Model dispersion"", ""value"": 0.072, ""impact"": ""positive""}]","[{""label"": ""Raw edge"", ""value"": -0.0693, ""impact"": ""negative""}, {""label"": ""Model-market gap"", ""value"": -0.0088, ""impact"": ""negative""}, {""label"": ""Historical xG"", ""value"": ""unavailable"", ""impact"": ""negative""}, {""label"": ""Decision rule"", ""value"": ""edge below minimum"", ""impact"": ""negative""}]","[{""label"": ""Consensus safety"", ""value"": 0.817, ""impact"": ""neutral""}, {""label"": ""ELO separation"", ""value"": 38.8, ""impact"": ""neutral""}, {""label"": ""Competition importance"", ""value"": 0.68, ""impact"": ""neutral""}, {""label"": ""Probability source"", ""value"": ""FOOTBALL_V13_FALLBACK"", ""impact"": ""neutral""}]","REJECT: positive=2, negative=4, neutral=4, confidence=0.888, risk=high",2026-09-20T18:21:38+00:00,2026-09-20T18:21:38+00:00
a8ea7467ec4028c7cc1b87c8,soccer_greece_super_league,Greek Super League,Kalamata FC vs OFI Crete,OFI Crete,Betsson,2026-10-18T13:00:00Z,BLOCK,REJECT,0.31504784717577183,0.3066342240815719,-0.01259849505176247,-0.03191558552328642,0.8556932700806887,high,"[{""label"": ""Form separation"", ""value"": -1.0, ""impact"": ""positive""}, {""label"": ""Model dispersion"", ""value"": 0.0813, ""impact"": ""positive""}]","[{""label"": ""Raw edge"", ""value"": -0.0126, ""impact"": ""negative""}, {""label"": ""Historical xG"", ""value"": ""unavailable"", ""impact"": ""negative""}, {""label"": ""Decision rule"", ""value"": ""edge below minimum"", ""impact"": ""negative""}]","[{""label"": ""Consensus safety"", ""value"": 0.783, ""impact"": ""neutral""}, {""label"": ""Model-market gap"", ""value"": 0.0171, ""impact"": ""neutral""}, {""label"": ""ELO separation"", ""value"": 38.8, ""impact"": ""neutral""}, {""label"": ""Competition importance"", ""value"": 0.68, ""impact"": ""neutral""}, {""label"": ""Probability source"", ""value"": ""FOOTBALL_V13_FALLBACK"", ""impact"": ""neutral""}]","REJECT: positive=2, negative=3, neutral=5, confidence=0.856, risk=high",2026-09-20T18:21:38+00:00,2026-09-20T18:21:38+00:00
f3624f38e36be434a6d7bbd3,soccer_greece_super_league,Greek Super League,Panetolikos Agrinio vs Olympiakos Piraeus,Draw,1xBet,2026-10-18T14:00:00Z,BLOCK,REJECT,0.2196317696439672,0.20694922409772135,0.047424201727572335,-0.000583752329680297,1.0,high,"[{""label"": ""Consensus safety"", ""value"": 0.928, ""impact"": ""positive""}, {""label"": ""ELO separation"", ""value"": 65.0, ""impact"": ""positive""}, {""label"": ""Model dispersion"", ""value"": 0.0036, ""impact"": ""positive""}]","[{""label"": ""Historical xG"", ""value"": ""unavailable"", ""impact"": ""negative""}, {""label"": ""Decision rule"", ""value"": ""edge below minimum"", ""impact"": ""negative""}]","[{""label"": ""Raw edge"", ""value"": 0.0474, ""impact"": ""neutral""}, {""label"": ""Model-market gap"", ""value"": 0.0233, ""impact"": ""neutral""}, {""label"": ""Form separation"", ""value"": 0.0, ""impact"": ""neutral""}, {""label"": ""Competition importance"", ""value"": 0.68, ""impact"": ""neutral""}, {""label"": ""Probability source"", ""value"": ""FOOTBALL_V13_FALLBACK"", ""impact"": ""neutral""}]","REJECT: positive=3, negative=2, neutral=5, confidence=1.000, risk=high",2026-09-20T18:21:38+00:00,2026-09-20T18:21:38+00:00
5dd06d5a3b701c0c3fb40139,soccer_greece_super_league,Greek Super League,Panetolikos Agrinio vs Olympiakos Piraeus,Olympiakos Piraeus,Betsson,2026-10-18T14:00:00Z,BLOCK,REJECT,0.648726003768836,0.6745150664908307,-0.14737716083567198,-0.11229479981707227,1.0,high,"[{""label"": ""ELO separation"", ""value"": 65.0, ""impact"": ""positive""}, {""label"": ""Model dispersion"", ""value"": 0.0151, ""impact"": ""positive""}]","[{""label"": ""Raw edge"", ""value"": -0.1474, ""impact"": ""negative""}, {""label"": ""Model-market gap"", ""value"": -0.0476, ""impact"": ""negative""}, {""label"": ""Historical xG"", ""value"": ""unavailable"", ""impact"": ""negative""}, {""label"": ""Decision rule"", ""value"": ""edge below minimum"", ""impact"": ""negative""}]","[{""label"": ""Consensus safety"", ""value"": 0.633, ""impact"": ""neutral""}, {""label"": ""Form separation"", ""value"": 0.0, ""impact"": ""neutral""}, {""label"": ""Competition importance"", ""value"": 0.68, ""impact"": ""neutral""}, {""label"": ""Probability source"", ""value"": ""FOOTBALL_V13_FALLBACK"", ""impact"": ""neutral""}]","REJECT: positive=2, negative=4, neutral=4, confidence=1.000, risk=high",2026-09-20T18:21:38+00:00,2026-09-20T18:21:38+00:00
9edcc439b9bdc90bdfbf7f79,soccer_greece_super_league,Greek Super League,Panetolikos Agrinio vs Olympiakos Piraeus,Panetolikos Agrinio,1xBet,2026-10-18T14:00:00Z,BLOCK,REJECT,0.14429546202418542,0.11853570941144806,0.436555438189014,0.21446724162791886,1.0,high,"[{""label"": ""Raw edge"", ""value"": 0.4366, ""impact"": ""positive""}, {""label"": ""Model-market gap"", ""value"": 0.0475, ""impact"": ""positive""}, {""label"": ""ELO separation"", ""value"": 65.0, ""impact"": ""positive""}, {""label"": ""Model dispersion"", ""value"": 0.0154, ""impact"": ""positive""}]","[{""label"": ""Historical xG"", ""value"": ""unavailable"", ""impact"": ""negative""}, {""label"": ""Decision rule"", ""value"": ""edge above max guard"", ""impact"": ""negative""}]","[{""label"": ""Consensus safety"", ""value"": 0.703, ""impact"": ""neutral""}, {""label"": ""Form separation"", ""value"": 0.0, ""impact"": ""neutral""}, {""label"": ""Competition importance"", ""value"": 0.68, ""impact"": ""neutral""}, {""label"": ""Probability source"", ""value"": ""FOOTBALL_V13_FALLBACK"", ""impact"": ""neutral""}]","REJECT: positive=4, negative=2, neutral=4, confidence=1.000, risk=high",2026-09-20T18:21:38+00:00,2026-09-20T18:21:38+00:00
d92f724e01a0a8d0a023984a,soccer_greece_super_league,Greek Super League,Panathinaikos vs Asteras Tripolis,Asteras Tripolis,1xBet,2026-10-18T16:00:00Z,BLOCK,REJECT,0.1167162064201168,0.09175002927037736,0.5347165456011707,0.2439295811435696,0.9549860695722203,high,"[{""label"": ""Raw edge"", ""value"": 0.5347, ""impact"": ""positive""}, {""label"": ""Model-market gap"", ""value"": 0.0465, ""impact"": ""positive""}, {""label"": ""ELO separation"", ""value"": 95.0, ""impact"": ""positive""}, {""label"": ""Form separation"", ""value"": 1.0, ""impact"": ""positive""}, {""label"": ""Model dispersion"", ""value"": 0.0468, ""impact"": ""positive""}]","[{""label"": ""Historical xG"", ""value"": ""unavailable"", ""impact"": ""negative""}, {""label"": ""Decision rule"", ""value"": ""edge above max guard"", ""impact"": ""negative""}]","[{""label"": ""Consensus safety"", ""value"": 0.769, ""impact"": ""neutral""}, {""label"": ""Competition importance"", ""value"": 0.68, ""impact"": ""neutral""}, {""label"": ""Probability source"", ""value"": ""FOOTBALL_V13_FALLBACK"", ""impact"": ""neutral""}]","REJECT: positive=5, negative=2, neutral=3, confidence=0.955, risk=high",2026-09-20T18:21:38+00:00,2026-09-20T18:21:38+00:00
33e35a5307fc9be7630380b9,soccer_greece_super_league,Greek Super League,Panathinaikos vs Asteras Tripolis,Draw,Codere (IT),2026-10-18T16:00:00Z,BLOCK,REJECT,0.19204838455423584,0.17389414440488016,0.11308498802588529,0.03234310032691213,1.0,high,"[{""label"": ""Raw edge"", ""value"": 0.1131, ""impact"": ""positive""}, {""label"": ""Consensus safety"", ""value"": 0.901, ""impact"": ""positive""}, {""label"": ""ELO separation"", ""value"": 95.0, ""impact"": ""positive""}, {""label"": ""Form separation"", ""value"": 1.0, ""impact"": ""positive""}, {""label"": ""Model dispersion"", ""value"": 0.0111, ""impact"": ""positive""}]","[{""label"": ""Historical xG"", ""value"": ""unavailable"", ""impact"": ""negative""}, {""label"": ""Decision rule"", ""value"": ""edge below minimum"", ""impact"": ""negative""}]","[{""label"": ""Model-market gap"", ""value"": 0.0322, ""impact"": ""neutral""}, {""label"": ""Competition importance"", ""value"": 0.68, ""impact"": ""neutral""}, {""label"": ""Probability source"", ""value"": ""FOOTBALL_V13_FALLBACK"", ""impact"": ""neutral""}]","REJECT: positive=5, negative=2, neutral=3, confidence=1.000, risk=high",2026-09-20T18:21:38+00:00,2026-09-20T18:21:38+00:00
58dcf951d8bbcf2ff1f8d8e0,soccer_greece_super_league,Greek Super League,Panathinaikos vs Asteras Tripolis,Panathinaikos,1xBet,2026-10-18T16:00:00Z,BLOCK,REJECT,0.7110791492015723,0.7343558263247425,-0.1312409555273516,-0.08205416464990246,0.9125622933622702,high,"[{""label"": ""ELO separation"", ""value"": 95.0, ""impact"": ""positive""}, {""label"": ""Form separation"", ""value"": 1.0, ""impact"": ""positive""}, {""label"": ""Model dispersion"", ""value"": 0.0571, ""impact"": ""positive""}]","[{""label"": ""Raw edge"", ""value"": -0.1312, ""impact"": ""negative""}, {""label"": ""Model-market gap"", ""value"": -0.0449, ""impact"": ""negative""}, {""label"": ""Historical xG"", ""value"": ""unavailable"", ""impact"": ""negative""}, {""label"": ""Decision rule"", ""value"": ""edge below minimum"", ""impact"": ""negative""}]","[{""label"": ""Consensus safety"", ""value"": 0.673, ""impact"": ""neutral""}, {""label"": ""Competition importance"", ""value"": 0.68, ""impact"": ""neutral""}, {""label"": ""Probability source"", ""value"": ""FOOTBALL_V13_FALLBACK"", ""impact"": ""neutral""}]","REJECT: positive=3, negative=4, neutral=3, confidence=0.913, risk=high",2026-09-20T18:21:38+00:00,2026-09-20T18:21:38+00:00
f37f1689839a36cd571e003c,soccer_greece_super_league,Greek Super League,AE Kifisia FC vs Aris Thessaloniki,AE Kifisia FC,1xBet,2026-10-18T17:00:00Z,BLOCK,REJECT,0.3304697513990687,0.32563944704134884,-0.017687656989376133,-0.02410376251818929,0.8791548092168948,high,"[{""label"": ""Form separation"", ""value"": -1.0, ""impact"": ""positive""}, {""label"": ""Model dispersion"", ""value"": 0.0756, ""impact"": ""positive""}]","[{""label"": ""Raw edge"", ""value"": -0.0177, ""impact"": ""negative""}, {""label"": ""Historical xG"", ""value"": ""unavailable"", ""impact"": ""negative""}, {""label"": ""Decision rule"", ""value"": ""edge below minimum"", ""impact"": ""negative""}]","[{""label"": ""Consensus safety"", ""value"": 0.816, ""impact"": ""neutral""}, {""label"": ""Model-market gap"", ""value"": 0.0096, ""impact"": ""neutral""}, {""label"": ""ELO separation"", ""value"": 38.8, ""impact"": ""neutral""}, {""label"": ""Competition importance"", ""value"": 0.68, ""impact"": ""neutral""}, {""label"": ""Probability source"", ""value"": ""FOOTBALL_V13_FALLBACK"", ""impact"": ""neutral""}]","REJECT: positive=2, negative=3, neutral=5, confidence=0.879, risk=high",2026-09-20T18:21:38+00:00,2026-09-20T18:21:38+00:00
6075a304588f1db41fd52334,soccer_greece_super_league,Greek Super League,AE Kifisia FC vs Aris Thessaloniki,Aris Thessaloniki,888sport,2026-10-18T17:00:00Z,BLOCK,REJECT,0.37564088199475043,0.37652845292686155,-0.06323015335157711,-0.04915261677705897,0.846218068353764,high,"[{""label"": ""Form separation"", ""value"": -1.0, ""impact"": ""positive""}, {""label"": ""Model dispersion"", ""value"": 0.0857, ""impact"": ""positive""}]","[{""label"": ""Raw edge"", ""value"": -0.0632, ""impact"": ""negative""}, {""label"": ""Model-market gap"", ""value"": -0.0018, ""impact"": ""negative""}, {""label"": ""Historical xG"", ""value"": ""unavailable"", ""impact"": ""negative""}, {""label"": ""Decision rule"", ""value"": ""edge below minimum"", ""impact"": ""negative""}]","[{""label"": ""Consensus safety"", ""value"": 0.792, ""impact"": ""neutral""}, {""label"": ""ELO separation"", ""value"": 38.8, ""impact"": ""neutral""}, {""label"": ""Competition importance"", ""value"": 0.68, ""impact"": ""neutral""}, {""label"": ""Probability source"", ""value"": ""FOOTBALL_V13_FALLBACK"", ""impact"": ""neutral""}]","REJECT: positive=2, negative=4, neutral=4, confidence=0.846, risk=high",2026-09-20T18:21:38+00:00,2026-09-20T18:21:38+00:00
8c08ff316976f3d1d55de419,soccer_greece_super_league,Greek Super League,AE Kifisia FC vs Aris Thessaloniki,Draw,Betsson,2026-10-18T17:00:00Z,BLOCK,REJECT,0.29238565708075137,0.2978321000317897,-0.0922448442147763,-0.07533701261377208,1.0,high,"[{""label"": ""Consensus safety"", ""value"": 0.959, ""impact"": ""positive""}, {""label"": ""Form separation"", ""value"": -1.0, ""impact"": ""positive""}, {""label"": ""Model dispersion"", ""value"": 0.01, ""impact"": ""positive""}]","[{""label"": ""Raw edge"", ""value"": -0.0922, ""impact"": ""negative""}, {""label"": ""Model-market gap"", ""value"": -0.0097, ""impact"": ""negative""}, {""label"": ""Historical xG"", ""value"": ""unavailable"", ""impact"": ""negative""}, {""label"": ""Decision rule"", ""value"": ""edge below minimum"", ""impact"": ""negative""}]","[{""label"": ""ELO separation"", ""value"": 38.8, ""impact"": ""neutral""}, {""label"": ""Competition importance"", ""value"": 0.68, ""impact"": ""neutral""}, {""label"": ""Probability source"", ""value"": ""FOOTBALL_V13_FALLBACK"", ""impact"": ""neutral""}]","REJECT: positive=3, negative=4, neutral=3, confidence=1.000, risk=high",2026-09-20T18:21:38+00:00,2026-09-20T18:21:38+00:00
21e55f83899b961212958a0f,soccer_greece_super_league,Greek Super League,PAOK Thessaloniki vs Iraklis FC,Draw,Nordic Bet,2026-10-18T18:00:00Z,BLOCK,REJECT,0.19336621003069915,0.1747432777257871,0.16356367671778016,0.07149796306407054,1.0,high,"[{""label"": ""Raw edge"", ""value"": 0.1636, ""impact"": ""positive""}, {""label"": ""Consensus safety"", ""value"": 0.897, ""impact"": ""positive""}, {""label"": ""Form separation"", ""value"": -1.0, ""impact"": ""positive""}, {""label"": ""Model dispersion"", ""value"": 0.0108, ""impact"": ""positive""}]","[{""label"": ""Historical xG"", ""value"": ""unavailable"", ""impact"": ""negative""}, {""label"": ""Decision rule"", ""value"": ""odds above maximum"", ""impact"": ""negative""}]","[{""label"": ""Model-market gap"", ""value"": 0.033, ""impact"": ""neutral""}, {""label"": ""ELO separation"", ""value"": 33.5, ""impact"": ""neutral""}, {""label"": ""Competition importance"", ""value"": 0.68, ""impact"": ""neutral""}, {""label"": ""Probability source"", ""value"": ""FOOTBALL_V13_FALLBACK"", ""impact"": ""neutral""}]","REJECT: positive=4, negative=2, neutral=4, confidence=1.000, risk=high",2026-09-20T18:21:38+00:00,2026-09-20T18:21:38+00:00
4dfdca2bcca984c62f16da3c,soccer_greece_super_league,Greek Super League,PAOK Thessaloniki vs Iraklis FC,Iraklis FC,1xBet,2026-10-18T18:00:00Z,BLOCK,REJECT,0.10535541153246285,0.08643854746557109,0.42875558636095334,0.13312309730448965,0.80850923828411,high,"[{""label"": ""Raw edge"", ""value"": 0.4288, ""impact"": ""positive""}, {""label"": ""Model-market gap"", ""value"": 0.04, ""impact"": ""positive""}, {""label"": ""Form separation"", ""value"": -1.0, ""impact"": ""positive""}, {""label"": ""Model dispersion"", ""value"": 0.0901, ""impact"": ""positive""}]","[{""label"": ""Consensus safety"", ""value"": 0.596, ""impact"": ""negative""}, {""label"": ""Historical xG"", ""value"": ""unavailable"", ""impact"": ""negative""}, {""label"": ""Decision rule"", ""value"": ""edge above max guard"", ""impact"": ""negative""}]","[{""label"": ""ELO separation"", ""value"": 33.5, ""impact"": ""neutral""}, {""label"": ""Competition importance"", ""value"": 0.68, ""impact"": ""neutral""}, {""label"": ""Probability source"", ""value"": ""FOOTBALL_V13_FALLBACK"", ""impact"": ""neutral""}]","REJECT: positive=4, negative=3, neutral=3, confidence=0.809, risk=high",2026-09-20T18:21:38+00:00,2026-09-20T18:21:38+00:00
4fb69ddd615de0f50c417d21,soccer_greece_super_league,Greek Super League,PAOK Thessaloniki vs Iraklis FC,PAOK Thessaloniki,1xBet,2026-10-18T18:00:00Z,BLOCK,REJECT,0.7188042378408541,0.7388181748086418,-0.1211514846773768,-0.06780763304893726,0.8319545279092024,high,"[{""label"": ""Form separation"", ""value"": -1.0, ""impact"": ""positive""}, {""label"": ""Model dispersion"", ""value"": 0.0793, ""impact"": ""positive""}]","[{""label"": ""Raw edge"", ""value"": -0.1212, ""impact"": ""negative""}, {""label"": ""Consensus safety"", ""value"": 0.521, ""impact"": ""negative""}, {""label"": ""Model-market gap"", ""value"": -0.0413, ""impact"": ""negative""}, {""label"": ""Historical xG"", ""value"": ""unavailable"", ""impact"": ""negative""}, {""label"": ""Decision rule"", ""value"": ""edge below minimum"", ""impact"": ""negative""}]","[{""label"": ""ELO separation"", ""value"": 33.5, ""impact"": ""neutral""}, {""label"": ""Competition importance"", ""value"": 0.68, ""impact"": ""neutral""}, {""label"": ""Probability source"", ""value"": ""FOOTBALL_V13_FALLBACK"", ""impact"": ""neutral""}]","REJECT: positive=2, negative=5, neutral=3, confidence=0.832, risk=high",2026-09-20T18:21:38+00:00,2026-09-20T18:21:38+00:00
c29f9e51597fbbd8072710c5,soccer_austria_bundesliga,Austrian Bundesliga,WSG Tirol vs Ried,Draw,1xBet,2026-10-10T15:00:00Z,BLOCK,REJECT,0.27132641854649625,0.26964829607316837,-0.06878153564576228,-0.05986862145180191,1.0,high,"[{""label"": ""Consensus safety"", ""value"": 0.993, ""impact"": ""positive""}, {""label"": ""Form separation"", ""value"": -0.0833, ""impact"": ""positive""}, {""label"": ""Competition importance"", ""value"": 0.85, ""impact"": ""positive""}, {""label"": ""Model dispersion"", ""value"": 0.0007, ""impact"": ""positive""}]","[{""label"": ""Raw edge"", ""value"": -0.0688, ""impact"": ""negative""}, {""label"": ""Historical xG"", ""value"": ""unavailable"", ""impact"": ""negative""}, {""label"": ""Decision rule"", ""value"": ""edge below minimum"", ""impact"": ""negative""}]","[{""label"": ""Model-market gap"", ""value"": 0.0026, ""impact"": ""neutral""}, {""label"": ""ELO separation"", ""value"": 39.9, ""impact"": ""neutral""}, {""label"": ""Probability source"", ""value"": ""FOOTBALL_V13_FALLBACK"", ""impact"": ""neutral""}]","REJECT: positive=4, negative=3, neutral=3, confidence=1.000, risk=high",2026-09-20T18:21:38+00:00,2026-09-20T18:21:38+00:00
36f8be4b6de2ace6db791a56,soccer_austria_bundesliga,Austrian Bundesliga,WSG Tirol vs Ried,Ried,1xBet,2026-10-10T15:00:00Z,BLOCK,REJECT,0.36504750103345585,0.3705831816447228,-0.0847840900408493,-0.06349592609802794,1.0,high,"[{""label"": ""Consensus safety"", ""value"": 0.924, ""impact"": ""positive""}, {""label"": ""Form separation"", ""value"": -0.0833, ""impact"": ""positive""}, {""label"": ""Competition importance"", ""value"": 0.85, ""impact"": ""positive""}, {""label"": ""Model dispersion"", ""value"": 0.0334, ""impact"": ""positive""}]","[{""label"": ""Raw edge"", ""value"": -0.0848, ""impact"": ""negative""}, {""label"": ""Model-market gap"", ""value"": -0.0088, ""impact"": ""negative""}, {""label"": ""Historical xG"", ""value"": ""unavailable"", ""impact"": ""negative""}, {""label"": ""Decision rule"", ""value"": ""edge below minimum"", ""impact"": ""negative""}]","[{""label"": ""ELO separation"", ""value"": 39.9, ""impact"": ""neutral""}, {""label"": ""Probability source"", ""value"": ""FOOTBALL_V13_FALLBACK"", ""impact"": ""neutral""}]","REJECT: positive=4, negative=4, neutral=2, confidence=1.000, risk=high",2026-09-20T18:21:38+00:00,2026-09-20T18:21:38+00:00
07f4e941e2ae1b8b56b707bd,soccer_austria_bundesliga,Austrian Bundesliga,WSG Tirol vs Ried,WSG Tirol,William Hill,2026-10-10T15:00:00Z,BLOCK,REJECT,0.3638247556203367,0.35976852228210887,-0.047759639038512325,-0.04736725503411076,1.0,high,"[{""label"": ""Consensus safety"", ""value"": 0.926, ""impact"": ""positive""}, {""label"": ""Form separation"", ""value"": -0.0833, ""impact"": ""positive""}, {""label"": ""Competition importance"", ""value"": 0.85, ""impact"": ""positive""}, {""label"": ""Model dispersion"", ""value"": 0.034, ""impact"": ""positive""}]","[{""label"": ""Raw edge"", ""value"": -0.0478, ""impact"": ""negative""}, {""label"": ""Historical xG"", ""value"": ""unavailable"", ""impact"": ""negative""}, {""label"": ""Decision rule"", ""value"": ""edge below minimum"", ""impact"": ""negative""}]","[{""label"": ""Model-market gap"", ""value"": 0.0065, ""impact"": ""neutral""}, {""label"": ""ELO separation"", ""value"": 39.9, ""impact"": ""neutral""}, {""label"": ""Probability source"", ""value"": ""FOOTBALL_V13_FALLBACK"", ""impact"": ""neutral""}]","REJECT: positive=4, negative=3, neutral=3, confidence=1.000, risk=high",2026-09-20T18:21:38+00:00,2026-09-20T18:21:38+00:00
04c3f842b8b1baea474429a4,soccer_austria_bundesliga,Austrian Bundesliga,Austria Wien vs Sturm Graz,Austria Wien,Codere (IT),2026-10-10T17:30:00Z,BLOCK,REJECT,0.2873570953329988,0.27621788556739757,0.006567674153496794,-0.017939005409181377,0.9303141973308108,high,"[{""label"": ""Form separation"", ""value"": -0.6667, ""impact"": ""positive""}, {""label"": ""Competition importance"", ""value"": 0.85, ""impact"": ""positive""}, {""label"": ""Model dispersion"", ""value"": 0.07, ""impact"": ""positive""}]","[{""label"": ""Historical xG"", ""value"": ""unavailable"", ""impact"": ""negative""}, {""label"": ""Decision rule"", ""value"": ""edge below minimum"", ""impact"": ""negative""}]","[{""label"": ""Raw edge"", ""value"": 0.0066, ""impact"": ""neutral""}, {""label"": ""Consensus safety"", ""value"": 0.84, ""impact"": ""neutral""}, {""label"": ""Model-market gap"", ""value"": 0.0198, ""impact"": ""neutral""}, {""label"": ""ELO separation"", ""value"": -8.9, ""impact"": ""neutral""}, {""label"": ""Probability source"", ""value"": ""FOOTBALL_V13_FALLBACK"", ""impact"": ""neutral""}]","REJECT: positive=3, negative=2, neutral=5, confidence=0.930, risk=high",2026-09-20T18:21:38+00:00,2026-09-20T18:21:38+00:00
56302113f13e5cc1ae8d36a3,soccer_austria_bundesliga,Austrian Bundesliga,Austria Wien vs Sturm Graz,Draw,1xBet,2026-10-10T17:30:00Z,BLOCK,REJECT,0.26087235231428607,0.2577514662349436,-0.04824660439904849,-0.0462260094666095,1.0,high,"[{""label"": ""Consensus safety"", ""value"": 0.974, ""impact"": ""positive""}, {""label"": ""Form separation"", ""value"": -0.6667, ""impact"": ""positive""}, {""label"": ""Competition importance"", ""value"": 0.85, ""impact"": ""positive""}, {""label"": ""Model dispersion"", ""value"": 0.0091, ""impact"": ""positive""}]","[{""label"": ""Raw edge"", ""value"": -0.0482, ""impact"": ""negative""}, {""label"": ""Historical xG"", ""value"": ""unavailable"", ""impact"": ""negative""}, {""label"": ""Decision rule"", ""value"": ""edge below minimum"", ""impact"": ""negative""}]","[{""label"": ""Model-market gap"", ""value"": 0.0052, ""impact"": ""neutral""}, {""label"": ""ELO separation"", ""value"": -8.9, ""impact"": ""neutral""}, {""label"": ""Probability source"", ""value"": ""FOOTBALL_V13_FALLBACK"", ""impact"": ""neutral""}]","REJECT: positive=4, negative=3, neutral=3, confidence=1.000, risk=high",2026-09-20T18:21:38+00:00,2026-09-20T18:21:38+00:00
4ead5c37940fe8b1be4d0b8a,soccer_austria_bundesliga,Austrian Bundesliga,Austria Wien vs Sturm Graz,Sturm Graz,William Hill,2026-10-10T17:30:00Z,BLOCK,REJECT,0.4534198014567019,0.4660306481976588,-0.09163578265731176,-0.055828965873116254,0.9038544178029102,high,"[{""label"": ""Form separation"", ""value"": -0.6667, ""impact"": ""positive""}, {""label"": ""Competition importance"", ""value"": 0.85, ""impact"": ""positive""}, {""label"": ""Model dispersion"", ""value"": 0.0779, ""impact"": ""positive""}]","[{""label"": ""Raw edge"", ""value"": -0.0916, ""impact"": ""negative""}, {""label"": ""Model-market gap"", ""value"": -0.0229, ""impact"": ""negative""}, {""label"": ""Historical xG"", ""value"": ""unavailable"", ""impact"": ""negative""}, {""label"": ""Decision rule"", ""value"": ""edge below minimum"", ""impact"": ""negative""}]","[{""label"": ""Consensus safety"", ""value"": 0.817, ""impact"": ""neutral""}, {""label"": ""ELO separation"", ""value"": -8.9, ""impact"": ""neutral""}, {""label"": ""Probability source"", ""value"": ""FOOTBALL_V13_FALLBACK"", ""impact"": ""neutral""}]","REJECT: positive=3, negative=4, neutral=3, confidence=0.904, risk=high",2026-09-20T18:21:38+00:00,2026-09-20T18:21:38+00:00
3467a88766d683577cd34a2d,soccer_austria_bundesliga,Austrian Bundesliga,Hartberg vs Austria Lustenau,Austria Lustenau,William Hill,2026-10-11T12:30:00Z,BLOCK,REJECT,0.31658857264254453,0.32161378579495364,-0.09700287828390841,-0.0773087175795546,1.0,high,"[{""label"": ""Consensus safety"", ""value"": 0.962, ""impact"": ""positive""}, {""label"": ""ELO separation"", ""value"": 103.5, ""impact"": ""positive""}, {""label"": ""Form separation"", ""value"": 0.4167, ""impact"": ""positive""}, {""label"": ""Competition importance"", ""value"": 0.85, ""impact"": ""positive""}, {""label"": ""Model dispersion"", ""value"": 0.0137, ""impact"": ""positive""}]","[{""label"": ""Raw edge"", ""value"": -0.097, ""impact"": ""negative""}, {""label"": ""Model-market gap"", ""value"": -0.0081, ""impact"": ""negative""}, {""label"": ""Historical xG"", ""value"": ""unavailable"", ""impact"": ""negative""}, {""label"": ""Decision rule"", ""value"": ""edge below minimum"", ""impact"": ""negative""}]","[{""label"": ""Probability source"", ""value"": ""FOOTBALL_V13_FALLBACK"", ""impact"": ""neutral""}]","REJECT: positive=5, negative=4, neutral=1, confidence=1.000, risk=high",2026-09-20T18:21:38+00:00,2026-09-20T18:21:38+00:00
28b723a452a62463685c7b7f,soccer_austria_bundesliga,Austrian Bundesliga,Hartberg vs Austria Lustenau,Draw,Winamax (DE),2026-10-11T12:30:00Z,BLOCK,REJECT,0.27036214683548776,0.2705836186498386,-0.08122032278229563,-0.07080328627096089,1.0,high,"[{""label"": ""Consensus safety"", ""value"": 0.989, ""impact"": ""positive""}, {""label"": ""ELO separation"", ""value"": 103.5, ""impact"": ""positive""}, {""label"": ""Form separation"", ""value"": 0.4167, ""impact"": ""positive""}, {""label"": ""Competition importance"", ""value"": 0.85, ""impact"": ""positive""}, {""label"": ""Model dispersion"", ""value"": 0.0049, ""impact"": ""positive""}]","[{""label"": ""Raw edge"", ""value"": -0.0812, ""impact"": ""negative""}, {""label"": ""Model-market gap"", ""value"": -0.0004, ""impact"": ""negative""}, {""label"": ""Historical xG"", ""value"": ""unavailable"", ""impact"": ""negative""}, {""label"": ""Decision rule"", ""value"": ""edge below minimum"", ""impact"": ""negative""}]","[{""label"": ""Probability source"", ""value"": ""FOOTBALL_V13_FALLBACK"", ""impact"": ""neutral""}]","REJECT: positive=5, negative=4, neutral=1, confidence=1.000, risk=high",2026-09-20T18:21:38+00:00,2026-09-20T18:21:38+00:00
6c85825d146a84e4b42e9736,soccer_austria_bundesliga,Austrian Bundesliga,Hartberg vs Austria Lustenau,Hartberg,1xBet,2026-10-11T12:30:00Z,BLOCK,REJECT,0.41294020707736584,0.4078025955552077,-0.026384271615146226,-0.02801363645657799,1.0,high,"[{""label"": ""Consensus safety"", ""value"": 0.952, ""impact"": ""positive""}, {""label"": ""ELO separation"", ""value"": 103.5, ""impact"": ""positive""}, {""label"": ""Form separation"", ""value"": 0.4167, ""impact"": ""positive""}, {""label"": ""Competition importance"", ""value"": 0.85, ""impact"": ""positive""}, {""label"": ""Model dispersion"", ""value"": 0.0184, ""impact"": ""positive""}]","[{""label"": ""Raw edge"", ""value"": -0.0264, ""impact"": ""negative""}, {""label"": ""Historical xG"", ""value"": ""unavailable"", ""impact"": ""negative""}, {""label"": ""Decision rule"", ""value"": ""edge below minimum"", ""impact"": ""negative""}]","[{""label"": ""Model-market gap"", ""value"": 0.0083, ""impact"": ""neutral""}, {""label"": ""Probability source"", ""value"": ""FOOTBALL_V13_FALLBACK"", ""impact"": ""neutral""}]","REJECT: positive=5, negative=3, neutral=2, confidence=1.000, risk=high",2026-09-20T18:21:38+00:00,2026-09-20T18:21:38+00:00
d3345bb3444b57fbd5a73136,soccer_austria_bundesliga,Austrian Bundesliga,Rheindorf Altach vs Wolfsberger AC,Draw,Codere (IT),2026-10-11T12:30:00Z,BLOCK,REJECT,0.2664777841176482,0.26404391478444134,-0.0620189551146465,-0.056480923922884466,1.0,high,"[{""label"": ""Consensus safety"", ""value"": 0.989, ""impact"": ""positive""}, {""label"": ""Form separation"", ""value"": -0.1944, ""impact"": ""positive""}, {""label"": ""Competition importance"", ""value"": 0.85, ""impact"": ""positive""}, {""label"": ""Model dispersion"", ""value"": 0.0012, ""impact"": ""positive""}]","[{""label"": ""Raw edge"", ""value"": -0.062, ""impact"": ""negative""}, {""label"": ""Historical xG"", ""value"": ""unavailable"", ""impact"": ""negative""}, {""label"": ""Decision rule"", ""value"": ""edge below minimum"", ""impact"": ""negative""}]","[{""label"": ""Model-market gap"", ""value"": 0.004, ""impact"": ""neutral""}, {""label"": ""ELO separation"", ""value"": 44.5, ""impact"": ""neutral""}, {""label"": ""Probability source"", ""value"": ""FOOTBALL_V13_FALLBACK"", ""impact"": ""neutral""}]","REJECT: positive=4, negative=3, neutral=3, confidence=1.000, risk=high",2026-09-20T18:21:38+00:00,2026-09-20T18:21:38+00:00
27eca47b618df4d13f460369,soccer_austria_bundesliga,Austrian Bundesliga,Rheindorf Altach vs Wolfsberger AC,Rheindorf Altach,1xBet,2026-10-11T12:30:00Z,BLOCK,REJECT,0.42419414895975055,0.4370513461667125,-0.10195252148864575,-0.06956956344501514,1.0,high,"[{""label"": ""Consensus safety"", ""value"": 0.89, ""impact"": ""positive""}, {""label"": ""Form separation"", ""value"": -0.1944, ""impact"": ""positive""}, {""label"": ""Competition importance"", ""value"": 0.85, ""impact"": ""positive""}, {""label"": ""Model dispersion"", ""value"": 0.0416, ""impact"": ""positive""}]","[{""label"": ""Raw edge"", ""value"": -0.102, ""impact"": ""negative""}, {""label"": ""Model-market gap"", ""value"": -0.0213, ""impact"": ""negative""}, {""label"": ""Historical xG"", ""value"": ""unavailable"", ""impact"": ""negative""}, {""label"": ""Decision rule"", ""value"": ""edge below minimum"", ""impact"": ""negative""}]","[{""label"": ""ELO separation"", ""value"": 44.5, ""impact"": ""neutral""}, {""label"": ""Probability source"", ""value"": ""FOOTBALL_V13_FALLBACK"", ""impact"": ""neutral""}]","REJECT: positive=4, negative=4, neutral=2, confidence=1.000, risk=high",2026-09-20T18:21:38+00:00,2026-09-20T18:21:38+00:00
11bb40035ff13db65c65112e,soccer_austria_bundesliga,Austrian Bundesliga,Rheindorf Altach vs Wolfsberger AC,Wolfsberger AC,Codere (IT),2026-10-11T12:30:00Z,BLOCK,REJECT,0.30965684524654974,0.2989047390488461,-0.01817322739988092,-0.03360930830895798,1.0,high,"[{""label"": ""Consensus safety"", ""value"": 0.894, ""impact"": ""positive""}, {""label"": ""Form separation"", ""value"": -0.1944, ""impact"": ""positive""}, {""label"": ""Competition importance"", ""value"": 0.85, ""impact"": ""positive""}, {""label"": ""Model dispersion"", ""value"": 0.0428, ""impact"": ""positive""}]","[{""label"": ""Raw edge"", ""value"": -0.0182, ""impact"": ""negative""}, {""label"": ""Historical xG"", ""value"": ""unavailable"", ""impact"": ""negative""}, {""label"": ""Decision rule"", ""value"": ""edge below minimum"", ""impact"": ""negative""}]","[{""label"": ""Model-market gap"", ""value"": 0.0178, ""impact"": ""neutral""}, {""label"": ""ELO separation"", ""value"": 44.5, ""impact"": ""neutral""}, {""label"": ""Probability source"", ""value"": ""FOOTBALL_V13_FALLBACK"", ""impact"": ""neutral""}]","REJECT: positive=4, negative=3, neutral=3, confidence=1.000, risk=high",2026-09-20T18:21:38+00:00,2026-09-20T18:21:38+00:00
3bfa41e48fdc9b3fa047c87d,soccer_austria_bundesliga,Austrian Bundesliga,LASK vs Rapid Wien,Draw,1xBet,2026-10-11T15:00:00Z,BLOCK,REJECT,0.250739813682135,0.24369645067080387,-0.02533062365012706,-0.035036998637005684,1.0,high,"[{""label"": ""Consensus safety"", ""value"": 0.967, ""impact"": ""positive""}, {""label"": ""ELO separation"", ""value"": 95.0, ""impact"": ""positive""}, {""label"": ""Form separation"", ""value"": 0.0833, ""impact"": ""positive""}, {""label"": ""Competition importance"", ""value"": 0.85, ""impact"": ""positive""}, {""label"": ""Model dispersion"", ""value"": 0.0049, ""impact"": ""positive""}]","[{""label"": ""Raw edge"", ""value"": -0.0253, ""impact"": ""negative""}, {""label"": ""Historical xG"", ""value"": ""unavailable"", ""impact"": ""negative""}, {""label"": ""Decision rule"", ""value"": ""edge below minimum"", ""impact"": ""negative""}]","[{""label"": ""Model-market gap"", ""value"": 0.0115, ""impact"": ""neutral""}, {""label"": ""Probability source"", ""value"": ""FOOTBALL_V13_FALLBACK"", ""impact"": ""neutral""}]","REJECT: positive=5, negative=3, neutral=2, confidence=1.000, risk=high",2026-09-20T18:21:38+00:00,2026-09-20T18:21:38+00:00
60db752d2f18bd2334b280c0,soccer_austria_bundesliga,Austrian Bundesliga,LASK vs Rapid Wien,LASK,1xBet,2026-10-11T15:00:00Z,BLOCK,REJECT,0.4890091624736414,0.5128570297099841,-0.1424564096233375,-0.09545048802803478,1.0,high,"[{""label"": ""Consensus safety"", ""value"": 0.879, ""impact"": ""positive""}, {""label"": ""ELO separation"", ""value"": 95.0, ""impact"": ""positive""}, {""label"": ""Form separation"", ""value"": 0.0833, ""impact"": ""positive""}, {""label"": ""Competition importance"", ""value"": 0.85, ""impact"": ""positive""}, {""label"": ""Model dispersion"", ""value"": 0.0206, ""impact"": ""positive""}]","[{""label"": ""Raw edge"", ""value"": -0.1425, ""impact"": ""negative""}, {""label"": ""Model-market gap"", ""value"": -0.0391, ""impact"": ""negative""}, {""label"": ""Historical xG"", ""value"": ""unavailable"", ""impact"": ""negative""}, {""label"": ""Decision rule"", ""value"": ""edge below minimum"", ""impact"": ""negative""}]","[{""label"": ""Probability source"", ""value"": ""FOOTBALL_V13_FALLBACK"", ""impact"": ""neutral""}]","REJECT: positive=5, negative=4, neutral=1, confidence=1.000, risk=high",2026-09-20T18:21:38+00:00,2026-09-20T18:21:38+00:00
d8d1a244c275e95cadf20493,soccer_austria_bundesliga,Austrian Bundesliga,LASK vs Rapid Wien,Rapid Wien,1xBet,2026-10-11T15:00:00Z,BLOCK,REJECT,0.2610198541808269,0.2434465196192119,0.06150096331570776,0.014935186475163653,1.0,high,"[{""label"": ""Consensus safety"", ""value"": 0.912, ""impact"": ""positive""}, {""label"": ""ELO separation"", ""value"": 95.0, ""impact"": ""positive""}, {""label"": ""Form separation"", ""value"": 0.0833, ""impact"": ""positive""}, {""label"": ""Competition importance"", ""value"": 0.85, ""impact"": ""positive""}, {""label"": ""Model dispersion"", ""value"": 0.0162, ""impact"": ""positive""}]","[{""label"": ""Historical xG"", ""value"": ""unavailable"", ""impact"": ""negative""}, {""label"": ""Decision rule"", ""value"": ""edge below minimum"", ""impact"": ""negative""}]","[{""label"": ""Raw edge"", ""value"": 0.0615, ""impact"": ""neutral""}, {""label"": ""Model-market gap"", ""value"": 0.0287, ""impact"": ""neutral""}, {""label"": ""Probability source"", ""value"": ""FOOTBALL_V13_FALLBACK"", ""impact"": ""neutral""}]","REJECT: positive=5, negative=2, neutral=3, confidence=1.000, risk=high",2026-09-20T18:21:38+00:00,2026-09-20T18:21:38+00:00
761a48ccf62834916bc6b2e9,soccer_austria_bundesliga,Austrian Bundesliga,Rapid Wien vs Hartberg,Draw,1xBet,2026-10-16T17:30:00Z,BLOCK,REJECT,0.1966727783596967,0.1710359216076801,0.23321482172967256,0.11689168945349118,1.0,high,"[{""label"": ""Raw edge"", ""value"": 0.2332, ""impact"": ""positive""}, {""label"": ""Consensus safety"", ""value"": 0.887, ""impact"": ""positive""}, {""label"": ""Model-market gap"", ""value"": 0.0416, ""impact"": ""positive""}, {""label"": ""Form separation"", ""value"": -0.1667, ""impact"": ""positive""}, {""label"": ""Competition importance"", ""value"": 0.85, ""impact"": ""positive""}, {""label"": ""Model dispersion"", ""value"": 0.0015, ""impact"": ""positive""}]","[{""label"": ""Historical xG"", ""value"": ""unavailable"", ""impact"": ""negative""}, {""label"": ""Decision rule"", ""value"": ""odds above maximum"", ""impact"": ""negative""}]","[{""label"": ""ELO separation"", ""value"": 46.6, ""impact"": ""neutral""}, {""label"": ""Probability source"", ""value"": ""FOOTBALL_V13_FALLBACK"", ""impact"": ""neutral""}]","REJECT: positive=6, negative=2, neutral=2, confidence=1.000, risk=high",2026-09-20T18:21:38+00:00,2026-09-20T18:21:38+00:00
c15860b6611f17a4c7b215f7,soccer_austria_bundesliga,Austrian Bundesliga,Rapid Wien vs Hartberg,Hartberg,1xBet,2026-10-16T17:30:00Z,BLOCK,REJECT,0.14816228409830767,0.11180737998315432,0.5007743908256601,0.24625808262722404,1.0,high,"[{""label"": ""Raw edge"", ""value"": 0.5008, ""impact"": ""positive""}, {""label"": ""Model-market gap"", ""value"": 0.0597, ""impact"": ""positive""}, {""label"": ""Form separation"", ""value"": -0.1667, ""impact"": ""positive""}, {""label"": ""Competition importance"", ""value"": 0.85, ""impact"": ""positive""}, {""label"": ""Model dispersion"", ""value"": 0.0268, ""impact"": ""positive""}]","[{""label"": ""Historical xG"", ""value"": ""unavailable"", ""impact"": ""negative""}, {""label"": ""Decision rule"", ""value"": ""edge above max guard"", ""impact"": ""negative""}]","[{""label"": ""Consensus safety"", ""value"": 0.748, ""impact"": ""neutral""}, {""label"": ""ELO separation"", ""value"": 46.6, ""impact"": ""neutral""}, {""label"": ""Probability source"", ""value"": ""FOOTBALL_V13_FALLBACK"", ""impact"": ""neutral""}]","REJECT: positive=5, negative=2, neutral=3, confidence=1.000, risk=high",2026-09-20T18:21:38+00:00,2026-09-20T18:21:38+00:00
a32400de0ee8146484c6b248,soccer_austria_bundesliga,Austrian Bundesliga,Rapid Wien vs Hartberg,Rapid Wien,William Hill,2026-10-16T17:30:00Z,BLOCK,REJECT,0.6809563911098613,0.7171566984091656,-0.15161653668658337,-0.10652469044290237,1.0,high,"[{""label"": ""Form separation"", ""value"": -0.1667, ""impact"": ""positive""}, {""label"": ""Competition importance"", ""value"": 0.85, ""impact"": ""positive""}, {""label"": ""Model dispersion"", ""value"": 0.0282, ""impact"": ""positive""}]","[{""label"": ""Raw edge"", ""value"": -0.1516, ""impact"": ""negative""}, {""label"": ""Model-market gap"", ""value"": -0.0595, ""impact"": ""negative""}, {""label"": ""Historical xG"", ""value"": ""unavailable"", ""impact"": ""negative""}, {""label"": ""Decision rule"", ""value"": ""edge below minimum"", ""impact"": ""negative""}]","[{""label"": ""Consensus safety"", ""value"": 0.637, ""impact"": ""neutral""}, {""label"": ""ELO separation"", ""value"": 46.6, ""impact"": ""neutral""}, {""label"": ""Probability source"", ""value"": ""FOOTBALL_V13_FALLBACK"", ""impact"": ""neutral""}]","REJECT: positive=3, negative=4, neutral=3, confidence=1.000, risk=high",2026-09-20T18:21:38+00:00,2026-09-20T18:21:38+00:00
b8d1f33c2d461275c275abbb,soccer_austria_bundesliga,Austrian Bundesliga,Austria Lustenau vs LASK,Austria Lustenau,1xBet,2026-10-17T15:00:00Z,BLOCK,REJECT,0.1562737602195205,0.12246205154387407,0.4416607906496304,0.20677198399068664,0.964678571815929,high,"[{""label"": ""Raw edge"", ""value"": 0.4417, ""impact"": ""positive""}, {""label"": ""Model-market gap"", ""value"": 0.0566, ""impact"": ""positive""}, {""label"": ""Form separation"", ""value"": -0.3333, ""impact"": ""positive""}, {""label"": ""Competition importance"", ""value"": 0.85, ""impact"": ""positive""}, {""label"": ""Model dispersion"", ""value"": 0.0586, ""impact"": ""positive""}]","[{""label"": ""Historical xG"", ""value"": ""unavailable"", ""impact"": ""negative""}, {""label"": ""Decision rule"", ""value"": ""edge above max guard"", ""impact"": ""negative""}]","[{""label"": ""Consensus safety"", ""value"": 0.715, ""impact"": ""neutral""}, {""label"": ""ELO separation"", ""value"": 30.3, ""impact"": ""neutral""}, {""label"": ""Probability source"", ""value"": ""FOOTBALL_V13_FALLBACK"", ""impact"": ""neutral""}]","REJECT: positive=5, negative=2, neutral=3, confidence=0.965, risk=high",2026-09-20T18:21:38+00:00,2026-09-20T18:21:38+00:00
23bac18a82534c885dff77e1,soccer_austria_bundesliga,Austrian Bundesliga,Austria Lustenau vs LASK,Draw,1xBet,2026-10-17T15:00:00Z,BLOCK,REJECT,0.20418229445389469,0.18143458366135523,0.15432180791619765,0.06826152801022471,1.0,high,"[{""label"": ""Raw edge"", ""value"": 0.1543, ""impact"": ""positive""}, {""label"": ""Consensus safety"", ""value"": 0.9, ""impact"": ""positive""}, {""label"": ""Form separation"", ""value"": -0.3333, ""impact"": ""positive""}, {""label"": ""Competition importance"", ""value"": 0.85, ""impact"": ""positive""}, {""label"": ""Model dispersion"", ""value"": 0.0048, ""impact"": ""positive""}]","[{""label"": ""Historical xG"", ""value"": ""unavailable"", ""impact"": ""negative""}, {""label"": ""Decision rule"", ""value"": ""odds above maximum"", ""impact"": ""negative""}]","[{""label"": ""Model-market gap"", ""value"": 0.0364, ""impact"": ""neutral""}, {""label"": ""ELO separation"", ""value"": 30.3, ""impact"": ""neutral""}, {""label"": ""Probability source"", ""value"": ""FOOTBALL_V13_FALLBACK"", ""impact"": ""neutral""}]","REJECT: positive=5, negative=2, neutral=3, confidence=1.000, risk=high",2026-09-20T18:21:39+00:00,2026-09-20T18:21:39+00:00
28d6f4b8cc50d0a4d19fe031,soccer_austria_bundesliga,Austrian Bundesliga,Austria Lustenau vs LASK,LASK,1xBet,2026-10-17T15:00:00Z,BLOCK,REJECT,0.6633107399465377,0.6961033647947708,-0.14210531937499638,-0.08673975122478461,0.9392312302413126,high,"[{""label"": ""Form separation"", ""value"": -0.3333, ""impact"": ""positive""}, {""label"": ""Competition importance"", ""value"": 0.85, ""impact"": ""positive""}, {""label"": ""Model dispersion"", ""value"": 0.0632, ""impact"": ""positive""}]","[{""label"": ""Raw edge"", ""value"": -0.1421, ""impact"": ""negative""}, {""label"": ""Model-market gap"", ""value"": -0.0559, ""impact"": ""negative""}, {""label"": ""Historical xG"", ""value"": ""unavailable"", ""impact"": ""negative""}, {""label"": ""Decision rule"", ""value"": ""edge below minimum"", ""impact"": ""negative""}]","[{""label"": ""Consensus safety"", ""value"": 0.619, ""impact"": ""neutral""}, {""label"": ""ELO separation"", ""value"": 30.3, ""impact"": ""neutral""}, {""label"": ""Probability source"", ""value"": ""FOOTBALL_V13_FALLBACK"", ""impact"": ""neutral""}]","REJECT: positive=3, negative=4, neutral=3, confidence=0.939, risk=high",2026-09-20T18:21:39+00:00,2026-09-20T18:21:39+00:00
8145d7d4e698a0552d19565c,soccer_austria_bundesliga,Austrian Bundesliga,Ried vs Austria Wien,Austria Wien,William Hill,2026-10-17T17:30:00Z,BLOCK,REJECT,0.3175457260345387,0.3244282561565118,-0.09119696325701387,-0.06932808718405725,1.0,high,"[{""label"": ""Consensus safety"", ""value"": 0.947, ""impact"": ""positive""}, {""label"": ""ELO separation"", ""value"": 125.8, ""impact"": ""positive""}, {""label"": ""Form separation"", ""value"": 0.4167, ""impact"": ""positive""}, {""label"": ""Competition importance"", ""value"": 0.85, ""impact"": ""positive""}, {""label"": ""Model dispersion"", ""value"": 0.0183, ""impact"": ""positive""}]","[{""label"": ""Raw edge"", ""value"": -0.0912, ""impact"": ""negative""}, {""label"": ""Model-market gap"", ""value"": -0.011, ""impact"": ""negative""}, {""label"": ""Historical xG"", ""value"": ""unavailable"", ""impact"": ""negative""}, {""label"": ""Decision rule"", ""value"": ""edge below minimum"", ""impact"": ""negative""}]","[{""label"": ""Probability source"", ""value"": ""FOOTBALL_V13_FALLBACK"", ""impact"": ""neutral""}]","REJECT: positive=5, negative=4, neutral=1, confidence=1.000, risk=high",2026-09-20T18:21:39+00:00,2026-09-20T18:21:39+00:00
c38007d4e8f518ca2b4a934b,soccer_austria_bundesliga,Austrian Bundesliga,Ried vs Austria Wien,Draw,1xBet,2026-10-17T17:30:00Z,BLOCK,REJECT,0.2694515112693742,0.26982382804701854,-0.05769633469851976,-0.04728742815648534,1.0,high,"[{""label"": ""Consensus safety"", ""value"": 0.985, ""impact"": ""positive""}, {""label"": ""ELO separation"", ""value"": 125.8, ""impact"": ""positive""}, {""label"": ""Form separation"", ""value"": 0.4167, ""impact"": ""positive""}, {""label"": ""Competition importance"", ""value"": 0.85, ""impact"": ""positive""}, {""label"": ""Model dispersion"", ""value"": 0.0063, ""impact"": ""positive""}]","[{""label"": ""Raw edge"", ""value"": -0.0577, ""impact"": ""negative""}, {""label"": ""Model-market gap"", ""value"": -0.0006, ""impact"": ""negative""}, {""label"": ""Historical xG"", ""value"": ""unavailable"", ""impact"": ""negative""}, {""label"": ""Decision rule"", ""value"": ""edge below minimum"", ""impact"": ""negative""}]","[{""label"": ""Probability source"", ""value"": ""FOOTBALL_V13_FALLBACK"", ""impact"": ""neutral""}]","REJECT: positive=5, negative=4, neutral=1, confidence=1.000, risk=high",2026-09-20T18:21:39+00:00,2026-09-20T18:21:39+00:00
055206fc6e6f1da4bd1f3181,soccer_austria_bundesliga,Austrian Bundesliga,Ried vs Austria Wien,Ried,1xBet,2026-10-17T17:30:00Z,BLOCK,REJECT,0.41280058873975956,0.4057479157964696,0.04275561515299531,0.026585997823368675,1.0,high,"[{""label"": ""Consensus safety"", ""value"": 0.934, ""impact"": ""positive""}, {""label"": ""ELO separation"", ""value"": 125.8, ""impact"": ""positive""}, {""label"": ""Form separation"", ""value"": 0.4167, ""impact"": ""positive""}, {""label"": ""Competition importance"", ""value"": 0.85, ""impact"": ""positive""}, {""label"": ""Model dispersion"", ""value"": 0.0244, ""impact"": ""positive""}]","[{""label"": ""Historical xG"", ""value"": ""unavailable"", ""impact"": ""negative""}, {""label"": ""Decision rule"", ""value"": ""edge below minimum"", ""impact"": ""negative""}]","[{""label"": ""Raw edge"", ""value"": 0.0428, ""impact"": ""neutral""}, {""label"": ""Model-market gap"", ""value"": 0.0114, ""impact"": ""neutral""}, {""label"": ""Probability source"", ""value"": ""FOOTBALL_V13_FALLBACK"", ""impact"": ""neutral""}]","REJECT: positive=5, negative=2, neutral=3, confidence=1.000, risk=high",2026-09-20T18:21:39+00:00,2026-09-20T18:21:39+00:00
b3edaf395ce2857b10a572f9,soccer_austria_bundesliga,Austrian Bundesliga,RB Salzburg vs Rheindorf Altach,Draw,Codere (IT),2026-10-18T12:30:00Z,BLOCK,REJECT,0.17978264194063778,0.15267454892500573,0.18139083057541905,0.06601756394384438,1.0,high,"[{""label"": ""Raw edge"", ""value"": 0.1814, ""impact"": ""positive""}, {""label"": ""Consensus safety"", ""value"": 0.878, ""impact"": ""positive""}, {""label"": ""Model-market gap"", ""value"": 0.0442, ""impact"": ""positive""}, {""label"": ""ELO separation"", ""value"": 127.7, ""impact"": ""positive""}, {""label"": ""Form separation"", ""value"": 0.5278, ""impact"": ""positive""}, {""label"": ""Competition importance"", ""value"": 0.85, ""impact"": ""positive""}, {""label"": ""Model dispersion"", ""value"": 0.0083, ""impact"": ""positive""}]","[{""label"": ""Historical xG"", ""value"": ""unavailable"", ""impact"": ""negative""}, {""label"": ""Decision rule"", ""value"": ""odds above maximum"", ""impact"": ""negative""}]","[{""label"": ""Probability source"", ""value"": ""FOOTBALL_V13_FALLBACK"", ""impact"": ""neutral""}]","REJECT: positive=7, negative=2, neutral=1, confidence=1.000, risk=high",2026-09-20T18:21:39+00:00,2026-09-20T18:21:39+00:00
f570fbc03a047ee9aa639681,soccer_austria_bundesliga,Austrian Bundesliga,RB Salzburg vs Rheindorf Altach,RB Salzburg,Codere (IT),2026-10-18T12:30:00Z,BLOCK,REJECT,0.7182261419380538,0.7526109536547899,-0.16576498006318474,-0.11447601318587011,0.987923093504472,high,"[{""label"": ""ELO separation"", ""value"": 127.7, ""impact"": ""positive""}, {""label"": ""Form separation"", ""value"": 0.5278, ""impact"": ""positive""}, {""label"": ""Competition importance"", ""value"": 0.85, ""impact"": ""positive""}, {""label"": ""Model dispersion"", ""value"": 0.0412, ""impact"": ""positive""}]","[{""label"": ""Raw edge"", ""value"": -0.1658, ""impact"": ""negative""}, {""label"": ""Model-market gap"", ""value"": -0.0574, ""impact"": ""negative""}, {""label"": ""Historical xG"", ""value"": ""unavailable"", ""impact"": ""negative""}, {""label"": ""Decision rule"", ""value"": ""edge below minimum"", ""impact"": ""negative""}]","[{""label"": ""Consensus safety"", ""value"": 0.67, ""impact"": ""neutral""}, {""label"": ""Probability source"", ""value"": ""FOOTBALL_V13_FALLBACK"", ""impact"": ""neutral""}]","REJECT: positive=4, negative=4, neutral=2, confidence=0.988, risk=high",2026-09-20T18:21:39+00:00,2026-09-20T18:21:39+00:00
42b3c7aaa67f09ea6009f49e,soccer_austria_bundesliga,Austrian Bundesliga,RB Salzburg vs Rheindorf Altach,Rheindorf Altach,William Hill,2026-10-18T12:30:00Z,BLOCK,REJECT,0.13021768032931552,0.09471449742020432,0.6869342289247069,0.378893701543034,1.0,high,"[{""label"": ""Raw edge"", ""value"": 0.6869, ""impact"": ""positive""}, {""label"": ""Model-market gap"", ""value"": 0.0586, ""impact"": ""positive""}, {""label"": ""ELO separation"", ""value"": 127.7, ""impact"": ""positive""}, {""label"": ""Form separation"", ""value"": 0.5278, ""impact"": ""positive""}, {""label"": ""Competition importance"", ""value"": 0.85, ""impact"": ""positive""}, {""label"": ""Model dispersion"", ""value"": 0.0335, ""impact"": ""positive""}]","[{""label"": ""Historical xG"", ""value"": ""unavailable"", ""impact"": ""negative""}, {""label"": ""Decision rule"", ""value"": ""edge above max guard"", ""impact"": ""negative""}]","[{""label"": ""Consensus safety"", ""value"": 0.79, ""impact"": ""neutral""}, {""label"": ""Probability source"", ""value"": ""FOOTBALL_V13_FALLBACK"", ""impact"": ""neutral""}]","REJECT: positive=6, negative=2, neutral=2, confidence=1.000, risk=high",2026-09-20T18:21:39+00:00,2026-09-20T18:21:39+00:00
00519d4f611d87a15c9f93fe,soccer_austria_bundesliga,Austrian Bundesliga,Wolfsberger AC vs WSG Tirol,Draw,1xBet,2026-10-18T12:30:00Z,BLOCK,REJECT,0.25732102023704434,0.252338103498272,-0.03686167292064846,-0.03980424146819526,1.0,high,"[{""label"": ""Consensus safety"", ""value"": 0.978, ""impact"": ""positive""}, {""label"": ""ELO separation"", ""value"": 89.2, ""impact"": ""positive""}, {""label"": ""Form separation"", ""value"": 0.1111, ""impact"": ""positive""}, {""label"": ""Competition importance"", ""value"": 0.85, ""impact"": ""positive""}, {""label"": ""Model dispersion"", ""value"": 0.0038, ""impact"": ""positive""}]","[{""label"": ""Raw edge"", ""value"": -0.0369, ""impact"": ""negative""}, {""label"": ""Historical xG"", ""value"": ""unavailable"", ""impact"": ""negative""}, {""label"": ""Decision rule"", ""value"": ""edge below minimum"", ""impact"": ""negative""}]","[{""label"": ""Model-market gap"", ""value"": 0.008, ""impact"": ""neutral""}, {""label"": ""Probability source"", ""value"": ""FOOTBALL_V13_FALLBACK"", ""impact"": ""neutral""}]","REJECT: positive=5, negative=3, neutral=2, confidence=1.000, risk=high",2026-09-20T18:21:39+00:00,2026-09-20T18:21:39+00:00
7a91956c0f8c7506da815f9a,soccer_austria_bundesliga,Austrian Bundesliga,Wolfsberger AC vs WSG Tirol,Wolfsberger AC,William Hill,2026-10-18T12:30:00Z,BLOCK,REJECT,0.39899172057897764,0.3939751058532393,-0.043158281651814234,-0.04416367811285103,1.0,high,"[{""label"": ""Consensus safety"", ""value"": 0.959, ""impact"": ""positive""}, {""label"": ""ELO separation"", ""value"": 89.2, ""impact"": ""positive""}, {""label"": ""Form separation"", ""value"": 0.1111, ""impact"": ""positive""}, {""label"": ""Competition importance"", ""value"": 0.85, ""impact"": ""positive""}, {""label"": ""Model dispersion"", ""value"": 0.0131, ""impact"": ""positive""}]","[{""label"": ""Raw edge"", ""value"": -0.0432, ""impact"": ""negative""}, {""label"": ""Historical xG"", ""value"": ""unavailable"", ""impact"": ""negative""}, {""label"": ""Decision rule"", ""value"": ""edge below minimum"", ""impact"": ""negative""}]","[{""label"": ""Model-market gap"", ""value"": 0.0081, ""impact"": ""neutral""}, {""label"": ""Probability source"", ""value"": ""FOOTBALL_V13_FALLBACK"", ""impact"": ""neutral""}]","REJECT: positive=5, negative=3, neutral=2, confidence=1.000, risk=high",2026-09-20T18:21:39+00:00,2026-09-20T18:21:39+00:00
7c92a3c45bd7797158d9e422,soccer_austria_bundesliga,Austrian Bundesliga,Wolfsberger AC vs WSG Tirol,WSG Tirol,William Hill,2026-10-18T12:30:00Z,BLOCK,REJECT,0.3437204948623181,0.3536867906484888,-0.1152144234940995,-0.08714692904851276,1.0,high,"[{""label"": ""Consensus safety"", ""value"": 0.948, ""impact"": ""positive""}, {""label"": ""ELO separation"", ""value"": 89.2, ""impact"": ""positive""}, {""label"": ""Form separation"", ""value"": 0.1111, ""impact"": ""positive""}, {""label"": ""Competition importance"", ""value"": 0.85, ""impact"": ""positive""}, {""label"": ""Model dispersion"", ""value"": 0.0094, ""impact"": ""positive""}]","[{""label"": ""Raw edge"", ""value"": -0.1152, ""impact"": ""negative""}, {""label"": ""Model-market gap"", ""value"": -0.016, ""impact"": ""negative""}, {""label"": ""Historical xG"", ""value"": ""unavailable"", ""impact"": ""negative""}, {""label"": ""Decision rule"", ""value"": ""edge below minimum"", ""impact"": ""negative""}]","[{""label"": ""Probability source"", ""value"": ""FOOTBALL_V13_FALLBACK"", ""impact"": ""neutral""}]","REJECT: positive=5, negative=4, neutral=1, confidence=1.000, risk=high",2026-09-20T18:21:39+00:00,2026-09-20T18:21:39+00:00
5fa77d3eda2d0e80a57b3da6,soccer_austria_bundesliga,Austrian Bundesliga,Sturm Graz vs Grazer AK,Draw,1xBet,2026-10-18T15:00:00Z,BLOCK,REJECT,0.24617749693871332,0.23966357037203104,-0.023270749137279778,-0.03315433980784792,1.0,high,"[{""label"": ""Consensus safety"", ""value"": 0.968, ""impact"": ""positive""}, {""label"": ""ELO separation"", ""value"": 119.7, ""impact"": ""positive""}, {""label"": ""Form separation"", ""value"": 0.4167, ""impact"": ""positive""}, {""label"": ""Competition importance"", ""value"": 0.85, ""impact"": ""positive""}, {""label"": ""Model dispersion"", ""value"": 0.0068, ""impact"": ""positive""}]","[{""label"": ""Raw edge"", ""value"": -0.0233, ""impact"": ""negative""}, {""label"": ""Historical xG"", ""value"": ""unavailable"", ""impact"": ""negative""}, {""label"": ""Decision rule"", ""value"": ""edge below minimum"", ""impact"": ""negative""}]","[{""label"": ""Model-market gap"", ""value"": 0.0108, ""impact"": ""neutral""}, {""label"": ""Probability source"", ""value"": ""FOOTBALL_V13_FALLBACK"", ""impact"": ""neutral""}]","REJECT: positive=5, negative=3, neutral=2, confidence=1.000, risk=high",2026-09-20T18:21:39+00:00,2026-09-20T18:21:39+00:00
4571f9f97a6cfb6080ca5fe8,soccer_austria_bundesliga,Austrian Bundesliga,Sturm Graz vs Grazer AK,Grazer AK,1xBet,2026-10-18T15:00:00Z,BLOCK,REJECT,0.22486174013378676,0.2051995125764437,0.0898657121538795,0.024812542403344753,1.0,high,"[{""label"": ""Raw edge"", ""value"": 0.0899, ""impact"": ""positive""}, {""label"": ""Consensus safety"", ""value"": 0.898, ""impact"": ""positive""}, {""label"": ""ELO separation"", ""value"": 119.7, ""impact"": ""positive""}, {""label"": ""Form separation"", ""value"": 0.4167, ""impact"": ""positive""}, {""label"": ""Competition importance"", ""value"": 0.85, ""impact"": ""positive""}, {""label"": ""Model dispersion"", ""value"": 0.0206, ""impact"": ""positive""}]","[{""label"": ""Historical xG"", ""value"": ""unavailable"", ""impact"": ""negative""}, {""label"": ""Decision rule"", ""value"": ""edge below minimum"", ""impact"": ""negative""}]","[{""label"": ""Model-market gap"", ""value"": 0.0328, ""impact"": ""neutral""}, {""label"": ""Probability source"", ""value"": ""FOOTBALL_V13_FALLBACK"", ""impact"": ""neutral""}]","REJECT: positive=6, negative=2, neutral=2, confidence=1.000, risk=high",2026-09-20T18:21:39+00:00,2026-09-20T18:21:39+00:00
648152256b5caa1db54fa22d,soccer_austria_bundesliga,Austrian Bundesliga,Sturm Graz vs Grazer AK,Sturm Graz,William Hill,2026-10-18T15:00:00Z,BLOCK,REJECT,0.5300378827956986,0.5551369170515252,-0.14298547262880368,-0.1006278237173285,1.0,high,"[{""label"": ""Consensus safety"", ""value"": 0.866, ""impact"": ""positive""}, {""label"": ""ELO separation"", ""value"": 119.7, ""impact"": ""positive""}, {""label"": ""Form separation"", ""value"": 0.4167, ""impact"": ""positive""}, {""label"": ""Competition importance"", ""value"": 0.85, ""impact"": ""positive""}, {""label"": ""Model dispersion"", ""value"": 0.0269, ""impact"": ""positive""}]","[{""label"": ""Raw edge"", ""value"": -0.143, ""impact"": ""negative""}, {""label"": ""Model-market gap"", ""value"": -0.042, ""impact"": ""negative""}, {""label"": ""Historical xG"", ""value"": ""unavailable"", ""impact"": ""negative""}, {""label"": ""Decision rule"", ""value"": ""edge below minimum"", ""impact"": ""negative""}]","[{""label"": ""Probability source"", ""value"": ""FOOTBALL_V13_FALLBACK"", ""impact"": ""neutral""}]","REJECT: positive=5, negative=4, neutral=1, confidence=1.000, risk=high",2026-09-20T18:21:39+00:00,2026-09-20T18:21:39+00:00
be0a20dc1bda68f010a6098a,soccer_norway_eliteserien,Eliteserien,SK Brann vs Bodø/Glimt,Bodø/Glimt,Betfair,2026-09-20T17:16:00Z,BLOCK,REJECT,0.49483237928592305,0.5167103236407604,-0.08637635455662152,-0.0419398193434816,0.9268143513384405,high,"[{""label"": ""Form separation"", ""value"": -0.5644, ""impact"": ""positive""}, {""label"": ""Model dispersion"", ""value"": 0.0793, ""impact"": ""positive""}]","[{""label"": ""Raw edge"", ""value"": -0.0864, ""impact"": ""negative""}, {""label"": ""Model-market gap"", ""value"": -0.0384, ""impact"": ""negative""}, {""label"": ""Historical xG"", ""value"": ""unavailable"", ""impact"": ""negative""}, {""label"": ""Decision rule"", ""value"": ""edge below minimum"", ""impact"": ""negative""}]","[{""label"": ""Consensus safety"", ""value"": 0.774, ""impact"": ""neutral""}, {""label"": ""ELO separation"", ""value"": 37.0, ""impact"": ""neutral""}, {""label"": ""Competition importance"", ""value"": 0.68, ""impact"": ""neutral""}, {""label"": ""Probability source"", ""value"": ""FOOTBALL_V13_FALLBACK"", ""impact"": ""neutral""}]","REJECT: positive=2, negative=4, neutral=4, confidence=0.927, risk=high",2026-09-20T18:21:39+00:00,2026-09-20T18:21:39+00:00
a148542480f068b69e757b50,soccer_norway_eliteserien,Eliteserien,SK Brann vs Bodø/Glimt,Draw,Betfair,2026-09-20T17:16:00Z,BLOCK,REJECT,0.2806231982095072,0.28448477872963823,-0.04009300207478084,-0.026266765044982866,1.0,high,"[{""label"": ""Consensus safety"", ""value"": 0.978, ""impact"": ""positive""}, {""label"": ""Form separation"", ""value"": -0.5644, ""impact"": ""positive""}, {""label"": ""Model dispersion"", ""value"": 0.0059, ""impact"": ""positive""}]","[{""label"": ""Raw edge"", ""value"": -0.0401, ""impact"": ""negative""}, {""label"": ""Model-market gap"", ""value"": -0.0063, ""impact"": ""negative""}, {""label"": ""Historical xG"", ""value"": ""unavailable"", ""impact"": ""negative""}, {""label"": ""Decision rule"", ""value"": ""edge below minimum"", ""impact"": ""negative""}]","[{""label"": ""ELO separation"", ""value"": 37.0, ""impact"": ""neutral""}, {""label"": ""Competition importance"", ""value"": 0.68, ""impact"": ""neutral""}, {""label"": ""Probability source"", ""value"": ""FOOTBALL_V13_FALLBACK"", ""impact"": ""neutral""}]","REJECT: positive=3, negative=4, neutral=3, confidence=1.000, risk=high",2026-09-20T18:21:39+00:00,2026-09-20T18:21:39+00:00
b3d15cf3931ab2fded214626,soccer_norway_eliteserien,Eliteserien,SK Brann vs Bodø/Glimt,SK Brann,Betfair,2026-09-20T17:16:00Z,BLOCK,REJECT,0.22381987991123137,0.19880489762960146,0.2349957421915867,0.1099200203287991,0.9420628454403767,high,"[{""label"": ""Raw edge"", ""value"": 0.235, ""impact"": ""positive""}, {""label"": ""Model-market gap"", ""value"": 0.0434, ""impact"": ""positive""}, {""label"": ""Form separation"", ""value"": -0.5644, ""impact"": ""positive""}, {""label"": ""Model dispersion"", ""value"": 0.0741, ""impact"": ""positive""}]","[{""label"": ""Historical xG"", ""value"": ""unavailable"", ""impact"": ""negative""}, {""label"": ""Decision rule"", ""value"": ""odds above maximum"", ""impact"": ""negative""}]","[{""label"": ""Consensus safety"", ""value"": 0.771, ""impact"": ""neutral""}, {""label"": ""ELO separation"", ""value"": 37.0, ""impact"": ""neutral""}, {""label"": ""Competition importance"", ""value"": 0.68, ""impact"": ""neutral""}, {""label"": ""Probability source"", ""value"": ""FOOTBALL_V13_FALLBACK"", ""impact"": ""neutral""}]","REJECT: positive=4, negative=2, neutral=4, confidence=0.942, risk=high",2026-09-20T18:21:39+00:00,2026-09-20T18:21:39+00:00
718859e1750b960f9ba227b3,soccer_spain_segunda_division,Segunda Division,Almería vs Celta Fortuna,Celta Fortuna,Betfair,2026-09-20T16:30:00Z,BLOCK,REJECT,0.3827698660046947,0.38594470046082946,86.46905691638523,70.16976344770981,0.9735842890710005,high,"[{""label"": ""Raw edge"", ""value"": 86.4691, ""impact"": ""positive""}, {""label"": ""Consensus safety"", ""value"": 0.861, ""impact"": ""positive""}, {""label"": ""Form separation"", ""value"": -0.6667, ""impact"": ""positive""}, {""label"": ""Model dispersion"", ""value"": 0.0609, ""impact"": ""positive""}]","[{""label"": ""Model-market gap"", ""value"": -0.0056, ""impact"": ""negative""}, {""label"": ""Historical xG"", ""value"": ""unavailable"", ""impact"": ""negative""}, {""label"": ""Decision rule"", ""value"": ""edge above max guard"", ""impact"": ""negative""}]","[{""label"": ""ELO separation"", ""value"": 42.8, ""impact"": ""neutral""}, {""label"": ""Competition importance"", ""value"": 0.72, ""impact"": ""neutral""}, {""label"": ""Probability source"", ""value"": ""FOOTBALL_V13_FALLBACK"", ""impact"": ""neutral""}]","REJECT: positive=4, negative=3, neutral=3, confidence=0.974, risk=high",2026-09-20T18:21:39+00:00,2026-09-20T18:21:39+00:00
67f17d0666e4c5a8c738bd06,soccer_spain_segunda_division,Segunda Division,Almería vs Celta Fortuna,Draw,Betsson,2026-09-20T16:30:00Z,BLOCK,REJECT,0.5806326512981446,0.6140552995391706,44.13319407455061,42.129917608546194,1.0,high,"[{""label"": ""Raw edge"", ""value"": 44.1332, ""impact"": ""positive""}, {""label"": ""Form separation"", ""value"": -0.6667, ""impact"": ""positive""}, {""label"": ""Model dispersion"", ""value"": 0.0072, ""impact"": ""positive""}]","[{""label"": ""Model-market gap"", ""value"": -0.0569, ""impact"": ""negative""}, {""label"": ""Historical xG"", ""value"": ""unavailable"", ""impact"": ""negative""}, {""label"": ""Decision rule"", ""value"": ""edge above max guard"", ""impact"": ""negative""}]","[{""label"": ""Consensus safety"", ""value"": 0.629, ""impact"": ""neutral""}, {""label"": ""ELO separation"", ""value"": 42.8, ""impact"": ""neutral""}, {""label"": ""Competition importance"", ""value"": 0.72, ""impact"": ""neutral""}, {""label"": ""Probability source"", ""value"": ""FOOTBALL_V13_FALLBACK"", ""impact"": ""neutral""}]","REJECT: positive=3, negative=3, neutral=4, confidence=1.000, risk=high",2026-09-20T18:21:39+00:00,2026-09-20T18:21:39+00:00
b033501ee6c1696cce2b07eb,soccer_spain_segunda_division,Segunda Division,Las Palmas vs Burgos CF,Burgos CF,Matchbook,2026-09-20T16:31:00Z,BLOCK,REJECT,0.13034052412786834,0.09875147473779189,1.3016922957474688,0.7995638730556031,1.0,high,"[{""label"": ""Raw edge"", ""value"": 1.3017, ""impact"": ""positive""}, {""label"": ""Model-market gap"", ""value"": 0.0547, ""impact"": ""positive""}, {""label"": ""ELO separation"", ""value"": 65.7, ""impact"": ""positive""}, {""label"": ""Form separation"", ""value"": 0.1667, ""impact"": ""positive""}, {""label"": ""Model dispersion"", ""value"": 0.0082, ""impact"": ""positive""}]","[{""label"": ""Historical xG"", ""value"": ""unavailable"", ""impact"": ""negative""}, {""label"": ""Decision rule"", ""value"": ""edge above max guard"", ""impact"": ""negative""}]","[{""label"": ""Consensus safety"", ""value"": 0.748, ""impact"": ""neutral""}, {""label"": ""Competition importance"", ""value"": 0.72, ""impact"": ""neutral""}, {""label"": ""Probability source"", ""value"": ""FOOTBALL_V13_FALLBACK"", ""impact"": ""neutral""}]","REJECT: positive=5, negative=2, neutral=3, confidence=1.000, risk=high",2026-09-20T18:21:39+00:00,2026-09-20T18:21:39+00:00
de58d89bce40e4a478fcf583,soccer_spain_segunda_division,Segunda Division,Las Palmas vs Burgos CF,Draw,Pinnacle,2026-09-20T16:31:00Z,BLOCK,REJECT,0.7283362566941464,0.7603250991953678,-0.11869558719699269,-0.07417912385490939,1.0,high,"[{""label"": ""ELO separation"", ""value"": 65.7, ""impact"": ""positive""}, {""label"": ""Form separation"", ""value"": 0.1667, ""impact"": ""positive""}, {""label"": ""Model dispersion"", ""value"": 0.0045, ""impact"": ""positive""}]","[{""label"": ""Raw edge"", ""value"": -0.1187, ""impact"": ""negative""}, {""label"": ""Consensus safety"", ""value"": 0.473, ""impact"": ""negative""}, {""label"": ""Model-market gap"", ""value"": -0.0553, ""impact"": ""negative""}, {""label"": ""Historical xG"", ""value"": ""unavailable"", ""impact"": ""negative""}, {""label"": ""Decision rule"", ""value"": ""edge below minimum"", ""impact"": ""negative""}]","[{""label"": ""Competition importance"", ""value"": 0.72, ""impact"": ""neutral""}, {""label"": ""Probability source"", ""value"": ""FOOTBALL_V13_FALLBACK"", ""impact"": ""neutral""}]","REJECT: positive=3, negative=5, neutral=2, confidence=1.000, risk=high",2026-09-20T18:21:39+00:00,2026-09-20T18:21:39+00:00
3e79715869144ef6ece83c96,soccer_spain_segunda_division,Segunda Division,Las Palmas vs Burgos CF,Las Palmas,Matchbook,2026-09-20T16:31:00Z,BLOCK,REJECT,0.17235475873798378,0.14092342606684036,0.9538605539906579,0.6057143223004,1.0,high,"[{""label"": ""Raw edge"", ""value"": 0.9539, ""impact"": ""positive""}, {""label"": ""Model-market gap"", ""value"": 0.0545, ""impact"": ""positive""}, {""label"": ""ELO separation"", ""value"": 65.7, ""impact"": ""positive""}, {""label"": ""Form separation"", ""value"": 0.1667, ""impact"": ""positive""}, {""label"": ""Model dispersion"", ""value"": 0.0096, ""impact"": ""positive""}]","[{""label"": ""Historical xG"", ""value"": ""unavailable"", ""impact"": ""negative""}, {""label"": ""Decision rule"", ""value"": ""edge above max guard"", ""impact"": ""negative""}]","[{""label"": ""Consensus safety"", ""value"": 0.724, ""impact"": ""neutral""}, {""label"": ""Competition importance"", ""value"": 0.72, ""impact"": ""neutral""}, {""label"": ""Probability source"", ""value"": ""FOOTBALL_V13_FALLBACK"", ""impact"": ""neutral""}]","REJECT: positive=5, negative=2, neutral=3, confidence=1.000, risk=high",2026-09-20T18:21:39+00:00,2026-09-20T18:21:39+00:00
897efec4efea7dfe0588a3ab,soccer_spain_segunda_division,Segunda Division,Leganés vs Granada CF,Draw,Unibet (SE),2026-09-20T19:00:00Z,BLOCK,REJECT,0.2950418265087265,0.30210863172279273,-0.07047892088886831,-0.04626163527205482,1.0,high,"[{""label"": ""Consensus safety"", ""value"": 0.96, ""impact"": ""positive""}, {""label"": ""ELO separation"", ""value"": 96.7, ""impact"": ""positive""}, {""label"": ""Form separation"", ""value"": 0.5556, ""impact"": ""positive""}, {""label"": ""Model dispersion"", ""value"": 0.008, ""impact"": ""positive""}]","[{""label"": ""Raw edge"", ""value"": -0.0705, ""impact"": ""negative""}, {""label"": ""Model-market gap"", ""value"": -0.0116, ""impact"": ""negative""}, {""label"": ""Historical xG"", ""value"": ""unavailable"", ""impact"": ""negative""}, {""label"": ""Decision rule"", ""value"": ""edge below minimum"", ""impact"": ""negative""}]","[{""label"": ""Competition importance"", ""value"": 0.72, ""impact"": ""neutral""}, {""label"": ""Probability source"", ""value"": ""FOOTBALL_V13_FALLBACK"", ""impact"": ""neutral""}]","REJECT: positive=4, negative=4, neutral=2, confidence=1.000, risk=high",2026-09-20T18:21:39+00:00,2026-09-20T18:21:39+00:00
d40f1dfe88211709f4a159c3,soccer_spain_segunda_division,Segunda Division,Leganés vs Granada CF,Granada CF,Betfair,2026-09-20T19:00:00Z,BLOCK,REJECT,0.2668718834069515,0.2577720587682506,0.11877973990961532,0.07798418606282853,1.0,high,"[{""label"": ""Raw edge"", ""value"": 0.1188, ""impact"": ""positive""}, {""label"": ""Consensus safety"", ""value"": 0.934, ""impact"": ""positive""}, {""label"": ""ELO separation"", ""value"": 96.7, ""impact"": ""positive""}, {""label"": ""Form separation"", ""value"": 0.5556, ""impact"": ""positive""}, {""label"": ""Model dispersion"", ""value"": 0.0242, ""impact"": ""positive""}]","[{""label"": ""Historical xG"", ""value"": ""unavailable"", ""impact"": ""negative""}, {""label"": ""Decision rule"", ""value"": ""odds above maximum"", ""impact"": ""negative""}]","[{""label"": ""Model-market gap"", ""value"": 0.0151, ""impact"": ""neutral""}, {""label"": ""Competition importance"", ""value"": 0.72, ""impact"": ""neutral""}, {""label"": ""Probability source"", ""value"": ""FOOTBALL_V13_FALLBACK"", ""impact"": ""neutral""}]","REJECT: positive=5, negative=2, neutral=3, confidence=1.000, risk=high",2026-09-20T18:21:39+00:00,2026-09-20T18:21:39+00:00
07ebdb10eaec3d631dd25faa,soccer_spain_segunda_division,Segunda Division,Leganés vs Granada CF,Leganés,Betfair,2026-09-20T19:00:00Z,BLOCK,REJECT,0.43768177561584765,0.44011930950895667,-0.023227588193989623,-0.016224420872133993,1.0,high,"[{""label"": ""Consensus safety"", ""value"": 0.936, ""impact"": ""positive""}, {""label"": ""ELO separation"", ""value"": 96.7, ""impact"": ""positive""}, {""label"": ""Form separation"", ""value"": 0.5556, ""impact"": ""positive""}, {""label"": ""Model dispersion"", ""value"": 0.0317, ""impact"": ""positive""}]","[{""label"": ""Raw edge"", ""value"": -0.0232, ""impact"": ""negative""}, {""label"": ""Model-market gap"", ""value"": -0.0041, ""impact"": ""negative""}, {""label"": ""Historical xG"", ""value"": ""unavailable"", ""impact"": ""negative""}, {""label"": ""Decision rule"", ""value"": ""edge below minimum"", ""impact"": ""negative""}]","[{""label"": ""Competition importance"", ""value"": 0.72, ""impact"": ""neutral""}, {""label"": ""Probability source"", ""value"": ""FOOTBALL_V13_FALLBACK"", ""impact"": ""neutral""}]","REJECT: positive=4, negative=4, neutral=2, confidence=1.000, risk=high",2026-09-20T18:21:39+00:00,2026-09-20T18:21:39+00:00
88e2605c4f1aa17ca91f67dd,soccer_spain_segunda_division,Segunda Division,Girona FC vs Albacete,Albacete,Betfair,2026-09-25T18:30:00Z,BLOCK,REJECT,0.19622166562706866,0.1747024026466531,0.23370146187118457,0.11434594790018128,1.0,high,"[{""label"": ""Raw edge"", ""value"": 0.2337, ""impact"": ""positive""}, {""label"": ""ELO separation"", ""value"": 85.2, ""impact"": ""positive""}, {""label"": ""Form separation"", ""value"": 0.8333, ""impact"": ""positive""}, {""label"": ""Model dispersion"", ""value"": 0.04, ""impact"": ""positive""}]","[{""label"": ""Historical xG"", ""value"": ""unavailable"", ""impact"": ""negative""}, {""label"": ""Decision rule"", ""value"": ""odds above maximum"", ""impact"": ""negative""}]","[{""label"": ""Consensus safety"", ""value"": 0.845, ""impact"": ""neutral""}, {""label"": ""Model-market gap"", ""value"": 0.038, ""impact"": ""neutral""}, {""label"": ""Competition importance"", ""value"": 0.72, ""impact"": ""neutral""}, {""label"": ""Probability source"", ""value"": ""FOOTBALL_V13_FALLBACK"", ""impact"": ""neutral""}]","REJECT: positive=4, negative=2, neutral=4, confidence=1.000, risk=high",2026-09-20T18:21:39+00:00,2026-09-20T18:21:39+00:00
1499a7bdb654c5a3d0b304ee,soccer_spain_segunda_division,Segunda Division,Girona FC vs Albacete,Draw,1xBet,2026-09-25T18:30:00Z,BLOCK,REJECT,0.22768560634620816,0.21725200910825743,0.08047448159235637,0.037382306961220566,1.0,high,"[{""label"": ""Raw edge"", ""value"": 0.0805, ""impact"": ""positive""}, {""label"": ""Consensus safety"", ""value"": 0.943, ""impact"": ""positive""}, {""label"": ""ELO separation"", ""value"": 85.2, ""impact"": ""positive""}, {""label"": ""Form separation"", ""value"": 0.8333, ""impact"": ""positive""}, {""label"": ""Model dispersion"", ""value"": 0.0108, ""impact"": ""positive""}]","[{""label"": ""Historical xG"", ""value"": ""unavailable"", ""impact"": ""negative""}, {""label"": ""Decision rule"", ""value"": ""odds above maximum"", ""impact"": ""negative""}]","[{""label"": ""Model-market gap"", ""value"": 0.0181, ""impact"": ""neutral""}, {""label"": ""Competition importance"", ""value"": 0.72, ""impact"": ""neutral""}, {""label"": ""Probability source"", ""value"": ""FOOTBALL_V13_FALLBACK"", ""impact"": ""neutral""}]","REJECT: positive=5, negative=2, neutral=3, confidence=1.000, risk=high",2026-09-20T18:21:39+00:00,2026-09-20T18:21:39+00:00
537ac0894d192077b2333406,soccer_spain_segunda_division,Segunda Division,Girona FC vs Albacete,Girona FC,Coolbet,2026-09-25T18:30:00Z,BLOCK,REJECT,0.581470222401326,0.6080455882450896,-0.13193560854693132,-0.07953348752583116,0.9724891804743454,high,"[{""label"": ""ELO separation"", ""value"": 85.2, ""impact"": ""positive""}, {""label"": ""Form separation"", ""value"": 0.8333, ""impact"": ""positive""}, {""label"": ""Model dispersion"", ""value"": 0.05, ""impact"": ""positive""}]","[{""label"": ""Raw edge"", ""value"": -0.1319, ""impact"": ""negative""}, {""label"": ""Model-market gap"", ""value"": -0.048, ""impact"": ""negative""}, {""label"": ""Historical xG"", ""value"": ""unavailable"", ""impact"": ""negative""}, {""label"": ""Decision rule"", ""value"": ""edge below minimum"", ""impact"": ""negative""}]","[{""label"": ""Consensus safety"", ""value"": 0.79, ""impact"": ""neutral""}, {""label"": ""Competition importance"", ""value"": 0.72, ""impact"": ""neutral""}, {""label"": ""Probability source"", ""value"": ""FOOTBALL_V13_FALLBACK"", ""impact"": ""neutral""}]","REJECT: positive=3, negative=4, neutral=3, confidence=0.972, risk=high",2026-09-20T18:21:39+00:00,2026-09-20T18:21:39+00:00
56e0dad7e5fa51b41b20a89c,soccer_spain_segunda_division,Segunda Division,AD Ceuta FC vs Real Sociedad B,AD Ceuta FC,1xBet,2026-09-26T12:00:00Z,BLOCK,REJECT,0.396920247368358,0.4031488448138362,-0.08640186700748131,-0.06219794581435543,0.9976681502304849,high,"[{""label"": ""Consensus safety"", ""value"": 0.881, ""impact"": ""positive""}, {""label"": ""Form separation"", ""value"": -0.5, ""impact"": ""positive""}, {""label"": ""Model dispersion"", ""value"": 0.0459, ""impact"": ""positive""}]","[{""label"": ""Raw edge"", ""value"": -0.0864, ""impact"": ""negative""}, {""label"": ""Model-market gap"", ""value"": -0.011, ""impact"": ""negative""}, {""label"": ""Historical xG"", ""value"": ""unavailable"", ""impact"": ""negative""}, {""label"": ""Decision rule"", ""value"": ""edge below minimum"", ""impact"": ""negative""}]","[{""label"": ""ELO separation"", ""value"": 34.9, ""impact"": ""neutral""}, {""label"": ""Competition importance"", ""value"": 0.72, ""impact"": ""neutral""}, {""label"": ""Probability source"", ""value"": ""FOOTBALL_V13_FALLBACK"", ""impact"": ""neutral""}]","REJECT: positive=3, negative=4, neutral=3, confidence=0.998, risk=high",2026-09-20T18:21:39+00:00,2026-09-20T18:21:39+00:00
78052c054922b45cc5b7e501,soccer_spain_segunda_division,Segunda Division,AD Ceuta FC vs Real Sociedad B,Draw,Coolbet,2026-09-26T12:00:00Z,BLOCK,REJECT,0.27554768092671383,0.27580271478938795,-0.00870271077007323,-0.006650912657879034,1.0,high,"[{""label"": ""Consensus safety"", ""value"": 0.986, ""impact"": ""positive""}, {""label"": ""Form separation"", ""value"": -0.5, ""impact"": ""positive""}, {""label"": ""Model dispersion"", ""value"": 0.0063, ""impact"": ""positive""}]","[{""label"": ""Raw edge"", ""value"": -0.0087, ""impact"": ""negative""}, {""label"": ""Model-market gap"", ""value"": -0.0004, ""impact"": ""negative""}, {""label"": ""Historical xG"", ""value"": ""unavailable"", ""impact"": ""negative""}, {""label"": ""Decision rule"", ""value"": ""edge below minimum"", ""impact"": ""negative""}]","[{""label"": ""ELO separation"", ""value"": 34.9, ""impact"": ""neutral""}, {""label"": ""Competition importance"", ""value"": 0.72, ""impact"": ""neutral""}, {""label"": ""Probability source"", ""value"": ""FOOTBALL_V13_FALLBACK"", ""impact"": ""neutral""}]","REJECT: positive=3, negative=4, neutral=3, confidence=1.000, risk=high",2026-09-20T18:21:39+00:00,2026-09-20T18:21:39+00:00
cc7f5e693c877b6a7ba928f5,soccer_spain_segunda_division,Segunda Division,AD Ceuta FC vs Real Sociedad B,Real Sociedad B,1xBet,2026-09-26T12:00:00Z,BLOCK,REJECT,0.3272036126766835,0.3210484403967759,0.022984148265015047,0.006314442228947525,0.9777909095467006,high,"[{""label"": ""Consensus safety"", ""value"": 0.868, ""impact"": ""positive""}, {""label"": ""Form separation"", ""value"": -0.5, ""impact"": ""positive""}, {""label"": ""Model dispersion"", ""value"": 0.052, ""impact"": ""positive""}]","[{""label"": ""Historical xG"", ""value"": ""unavailable"", ""impact"": ""negative""}, {""label"": ""Decision rule"", ""value"": ""edge below minimum"", ""impact"": ""negative""}]","[{""label"": ""Raw edge"", ""value"": 0.023, ""impact"": ""neutral""}, {""label"": ""Model-market gap"", ""value"": 0.0111, ""impact"": ""neutral""}, {""label"": ""ELO separation"", ""value"": 34.9, ""impact"": ""neutral""}, {""label"": ""Competition importance"", ""value"": 0.72, ""impact"": ""neutral""}, {""label"": ""Probability source"", ""value"": ""FOOTBALL_V13_FALLBACK"", ""impact"": ""neutral""}]","REJECT: positive=3, negative=2, neutral=5, confidence=0.978, risk=high",2026-09-20T18:21:39+00:00,2026-09-20T18:21:39+00:00
c92e59fcd9e322f4d34bd195,soccer_spain_segunda_division,Segunda Division,Granada CF vs Andorra CF,Andorra CF,Unibet (SE),2026-09-26T14:15:00Z,BLOCK,REJECT,0.31511139459545273,0.31271572581553997,-0.049955126485991874,-0.04526765881301901,1.0,high,"[{""label"": ""Consensus safety"", ""value"": 0.976, ""impact"": ""positive""}, {""label"": ""ELO separation"", ""value"": 80.4, ""impact"": ""positive""}, {""label"": ""Form separation"", ""value"": 0.2222, ""impact"": ""positive""}, {""label"": ""Model dispersion"", ""value"": 0.0093, ""impact"": ""positive""}]","[{""label"": ""Raw edge"", ""value"": -0.05, ""impact"": ""negative""}, {""label"": ""Historical xG"", ""value"": ""unavailable"", ""impact"": ""negative""}, {""label"": ""Decision rule"", ""value"": ""edge below minimum"", ""impact"": ""negative""}]","[{""label"": ""Model-market gap"", ""value"": 0.004, ""impact"": ""neutral""}, {""label"": ""Competition importance"", ""value"": 0.72, ""impact"": ""neutral""}, {""label"": ""Probability source"", ""value"": ""FOOTBALL_V13_FALLBACK"", ""impact"": ""neutral""}]","REJECT: positive=4, negative=3, neutral=3, confidence=1.000, risk=high",2026-09-20T18:21:39+00:00,2026-09-20T18:21:39+00:00
d4c83e31563698a44534dd68,soccer_spain_segunda_division,Segunda Division,Granada CF vs Andorra CF,Draw,Unibet (SE),2026-09-26T14:15:00Z,BLOCK,REJECT,0.28056436857880007,0.28241050686809915,-0.06414158038734485,-0.04977535188478455,1.0,high,"[{""label"": ""Consensus safety"", ""value"": 0.985, ""impact"": ""positive""}, {""label"": ""ELO separation"", ""value"": 80.4, ""impact"": ""positive""}, {""label"": ""Form separation"", ""value"": 0.2222, ""impact"": ""positive""}, {""label"": ""Model dispersion"", ""value"": 0.0051, ""impact"": ""positive""}]","[{""label"": ""Raw edge"", ""value"": -0.0641, ""impact"": ""negative""}, {""label"": ""Model-market gap"", ""value"": -0.003, ""impact"": ""negative""}, {""label"": ""Historical xG"", ""value"": ""unavailable"", ""impact"": ""negative""}, {""label"": ""Decision rule"", ""value"": ""edge below minimum"", ""impact"": ""negative""}]","[{""label"": ""Competition importance"", ""value"": 0.72, ""impact"": ""neutral""}, {""label"": ""Probability source"", ""value"": ""FOOTBALL_V13_FALLBACK"", ""impact"": ""neutral""}]","REJECT: positive=4, negative=4, neutral=2, confidence=1.000, risk=high",2026-09-20T18:21:39+00:00,2026-09-20T18:21:39+00:00
59a0509d4b86daea02083aaa,soccer_spain_segunda_division,Segunda Division,Granada CF vs Andorra CF,Granada CF,Unibet (SE),2026-09-26T14:15:00Z,BLOCK,REJECT,0.4043030085326216,0.4048737673163608,-0.06288972581850316,-0.05135504243159184,1.0,high,"[{""label"": ""Consensus safety"", ""value"": 0.967, ""impact"": ""positive""}, {""label"": ""ELO separation"", ""value"": 80.4, ""impact"": ""positive""}, {""label"": ""Form separation"", ""value"": 0.2222, ""impact"": ""positive""}, {""label"": ""Model dispersion"", ""value"": 0.0137, ""impact"": ""positive""}]","[{""label"": ""Raw edge"", ""value"": -0.0629, ""impact"": ""negative""}, {""label"": ""Model-market gap"", ""value"": -0.0009, ""impact"": ""negative""}, {""label"": ""Historical xG"", ""value"": ""unavailable"", ""impact"": ""negative""}, {""label"": ""Decision rule"", ""value"": ""edge below minimum"", ""impact"": ""negative""}]","[{""label"": ""Competition importance"", ""value"": 0.72, ""impact"": ""neutral""}, {""label"": ""Probability source"", ""value"": ""FOOTBALL_V13_FALLBACK"", ""impact"": ""neutral""}]","REJECT: positive=4, negative=4, neutral=2, confidence=1.000, risk=high",2026-09-20T18:21:39+00:00,2026-09-20T18:21:39+00:00
59214b6c2dc8b13bb8448462,soccer_spain_segunda_division,Segunda Division,Celta Fortuna vs Sabadell FC,Celta Fortuna,Betfair,2026-09-26T16:30:00Z,BLOCK,REJECT,0.30931963623447234,0.2953350636345414,0.07050644845728571,0.029993697840183416,1.0,high,"[{""label"": ""Consensus safety"", ""value"": 0.881, ""impact"": ""positive""}, {""label"": ""ELO separation"", ""value"": 51.2, ""impact"": ""positive""}, {""label"": ""Form separation"", ""value"": -0.3333, ""impact"": ""positive""}, {""label"": ""Model dispersion"", ""value"": 0.0381, ""impact"": ""positive""}]","[{""label"": ""Historical xG"", ""value"": ""unavailable"", ""impact"": ""negative""}, {""label"": ""Decision rule"", ""value"": ""edge below minimum"", ""impact"": ""negative""}]","[{""label"": ""Raw edge"", ""value"": 0.0705, ""impact"": ""neutral""}, {""label"": ""Model-market gap"", ""value"": 0.0242, ""impact"": ""neutral""}, {""label"": ""Competition importance"", ""value"": 0.72, ""impact"": ""neutral""}, {""label"": ""Probability source"", ""value"": ""FOOTBALL_V13_FALLBACK"", ""impact"": ""neutral""}]","REJECT: positive=4, negative=2, neutral=4, confidence=1.000, risk=high",2026-09-20T18:21:40+00:00,2026-09-20T18:21:40+00:00
bd7a688b955a8f4176787d88,soccer_spain_segunda_division,Segunda Division,Celta Fortuna vs Sabadell FC,Draw,Coolbet,2026-09-26T16:30:00Z,BLOCK,REJECT,0.27780950022073886,0.2786101739178245,-0.02963459687320036,-0.022919922931098163,1.0,high,"[{""label"": ""Consensus safety"", ""value"": 0.989, ""impact"": ""positive""}, {""label"": ""ELO separation"", ""value"": 51.2, ""impact"": ""positive""}, {""label"": ""Form separation"", ""value"": -0.3333, ""impact"": ""positive""}, {""label"": ""Model dispersion"", ""value"": 0.0046, ""impact"": ""positive""}]","[{""label"": ""Raw edge"", ""value"": -0.0296, ""impact"": ""negative""}, {""label"": ""Model-market gap"", ""value"": -0.0014, ""impact"": ""negative""}, {""label"": ""Historical xG"", ""value"": ""unavailable"", ""impact"": ""negative""}, {""label"": ""Decision rule"", ""value"": ""edge below minimum"", ""impact"": ""negative""}]","[{""label"": ""Competition importance"", ""value"": 0.72, ""impact"": ""neutral""}, {""label"": ""Probability source"", ""value"": ""FOOTBALL_V13_FALLBACK"", ""impact"": ""neutral""}]","REJECT: positive=4, negative=4, neutral=2, confidence=1.000, risk=high",2026-09-20T18:21:40+00:00,2026-09-20T18:21:40+00:00
a1d94023704c9c4b4f7a4b7b,soccer_spain_segunda_division,Segunda Division,Celta Fortuna vs Sabadell FC,Sabadell FC,Unibet (SE),2026-09-26T16:30:00Z,BLOCK,REJECT,0.4129747812739999,0.4260547624476341,-0.08033206333384235,-0.048374351337098,1.0,high,"[{""label"": ""Consensus safety"", ""value"": 0.88, ""impact"": ""positive""}, {""label"": ""ELO separation"", ""value"": 51.2, ""impact"": ""positive""}, {""label"": ""Form separation"", ""value"": -0.3333, ""impact"": ""positive""}, {""label"": ""Model dispersion"", ""value"": 0.0415, ""impact"": ""positive""}]","[{""label"": ""Raw edge"", ""value"": -0.0803, ""impact"": ""negative""}, {""label"": ""Model-market gap"", ""value"": -0.0227, ""impact"": ""negative""}, {""label"": ""Historical xG"", ""value"": ""unavailable"", ""impact"": ""negative""}, {""label"": ""Decision rule"", ""value"": ""edge below minimum"", ""impact"": ""negative""}]","[{""label"": ""Competition importance"", ""value"": 0.72, ""impact"": ""neutral""}, {""label"": ""Probability source"", ""value"": ""FOOTBALL_V13_FALLBACK"", ""impact"": ""neutral""}]","REJECT: positive=4, negative=4, neutral=2, confidence=1.000, risk=high",2026-09-20T18:21:40+00:00,2026-09-20T18:21:40+00:00
27b5b41144d998d7a86d0992,soccer_spain_segunda_division,Segunda Division,Tenerife vs Cádiz CF,Cádiz CF,Coolbet,2026-09-26T16:30:00Z,BLOCK,REJECT,0.2298795733958967,0.2062317832143313,0.3522369069997493,0.21898483989838657,1.0,high,"[{""label"": ""Raw edge"", ""value"": 0.3522, ""impact"": ""positive""}, {""label"": ""Consensus safety"", ""value"": 0.88, ""impact"": ""positive""}, {""label"": ""ELO separation"", ""value"": 67.8, ""impact"": ""positive""}, {""label"": ""Form separation"", ""value"": 0.3333, ""impact"": ""positive""}, {""label"": ""Model dispersion"", ""value"": 0.0101, ""impact"": ""positive""}]","[{""label"": ""Historical xG"", ""value"": ""unavailable"", ""impact"": ""negative""}, {""label"": ""Decision rule"", ""value"": ""edge above max guard"", ""impact"": ""negative""}]","[{""label"": ""Model-market gap"", ""value"": 0.0396, ""impact"": ""neutral""}, {""label"": ""Competition importance"", ""value"": 0.72, ""impact"": ""neutral""}, {""label"": ""Probability source"", ""value"": ""FOOTBALL_V13_FALLBACK"", ""impact"": ""neutral""}]","REJECT: positive=5, negative=2, neutral=3, confidence=1.000, risk=high",2026-09-20T18:21:40+00:00,2026-09-20T18:21:40+00:00
bce591ec462e7b36eea883a8,soccer_spain_segunda_division,Segunda Division,Tenerife vs Cádiz CF,Draw,1xBet,2026-09-26T16:30:00Z,BLOCK,REJECT,0.2668986144298895,0.26503793496527017,-0.02125644881957467,-0.021412577163044323,1.0,high,"[{""label"": ""Consensus safety"", ""value"": 0.986, ""impact"": ""positive""}, {""label"": ""ELO separation"", ""value"": 67.8, ""impact"": ""positive""}, {""label"": ""Form separation"", ""value"": 0.3333, ""impact"": ""positive""}, {""label"": ""Model dispersion"", ""value"": 0.0055, ""impact"": ""positive""}]","[{""label"": ""Raw edge"", ""value"": -0.0213, ""impact"": ""negative""}, {""label"": ""Historical xG"", ""value"": ""unavailable"", ""impact"": ""negative""}, {""label"": ""Decision rule"", ""value"": ""edge below minimum"", ""impact"": ""negative""}]","[{""label"": ""Model-market gap"", ""value"": 0.0031, ""impact"": ""neutral""}, {""label"": ""Competition importance"", ""value"": 0.72, ""impact"": ""neutral""}, {""label"": ""Probability source"", ""value"": ""FOOTBALL_V13_FALLBACK"", ""impact"": ""neutral""}]","REJECT: positive=4, negative=3, neutral=3, confidence=1.000, risk=high",2026-09-20T18:21:40+00:00,2026-09-20T18:21:40+00:00
18a823d2884a92f6677fcb62,soccer_spain_segunda_division,Segunda Division,Tenerife vs Cádiz CF,Tenerife,Unibet (NL),2026-09-26T16:30:00Z,BLOCK,REJECT,0.5038281359427512,0.5287302818203986,-0.11385631806017926,-0.06875777927295329,1.0,high,"[{""label"": ""Consensus safety"", ""value"": 0.871, ""impact"": ""positive""}, {""label"": ""ELO separation"", ""value"": 67.8, ""impact"": ""positive""}, {""label"": ""Form separation"", ""value"": 0.3333, ""impact"": ""positive""}, {""label"": ""Model dispersion"", ""value"": 0.0151, ""impact"": ""positive""}]","[{""label"": ""Raw edge"", ""value"": -0.1139, ""impact"": ""negative""}, {""label"": ""Model-market gap"", ""value"": -0.0418, ""impact"": ""negative""}, {""label"": ""Historical xG"", ""value"": ""unavailable"", ""impact"": ""negative""}, {""label"": ""Decision rule"", ""value"": ""edge below minimum"", ""impact"": ""negative""}]","[{""label"": ""Competition importance"", ""value"": 0.72, ""impact"": ""neutral""}, {""label"": ""Probability source"", ""value"": ""FOOTBALL_V13_FALLBACK"", ""impact"": ""neutral""}]","REJECT: positive=4, negative=4, neutral=2, confidence=1.000, risk=high",2026-09-20T18:21:40+00:00,2026-09-20T18:21:40+00:00
099e67a7c34ec6023160e08a,soccer_spain_segunda_division,Segunda Division,Real Valladolid CF vs Córdoba,Córdoba,Pinnacle,2026-09-27T12:00:00Z,BLOCK,REJECT,0.30761690832458566,0.3047893343432314,-0.015429198994819204,-0.01803411386924763,1.0,high,"[{""label"": ""Consensus safety"", ""value"": 0.978, ""impact"": ""positive""}, {""label"": ""ELO separation"", ""value"": 71.9, ""impact"": ""positive""}, {""label"": ""Form separation"", ""value"": 0.4444, ""impact"": ""positive""}, {""label"": ""Model dispersion"", ""value"": 0.0089, ""impact"": ""positive""}]","[{""label"": ""Raw edge"", ""value"": -0.0154, ""impact"": ""negative""}, {""label"": ""Historical xG"", ""value"": ""unavailable"", ""impact"": ""negative""}, {""label"": ""Decision rule"", ""value"": ""edge below minimum"", ""impact"": ""negative""}]","[{""label"": ""Model-market gap"", ""value"": 0.0048, ""impact"": ""neutral""}, {""label"": ""Competition importance"", ""value"": 0.72, ""impact"": ""neutral""}, {""label"": ""Probability source"", ""value"": ""FOOTBALL_V13_FALLBACK"", ""impact"": ""neutral""}]","REJECT: positive=4, negative=3, neutral=3, confidence=1.000, risk=high",2026-09-20T18:21:40+00:00,2026-09-20T18:21:40+00:00
c3652ec6e4a546d943d58985,soccer_spain_segunda_division,Segunda Division,Real Valladolid CF vs Córdoba,Draw,1xBet,2026-09-27T12:00:00Z,BLOCK,REJECT,0.2744529426813679,0.2746802193530159,-0.02077368275344693,-0.01675434627592811,1.0,high,"[{""label"": ""Consensus safety"", ""value"": 0.988, ""impact"": ""positive""}, {""label"": ""ELO separation"", ""value"": 71.9, ""impact"": ""positive""}, {""label"": ""Form separation"", ""value"": 0.4444, ""impact"": ""positive""}, {""label"": ""Model dispersion"", ""value"": 0.0058, ""impact"": ""positive""}]","[{""label"": ""Raw edge"", ""value"": -0.0208, ""impact"": ""negative""}, {""label"": ""Model-market gap"", ""value"": -0.0004, ""impact"": ""negative""}, {""label"": ""Historical xG"", ""value"": ""unavailable"", ""impact"": ""negative""}, {""label"": ""Decision rule"", ""value"": ""edge below minimum"", ""impact"": ""negative""}]","[{""label"": ""Competition importance"", ""value"": 0.72, ""impact"": ""neutral""}, {""label"": ""Probability source"", ""value"": ""FOOTBALL_V13_FALLBACK"", ""impact"": ""neutral""}]","REJECT: positive=4, negative=4, neutral=2, confidence=1.000, risk=high",2026-09-20T18:21:40+00:00,2026-09-20T18:21:40+00:00
6604a6fa6303775b41df1b34,soccer_spain_segunda_division,Segunda Division,Real Valladolid CF vs Córdoba,Real Valladolid CF,Unibet (NL),2026-09-27T12:00:00Z,BLOCK,REJECT,0.4179896225598081,0.4205304463037527,-0.030292350652347477,-0.02159978240324493,1.0,high,"[{""label"": ""Consensus safety"", ""value"": 0.969, ""impact"": ""positive""}, {""label"": ""ELO separation"", ""value"": 71.9, ""impact"": ""positive""}, {""label"": ""Form separation"", ""value"": 0.4444, ""impact"": ""positive""}, {""label"": ""Model dispersion"", ""value"": 0.0143, ""impact"": ""positive""}]","[{""label"": ""Raw edge"", ""value"": -0.0303, ""impact"": ""negative""}, {""label"": ""Model-market gap"", ""value"": -0.0043, ""impact"": ""negative""}, {""label"": ""Historical xG"", ""value"": ""unavailable"", ""impact"": ""negative""}, {""label"": ""Decision rule"", ""value"": ""edge below minimum"", ""impact"": ""negative""}]","[{""label"": ""Competition importance"", ""value"": 0.72, ""impact"": ""neutral""}, {""label"": ""Probability source"", ""value"": ""FOOTBALL_V13_FALLBACK"", ""impact"": ""neutral""}]","REJECT: positive=4, negative=4, neutral=2, confidence=1.000, risk=high",2026-09-20T18:21:40+00:00,2026-09-20T18:21:40+00:00
7681881710651da383ded052,soccer_spain_segunda_division,Segunda Division,Mallorca vs Almería,Almería,1xBet,2026-09-27T14:15:00Z,BLOCK,REJECT,0.2670524735874993,0.2533784172951361,0.1292876366460256,0.07206914070769427,1.0,high,"[{""label"": ""Raw edge"", ""value"": 0.1293, ""impact"": ""positive""}, {""label"": ""Consensus safety"", ""value"": 0.926, ""impact"": ""positive""}, {""label"": ""ELO separation"", ""value"": 69.5, ""impact"": ""positive""}, {""label"": ""Form separation"", ""value"": 0.3333, ""impact"": ""positive""}, {""label"": ""Model dispersion"", ""value"": 0.0046, ""impact"": ""positive""}]","[{""label"": ""Historical xG"", ""value"": ""unavailable"", ""impact"": ""negative""}, {""label"": ""Decision rule"", ""value"": ""odds above maximum"", ""impact"": ""negative""}]","[{""label"": ""Model-market gap"", ""value"": 0.0241, ""impact"": ""neutral""}, {""label"": ""Competition importance"", ""value"": 0.72, ""impact"": ""neutral""}, {""label"": ""Probability source"", ""value"": ""FOOTBALL_V13_FALLBACK"", ""impact"": ""neutral""}]","REJECT: positive=5, negative=2, neutral=3, confidence=1.000, risk=high",2026-09-20T18:21:40+00:00,2026-09-20T18:21:40+00:00
fcaaa0aae4e103733d4e1d9b,soccer_spain_segunda_division,Segunda Division,Mallorca vs Almería,Draw,Unibet (SE),2026-09-27T14:15:00Z,BLOCK,REJECT,0.27762901634206466,0.27842448484914795,-0.04427272840763785,-0.03492831837892761,1.0,high,"[{""label"": ""Consensus safety"", ""value"": 0.986, ""impact"": ""positive""}, {""label"": ""ELO separation"", ""value"": 69.5, ""impact"": ""positive""}, {""label"": ""Form separation"", ""value"": 0.3333, ""impact"": ""positive""}, {""label"": ""Model dispersion"", ""value"": 0.0057, ""impact"": ""positive""}]","[{""label"": ""Raw edge"", ""value"": -0.0443, ""impact"": ""negative""}, {""label"": ""Model-market gap"", ""value"": -0.0014, ""impact"": ""negative""}, {""label"": ""Historical xG"", ""value"": ""unavailable"", ""impact"": ""negative""}, {""label"": ""Decision rule"", ""value"": ""edge below minimum"", ""impact"": ""negative""}]","[{""label"": ""Competition importance"", ""value"": 0.72, ""impact"": ""neutral""}, {""label"": ""Probability source"", ""value"": ""FOOTBALL_V13_FALLBACK"", ""impact"": ""neutral""}]","REJECT: positive=4, negative=4, neutral=2, confidence=1.000, risk=high",2026-09-20T18:21:40+00:00,2026-09-20T18:21:40+00:00
348e35ed3828778053f96848,soccer_spain_segunda_division,Segunda Division,Mallorca vs Almería,Mallorca,Unibet (SE),2026-09-27T14:15:00Z,BLOCK,REJECT,0.45562881857007853,0.46819709785571595,-0.07678803479216323,-0.04707496730378413,1.0,high,"[{""label"": ""Consensus safety"", ""value"": 0.931, ""impact"": ""positive""}, {""label"": ""ELO separation"", ""value"": 69.5, ""impact"": ""positive""}, {""label"": ""Form separation"", ""value"": 0.3333, ""impact"": ""positive""}, {""label"": ""Model dispersion"", ""value"": 0.0098, ""impact"": ""positive""}]","[{""label"": ""Raw edge"", ""value"": -0.0768, ""impact"": ""negative""}, {""label"": ""Model-market gap"", ""value"": -0.0222, ""impact"": ""negative""}, {""label"": ""Historical xG"", ""value"": ""unavailable"", ""impact"": ""negative""}, {""label"": ""Decision rule"", ""value"": ""edge below minimum"", ""impact"": ""negative""}]","[{""label"": ""Competition importance"", ""value"": 0.72, ""impact"": ""neutral""}, {""label"": ""Probability source"", ""value"": ""FOOTBALL_V13_FALLBACK"", ""impact"": ""neutral""}]","REJECT: positive=4, negative=4, neutral=2, confidence=1.000, risk=high",2026-09-20T18:21:40+00:00,2026-09-20T18:21:40+00:00
eda231b80151cf7f0433d8e7,soccer_spain_segunda_division,Segunda Division,Burgos CF vs CD Eldense,Burgos CF,1xBet,2026-09-27T16:30:00Z,BLOCK,REJECT,0.4873639912303087,0.5127844664203699,-0.11179904130704521,-0.0654169005722594,1.0,high,"[{""label"": ""Consensus safety"", ""value"": 0.862, ""impact"": ""positive""}, {""label"": ""ELO separation"", ""value"": 65.0, ""impact"": ""positive""}, {""label"": ""Model dispersion"", ""value"": 0.0176, ""impact"": ""positive""}]","[{""label"": ""Raw edge"", ""value"": -0.1118, ""impact"": ""negative""}, {""label"": ""Model-market gap"", ""value"": -0.0428, ""impact"": ""negative""}, {""label"": ""Historical xG"", ""value"": ""unavailable"", ""impact"": ""negative""}, {""label"": ""Decision rule"", ""value"": ""edge below minimum"", ""impact"": ""negative""}]","[{""label"": ""Form separation"", ""value"": -0.0556, ""impact"": ""neutral""}, {""label"": ""Competition importance"", ""value"": 0.72, ""impact"": ""neutral""}, {""label"": ""Probability source"", ""value"": ""FOOTBALL_V13_FALLBACK"", ""impact"": ""neutral""}]","REJECT: positive=3, negative=4, neutral=3, confidence=1.000, risk=high",2026-09-20T18:21:40+00:00,2026-09-20T18:21:40+00:00
7c402874b3303533ae87e2ba,soccer_spain_segunda_division,Segunda Division,Burgos CF vs CD Eldense,CD Eldense,Unibet (SE),2026-09-27T16:30:00Z,BLOCK,REJECT,0.2409881972444542,0.2165561290509211,0.18533415145568277,0.08988450891467015,1.0,high,"[{""label"": ""Raw edge"", ""value"": 0.1853, ""impact"": ""positive""}, {""label"": ""Consensus safety"", ""value"": 0.869, ""impact"": ""positive""}, {""label"": ""Model-market gap"", ""value"": 0.0411, ""impact"": ""positive""}, {""label"": ""ELO separation"", ""value"": 65.0, ""impact"": ""positive""}, {""label"": ""Model dispersion"", ""value"": 0.0154, ""impact"": ""positive""}]","[{""label"": ""Historical xG"", ""value"": ""unavailable"", ""impact"": ""negative""}, {""label"": ""Decision rule"", ""value"": ""odds above maximum"", ""impact"": ""negative""}]","[{""label"": ""Form separation"", ""value"": -0.0556, ""impact"": ""neutral""}, {""label"": ""Competition importance"", ""value"": 0.72, ""impact"": ""neutral""}, {""label"": ""Probability source"", ""value"": ""FOOTBALL_V13_FALLBACK"", ""impact"": ""neutral""}]","REJECT: positive=5, negative=2, neutral=3, confidence=1.000, risk=high",2026-09-20T18:21:40+00:00,2026-09-20T18:21:40+00:00
ca99e45e4f018d78d62b5840,soccer_spain_segunda_division,Segunda Division,Burgos CF vs CD Eldense,Draw,1xBet,2026-09-27T16:30:00Z,BLOCK,REJECT,0.2719656836393173,0.270659404528709,-0.023212181265375387,-0.021862717331928388,1.0,high,"[{""label"": ""Consensus safety"", ""value"": 0.989, ""impact"": ""positive""}, {""label"": ""ELO separation"", ""value"": 65.0, ""impact"": ""positive""}, {""label"": ""Model dispersion"", ""value"": 0.0041, ""impact"": ""positive""}]","[{""label"": ""Raw edge"", ""value"": -0.0232, ""impact"": ""negative""}, {""label"": ""Historical xG"", ""value"": ""unavailable"", ""impact"": ""negative""}, {""label"": ""Decision rule"", ""value"": ""edge below minimum"", ""impact"": ""negative""}]","[{""label"": ""Model-market gap"", ""value"": 0.0022, ""impact"": ""neutral""}, {""label"": ""Form separation"", ""value"": -0.0556, ""impact"": ""neutral""}, {""label"": ""Competition importance"", ""value"": 0.72, ""impact"": ""neutral""}, {""label"": ""Probability source"", ""value"": ""FOOTBALL_V13_FALLBACK"", ""impact"": ""neutral""}]","REJECT: positive=3, negative=3, neutral=4, confidence=1.000, risk=high",2026-09-20T18:21:40+00:00,2026-09-20T18:21:40+00:00
96bae32f9b496d23278f2d56,soccer_spain_segunda_division,Segunda Division,SD Eibar vs Las Palmas,Draw,Unibet (NL),2026-09-27T16:30:00Z,BLOCK,REJECT,0.28768849223649035,0.29261587721934296,-0.03270681537961673,-0.018101101276428357,1.0,high,"[{""label"": ""Consensus safety"", ""value"": 0.969, ""impact"": ""positive""}, {""label"": ""ELO separation"", ""value"": 100.5, ""impact"": ""positive""}, {""label"": ""Form separation"", ""value"": 0.4667, ""impact"": ""positive""}, {""label"": ""Model dispersion"", ""value"": 0.0079, ""impact"": ""positive""}]","[{""label"": ""Raw edge"", ""value"": -0.0327, ""impact"": ""negative""}, {""label"": ""Model-market gap"", ""value"": -0.0081, ""impact"": ""negative""}, {""label"": ""Historical xG"", ""value"": ""unavailable"", ""impact"": ""negative""}, {""label"": ""Decision rule"", ""value"": ""edge below minimum"", ""impact"": ""negative""}]","[{""label"": ""Competition importance"", ""value"": 0.72, ""impact"": ""neutral""}, {""label"": ""Probability source"", ""value"": ""FOOTBALL_V13_FALLBACK"", ""impact"": ""neutral""}]","REJECT: positive=4, negative=4, neutral=2, confidence=1.000, risk=high",2026-09-20T18:21:40+00:00,2026-09-20T18:21:40+00:00
36917f5b42278b442d946629,soccer_spain_segunda_division,Segunda Division,SD Eibar vs Las Palmas,Las Palmas,Pinnacle,2026-09-27T16:30:00Z,BLOCK,REJECT,0.25368817846662806,0.24060094368510862,0.12271109881823583,0.07103716108182628,1.0,high,"[{""label"": ""Raw edge"", ""value"": 0.1227, ""impact"": ""positive""}, {""label"": ""Consensus safety"", ""value"": 0.922, ""impact"": ""positive""}, {""label"": ""ELO separation"", ""value"": 100.5, ""impact"": ""positive""}, {""label"": ""Form separation"", ""value"": 0.4667, ""impact"": ""positive""}, {""label"": ""Model dispersion"", ""value"": 0.0222, ""impact"": ""positive""}]","[{""label"": ""Historical xG"", ""value"": ""unavailable"", ""impact"": ""negative""}, {""label"": ""Decision rule"", ""value"": ""odds above maximum"", ""impact"": ""negative""}]","[{""label"": ""Model-market gap"", ""value"": 0.0217, ""impact"": ""neutral""}, {""label"": ""Competition importance"", ""value"": 0.72, ""impact"": ""neutral""}, {""label"": ""Probability source"", ""value"": ""FOOTBALL_V13_FALLBACK"", ""impact"": ""neutral""}]","REJECT: positive=5, negative=2, neutral=3, confidence=1.000, risk=high",2026-09-20T18:21:40+00:00,2026-09-20T18:21:40+00:00
1d0438a910b5fad655de31b2,soccer_spain_segunda_division,Segunda Division,SD Eibar vs Las Palmas,SD Eibar,Unibet (NL),2026-09-27T16:30:00Z,BLOCK,REJECT,0.4586050308440399,0.46678317909554834,-0.06648323000004774,-0.04577098248941118,1.0,high,"[{""label"": ""Consensus safety"", ""value"": 0.929, ""impact"": ""positive""}, {""label"": ""ELO separation"", ""value"": 100.5, ""impact"": ""positive""}, {""label"": ""Form separation"", ""value"": 0.4667, ""impact"": ""positive""}, {""label"": ""Model dispersion"", ""value"": 0.0296, ""impact"": ""positive""}]","[{""label"": ""Raw edge"", ""value"": -0.0665, ""impact"": ""negative""}, {""label"": ""Model-market gap"", ""value"": -0.0136, ""impact"": ""negative""}, {""label"": ""Historical xG"", ""value"": ""unavailable"", ""impact"": ""negative""}, {""label"": ""Decision rule"", ""value"": ""edge below minimum"", ""impact"": ""negative""}]","[{""label"": ""Competition importance"", ""value"": 0.72, ""impact"": ""neutral""}, {""label"": ""Probability source"", ""value"": ""FOOTBALL_V13_FALLBACK"", ""impact"": ""neutral""}]","REJECT: positive=4, negative=4, neutral=2, confidence=1.000, risk=high",2026-09-20T18:21:40+00:00,2026-09-20T18:21:40+00:00
8ead1e5990d9684770198446,soccer_italy_serie_b,Serie B,Modena vs Empoli,Draw,Betfair,2026-09-20T17:33:00Z,BLOCK,REJECT,0.3155950534916787,0.3261051997913775,-0.07615375817652459,-0.04455913685765536,1.0,high,"[{""label"": ""Consensus safety"", ""value"": 0.942, ""impact"": ""positive""}, {""label"": ""ELO separation"", ""value"": 67.1, ""impact"": ""positive""}, {""label"": ""Form separation"", ""value"": -0.1667, ""impact"": ""positive""}, {""label"": ""Model dispersion"", ""value"": 0.0036, ""impact"": ""positive""}]","[{""label"": ""Raw edge"", ""value"": -0.0762, ""impact"": ""negative""}, {""label"": ""Model-market gap"", ""value"": -0.0182, ""impact"": ""negative""}, {""label"": ""Historical xG"", ""value"": ""unavailable"", ""impact"": ""negative""}, {""label"": ""Decision rule"", ""value"": ""edge below minimum"", ""impact"": ""negative""}]","[{""label"": ""Competition importance"", ""value"": 0.72, ""impact"": ""neutral""}, {""label"": ""Probability source"", ""value"": ""FOOTBALL_V13_FALLBACK"", ""impact"": ""neutral""}]","REJECT: positive=4, negative=4, neutral=2, confidence=1.000, risk=high",2026-09-20T18:21:40+00:00,2026-09-20T18:21:40+00:00
af39f11e75049918491aa66f,soccer_italy_serie_b,Serie B,Modena vs Empoli,Empoli,Betfair,2026-09-20T17:33:00Z,BLOCK,REJECT,0.3734780125493122,0.38188390113051024,0.006232866392553937,0.019535034358492683,1.0,high,"[{""label"": ""Consensus safety"", ""value"": 0.934, ""impact"": ""positive""}, {""label"": ""ELO separation"", ""value"": 67.1, ""impact"": ""positive""}, {""label"": ""Form separation"", ""value"": -0.1667, ""impact"": ""positive""}, {""label"": ""Model dispersion"", ""value"": 0.0199, ""impact"": ""positive""}]","[{""label"": ""Model-market gap"", ""value"": -0.0146, ""impact"": ""negative""}, {""label"": ""Historical xG"", ""value"": ""unavailable"", ""impact"": ""negative""}, {""label"": ""Decision rule"", ""value"": ""edge below minimum"", ""impact"": ""negative""}]","[{""label"": ""Raw edge"", ""value"": 0.0062, ""impact"": ""neutral""}, {""label"": ""Competition importance"", ""value"": 0.72, ""impact"": ""neutral""}, {""label"": ""Probability source"", ""value"": ""FOOTBALL_V13_FALLBACK"", ""impact"": ""neutral""}]","REJECT: positive=4, negative=3, neutral=3, confidence=1.000, risk=high",2026-09-20T18:21:40+00:00,2026-09-20T18:21:40+00:00
abbedcfcb86e953b1bcb80b2,soccer_italy_serie_b,Serie B,Modena vs Empoli,Modena,Matchbook,2026-09-20T17:33:00Z,BLOCK,REJECT,0.3100230749320705,0.29201089907811223,0.06728407082647614,0.019534210392283338,1.0,high,"[{""label"": ""Consensus safety"", ""value"": 0.885, ""impact"": ""positive""}, {""label"": ""ELO separation"", ""value"": 67.1, ""impact"": ""positive""}, {""label"": ""Form separation"", ""value"": -0.1667, ""impact"": ""positive""}, {""label"": ""Model dispersion"", ""value"": 0.0215, ""impact"": ""positive""}]","[{""label"": ""Historical xG"", ""value"": ""unavailable"", ""impact"": ""negative""}, {""label"": ""Decision rule"", ""value"": ""edge below minimum"", ""impact"": ""negative""}]","[{""label"": ""Raw edge"", ""value"": 0.0673, ""impact"": ""neutral""}, {""label"": ""Model-market gap"", ""value"": 0.0314, ""impact"": ""neutral""}, {""label"": ""Competition importance"", ""value"": 0.72, ""impact"": ""neutral""}, {""label"": ""Probability source"", ""value"": ""FOOTBALL_V13_FALLBACK"", ""impact"": ""neutral""}]","REJECT: positive=4, negative=2, neutral=4, confidence=1.000, risk=high",2026-09-20T18:21:40+00:00,2026-09-20T18:21:40+00:00
144fb2bd7fefc9a272529fb7,soccer_usa_mls,MLS,Inter Miami CF vs San Diego FC,Draw,Betfair,2026-09-20T23:00:00Z,BLOCK,REJECT,0.2057685434366892,0.17778220247530674,0.2634259221342756,0.1605835463445281,1.0,high,"[{""label"": ""Raw edge"", ""value"": 0.2634, ""impact"": ""positive""}, {""label"": ""Consensus safety"", ""value"": 0.902, ""impact"": ""positive""}, {""label"": ""Model-market gap"", ""value"": 0.04, ""impact"": ""positive""}, {""label"": ""ELO separation"", ""value"": 93.4, ""impact"": ""positive""}, {""label"": ""Form separation"", ""value"": -0.2305, ""impact"": ""positive""}, {""label"": ""Model dispersion"", ""value"": 0.004, ""impact"": ""positive""}]","[{""label"": ""Historical xG"", ""value"": ""unavailable"", ""impact"": ""negative""}, {""label"": ""Decision rule"", ""value"": ""edge above max guard"", ""impact"": ""negative""}]","[{""label"": ""Competition importance"", ""value"": 0.68, ""impact"": ""neutral""}, {""label"": ""Probability source"", ""value"": ""FOOTBALL_V13_FALLBACK"", ""impact"": ""neutral""}]","REJECT: positive=6, negative=2, neutral=2, confidence=1.000, risk=high",2026-09-20T18:21:40+00:00,2026-09-20T18:21:40+00:00
d59a8fbe4b22ee514835b1a4,soccer_usa_mls,MLS,Inter Miami CF vs San Diego FC,Inter Miami CF,GTbets,2026-09-20T23:00:00Z,BLOCK,REJECT,0.6100466433632639,0.6569292644495954,-0.12399598209388818,-0.07580836951836104,1.0,high,"[{""label"": ""ELO separation"", ""value"": 93.4, ""impact"": ""positive""}, {""label"": ""Form separation"", ""value"": -0.2305, ""impact"": ""positive""}, {""label"": ""Model dispersion"", ""value"": 0.0687, ""impact"": ""positive""}]","[{""label"": ""Raw edge"", ""value"": -0.124, ""impact"": ""negative""}, {""label"": ""Model-market gap"", ""value"": -0.069, ""impact"": ""negative""}, {""label"": ""Historical xG"", ""value"": ""unavailable"", ""impact"": ""negative""}, {""label"": ""Decision rule"", ""value"": ""edge below minimum"", ""impact"": ""negative""}]","[{""label"": ""Consensus safety"", ""value"": 0.671, ""impact"": ""neutral""}, {""label"": ""Competition importance"", ""value"": 0.68, ""impact"": ""neutral""}, {""label"": ""Probability source"", ""value"": ""FOOTBALL_V13_FALLBACK"", ""impact"": ""neutral""}]","REJECT: positive=3, negative=4, neutral=3, confidence=1.000, risk=high",2026-09-20T18:21:40+00:00,2026-09-20T18:21:40+00:00
aeacc28b72228edff209d82d,soccer_usa_mls,MLS,Inter Miami CF vs San Diego FC,San Diego FC,LeoVegas (SE),2026-09-20T23:00:00Z,BLOCK,REJECT,0.21260594388922074,0.16528853307509786,0.5264116328143185,0.3174701084392934,1.0,high,"[{""label"": ""Raw edge"", ""value"": 0.5264, ""impact"": ""positive""}, {""label"": ""Model-market gap"", ""value"": 0.0695, ""impact"": ""positive""}, {""label"": ""ELO separation"", ""value"": 93.4, ""impact"": ""positive""}, {""label"": ""Form separation"", ""value"": -0.2305, ""impact"": ""positive""}, {""label"": ""Model dispersion"", ""value"": 0.0653, ""impact"": ""positive""}]","[{""label"": ""Historical xG"", ""value"": ""unavailable"", ""impact"": ""negative""}, {""label"": ""Decision rule"", ""value"": ""edge above max guard"", ""impact"": ""negative""}]","[{""label"": ""Consensus safety"", ""value"": 0.759, ""impact"": ""neutral""}, {""label"": ""Competition importance"", ""value"": 0.68, ""impact"": ""neutral""}, {""label"": ""Probability source"", ""value"": ""FOOTBALL_V13_FALLBACK"", ""impact"": ""neutral""}]","REJECT: positive=5, negative=2, neutral=3, confidence=1.000, risk=high",2026-09-20T18:21:40+00:00,2026-09-20T18:21:40+00:00
c21c4856de697a20d219f630,soccer_usa_mls,MLS,Seattle Sounders FC vs Real Salt Lake,Draw,LeoVegas (SE),2026-09-24T01:30:00Z,BLOCK,REJECT,0.2561380923813121,0.2462286009917514,0.026238370193350402,0.009762913916008479,1.0,high,"[{""label"": ""Consensus safety"", ""value"": 0.967, ""impact"": ""positive""}, {""label"": ""ELO separation"", ""value"": 85.4, ""impact"": ""positive""}, {""label"": ""Model dispersion"", ""value"": 0.0084, ""impact"": ""positive""}]","[{""label"": ""Historical xG"", ""value"": ""unavailable"", ""impact"": ""negative""}, {""label"": ""Decision rule"", ""value"": ""edge below minimum"", ""impact"": ""negative""}]","[{""label"": ""Raw edge"", ""value"": 0.0262, ""impact"": ""neutral""}, {""label"": ""Model-market gap"", ""value"": 0.0136, ""impact"": ""neutral""}, {""label"": ""Form separation"", ""value"": -0.0367, ""impact"": ""neutral""}, {""label"": ""Competition importance"", ""value"": 0.68, ""impact"": ""neutral""}, {""label"": ""Probability source"", ""value"": ""FOOTBALL_V13_FALLBACK"", ""impact"": ""neutral""}]","REJECT: positive=3, negative=2, neutral=5, confidence=1.000, risk=high",2026-09-20T18:21:40+00:00,2026-09-20T18:21:40+00:00
f964eb97174231a104bb4b24,soccer_usa_mls,MLS,Seattle Sounders FC vs Real Salt Lake,Real Salt Lake,LeoVegas (SE),2026-09-24T01:30:00Z,PASS,PASS,0.28348631233411664,0.26009157725856374,0.1558329499648652,0.09955445143175716,1.0,low,"[{""label"": ""Raw edge"", ""value"": 0.1558, ""impact"": ""positive""}, {""label"": ""Consensus safety"", ""value"": 0.879, ""impact"": ""positive""}, {""label"": ""ELO separation"", ""value"": 85.4, ""impact"": ""positive""}, {""label"": ""Model dispersion"", ""value"": 0.0434, ""impact"": ""positive""}]","[{""label"": ""Historical xG"", ""value"": ""unavailable"", ""impact"": ""negative""}]","[{""label"": ""Model-market gap"", ""value"": 0.0325, ""impact"": ""neutral""}, {""label"": ""Form separation"", ""value"": -0.0367, ""impact"": ""neutral""}, {""label"": ""Competition importance"", ""value"": 0.68, ""impact"": ""neutral""}, {""label"": ""Probability source"", ""value"": ""FOOTBALL_V13_FALLBACK"", ""impact"": ""neutral""}]","PASS: positive=4, negative=1, neutral=4, confidence=1.000, risk=low",2026-09-20T18:21:40+00:00,2026-09-20T18:21:40+00:00
886e172b443621a0d99052f9,soccer_usa_mls,MLS,Seattle Sounders FC vs Real Salt Lake,Seattle Sounders FC,GTbets,2026-09-24T01:30:00Z,BLOCK,REJECT,0.46233015557342905,0.4936798217496849,-0.09552882968359899,-0.05889118413565849,1.0,high,"[{""label"": ""Consensus safety"", ""value"": 0.853, ""impact"": ""positive""}, {""label"": ""ELO separation"", ""value"": 85.4, ""impact"": ""positive""}, {""label"": ""Model dispersion"", ""value"": 0.0494, ""impact"": ""positive""}]","[{""label"": ""Raw edge"", ""value"": -0.0955, ""impact"": ""negative""}, {""label"": ""Model-market gap"", ""value"": -0.0437, ""impact"": ""negative""}, {""label"": ""Historical xG"", ""value"": ""unavailable"", ""impact"": ""negative""}, {""label"": ""Decision rule"", ""value"": ""edge below minimum"", ""impact"": ""negative""}]","[{""label"": ""Form separation"", ""value"": -0.0367, ""impact"": ""neutral""}, {""label"": ""Competition importance"", ""value"": 0.68, ""impact"": ""neutral""}, {""label"": ""Probability source"", ""value"": ""FOOTBALL_V13_FALLBACK"", ""impact"": ""neutral""}]","REJECT: positive=3, negative=4, neutral=3, confidence=1.000, risk=high",2026-09-20T18:21:40+00:00,2026-09-20T18:21:40+00:00
a78933a3a1ca5da649808b61,soccer_usa_mls,MLS,Atlanta United FC vs New York City FC,Atlanta United FC,LeoVegas (SE),2026-09-26T23:30:00Z,BLOCK,REJECT,0.4330735561365263,0.4309368463829701,0.019585658686655627,0.014731364645496976,1.0,high,"[{""label"": ""Consensus safety"", ""value"": 0.906, ""impact"": ""positive""}, {""label"": ""ELO separation"", ""value"": 120.3, ""impact"": ""positive""}, {""label"": ""Form separation"", ""value"": 0.3452, ""impact"": ""positive""}, {""label"": ""Model dispersion"", ""value"": 0.035, ""impact"": ""positive""}]","[{""label"": ""Historical xG"", ""value"": ""unavailable"", ""impact"": ""negative""}, {""label"": ""Decision rule"", ""value"": ""edge below minimum"", ""impact"": ""negative""}]","[{""label"": ""Raw edge"", ""value"": 0.0196, ""impact"": ""neutral""}, {""label"": ""Model-market gap"", ""value"": 0.0029, ""impact"": ""neutral""}, {""label"": ""Competition importance"", ""value"": 0.68, ""impact"": ""neutral""}, {""label"": ""Probability source"", ""value"": ""FOOTBALL_V13_FALLBACK"", ""impact"": ""neutral""}]","REJECT: positive=4, negative=2, neutral=4, confidence=1.000, risk=high",2026-09-20T18:21:40+00:00,2026-09-20T18:21:40+00:00
0062826d62a8417e1d259fd2,soccer_usa_mls,MLS,Atlanta United FC vs New York City FC,Draw,Coolbet,2026-09-26T23:30:00Z,BLOCK,REJECT,0.26394057768414053,0.26060852962572295,-0.00579061869068509,-0.008489252956461371,1.0,high,"[{""label"": ""Consensus safety"", ""value"": 0.986, ""impact"": ""positive""}, {""label"": ""ELO separation"", ""value"": 120.3, ""impact"": ""positive""}, {""label"": ""Form separation"", ""value"": 0.3452, ""impact"": ""positive""}, {""label"": ""Model dispersion"", ""value"": 0.0058, ""impact"": ""positive""}]","[{""label"": ""Raw edge"", ""value"": -0.0058, ""impact"": ""negative""}, {""label"": ""Historical xG"", ""value"": ""unavailable"", ""impact"": ""negative""}, {""label"": ""Decision rule"", ""value"": ""edge below minimum"", ""impact"": ""negative""}]","[{""label"": ""Model-market gap"", ""value"": 0.0045, ""impact"": ""neutral""}, {""label"": ""Competition importance"", ""value"": 0.68, ""impact"": ""neutral""}, {""label"": ""Probability source"", ""value"": ""FOOTBALL_V13_FALLBACK"", ""impact"": ""neutral""}]","REJECT: positive=4, negative=3, neutral=3, confidence=1.000, risk=high",2026-09-20T18:21:40+00:00,2026-09-20T18:21:40+00:00
56434ebf6caac6d478a3e971,soccer_usa_mls,MLS,Atlanta United FC vs New York City FC,New York City FC,1xBet,2026-09-26T23:30:00Z,BLOCK,REJECT,0.30328864779076636,0.30845462399130696,-0.026553898364512052,-0.01693984269943042,1.0,high,"[{""label"": ""Consensus safety"", ""value"": 0.908, ""impact"": ""positive""}, {""label"": ""ELO separation"", ""value"": 120.3, ""impact"": ""positive""}, {""label"": ""Form separation"", ""value"": 0.3452, ""impact"": ""positive""}, {""label"": ""Model dispersion"", ""value"": 0.0335, ""impact"": ""positive""}]","[{""label"": ""Raw edge"", ""value"": -0.0266, ""impact"": ""negative""}, {""label"": ""Model-market gap"", ""value"": -0.0071, ""impact"": ""negative""}, {""label"": ""Historical xG"", ""value"": ""unavailable"", ""impact"": ""negative""}, {""label"": ""Decision rule"", ""value"": ""edge below minimum"", ""impact"": ""negative""}]","[{""label"": ""Competition importance"", ""value"": 0.68, ""impact"": ""neutral""}, {""label"": ""Probability source"", ""value"": ""FOOTBALL_V13_FALLBACK"", ""impact"": ""neutral""}]","REJECT: positive=4, negative=4, neutral=2, confidence=1.000, risk=high",2026-09-20T18:21:40+00:00,2026-09-20T18:21:40+00:00
3adae2445cb452faf911773f,soccer_usa_mls,MLS,CF Montreal vs FC Cincinnati,CF Montreal,GTbets,2026-09-26T23:30:00Z,BLOCK,REJECT,0.36671986365358755,0.3737294154942858,-0.053933540147599435,-0.03874787721980727,1.0,high,"[{""label"": ""Consensus safety"", ""value"": 0.875, ""impact"": ""positive""}, {""label"": ""ELO separation"", ""value"": 50.7, ""impact"": ""positive""}, {""label"": ""Form separation"", ""value"": -0.2785, ""impact"": ""positive""}, {""label"": ""Model dispersion"", ""value"": 0.0599, ""impact"": ""positive""}]","[{""label"": ""Raw edge"", ""value"": -0.0539, ""impact"": ""negative""}, {""label"": ""Model-market gap"", ""value"": -0.0099, ""impact"": ""negative""}, {""label"": ""Historical xG"", ""value"": ""unavailable"", ""impact"": ""negative""}, {""label"": ""Decision rule"", ""value"": ""edge below minimum"", ""impact"": ""negative""}]","[{""label"": ""Competition importance"", ""value"": 0.68, ""impact"": ""neutral""}, {""label"": ""Probability source"", ""value"": ""FOOTBALL_V13_FALLBACK"", ""impact"": ""neutral""}]","REJECT: positive=4, negative=4, neutral=2, confidence=1.000, risk=high",2026-09-20T18:21:40+00:00,2026-09-20T18:21:40+00:00
be83126d0a74eaa4ec2c6229,soccer_usa_mls,MLS,CF Montreal vs FC Cincinnati,Draw,Coolbet,2026-09-26T23:30:00Z,BLOCK,REJECT,0.2536580602362275,0.24392699884447314,0.02920258437592471,0.012150916129047475,1.0,high,"[{""label"": ""Consensus safety"", ""value"": 0.967, ""impact"": ""positive""}, {""label"": ""ELO separation"", ""value"": 50.7, ""impact"": ""positive""}, {""label"": ""Form separation"", ""value"": -0.2785, ""impact"": ""positive""}, {""label"": ""Model dispersion"", ""value"": 0.0047, ""impact"": ""positive""}]","[{""label"": ""Historical xG"", ""value"": ""unavailable"", ""impact"": ""negative""}, {""label"": ""Decision rule"", ""value"": ""edge below minimum"", ""impact"": ""negative""}]","[{""label"": ""Raw edge"", ""value"": 0.0292, ""impact"": ""neutral""}, {""label"": ""Model-market gap"", ""value"": 0.0134, ""impact"": ""neutral""}, {""label"": ""Competition importance"", ""value"": 0.68, ""impact"": ""neutral""}, {""label"": ""Probability source"", ""value"": ""FOOTBALL_V13_FALLBACK"", ""impact"": ""neutral""}]","REJECT: positive=4, negative=2, neutral=4, confidence=1.000, risk=high",2026-09-20T18:21:40+00:00,2026-09-20T18:21:40+00:00
e7b9ced1a937041213faa6ad,soccer_usa_mls,MLS,CF Montreal vs FC Cincinnati,FC Cincinnati,LeoVegas (SE),2026-09-26T23:30:00Z,BLOCK,REJECT,0.38144638754056126,0.38234358566124105,-0.009185778643232778,-0.006848641523399516,1.0,high,"[{""label"": ""Consensus safety"", ""value"": 0.872, ""impact"": ""positive""}, {""label"": ""ELO separation"", ""value"": 50.7, ""impact"": ""positive""}, {""label"": ""Form separation"", ""value"": -0.2785, ""impact"": ""positive""}, {""label"": ""Model dispersion"", ""value"": 0.0588, ""impact"": ""positive""}]","[{""label"": ""Raw edge"", ""value"": -0.0092, ""impact"": ""negative""}, {""label"": ""Model-market gap"", ""value"": -0.0013, ""impact"": ""negative""}, {""label"": ""Historical xG"", ""value"": ""unavailable"", ""impact"": ""negative""}, {""label"": ""Decision rule"", ""value"": ""edge below minimum"", ""impact"": ""negative""}]","[{""label"": ""Competition importance"", ""value"": 0.68, ""impact"": ""neutral""}, {""label"": ""Probability source"", ""value"": ""FOOTBALL_V13_FALLBACK"", ""impact"": ""neutral""}]","REJECT: positive=4, negative=4, neutral=2, confidence=1.000, risk=high",2026-09-20T18:21:40+00:00,2026-09-20T18:21:40+00:00
7a516e4a2072e51a92adaed4,soccer_usa_mls,MLS,Charlotte FC vs Chicago Fire,Charlotte FC,1xBet,2026-09-26T23:30:00Z,BLOCK,REJECT,0.4154647717717149,0.4132968124911342,-0.008765072254419026,-0.009305380091396987,1.0,high,"[{""label"": ""Consensus safety"", ""value"": 0.924, ""impact"": ""positive""}, {""label"": ""ELO separation"", ""value"": 113.5, ""impact"": ""positive""}, {""label"": ""Form separation"", ""value"": 0.1962, ""impact"": ""positive""}, {""label"": ""Model dispersion"", ""value"": 0.0299, ""impact"": ""positive""}]","[{""label"": ""Raw edge"", ""value"": -0.0088, ""impact"": ""negative""}, {""label"": ""Historical xG"", ""value"": ""unavailable"", ""impact"": ""negative""}, {""label"": ""Decision rule"", ""value"": ""edge below minimum"", ""impact"": ""negative""}]","[{""label"": ""Model-market gap"", ""value"": 0.0032, ""impact"": ""neutral""}, {""label"": ""Competition importance"", ""value"": 0.68, ""impact"": ""neutral""}, {""label"": ""Probability source"", ""value"": ""FOOTBALL_V13_FALLBACK"", ""impact"": ""neutral""}]","REJECT: positive=4, negative=3, neutral=3, confidence=1.000, risk=high",2026-09-20T18:21:41+00:00,2026-09-20T18:21:41+00:00
c89223dcbf2a020d7ee3cdb3,soccer_usa_mls,MLS,Charlotte FC vs Chicago Fire,Chicago Fire,LeoVegas (SE),2026-09-26T23:30:00Z,BLOCK,REJECT,0.3343118032887864,0.34371329603846185,-0.05978797277186554,-0.03924241852836349,1.0,high,"[{""label"": ""Consensus safety"", ""value"": 0.918, ""impact"": ""positive""}, {""label"": ""ELO separation"", ""value"": 113.5, ""impact"": ""positive""}, {""label"": ""Form separation"", ""value"": 0.1962, ""impact"": ""positive""}, {""label"": ""Model dispersion"", ""value"": 0.0279, ""impact"": ""positive""}]","[{""label"": ""Raw edge"", ""value"": -0.0598, ""impact"": ""negative""}, {""label"": ""Model-market gap"", ""value"": -0.0138, ""impact"": ""negative""}, {""label"": ""Historical xG"", ""value"": ""unavailable"", ""impact"": ""negative""}, {""label"": ""Decision rule"", ""value"": ""edge below minimum"", ""impact"": ""negative""}]","[{""label"": ""Competition importance"", ""value"": 0.68, ""impact"": ""neutral""}, {""label"": ""Probability source"", ""value"": ""FOOTBALL_V13_FALLBACK"", ""impact"": ""neutral""}]","REJECT: positive=4, negative=4, neutral=2, confidence=1.000, risk=high",2026-09-20T18:21:41+00:00,2026-09-20T18:21:41+00:00
c641042b6114f172c807b70e,soccer_usa_mls,MLS,Charlotte FC vs Chicago Fire,Draw,Pinnacle,2026-09-26T23:30:00Z,BLOCK,REJECT,0.2508352559151926,0.24298989147040403,0.01508747936918109,0.0006911763180120202,1.0,high,"[{""label"": ""Consensus safety"", ""value"": 0.971, ""impact"": ""positive""}, {""label"": ""ELO separation"", ""value"": 113.5, ""impact"": ""positive""}, {""label"": ""Form separation"", ""value"": 0.1962, ""impact"": ""positive""}, {""label"": ""Model dispersion"", ""value"": 0.006, ""impact"": ""positive""}]","[{""label"": ""Historical xG"", ""value"": ""unavailable"", ""impact"": ""negative""}, {""label"": ""Decision rule"", ""value"": ""edge below minimum"", ""impact"": ""negative""}]","[{""label"": ""Raw edge"", ""value"": 0.0151, ""impact"": ""neutral""}, {""label"": ""Model-market gap"", ""value"": 0.0114, ""impact"": ""neutral""}, {""label"": ""Competition importance"", ""value"": 0.68, ""impact"": ""neutral""}, {""label"": ""Probability source"", ""value"": ""FOOTBALL_V13_FALLBACK"", ""impact"": ""neutral""}]","REJECT: positive=4, negative=2, neutral=4, confidence=1.000, risk=high",2026-09-20T18:21:41+00:00,2026-09-20T18:21:41+00:00
2294b88413b76f5c8be9b313,soccer_usa_mls,MLS,New York Red Bulls vs St. Louis City SC,Draw,Coolbet,2026-09-26T23:30:00Z,BLOCK,REJECT,0.2530827324906359,0.24421236576848362,0.024653936992293346,0.010239859795375127,1.0,high,"[{""label"": ""Consensus safety"", ""value"": 0.964, ""impact"": ""positive""}, {""label"": ""Form separation"", ""value"": -0.4844, ""impact"": ""positive""}, {""label"": ""Model dispersion"", ""value"": 0.008, ""impact"": ""positive""}]","[{""label"": ""Historical xG"", ""value"": ""unavailable"", ""impact"": ""negative""}, {""label"": ""Decision rule"", ""value"": ""edge below minimum"", ""impact"": ""negative""}]","[{""label"": ""Raw edge"", ""value"": 0.0247, ""impact"": ""neutral""}, {""label"": ""Model-market gap"", ""value"": 0.012, ""impact"": ""neutral""}, {""label"": ""ELO separation"", ""value"": -21.0, ""impact"": ""neutral""}, {""label"": ""Competition importance"", ""value"": 0.68, ""impact"": ""neutral""}, {""label"": ""Probability source"", ""value"": ""FOOTBALL_V13_FALLBACK"", ""impact"": ""neutral""}]","REJECT: positive=3, negative=2, neutral=5, confidence=1.000, risk=high",2026-09-20T18:21:41+00:00,2026-09-20T18:21:41+00:00
338f4f33477f3ddf2fdba6d3,soccer_usa_mls,MLS,New York Red Bulls vs St. Louis City SC,New York Red Bulls,1xBet,2026-09-26T23:30:00Z,BLOCK,REJECT,0.33828823891606724,0.35087094560506704,-0.05959823997676672,-0.03826212941652568,1.0,high,"[{""label"": ""Consensus safety"", ""value"": 0.852, ""impact"": ""positive""}, {""label"": ""Form separation"", ""value"": -0.4844, ""impact"": ""positive""}, {""label"": ""Model dispersion"", ""value"": 0.0709, ""impact"": ""positive""}]","[{""label"": ""Raw edge"", ""value"": -0.0596, ""impact"": ""negative""}, {""label"": ""Model-market gap"", ""value"": -0.0174, ""impact"": ""negative""}, {""label"": ""Historical xG"", ""value"": ""unavailable"", ""impact"": ""negative""}, {""label"": ""Decision rule"", ""value"": ""edge below minimum"", ""impact"": ""negative""}]","[{""label"": ""ELO separation"", ""value"": -21.0, ""impact"": ""neutral""}, {""label"": ""Competition importance"", ""value"": 0.68, ""impact"": ""neutral""}, {""label"": ""Probability source"", ""value"": ""FOOTBALL_V13_FALLBACK"", ""impact"": ""neutral""}]","REJECT: positive=3, negative=4, neutral=3, confidence=1.000, risk=high",2026-09-20T18:21:41+00:00,2026-09-20T18:21:41+00:00
8047d12c1f62134d18e9dfd2,soccer_usa_mls,MLS,New York Red Bulls vs St. Louis City SC,St. Louis City SC,LeoVegas (SE),2026-09-26T23:30:00Z,BLOCK,REJECT,0.4104076587128723,0.4049166886264493,0.023051187617156854,0.014804624486272951,1.0,high,"[{""label"": ""Form separation"", ""value"": -0.4844, ""impact"": ""positive""}, {""label"": ""Model dispersion"", ""value"": 0.075, ""impact"": ""positive""}]","[{""label"": ""Historical xG"", ""value"": ""unavailable"", ""impact"": ""negative""}, {""label"": ""Decision rule"", ""value"": ""edge below minimum"", ""impact"": ""negative""}]","[{""label"": ""Raw edge"", ""value"": 0.0231, ""impact"": ""neutral""}, {""label"": ""Consensus safety"", ""value"": 0.845, ""impact"": ""neutral""}, {""label"": ""Model-market gap"", ""value"": 0.0076, ""impact"": ""neutral""}, {""label"": ""ELO separation"", ""value"": -21.0, ""impact"": ""neutral""}, {""label"": ""Competition importance"", ""value"": 0.68, ""impact"": ""neutral""}, {""label"": ""Probability source"", ""value"": ""FOOTBALL_V13_FALLBACK"", ""impact"": ""neutral""}]","REJECT: positive=2, negative=2, neutral=6, confidence=1.000, risk=high",2026-09-20T18:21:41+00:00,2026-09-20T18:21:41+00:00
f5eae7a657d4790d87446862,soccer_usa_mls,MLS,Philadelphia Union vs Orlando City SC,Draw,Pinnacle,2026-09-26T23:30:00Z,BLOCK,REJECT,0.21279492992815363,0.18988731636979686,0.1766962139936037,0.09902860184045832,1.0,high,"[{""label"": ""Raw edge"", ""value"": 0.1767, ""impact"": ""positive""}, {""label"": ""Consensus safety"", ""value"": 0.913, ""impact"": ""positive""}, {""label"": ""ELO separation"", ""value"": 118.6, ""impact"": ""positive""}, {""label"": ""Form separation"", ""value"": 0.1035, ""impact"": ""positive""}, {""label"": ""Model dispersion"", ""value"": 0.0084, ""impact"": ""positive""}]","[{""label"": ""Historical xG"", ""value"": ""unavailable"", ""impact"": ""negative""}, {""label"": ""Decision rule"", ""value"": ""odds above maximum"", ""impact"": ""negative""}]","[{""label"": ""Model-market gap"", ""value"": 0.0338, ""impact"": ""neutral""}, {""label"": ""Competition importance"", ""value"": 0.68, ""impact"": ""neutral""}, {""label"": ""Probability source"", ""value"": ""FOOTBALL_V13_FALLBACK"", ""impact"": ""neutral""}]","REJECT: positive=5, negative=2, neutral=3, confidence=1.000, risk=high",2026-09-20T18:21:41+00:00,2026-09-20T18:21:41+00:00
f243b5cd7cbb29a4cb4446e0,soccer_usa_mls,MLS,Philadelphia Union vs Orlando City SC,Orlando City SC,Betsson,2026-09-26T23:30:00Z,BLOCK,REJECT,0.2071141736995349,0.1675281056730042,0.42761450176843097,0.2796555894740202,1.0,high,"[{""label"": ""Raw edge"", ""value"": 0.4276, ""impact"": ""positive""}, {""label"": ""Model-market gap"", ""value"": 0.0591, ""impact"": ""positive""}, {""label"": ""ELO separation"", ""value"": 118.6, ""impact"": ""positive""}, {""label"": ""Form separation"", ""value"": 0.1035, ""impact"": ""positive""}, {""label"": ""Model dispersion"", ""value"": 0.0327, ""impact"": ""positive""}]","[{""label"": ""Historical xG"", ""value"": ""unavailable"", ""impact"": ""negative""}, {""label"": ""Decision rule"", ""value"": ""edge above max guard"", ""impact"": ""negative""}]","[{""label"": ""Consensus safety"", ""value"": 0.822, ""impact"": ""neutral""}, {""label"": ""Competition importance"", ""value"": 0.68, ""impact"": ""neutral""}, {""label"": ""Probability source"", ""value"": ""FOOTBALL_V13_FALLBACK"", ""impact"": ""neutral""}]","REJECT: positive=5, negative=2, neutral=3, confidence=1.000, risk=high",2026-09-20T18:21:41+00:00,2026-09-20T18:21:41+00:00
1e16dc7869b27fff5ab918f7,soccer_usa_mls,MLS,Philadelphia Union vs Orlando City SC,Philadelphia Union,GTbets,2026-09-26T23:30:00Z,BLOCK,REJECT,0.5959065964019593,0.642584577957199,-0.12370452947695454,-0.0735035730313138,1.0,high,"[{""label"": ""ELO separation"", ""value"": 118.6, ""impact"": ""positive""}, {""label"": ""Form separation"", ""value"": 0.1035, ""impact"": ""positive""}, {""label"": ""Model dispersion"", ""value"": 0.0385, ""impact"": ""positive""}]","[{""label"": ""Raw edge"", ""value"": -0.1237, ""impact"": ""negative""}, {""label"": ""Model-market gap"", ""value"": -0.0698, ""impact"": ""negative""}, {""label"": ""Historical xG"", ""value"": ""unavailable"", ""impact"": ""negative""}, {""label"": ""Decision rule"", ""value"": ""edge below minimum"", ""impact"": ""negative""}]","[{""label"": ""Consensus safety"", ""value"": 0.739, ""impact"": ""neutral""}, {""label"": ""Competition importance"", ""value"": 0.68, ""impact"": ""neutral""}, {""label"": ""Probability source"", ""value"": ""FOOTBALL_V13_FALLBACK"", ""impact"": ""neutral""}]","REJECT: positive=3, negative=4, neutral=3, confidence=1.000, risk=high",2026-09-20T18:21:41+00:00,2026-09-20T18:21:41+00:00
e65127fa2fa82234cab140db,soccer_usa_mls,MLS,Austin FC vs San Diego FC,Austin FC,LeoVegas (SE),2026-09-27T00:30:00Z,BLOCK,REJECT,0.4021109851050091,0.4178876321866592,-0.05861867835712009,-0.03572183651964932,1.0,high,"[{""label"": ""Consensus safety"", ""value"": 0.868, ""impact"": ""positive""}, {""label"": ""ELO separation"", ""value"": 60.3, ""impact"": ""positive""}, {""label"": ""Form separation"", ""value"": -0.1771, ""impact"": ""positive""}, {""label"": ""Model dispersion"", ""value"": 0.0606, ""impact"": ""positive""}]","[{""label"": ""Raw edge"", ""value"": -0.0586, ""impact"": ""negative""}, {""label"": ""Model-market gap"", ""value"": -0.0223, ""impact"": ""negative""}, {""label"": ""Historical xG"", ""value"": ""unavailable"", ""impact"": ""negative""}, {""label"": ""Decision rule"", ""value"": ""edge below minimum"", ""impact"": ""negative""}]","[{""label"": ""Competition importance"", ""value"": 0.68, ""impact"": ""neutral""}, {""label"": ""Probability source"", ""value"": ""FOOTBALL_V13_FALLBACK"", ""impact"": ""neutral""}]","REJECT: positive=4, negative=4, neutral=2, confidence=1.000, risk=high",2026-09-20T18:21:41+00:00,2026-09-20T18:21:41+00:00
cd024a5c6cb1a4c1442781dd,soccer_usa_mls,MLS,Austin FC vs San Diego FC,Draw,1xBet,2026-09-27T00:30:00Z,BLOCK,REJECT,0.25996074542235215,0.25349943791321833,-0.00010223088389782475,-0.007938496502032896,1.0,high,"[{""label"": ""Consensus safety"", ""value"": 0.977, ""impact"": ""positive""}, {""label"": ""ELO separation"", ""value"": 60.3, ""impact"": ""positive""}, {""label"": ""Form separation"", ""value"": -0.1771, ""impact"": ""positive""}, {""label"": ""Model dispersion"", ""value"": 0.0047, ""impact"": ""positive""}]","[{""label"": ""Raw edge"", ""value"": -0.0001, ""impact"": ""negative""}, {""label"": ""Historical xG"", ""value"": ""unavailable"", ""impact"": ""negative""}, {""label"": ""Decision rule"", ""value"": ""edge below minimum"", ""impact"": ""negative""}]","[{""label"": ""Model-market gap"", ""value"": 0.0089, ""impact"": ""neutral""}, {""label"": ""Competition importance"", ""value"": 0.68, ""impact"": ""neutral""}, {""label"": ""Probability source"", ""value"": ""FOOTBALL_V13_FALLBACK"", ""impact"": ""neutral""}]","REJECT: positive=4, negative=3, neutral=3, confidence=1.000, risk=high",2026-09-20T18:21:41+00:00,2026-09-20T18:21:41+00:00
4801794793c24d1bad397155,soccer_usa_mls,MLS,Austin FC vs San Diego FC,San Diego FC,1xBet,2026-09-27T00:30:00Z,BLOCK,REJECT,0.339235284212923,0.3286129299001225,0.024078457532119346,0.009078689220621662,1.0,high,"[{""label"": ""Consensus safety"", ""value"": 0.874, ""impact"": ""positive""}, {""label"": ""ELO separation"", ""value"": 60.3, ""impact"": ""positive""}, {""label"": ""Form separation"", ""value"": -0.1771, ""impact"": ""positive""}, {""label"": ""Model dispersion"", ""value"": 0.059, ""impact"": ""positive""}]","[{""label"": ""Historical xG"", ""value"": ""unavailable"", ""impact"": ""negative""}, {""label"": ""Decision rule"", ""value"": ""edge below minimum"", ""impact"": ""negative""}]","[{""label"": ""Raw edge"", ""value"": 0.0241, ""impact"": ""neutral""}, {""label"": ""Model-market gap"", ""value"": 0.015, ""impact"": ""neutral""}, {""label"": ""Competition importance"", ""value"": 0.68, ""impact"": ""neutral""}, {""label"": ""Probability source"", ""value"": ""FOOTBALL_V13_FALLBACK"", ""impact"": ""neutral""}]","REJECT: positive=4, negative=2, neutral=4, confidence=1.000, risk=high",2026-09-20T18:21:41+00:00,2026-09-20T18:21:41+00:00
a83496f40c6b21815dff4617,soccer_usa_mls,MLS,FC Dallas vs Los Angeles FC,Draw,Coolbet,2026-09-27T00:30:00Z,BLOCK,REJECT,0.25581346131950083,0.25307936151311133,-0.01098295244191283,-0.012554444942298761,1.0,high,"[{""label"": ""Consensus safety"", ""value"": 0.986, ""impact"": ""positive""}, {""label"": ""ELO separation"", ""value"": 171.2, ""impact"": ""positive""}, {""label"": ""Form separation"", ""value"": 0.6133, ""impact"": ""positive""}, {""label"": ""Model dispersion"", ""value"": 0.0044, ""impact"": ""positive""}]","[{""label"": ""Raw edge"", ""value"": -0.011, ""impact"": ""negative""}, {""label"": ""Historical xG"", ""value"": ""unavailable"", ""impact"": ""negative""}, {""label"": ""Decision rule"", ""value"": ""edge below minimum"", ""impact"": ""negative""}]","[{""label"": ""Model-market gap"", ""value"": 0.0038, ""impact"": ""neutral""}, {""label"": ""Competition importance"", ""value"": 0.68, ""impact"": ""neutral""}, {""label"": ""Probability source"", ""value"": ""FOOTBALL_V13_FALLBACK"", ""impact"": ""neutral""}]","REJECT: positive=4, negative=3, neutral=3, confidence=1.000, risk=high",2026-09-20T18:21:41+00:00,2026-09-20T18:21:41+00:00
d7e5069ec5c81e94e480db57,soccer_usa_mls,MLS,FC Dallas vs Los Angeles FC,FC Dallas,LeoVegas (SE),2026-09-27T00:30:00Z,PASS,PASS,0.4093803532034014,0.38173254792231404,0.10720852053439689,0.06372892237005247,1.0,low,"[{""label"": ""Raw edge"", ""value"": 0.1072, ""impact"": ""positive""}, {""label"": ""ELO separation"", ""value"": 171.2, ""impact"": ""positive""}, {""label"": ""Form separation"", ""value"": 0.6133, ""impact"": ""positive""}, {""label"": ""Model dispersion"", ""value"": 0.0501, ""impact"": ""positive""}]","[{""label"": ""Historical xG"", ""value"": ""unavailable"", ""impact"": ""negative""}]","[{""label"": ""Consensus safety"", ""value"": 0.837, ""impact"": ""neutral""}, {""label"": ""Model-market gap"", ""value"": 0.0393, ""impact"": ""neutral""}, {""label"": ""Competition importance"", ""value"": 0.68, ""impact"": ""neutral""}, {""label"": ""Probability source"", ""value"": ""FOOTBALL_V13_FALLBACK"", ""impact"": ""neutral""}]","PASS: positive=4, negative=1, neutral=4, confidence=1.000, risk=low",2026-09-20T18:21:41+00:00,2026-09-20T18:21:41+00:00
a51cb0978873244786ecc9da,soccer_usa_mls,MLS,FC Dallas vs Los Angeles FC,Los Angeles FC,1xBet,2026-09-27T00:30:00Z,BLOCK,REJECT,0.3349458468998787,0.3651880905645747,-0.13948839698233284,-0.08786332862359482,1.0,high,"[{""label"": ""ELO separation"", ""value"": 171.2, ""impact"": ""positive""}, {""label"": ""Form separation"", ""value"": 0.6133, ""impact"": ""positive""}, {""label"": ""Model dispersion"", ""value"": 0.0477, ""impact"": ""positive""}]","[{""label"": ""Raw edge"", ""value"": -0.1395, ""impact"": ""negative""}, {""label"": ""Model-market gap"", ""value"": -0.0429, ""impact"": ""negative""}, {""label"": ""Historical xG"", ""value"": ""unavailable"", ""impact"": ""negative""}, {""label"": ""Decision rule"", ""value"": ""edge below minimum"", ""impact"": ""negative""}]","[{""label"": ""Consensus safety"", ""value"": 0.838, ""impact"": ""neutral""}, {""label"": ""Competition importance"", ""value"": 0.68, ""impact"": ""neutral""}, {""label"": ""Probability source"", ""value"": ""FOOTBALL_V13_FALLBACK"", ""impact"": ""neutral""}]","REJECT: positive=3, negative=4, neutral=3, confidence=1.000, risk=high",2026-09-20T18:21:41+00:00,2026-09-20T18:21:41+00:00
6765931d3f0e8d11dcb3d22e,soccer_usa_mls,MLS,Houston Dynamo vs Sporting Kansas City,Draw,LeoVegas (SE),2026-09-27T00:30:00Z,BLOCK,REJECT,0.22412800804844982,0.2072636404115084,0.11257437204117049,0.06301750027540907,1.0,high,"[{""label"": ""Raw edge"", ""value"": 0.1126, ""impact"": ""positive""}, {""label"": ""Consensus safety"", ""value"": 0.939, ""impact"": ""positive""}, {""label"": ""ELO separation"", ""value"": 157.7, ""impact"": ""positive""}, {""label"": ""Form separation"", ""value"": 0.3222, ""impact"": ""positive""}, {""label"": ""Model dispersion"", ""value"": 0.0053, ""impact"": ""positive""}]","[{""label"": ""Historical xG"", ""value"": ""unavailable"", ""impact"": ""negative""}, {""label"": ""Decision rule"", ""value"": ""odds above maximum"", ""impact"": ""negative""}]","[{""label"": ""Model-market gap"", ""value"": 0.0245, ""impact"": ""neutral""}, {""label"": ""Competition importance"", ""value"": 0.68, ""impact"": ""neutral""}, {""label"": ""Probability source"", ""value"": ""FOOTBALL_V13_FALLBACK"", ""impact"": ""neutral""}]","REJECT: positive=5, negative=2, neutral=3, confidence=1.000, risk=high",2026-09-20T18:21:41+00:00,2026-09-20T18:21:41+00:00
3973b280130c325d26508cf8,soccer_usa_mls,MLS,Houston Dynamo vs Sporting Kansas City,Houston Dynamo,1xBet,2026-09-27T00:30:00Z,BLOCK,REJECT,0.5899378958099258,0.63741892645025,-0.13771395550126952,-0.0858680635768882,1.0,high,"[{""label"": ""ELO separation"", ""value"": 157.7, ""impact"": ""positive""}, {""label"": ""Form separation"", ""value"": 0.3222, ""impact"": ""positive""}, {""label"": ""Model dispersion"", ""value"": 0.0406, ""impact"": ""positive""}]","[{""label"": ""Raw edge"", ""value"": -0.1377, ""impact"": ""negative""}, {""label"": ""Model-market gap"", ""value"": -0.0701, ""impact"": ""negative""}, {""label"": ""Historical xG"", ""value"": ""unavailable"", ""impact"": ""negative""}, {""label"": ""Decision rule"", ""value"": ""edge below minimum"", ""impact"": ""negative""}]","[{""label"": ""Consensus safety"", ""value"": 0.777, ""impact"": ""neutral""}, {""label"": ""Competition importance"", ""value"": 0.68, ""impact"": ""neutral""}, {""label"": ""Probability source"", ""value"": ""FOOTBALL_V13_FALLBACK"", ""impact"": ""neutral""}]","REJECT: positive=3, negative=4, neutral=3, confidence=1.000, risk=high",2026-09-20T18:21:41+00:00,2026-09-20T18:21:41+00:00
aabfce04e6c2cd92c8776af6,soccer_usa_mls,MLS,Houston Dynamo vs Sporting Kansas City,Sporting Kansas City,LeoVegas (SE),2026-09-27T00:30:00Z,BLOCK,REJECT,0.18843789399754846,0.15531743313824176,0.3782312921049049,0.22605158110641246,1.0,high,"[{""label"": ""Raw edge"", ""value"": 0.3782, ""impact"": ""positive""}, {""label"": ""Model-market gap"", ""value"": 0.0489, ""impact"": ""positive""}, {""label"": ""ELO separation"", ""value"": 157.7, ""impact"": ""positive""}, {""label"": ""Form separation"", ""value"": 0.3222, ""impact"": ""positive""}, {""label"": ""Model dispersion"", ""value"": 0.0383, ""impact"": ""positive""}]","[{""label"": ""Historical xG"", ""value"": ""unavailable"", ""impact"": ""negative""}, {""label"": ""Decision rule"", ""value"": ""edge above max guard"", ""impact"": ""negative""}]","[{""label"": ""Consensus safety"", ""value"": 0.833, ""impact"": ""neutral""}, {""label"": ""Competition importance"", ""value"": 0.68, ""impact"": ""neutral""}, {""label"": ""Probability source"", ""value"": ""FOOTBALL_V13_FALLBACK"", ""impact"": ""neutral""}]","REJECT: positive=5, negative=2, neutral=3, confidence=1.000, risk=high",2026-09-20T18:21:41+00:00,2026-09-20T18:21:41+00:00
8a51cf04e7f7f9271dd4807c,soccer_usa_mls,MLS,Seattle Sounders FC vs Minnesota United FC,Draw,Coolbet,2026-09-27T00:30:00Z,BLOCK,REJECT,0.2606401841586499,0.2524219144546293,0.014593491330528563,0.0028771661675279733,1.0,high,"[{""label"": ""Consensus safety"", ""value"": 0.971, ""impact"": ""positive""}, {""label"": ""Model dispersion"", ""value"": 0.0062, ""impact"": ""positive""}]","[{""label"": ""Historical xG"", ""value"": ""unavailable"", ""impact"": ""negative""}, {""label"": ""Decision rule"", ""value"": ""edge below minimum"", ""impact"": ""negative""}]","[{""label"": ""Raw edge"", ""value"": 0.0146, ""impact"": ""neutral""}, {""label"": ""Model-market gap"", ""value"": 0.0111, ""impact"": ""neutral""}, {""label"": ""ELO separation"", ""value"": 38.4, ""impact"": ""neutral""}, {""label"": ""Form separation"", ""value"": -0.0367, ""impact"": ""neutral""}, {""label"": ""Competition importance"", ""value"": 0.68, ""impact"": ""neutral""}, {""label"": ""Probability source"", ""value"": ""FOOTBALL_V13_FALLBACK"", ""impact"": ""neutral""}]","REJECT: positive=2, negative=2, neutral=6, confidence=1.000, risk=high",2026-09-20T18:21:41+00:00,2026-09-20T18:21:41+00:00
0270012a4f68327bd743b12d,soccer_usa_mls,MLS,Seattle Sounders FC vs Minnesota United FC,Minnesota United FC,Betsson,2026-09-27T00:30:00Z,BLOCK,REJECT,0.3217475896577899,0.3056040000678872,0.04904348064429387,0.027149358957393045,1.0,high,"[{""label"": ""Consensus safety"", ""value"": 0.887, ""impact"": ""positive""}, {""label"": ""Model dispersion"", ""value"": 0.0507, ""impact"": ""positive""}]","[{""label"": ""Historical xG"", ""value"": ""unavailable"", ""impact"": ""negative""}, {""label"": ""Decision rule"", ""value"": ""edge below minimum"", ""impact"": ""negative""}]","[{""label"": ""Raw edge"", ""value"": 0.049, ""impact"": ""neutral""}, {""label"": ""Model-market gap"", ""value"": 0.0222, ""impact"": ""neutral""}, {""label"": ""ELO separation"", ""value"": 38.4, ""impact"": ""neutral""}, {""label"": ""Form separation"", ""value"": -0.0367, ""impact"": ""neutral""}, {""label"": ""Competition importance"", ""value"": 0.68, ""impact"": ""neutral""}, {""label"": ""Probability source"", ""value"": ""FOOTBALL_V13_FALLBACK"", ""impact"": ""neutral""}]","REJECT: positive=2, negative=2, neutral=6, confidence=1.000, risk=high",2026-09-20T18:21:41+00:00,2026-09-20T18:21:41+00:00
22b214f2d4e2109ad9071426,soccer_usa_mls,MLS,Seattle Sounders FC vs Minnesota United FC,Seattle Sounders FC,LeoVegas (SE),2026-09-27T00:30:00Z,BLOCK,REJECT,0.4188940823720831,0.44197408547748346,-0.07705809886265769,-0.047784695770876566,1.0,high,"[{""label"": ""Consensus safety"", ""value"": 0.876, ""impact"": ""positive""}, {""label"": ""Model dispersion"", ""value"": 0.0512, ""impact"": ""positive""}]","[{""label"": ""Raw edge"", ""value"": -0.0771, ""impact"": ""negative""}, {""label"": ""Model-market gap"", ""value"": -0.0318, ""impact"": ""negative""}, {""label"": ""Historical xG"", ""value"": ""unavailable"", ""impact"": ""negative""}, {""label"": ""Decision rule"", ""value"": ""edge below minimum"", ""impact"": ""negative""}]","[{""label"": ""ELO separation"", ""value"": 38.4, ""impact"": ""neutral""}, {""label"": ""Form separation"", ""value"": -0.0367, ""impact"": ""neutral""}, {""label"": ""Competition importance"", ""value"": 0.68, ""impact"": ""neutral""}, {""label"": ""Probability source"", ""value"": ""FOOTBALL_V13_FALLBACK"", ""impact"": ""neutral""}]","REJECT: positive=2, negative=4, neutral=4, confidence=1.000, risk=high",2026-09-20T18:21:41+00:00,2026-09-20T18:21:41+00:00
57dac92b68dc3817f8cbe37e,soccer_usa_mls,MLS,Nashville SC vs Toronto FC,Draw,Pinnacle,2026-09-27T00:30:00Z,BLOCK,REJECT,0.22384124970028849,0.20262673055704977,0.13092431460807008,0.0766531747105556,1.0,high,"[{""label"": ""Raw edge"", ""value"": 0.1309, ""impact"": ""positive""}, {""label"": ""Consensus safety"", ""value"": 0.932, ""impact"": ""positive""}, {""label"": ""ELO separation"", ""value"": 172.4, ""impact"": ""positive""}, {""label"": ""Form separation"", ""value"": 0.2733, ""impact"": ""positive""}, {""label"": ""Model dispersion"", ""value"": 0.0082, ""impact"": ""positive""}]","[{""label"": ""Historical xG"", ""value"": ""unavailable"", ""impact"": ""negative""}, {""label"": ""Decision rule"", ""value"": ""odds above maximum"", ""impact"": ""negative""}]","[{""label"": ""Model-market gap"", ""value"": 0.0291, ""impact"": ""neutral""}, {""label"": ""Competition importance"", ""value"": 0.68, ""impact"": ""neutral""}, {""label"": ""Probability source"", ""value"": ""FOOTBALL_V13_FALLBACK"", ""impact"": ""neutral""}]","REJECT: positive=5, negative=2, neutral=3, confidence=1.000, risk=high",2026-09-20T18:21:41+00:00,2026-09-20T18:21:41+00:00
3d2790f0dd8c84405bdd7a11,soccer_usa_mls,MLS,Nashville SC vs Toronto FC,Nashville SC,1xBet,2026-09-27T00:30:00Z,BLOCK,REJECT,0.584274847925756,0.6361125191524736,-0.15441435775014334,-0.10273779665077928,1.0,high,"[{""label"": ""ELO separation"", ""value"": 172.4, ""impact"": ""positive""}, {""label"": ""Form separation"", ""value"": 0.2733, ""impact"": ""positive""}, {""label"": ""Model dispersion"", ""value"": 0.0496, ""impact"": ""positive""}]","[{""label"": ""Raw edge"", ""value"": -0.1544, ""impact"": ""negative""}, {""label"": ""Model-market gap"", ""value"": -0.0724, ""impact"": ""negative""}, {""label"": ""Historical xG"", ""value"": ""unavailable"", ""impact"": ""negative""}, {""label"": ""Decision rule"", ""value"": ""edge below minimum"", ""impact"": ""negative""}]","[{""label"": ""Consensus safety"", ""value"": 0.769, ""impact"": ""neutral""}, {""label"": ""Competition importance"", ""value"": 0.68, ""impact"": ""neutral""}, {""label"": ""Probability source"", ""value"": ""FOOTBALL_V13_FALLBACK"", ""impact"": ""neutral""}]","REJECT: positive=3, negative=4, neutral=3, confidence=1.000, risk=high",2026-09-20T18:21:41+00:00,2026-09-20T18:21:41+00:00
77a6682a8e89f01fa9becd89,soccer_usa_mls,MLS,Nashville SC vs Toronto FC,Toronto FC,1xBet,2026-09-27T00:30:00Z,BLOCK,REJECT,0.19559749765729126,0.16126075029047662,0.3173629462195866,0.19307997755189255,1.0,high,"[{""label"": ""Raw edge"", ""value"": 0.3174, ""impact"": ""positive""}, {""label"": ""Model-market gap"", ""value"": 0.0478, ""impact"": ""positive""}, {""label"": ""ELO separation"", ""value"": 172.4, ""impact"": ""positive""}, {""label"": ""Form separation"", ""value"": 0.2733, ""impact"": ""positive""}, {""label"": ""Model dispersion"", ""value"": 0.0444, ""impact"": ""positive""}]","[{""label"": ""Historical xG"", ""value"": ""unavailable"", ""impact"": ""negative""}, {""label"": ""Decision rule"", ""value"": ""edge above max guard"", ""impact"": ""negative""}]","[{""label"": ""Consensus safety"", ""value"": 0.828, ""impact"": ""neutral""}, {""label"": ""Competition importance"", ""value"": 0.68, ""impact"": ""neutral""}, {""label"": ""Probability source"", ""value"": ""FOOTBALL_V13_FALLBACK"", ""impact"": ""neutral""}]","REJECT: positive=5, negative=2, neutral=3, confidence=1.000, risk=high",2026-09-20T18:21:41+00:00,2026-09-20T18:21:41+00:00
55056e5caae9d17a59dfd078,soccer_usa_mls,MLS,Real Salt Lake vs New England Revolution,Draw,1xBet,2026-09-27T01:30:00Z,BLOCK,REJECT,0.255096588149726,0.24975740618030062,-0.008706110930334021,-0.012741391659635773,1.0,high,"[{""label"": ""Consensus safety"", ""value"": 0.976, ""impact"": ""positive""}, {""label"": ""ELO separation"", ""value"": -57.5, ""impact"": ""positive""}, {""label"": ""Form separation"", ""value"": -0.64, ""impact"": ""positive""}, {""label"": ""Model dispersion"", ""value"": 0.0072, ""impact"": ""positive""}]","[{""label"": ""Raw edge"", ""value"": -0.0087, ""impact"": ""negative""}, {""label"": ""Historical xG"", ""value"": ""unavailable"", ""impact"": ""negative""}, {""label"": ""Decision rule"", ""value"": ""edge below minimum"", ""impact"": ""negative""}]","[{""label"": ""Model-market gap"", ""value"": 0.0071, ""impact"": ""neutral""}, {""label"": ""Competition importance"", ""value"": 0.68, ""impact"": ""neutral""}, {""label"": ""Probability source"", ""value"": ""FOOTBALL_V13_FALLBACK"", ""impact"": ""neutral""}]","REJECT: positive=4, negative=3, neutral=3, confidence=1.000, risk=high",2026-09-20T18:21:41+00:00,2026-09-20T18:21:41+00:00
3b3879e8e3830d5e8dcb1a73,soccer_usa_mls,MLS,Real Salt Lake vs New England Revolution,New England Revolution,Betsson,2026-09-27T01:30:00Z,PASS,PASS,0.34634645042107975,0.3050670684912677,0.15669467062119113,0.0993093915415675,0.9994156880366598,low,"[{""label"": ""Raw edge"", ""value"": 0.1567, ""impact"": ""positive""}, {""label"": ""Model-market gap"", ""value"": 0.0564, ""impact"": ""positive""}, {""label"": ""ELO separation"", ""value"": -57.5, ""impact"": ""positive""}, {""label"": ""Form separation"", ""value"": -0.64, ""impact"": ""positive""}, {""label"": ""Model dispersion"", ""value"": 0.0896, ""impact"": ""positive""}]","[{""label"": ""Historical xG"", ""value"": ""unavailable"", ""impact"": ""negative""}]","[{""label"": ""Consensus safety"", ""value"": 0.775, ""impact"": ""neutral""}, {""label"": ""Competition importance"", ""value"": 0.68, ""impact"": ""neutral""}, {""label"": ""Probability source"", ""value"": ""FOOTBALL_V13_FALLBACK"", ""impact"": ""neutral""}]","PASS: positive=5, negative=1, neutral=3, confidence=0.999, risk=low",2026-09-20T18:21:41+00:00,2026-09-20T18:21:41+00:00
653fc037ad1fbf25f3ea0c87,soccer_usa_mls,MLS,Real Salt Lake vs New England Revolution,Real Salt Lake,LeoVegas (SE),2026-09-27T01:30:00Z,BLOCK,REJECT,0.3989636074377608,0.44517552532843174,-0.14772117875727397,-0.09169141646435716,1.0,high,"[{""label"": ""ELO separation"", ""value"": -57.5, ""impact"": ""positive""}, {""label"": ""Form separation"", ""value"": -0.64, ""impact"": ""positive""}, {""label"": ""Model dispersion"", ""value"": 0.0844, ""impact"": ""positive""}]","[{""label"": ""Raw edge"", ""value"": -0.1477, ""impact"": ""negative""}, {""label"": ""Model-market gap"", ""value"": -0.063, ""impact"": ""negative""}, {""label"": ""Historical xG"", ""value"": ""unavailable"", ""impact"": ""negative""}, {""label"": ""Decision rule"", ""value"": ""edge below minimum"", ""impact"": ""negative""}]","[{""label"": ""Consensus safety"", ""value"": 0.771, ""impact"": ""neutral""}, {""label"": ""Competition importance"", ""value"": 0.68, ""impact"": ""neutral""}, {""label"": ""Probability source"", ""value"": ""FOOTBALL_V13_FALLBACK"", ""impact"": ""neutral""}]","REJECT: positive=3, negative=4, neutral=3, confidence=1.000, risk=high",2026-09-20T18:21:41+00:00,2026-09-20T18:21:41+00:00
8ed714c3ffed4ee476bf6065,soccer_usa_mls,MLS,LA Galaxy vs Colorado Rapids,Colorado Rapids,Nordic Bet,2026-09-27T02:30:00Z,BLOCK,REJECT,0.31236062492449557,0.31720863204932426,-0.052427092443929735,-0.03926244676363288,1.0,high,"[{""label"": ""Consensus safety"", ""value"": 0.885, ""impact"": ""positive""}, {""label"": ""ELO separation"", ""value"": 120.5, ""impact"": ""positive""}, {""label"": ""Form separation"", ""value"": 0.08, ""impact"": ""positive""}, {""label"": ""Model dispersion"", ""value"": 0.0451, ""impact"": ""positive""}]","[{""label"": ""Raw edge"", ""value"": -0.0524, ""impact"": ""negative""}, {""label"": ""Model-market gap"", ""value"": -0.0065, ""impact"": ""negative""}, {""label"": ""Historical xG"", ""value"": ""unavailable"", ""impact"": ""negative""}, {""label"": ""Decision rule"", ""value"": ""edge below minimum"", ""impact"": ""negative""}]","[{""label"": ""Competition importance"", ""value"": 0.68, ""impact"": ""neutral""}, {""label"": ""Probability source"", ""value"": ""FOOTBALL_V13_FALLBACK"", ""impact"": ""neutral""}]","REJECT: positive=4, negative=4, neutral=2, confidence=1.000, risk=high",2026-09-20T18:21:41+00:00,2026-09-20T18:21:41+00:00
24ca803a4d879c1290e6ebef,soccer_usa_mls,MLS,LA Galaxy vs Colorado Rapids,Draw,Pinnacle,2026-09-27T02:30:00Z,BLOCK,REJECT,0.260139214437317,0.25259687228122657,0.01628267087936397,0.0055936506353229,1.0,high,"[{""label"": ""Consensus safety"", ""value"": 0.975, ""impact"": ""positive""}, {""label"": ""ELO separation"", ""value"": 120.5, ""impact"": ""positive""}, {""label"": ""Form separation"", ""value"": 0.08, ""impact"": ""positive""}, {""label"": ""Model dispersion"", ""value"": 0.0082, ""impact"": ""positive""}]","[{""label"": ""Historical xG"", ""value"": ""unavailable"", ""impact"": ""negative""}, {""label"": ""Decision rule"", ""value"": ""edge below minimum"", ""impact"": ""negative""}]","[{""label"": ""Raw edge"", ""value"": 0.0163, ""impact"": ""neutral""}, {""label"": ""Model-market gap"", ""value"": 0.01, ""impact"": ""neutral""}, {""label"": ""Competition importance"", ""value"": 0.68, ""impact"": ""neutral""}, {""label"": ""Probability source"", ""value"": ""FOOTBALL_V13_FALLBACK"", ""impact"": ""neutral""}]","REJECT: positive=4, negative=2, neutral=4, confidence=1.000, risk=high",2026-09-20T18:21:41+00:00,2026-09-20T18:21:41+00:00
5a7d4c4f720ef72d42c79029,soccer_usa_mls,MLS,LA Galaxy vs Colorado Rapids,LA Galaxy,1xBet,2026-09-27T02:30:00Z,BLOCK,REJECT,0.42845432363982755,0.4301944956694492,-0.03306715089139867,-0.026346406089018327,1.0,high,"[{""label"": ""Consensus safety"", ""value"": 0.88, ""impact"": ""positive""}, {""label"": ""ELO separation"", ""value"": 120.5, ""impact"": ""positive""}, {""label"": ""Form separation"", ""value"": 0.08, ""impact"": ""positive""}, {""label"": ""Model dispersion"", ""value"": 0.0499, ""impact"": ""positive""}]","[{""label"": ""Raw edge"", ""value"": -0.0331, ""impact"": ""negative""}, {""label"": ""Model-market gap"", ""value"": -0.0023, ""impact"": ""negative""}, {""label"": ""Historical xG"", ""value"": ""unavailable"", ""impact"": ""negative""}, {""label"": ""Decision rule"", ""value"": ""edge below minimum"", ""impact"": ""negative""}]","[{""label"": ""Competition importance"", ""value"": 0.68, ""impact"": ""neutral""}, {""label"": ""Probability source"", ""value"": ""FOOTBALL_V13_FALLBACK"", ""impact"": ""neutral""}]","REJECT: positive=4, negative=4, neutral=2, confidence=1.000, risk=high",2026-09-20T18:21:41+00:00,2026-09-20T18:21:41+00:00
7c70f2f54758c2d0ddfca488,soccer_usa_mls,MLS,Vancouver Whitecaps FC vs D.C. United,D.C. United,1xBet,2026-09-27T02:30:00Z,BLOCK,REJECT,0.15597232176118841,0.10062125825022546,1.0505910575106552,0.6597832193551496,1.0,high,"[{""label"": ""Raw edge"", ""value"": 1.0506, ""impact"": ""positive""}, {""label"": ""Model-market gap"", ""value"": 0.0777, ""impact"": ""positive""}, {""label"": ""ELO separation"", ""value"": 122.8, ""impact"": ""positive""}, {""label"": ""Model dispersion"", ""value"": 0.0488, ""impact"": ""positive""}]","[{""label"": ""Historical xG"", ""value"": ""unavailable"", ""impact"": ""negative""}, {""label"": ""Decision rule"", ""value"": ""edge above max guard"", ""impact"": ""negative""}]","[{""label"": ""Consensus safety"", ""value"": 0.748, ""impact"": ""neutral""}, {""label"": ""Form separation"", ""value"": -0.0686, ""impact"": ""neutral""}, {""label"": ""Competition importance"", ""value"": 0.68, ""impact"": ""neutral""}, {""label"": ""Probability source"", ""value"": ""FOOTBALL_V13_FALLBACK"", ""impact"": ""neutral""}]","REJECT: positive=4, negative=2, neutral=4, confidence=1.000, risk=high",2026-09-20T18:21:41+00:00,2026-09-20T18:21:41+00:00
94d1cea6b6d5b043ba0872a8,soccer_usa_mls,MLS,Vancouver Whitecaps FC vs D.C. United,Draw,1xBet,2026-09-27T02:30:00Z,BLOCK,REJECT,0.19408554612779677,0.15565938700920615,0.429828552207824,0.2738998868043663,1.0,high,"[{""label"": ""Raw edge"", ""value"": 0.4298, ""impact"": ""positive""}, {""label"": ""Consensus safety"", ""value"": 0.874, ""impact"": ""positive""}, {""label"": ""Model-market gap"", ""value"": 0.0531, ""impact"": ""positive""}, {""label"": ""ELO separation"", ""value"": 122.8, ""impact"": ""positive""}, {""label"": ""Model dispersion"", ""value"": 0.0103, ""impact"": ""positive""}]","[{""label"": ""Historical xG"", ""value"": ""unavailable"", ""impact"": ""negative""}, {""label"": ""Decision rule"", ""value"": ""edge above max guard"", ""impact"": ""negative""}]","[{""label"": ""Form separation"", ""value"": -0.0686, ""impact"": ""neutral""}, {""label"": ""Competition importance"", ""value"": 0.68, ""impact"": ""neutral""}, {""label"": ""Probability source"", ""value"": ""FOOTBALL_V13_FALLBACK"", ""impact"": ""neutral""}]","REJECT: positive=5, negative=2, neutral=3, confidence=1.000, risk=high",2026-09-20T18:21:41+00:00,2026-09-20T18:21:41+00:00
acfceaa34c72f2135fd57282,soccer_usa_mls,MLS,Vancouver Whitecaps FC vs D.C. United,Vancouver Whitecaps FC,LeoVegas (SE),2026-09-27T02:30:00Z,BLOCK,REJECT,0.6894338178805396,0.7437193547405684,-0.13921727479633472,-0.09195675399863058,1.0,high,"[{""label"": ""ELO separation"", ""value"": 122.8, ""impact"": ""positive""}, {""label"": ""Model dispersion"", ""value"": 0.0566, ""impact"": ""positive""}]","[{""label"": ""Raw edge"", ""value"": -0.1392, ""impact"": ""negative""}, {""label"": ""Model-market gap"", ""value"": -0.0764, ""impact"": ""negative""}, {""label"": ""Historical xG"", ""value"": ""unavailable"", ""impact"": ""negative""}, {""label"": ""Decision rule"", ""value"": ""edge below minimum"", ""impact"": ""negative""}]","[{""label"": ""Consensus safety"", ""value"": 0.628, ""impact"": ""neutral""}, {""label"": ""Form separation"", ""value"": -0.0686, ""impact"": ""neutral""}, {""label"": ""Competition importance"", ""value"": 0.68, ""impact"": ""neutral""}, {""label"": ""Probability source"", ""value"": ""FOOTBALL_V13_FALLBACK"", ""impact"": ""neutral""}]","REJECT: positive=2, negative=4, neutral=4, confidence=1.000, risk=high",2026-09-20T18:21:41+00:00,2026-09-20T18:21:41+00:00
a7f74e79280eaee00640268b,soccer_usa_mls,MLS,San Jose Earthquakes vs Portland Timbers,Draw,Coolbet,2026-09-27T02:30:00Z,BLOCK,REJECT,0.24710796806872698,0.2383590452816304,0.053816861876508915,0.03143430257460235,1.0,high,"[{""label"": ""Consensus safety"", ""value"": 0.96, ""impact"": ""positive""}, {""label"": ""Form separation"", ""value"": -0.5422, ""impact"": ""positive""}, {""label"": ""Model dispersion"", ""value"": 0.0088, ""impact"": ""positive""}]","[{""label"": ""Historical xG"", ""value"": ""unavailable"", ""impact"": ""negative""}, {""label"": ""Decision rule"", ""value"": ""edge below minimum"", ""impact"": ""negative""}]","[{""label"": ""Raw edge"", ""value"": 0.0538, ""impact"": ""neutral""}, {""label"": ""Model-market gap"", ""value"": 0.0125, ""impact"": ""neutral""}, {""label"": ""ELO separation"", ""value"": -14.7, ""impact"": ""neutral""}, {""label"": ""Competition importance"", ""value"": 0.68, ""impact"": ""neutral""}, {""label"": ""Probability source"", ""value"": ""FOOTBALL_V13_FALLBACK"", ""impact"": ""neutral""}]","REJECT: positive=3, negative=2, neutral=5, confidence=1.000, risk=high",2026-09-20T18:21:41+00:00,2026-09-20T18:21:41+00:00
003f1c54a5d62faae8cff99a,soccer_usa_mls,MLS,San Jose Earthquakes vs Portland Timbers,Portland Timbers,1xBet,2026-09-27T02:30:00Z,PASS,PASS,0.31889409713690137,0.28868646671203374,0.16789052624502165,0.09541418474043921,0.9883621089645589,low,"[{""label"": ""Raw edge"", ""value"": 0.1679, ""impact"": ""positive""}, {""label"": ""Model-market gap"", ""value"": 0.045, ""impact"": ""positive""}, {""label"": ""Form separation"", ""value"": -0.5422, ""impact"": ""positive""}, {""label"": ""Model dispersion"", ""value"": 0.0812, ""impact"": ""positive""}]","[{""label"": ""Historical xG"", ""value"": ""unavailable"", ""impact"": ""negative""}]","[{""label"": ""Consensus safety"", ""value"": 0.797, ""impact"": ""neutral""}, {""label"": ""ELO separation"", ""value"": -14.7, ""impact"": ""neutral""}, {""label"": ""Competition importance"", ""value"": 0.68, ""impact"": ""neutral""}, {""label"": ""Probability source"", ""value"": ""FOOTBALL_V13_FALLBACK"", ""impact"": ""neutral""}]","PASS: positive=4, negative=1, neutral=4, confidence=0.988, risk=low",2026-09-20T18:21:41+00:00,2026-09-20T18:21:41+00:00
02bcd758f2fe0575406f31d6,soccer_usa_mls,MLS,San Jose Earthquakes vs Portland Timbers,San Jose Earthquakes,LeoVegas (SE),2026-09-27T02:30:00Z,BLOCK,REJECT,0.4351815578873648,0.4729544880063358,-0.13231234685412496,-0.07881701928584026,1.0,high,"[{""label"": ""Form separation"", ""value"": -0.5422, ""impact"": ""positive""}, {""label"": ""Model dispersion"", ""value"": 0.076, ""impact"": ""positive""}]","[{""label"": ""Raw edge"", ""value"": -0.1323, ""impact"": ""negative""}, {""label"": ""Model-market gap"", ""value"": -0.0558, ""impact"": ""negative""}, {""label"": ""Historical xG"", ""value"": ""unavailable"", ""impact"": ""negative""}, {""label"": ""Decision rule"", ""value"": ""edge below minimum"", ""impact"": ""negative""}]","[{""label"": ""Consensus safety"", ""value"": 0.784, ""impact"": ""neutral""}, {""label"": ""ELO separation"", ""value"": -14.7, ""impact"": ""neutral""}, {""label"": ""Competition importance"", ""value"": 0.68, ""impact"": ""neutral""}, {""label"": ""Probability source"", ""value"": ""FOOTBALL_V13_FALLBACK"", ""impact"": ""neutral""}]","REJECT: positive=2, negative=4, neutral=4, confidence=1.000, risk=high",2026-09-20T18:21:41+00:00,2026-09-20T18:21:41+00:00
da32e8ea26cef82f75343b01,soccer_usa_mls,MLS,Columbus Crew SC vs Inter Miami CF,Columbus Crew SC,1xBet,2026-09-27T23:00:00Z,BLOCK,REJECT,0.34075152047925117,0.32204892200110846,0.053130938718215504,0.026998039943907412,1.0,high,"[{""label"": ""Consensus safety"", ""value"": 0.878, ""impact"": ""positive""}, {""label"": ""ELO separation"", ""value"": 52.0, ""impact"": ""positive""}, {""label"": ""Form separation"", ""value"": -0.08, ""impact"": ""positive""}, {""label"": ""Model dispersion"", ""value"": 0.0446, ""impact"": ""positive""}]","[{""label"": ""Historical xG"", ""value"": ""unavailable"", ""impact"": ""negative""}, {""label"": ""Decision rule"", ""value"": ""edge below minimum"", ""impact"": ""negative""}]","[{""label"": ""Raw edge"", ""value"": 0.0531, ""impact"": ""neutral""}, {""label"": ""Model-market gap"", ""value"": 0.0255, ""impact"": ""neutral""}, {""label"": ""Competition importance"", ""value"": 0.68, ""impact"": ""neutral""}, {""label"": ""Probability source"", ""value"": ""FOOTBALL_V13_FALLBACK"", ""impact"": ""neutral""}]","REJECT: positive=4, negative=2, neutral=4, confidence=1.000, risk=high",2026-09-20T18:21:41+00:00,2026-09-20T18:21:41+00:00
c94e158fa7ff556a904b5bd0,soccer_usa_mls,MLS,Columbus Crew SC vs Inter Miami CF,Draw,Coolbet,2026-09-27T23:00:00Z,BLOCK,REJECT,0.24843310137060043,0.23251938000530714,0.06641141750239443,0.03605605883328315,1.0,high,"[{""label"": ""Consensus safety"", ""value"": 0.95, ""impact"": ""positive""}, {""label"": ""ELO separation"", ""value"": 52.0, ""impact"": ""positive""}, {""label"": ""Form separation"", ""value"": -0.08, ""impact"": ""positive""}, {""label"": ""Model dispersion"", ""value"": 0.0074, ""impact"": ""positive""}]","[{""label"": ""Historical xG"", ""value"": ""unavailable"", ""impact"": ""negative""}, {""label"": ""Decision rule"", ""value"": ""odds above maximum"", ""impact"": ""negative""}]","[{""label"": ""Raw edge"", ""value"": 0.0664, ""impact"": ""neutral""}, {""label"": ""Model-market gap"", ""value"": 0.0214, ""impact"": ""neutral""}, {""label"": ""Competition importance"", ""value"": 0.68, ""impact"": ""neutral""}, {""label"": ""Probability source"", ""value"": ""FOOTBALL_V13_FALLBACK"", ""impact"": ""neutral""}]","REJECT: positive=4, negative=2, neutral=4, confidence=1.000, risk=high",2026-09-20T18:21:41+00:00,2026-09-20T18:21:41+00:00
e564f1cb5941b3e4432846be,soccer_usa_mls,MLS,Columbus Crew SC vs Inter Miami CF,Inter Miami CF,1xBet,2026-09-27T23:00:00Z,BLOCK,REJECT,0.41249272111411994,0.44543169799358445,-0.12283074344636447,-0.0803370809681202,1.0,high,"[{""label"": ""ELO separation"", ""value"": 52.0, ""impact"": ""positive""}, {""label"": ""Form separation"", ""value"": -0.08, ""impact"": ""positive""}, {""label"": ""Model dispersion"", ""value"": 0.0421, ""impact"": ""positive""}]","[{""label"": ""Raw edge"", ""value"": -0.1228, ""impact"": ""negative""}, {""label"": ""Model-market gap"", ""value"": -0.0449, ""impact"": ""negative""}, {""label"": ""Historical xG"", ""value"": ""unavailable"", ""impact"": ""negative""}, {""label"": ""Decision rule"", ""value"": ""edge below minimum"", ""impact"": ""negative""}]","[{""label"": ""Consensus safety"", ""value"": 0.845, ""impact"": ""neutral""}, {""label"": ""Competition importance"", ""value"": 0.68, ""impact"": ""neutral""}, {""label"": ""Probability source"", ""value"": ""FOOTBALL_V13_FALLBACK"", ""impact"": ""neutral""}]","REJECT: positive=3, negative=4, neutral=3, confidence=1.000, risk=high",2026-09-20T18:21:41+00:00,2026-09-20T18:21:41+00:00
2e6575fc46f495cd27408c0d,soccer_brazil_campeonato,Brazil Serie A,Corinthians vs Fluminense,Corinthians,Matchbook,2026-09-20T19:00:00Z,BLOCK,REJECT,0.4222036391159423,0.4357302032156266,-0.04881976034150837,-0.02425036143779715,1.0,high,"[{""label"": ""Consensus safety"", ""value"": 0.901, ""impact"": ""positive""}, {""label"": ""Form separation"", ""value"": -0.2333, ""impact"": ""positive""}, {""label"": ""Competition importance"", ""value"": 0.85, ""impact"": ""positive""}, {""label"": ""Model dispersion"", ""value"": 0.0329, ""impact"": ""positive""}]","[{""label"": ""Raw edge"", ""value"": -0.0488, ""impact"": ""negative""}, {""label"": ""Model-market gap"", ""value"": -0.0222, ""impact"": ""negative""}, {""label"": ""Historical xG"", ""value"": ""unavailable"", ""impact"": ""negative""}, {""label"": ""Decision rule"", ""value"": ""edge below minimum"", ""impact"": ""negative""}]","[{""label"": ""ELO separation"", ""value"": 48.7, ""impact"": ""neutral""}, {""label"": ""Probability source"", ""value"": ""FOOTBALL_V13_FALLBACK"", ""impact"": ""neutral""}]","REJECT: positive=4, negative=4, neutral=2, confidence=1.000, risk=high",2026-09-20T18:21:42+00:00,2026-09-20T18:21:42+00:00
df824a318c7f67d5caaee51e,soccer_brazil_campeonato,Brazil Serie A,Corinthians vs Fluminense,Draw,BetOnline.ag,2026-09-20T19:00:00Z,BLOCK,REJECT,0.29749118284138265,0.3043537745745745,-0.05566247625612819,-0.0385604051328385,1.0,high,"[{""label"": ""Consensus safety"", ""value"": 0.968, ""impact"": ""positive""}, {""label"": ""Form separation"", ""value"": -0.2333, ""impact"": ""positive""}, {""label"": ""Competition importance"", ""value"": 0.85, ""impact"": ""positive""}, {""label"": ""Model dispersion"", ""value"": 0.002, ""impact"": ""positive""}]","[{""label"": ""Raw edge"", ""value"": -0.0557, ""impact"": ""negative""}, {""label"": ""Model-market gap"", ""value"": -0.0111, ""impact"": ""negative""}, {""label"": ""Historical xG"", ""value"": ""unavailable"", ""impact"": ""negative""}, {""label"": ""Decision rule"", ""value"": ""edge below minimum"", ""impact"": ""negative""}]","[{""label"": ""ELO separation"", ""value"": 48.7, ""impact"": ""neutral""}, {""label"": ""Probability source"", ""value"": ""FOOTBALL_V13_FALLBACK"", ""impact"": ""neutral""}]","REJECT: positive=4, negative=4, neutral=2, confidence=1.000, risk=high",2026-09-20T18:21:42+00:00,2026-09-20T18:21:42+00:00
3a9025759aca2d391d741bb9,soccer_brazil_campeonato,Brazil Serie A,Corinthians vs Fluminense,Fluminense,Matchbook,2026-09-20T19:00:00Z,PASS,PASS,0.279369723054334,0.2599160222097989,0.13808854102932955,0.07505363227706728,1.0,low,"[{""label"": ""Raw edge"", ""value"": 0.1381, ""impact"": ""positive""}, {""label"": ""Consensus safety"", ""value"": 0.876, ""impact"": ""positive""}, {""label"": ""Form separation"", ""value"": -0.2333, ""impact"": ""positive""}, {""label"": ""Competition importance"", ""value"": 0.85, ""impact"": ""positive""}, {""label"": ""Model dispersion"", ""value"": 0.0337, ""impact"": ""positive""}]","[{""label"": ""Historical xG"", ""value"": ""unavailable"", ""impact"": ""negative""}]","[{""label"": ""Model-market gap"", ""value"": 0.0319, ""impact"": ""neutral""}, {""label"": ""ELO separation"", ""value"": 48.7, ""impact"": ""neutral""}, {""label"": ""Probability source"", ""value"": ""FOOTBALL_V13_FALLBACK"", ""impact"": ""neutral""}]","PASS: positive=5, negative=1, neutral=3, confidence=1.000, risk=low",2026-09-20T18:21:42+00:00,2026-09-20T18:21:42+00:00
2c8bdbac747c4b3ffe8a5062,soccer_brazil_campeonato,Brazil Serie A,Vitoria vs Cruzeiro,Cruzeiro,Coolbet,2026-09-20T19:00:00Z,BLOCK,REJECT,0.3925748848684426,0.4091565852841838,-0.07307686796743962,-0.04144749839861066,1.0,high,"[{""label"": ""Consensus safety"", ""value"": 0.911, ""impact"": ""positive""}, {""label"": ""ELO separation"", ""value"": 52.2, ""impact"": ""positive""}, {""label"": ""Form separation"", ""value"": 0.1067, ""impact"": ""positive""}, {""label"": ""Competition importance"", ""value"": 0.85, ""impact"": ""positive""}, {""label"": ""Model dispersion"", ""value"": 0.0175, ""impact"": ""positive""}]","[{""label"": ""Raw edge"", ""value"": -0.0731, ""impact"": ""negative""}, {""label"": ""Model-market gap"", ""value"": -0.0261, ""impact"": ""negative""}, {""label"": ""Historical xG"", ""value"": ""unavailable"", ""impact"": ""negative""}, {""label"": ""Decision rule"", ""value"": ""edge below minimum"", ""impact"": ""negative""}]","[{""label"": ""Probability source"", ""value"": ""FOOTBALL_V13_FALLBACK"", ""impact"": ""neutral""}]","REJECT: positive=5, negative=4, neutral=1, confidence=1.000, risk=high",2026-09-20T18:21:42+00:00,2026-09-20T18:21:42+00:00
14cbdfe75959cdd17ae723f7,soccer_brazil_campeonato,Brazil Serie A,Vitoria vs Cruzeiro,Draw,Matchbook,2026-09-20T19:00:00Z,BLOCK,REJECT,0.27751575480146395,0.27735894259159427,-0.0006242858899601078,-0.0007906553050715942,1.0,high,"[{""label"": ""Consensus safety"", ""value"": 0.993, ""impact"": ""positive""}, {""label"": ""ELO separation"", ""value"": 52.2, ""impact"": ""positive""}, {""label"": ""Form separation"", ""value"": 0.1067, ""impact"": ""positive""}, {""label"": ""Competition importance"", ""value"": 0.85, ""impact"": ""positive""}, {""label"": ""Model dispersion"", ""value"": 0.0029, ""impact"": ""positive""}]","[{""label"": ""Raw edge"", ""value"": -0.0006, ""impact"": ""negative""}, {""label"": ""Historical xG"", ""value"": ""unavailable"", ""impact"": ""negative""}, {""label"": ""Decision rule"", ""value"": ""edge below minimum"", ""impact"": ""negative""}]","[{""label"": ""Model-market gap"", ""value"": 0.0002, ""impact"": ""neutral""}, {""label"": ""Probability source"", ""value"": ""FOOTBALL_V13_FALLBACK"", ""impact"": ""neutral""}]","REJECT: positive=5, negative=3, neutral=2, confidence=1.000, risk=high",2026-09-20T18:21:42+00:00,2026-09-20T18:21:42+00:00
32b6a1c6802db65b7cdec9fa,soccer_brazil_campeonato,Brazil Serie A,Vitoria vs Cruzeiro,Vitoria,Matchbook,2026-09-20T19:00:00Z,PASS,PASS,0.329719748875024,0.31348447212422187,0.0851324894541261,0.04618724999387281,1.0,low,"[{""label"": ""Raw edge"", ""value"": 0.0851, ""impact"": ""positive""}, {""label"": ""Consensus safety"", ""value"": 0.908, ""impact"": ""positive""}, {""label"": ""ELO separation"", ""value"": 52.2, ""impact"": ""positive""}, {""label"": ""Form separation"", ""value"": 0.1067, ""impact"": ""positive""}, {""label"": ""Competition importance"", ""value"": 0.85, ""impact"": ""positive""}, {""label"": ""Model dispersion"", ""value"": 0.0204, ""impact"": ""positive""}]","[{""label"": ""Historical xG"", ""value"": ""unavailable"", ""impact"": ""negative""}]","[{""label"": ""Model-market gap"", ""value"": 0.0256, ""impact"": ""neutral""}, {""label"": ""Probability source"", ""value"": ""FOOTBALL_V13_FALLBACK"", ""impact"": ""neutral""}]","PASS: positive=6, negative=1, neutral=2, confidence=1.000, risk=low",2026-09-20T18:21:42+00:00,2026-09-20T18:21:42+00:00
7a429baaa4f1e516e40d7723,soccer_brazil_campeonato,Brazil Serie A,Flamengo vs Bragantino-SP,Bragantino-SP,Matchbook,2026-09-20T21:30:00Z,BLOCK,REJECT,0.1530562837490856,0.11340465676495096,0.7682979224818167,0.44471537067883304,1.0,high,"[{""label"": ""Raw edge"", ""value"": 0.7683, ""impact"": ""positive""}, {""label"": ""Model-market gap"", ""value"": 0.0634, ""impact"": ""positive""}, {""label"": ""ELO separation"", ""value"": 83.7, ""impact"": ""positive""}, {""label"": ""Form separation"", ""value"": 0.2444, ""impact"": ""positive""}, {""label"": ""Competition importance"", ""value"": 0.85, ""impact"": ""positive""}, {""label"": ""Model dispersion"", ""value"": 0.0161, ""impact"": ""positive""}]","[{""label"": ""Historical xG"", ""value"": ""unavailable"", ""impact"": ""negative""}, {""label"": ""Decision rule"", ""value"": ""edge above max guard"", ""impact"": ""negative""}]","[{""label"": ""Consensus safety"", ""value"": 0.783, ""impact"": ""neutral""}, {""label"": ""Probability source"", ""value"": ""FOOTBALL_V13_FALLBACK"", ""impact"": ""neutral""}]","REJECT: positive=6, negative=2, neutral=2, confidence=1.000, risk=high",2026-09-20T18:21:42+00:00,2026-09-20T18:21:42+00:00
72d9c8d5cce7e7dfbcf548b7,soccer_brazil_campeonato,Brazil Serie A,Flamengo vs Bragantino-SP,Draw,Matchbook,2026-09-20T21:30:00Z,BLOCK,REJECT,0.20434750656616577,0.1826281730664492,0.2162065130284243,0.12099019515201587,1.0,high,"[{""label"": ""Raw edge"", ""value"": 0.2162, ""impact"": ""positive""}, {""label"": ""Consensus safety"", ""value"": 0.903, ""impact"": ""positive""}, {""label"": ""ELO separation"", ""value"": 83.7, ""impact"": ""positive""}, {""label"": ""Form separation"", ""value"": 0.2444, ""impact"": ""positive""}, {""label"": ""Competition importance"", ""value"": 0.85, ""impact"": ""positive""}, {""label"": ""Model dispersion"", ""value"": 0.0046, ""impact"": ""positive""}]","[{""label"": ""Historical xG"", ""value"": ""unavailable"", ""impact"": ""negative""}, {""label"": ""Decision rule"", ""value"": ""odds above maximum"", ""impact"": ""negative""}]","[{""label"": ""Model-market gap"", ""value"": 0.0346, ""impact"": ""neutral""}, {""label"": ""Probability source"", ""value"": ""FOOTBALL_V13_FALLBACK"", ""impact"": ""neutral""}]","REJECT: positive=6, negative=2, neutral=2, confidence=1.000, risk=high",2026-09-20T18:21:42+00:00,2026-09-20T18:21:42+00:00
65593c7bdc9795d364900e3a,soccer_brazil_campeonato,Brazil Serie A,Flamengo vs Bragantino-SP,Flamengo,GTbets,2026-09-20T21:30:00Z,BLOCK,REJECT,0.66485545009699,0.7039671701685999,-0.10863615169694552,-0.06309464612881807,1.0,high,"[{""label"": ""ELO separation"", ""value"": 83.7, ""impact"": ""positive""}, {""label"": ""Form separation"", ""value"": 0.2444, ""impact"": ""positive""}, {""label"": ""Competition importance"", ""value"": 0.85, ""impact"": ""positive""}, {""label"": ""Model dispersion"", ""value"": 0.0206, ""impact"": ""positive""}]","[{""label"": ""Raw edge"", ""value"": -0.1086, ""impact"": ""negative""}, {""label"": ""Model-market gap"", ""value"": -0.0627, ""impact"": ""negative""}, {""label"": ""Historical xG"", ""value"": ""unavailable"", ""impact"": ""negative""}, {""label"": ""Decision rule"", ""value"": ""edge below minimum"", ""impact"": ""negative""}]","[{""label"": ""Consensus safety"", ""value"": 0.686, ""impact"": ""neutral""}, {""label"": ""Probability source"", ""value"": ""FOOTBALL_V13_FALLBACK"", ""impact"": ""neutral""}]","REJECT: positive=4, negative=4, neutral=2, confidence=1.000, risk=high",2026-09-20T18:21:42+00:00,2026-09-20T18:21:42+00:00
85b2bd0a9ae96fd829b42aba,soccer_brazil_campeonato,Brazil Serie A,Atletico Paranaense vs Bahia,Atletico Paranaense,Matchbook,2026-09-20T22:30:00Z,BLOCK,REJECT,0.41762177936607586,0.4244889682743765,-0.022252569806505917,-0.012080576716052475,1.0,high,"[{""label"": ""Consensus safety"", ""value"": 0.949, ""impact"": ""positive""}, {""label"": ""ELO separation"", ""value"": 68.1, ""impact"": ""positive""}, {""label"": ""Competition importance"", ""value"": 0.85, ""impact"": ""positive""}, {""label"": ""Model dispersion"", ""value"": 0.0188, ""impact"": ""positive""}]","[{""label"": ""Raw edge"", ""value"": -0.0223, ""impact"": ""negative""}, {""label"": ""Model-market gap"", ""value"": -0.0102, ""impact"": ""negative""}, {""label"": ""Historical xG"", ""value"": ""unavailable"", ""impact"": ""negative""}, {""label"": ""Decision rule"", ""value"": ""edge below minimum"", ""impact"": ""negative""}]","[{""label"": ""Form separation"", ""value"": 0.0635, ""impact"": ""neutral""}, {""label"": ""Probability source"", ""value"": ""FOOTBALL_V13_FALLBACK"", ""impact"": ""neutral""}]","REJECT: positive=4, negative=4, neutral=2, confidence=1.000, risk=high",2026-09-20T18:21:42+00:00,2026-09-20T18:21:42+00:00
74a33ec552c8f2dd4f3c9ae4,soccer_brazil_campeonato,Brazil Serie A,Atletico Paranaense vs Bahia,Bahia,Matchbook,2026-09-20T22:30:00Z,BLOCK,REJECT,0.30261983176339713,0.2944696464113757,0.02693122683540694,0.011547346686615917,1.0,high,"[{""label"": ""Consensus safety"", ""value"": 0.952, ""impact"": ""positive""}, {""label"": ""ELO separation"", ""value"": 68.1, ""impact"": ""positive""}, {""label"": ""Competition importance"", ""value"": 0.85, ""impact"": ""positive""}, {""label"": ""Model dispersion"", ""value"": 0.0158, ""impact"": ""positive""}]","[{""label"": ""Historical xG"", ""value"": ""unavailable"", ""impact"": ""negative""}, {""label"": ""Decision rule"", ""value"": ""edge below minimum"", ""impact"": ""negative""}]","[{""label"": ""Raw edge"", ""value"": 0.0269, ""impact"": ""neutral""}, {""label"": ""Model-market gap"", ""value"": 0.0121, ""impact"": ""neutral""}, {""label"": ""Form separation"", ""value"": 0.0635, ""impact"": ""neutral""}, {""label"": ""Probability source"", ""value"": ""FOOTBALL_V13_FALLBACK"", ""impact"": ""neutral""}]","REJECT: positive=4, negative=2, neutral=4, confidence=1.000, risk=high",2026-09-20T18:21:42+00:00,2026-09-20T18:21:42+00:00
3c63be6c46f0b45c191821e4,soccer_brazil_campeonato,Brazil Serie A,Atletico Paranaense vs Bahia,Draw,Matchbook,2026-09-20T22:30:00Z,BLOCK,REJECT,0.27977766003277715,0.2810413853142479,-0.022872006425551428,-0.017416184783252346,1.0,high,"[{""label"": ""Consensus safety"", ""value"": 0.991, ""impact"": ""positive""}, {""label"": ""ELO separation"", ""value"": 68.1, ""impact"": ""positive""}, {""label"": ""Competition importance"", ""value"": 0.85, ""impact"": ""positive""}, {""label"": ""Model dispersion"", ""value"": 0.003, ""impact"": ""positive""}]","[{""label"": ""Raw edge"", ""value"": -0.0229, ""impact"": ""negative""}, {""label"": ""Model-market gap"", ""value"": -0.0019, ""impact"": ""negative""}, {""label"": ""Historical xG"", ""value"": ""unavailable"", ""impact"": ""negative""}, {""label"": ""Decision rule"", ""value"": ""edge below minimum"", ""impact"": ""negative""}]","[{""label"": ""Form separation"", ""value"": 0.0635, ""impact"": ""neutral""}, {""label"": ""Probability source"", ""value"": ""FOOTBALL_V13_FALLBACK"", ""impact"": ""neutral""}]","REJECT: positive=4, negative=4, neutral=2, confidence=1.000, risk=high",2026-09-20T18:21:42+00:00,2026-09-20T18:21:42+00:00
8078276ecbde313de75b25f8,soccer_brazil_campeonato,Brazil Serie A,Bragantino-SP vs Mirassol,Bragantino-SP,1xBet,2026-10-07T22:30:00Z,BLOCK,REJECT,0.4901397168411459,0.5303331354642848,-0.16174100553816717,-0.10184120550123227,1.0,high,"[{""label"": ""Form separation"", ""value"": -0.24, ""impact"": ""positive""}, {""label"": ""Competition importance"", ""value"": 0.85, ""impact"": ""positive""}, {""label"": ""Model dispersion"", ""value"": 0.033, ""impact"": ""positive""}]","[{""label"": ""Raw edge"", ""value"": -0.1617, ""impact"": ""negative""}, {""label"": ""Model-market gap"", ""value"": -0.062, ""impact"": ""negative""}, {""label"": ""Historical xG"", ""value"": ""unavailable"", ""impact"": ""negative""}, {""label"": ""Decision rule"", ""value"": ""edge below minimum"", ""impact"": ""negative""}]","[{""label"": ""Consensus safety"", ""value"": 0.815, ""impact"": ""neutral""}, {""label"": ""ELO separation"", ""value"": 33.2, ""impact"": ""neutral""}, {""label"": ""Probability source"", ""value"": ""FOOTBALL_V13_FALLBACK"", ""impact"": ""neutral""}]","REJECT: positive=3, negative=4, neutral=3, confidence=1.000, risk=high",2026-09-20T18:21:42+00:00,2026-09-20T18:21:42+00:00
fb3d92201670ffd0ad4fc312,soccer_brazil_campeonato,Brazil Serie A,Bragantino-SP vs Mirassol,Draw,1xBet,2026-10-07T22:30:00Z,BLOCK,REJECT,0.2647387084083394,0.2599801481372099,-0.024660474616698957,-0.027985564630154794,1.0,high,"[{""label"": ""Consensus safety"", ""value"": 0.981, ""impact"": ""positive""}, {""label"": ""Form separation"", ""value"": -0.24, ""impact"": ""positive""}, {""label"": ""Competition importance"", ""value"": 0.85, ""impact"": ""positive""}, {""label"": ""Model dispersion"", ""value"": 0.0008, ""impact"": ""positive""}]","[{""label"": ""Raw edge"", ""value"": -0.0247, ""impact"": ""negative""}, {""label"": ""Historical xG"", ""value"": ""unavailable"", ""impact"": ""negative""}, {""label"": ""Decision rule"", ""value"": ""edge below minimum"", ""impact"": ""negative""}]","[{""label"": ""Model-market gap"", ""value"": 0.0072, ""impact"": ""neutral""}, {""label"": ""ELO separation"", ""value"": 33.2, ""impact"": ""neutral""}, {""label"": ""Probability source"", ""value"": ""FOOTBALL_V13_FALLBACK"", ""impact"": ""neutral""}]","REJECT: positive=4, negative=3, neutral=3, confidence=1.000, risk=high",2026-09-20T18:21:42+00:00,2026-09-20T18:21:42+00:00
a63bde698139a23b164a3ede,soccer_brazil_campeonato,Brazil Serie A,Bragantino-SP vs Mirassol,Mirassol,1xBet,2026-10-07T22:30:00Z,BLOCK,REJECT,0.2455799222846497,0.20968671639850517,0.2592341731710459,0.13825556628959532,1.0,high,"[{""label"": ""Raw edge"", ""value"": 0.2592, ""impact"": ""positive""}, {""label"": ""Model-market gap"", ""value"": 0.0554, ""impact"": ""positive""}, {""label"": ""Form separation"", ""value"": -0.24, ""impact"": ""positive""}, {""label"": ""Competition importance"", ""value"": 0.85, ""impact"": ""positive""}, {""label"": ""Model dispersion"", ""value"": 0.0338, ""impact"": ""positive""}]","[{""label"": ""Historical xG"", ""value"": ""unavailable"", ""impact"": ""negative""}, {""label"": ""Decision rule"", ""value"": ""odds above maximum"", ""impact"": ""negative""}]","[{""label"": ""Consensus safety"", ""value"": 0.832, ""impact"": ""neutral""}, {""label"": ""ELO separation"", ""value"": 33.2, ""impact"": ""neutral""}, {""label"": ""Probability source"", ""value"": ""FOOTBALL_V13_FALLBACK"", ""impact"": ""neutral""}]","REJECT: positive=5, negative=2, neutral=3, confidence=1.000, risk=high",2026-09-20T18:21:42+00:00,2026-09-20T18:21:42+00:00
a5240e2f7b30055651a2dcaa,soccer_brazil_campeonato,Brazil Serie A,Internacional vs Corinthians,Corinthians,1xBet,2026-10-07T22:30:00Z,BLOCK,REJECT,0.3110118183460024,0.3063318641544744,-0.012218355414387094,-0.01686652083155988,1.0,high,"[{""label"": ""Consensus safety"", ""value"": 0.974, ""impact"": ""positive""}, {""label"": ""Form separation"", ""value"": 0.2067, ""impact"": ""positive""}, {""label"": ""Competition importance"", ""value"": 0.85, ""impact"": ""positive""}, {""label"": ""Model dispersion"", ""value"": 0.0078, ""impact"": ""positive""}]","[{""label"": ""Raw edge"", ""value"": -0.0122, ""impact"": ""negative""}, {""label"": ""Historical xG"", ""value"": ""unavailable"", ""impact"": ""negative""}, {""label"": ""Decision rule"", ""value"": ""edge below minimum"", ""impact"": ""negative""}]","[{""label"": ""Model-market gap"", ""value"": 0.0072, ""impact"": ""neutral""}, {""label"": ""ELO separation"", ""value"": 50.0, ""impact"": ""neutral""}, {""label"": ""Probability source"", ""value"": ""FOOTBALL_V13_FALLBACK"", ""impact"": ""neutral""}]","REJECT: positive=4, negative=3, neutral=3, confidence=1.000, risk=high",2026-09-20T18:21:42+00:00,2026-09-20T18:21:42+00:00
3c781286e8bb28b4e2de21de,soccer_brazil_campeonato,Brazil Serie A,Internacional vs Corinthians,Draw,1xBet,2026-10-07T22:30:00Z,BLOCK,REJECT,0.29155538226759425,0.29726087225412867,-0.07985022768282046,-0.05807264007205149,1.0,high,"[{""label"": ""Consensus safety"", ""value"": 0.976, ""impact"": ""positive""}, {""label"": ""Form separation"", ""value"": 0.2067, ""impact"": ""positive""}, {""label"": ""Competition importance"", ""value"": 0.85, ""impact"": ""positive""}, {""label"": ""Model dispersion"", ""value"": 0.0015, ""impact"": ""positive""}]","[{""label"": ""Raw edge"", ""value"": -0.0799, ""impact"": ""negative""}, {""label"": ""Model-market gap"", ""value"": -0.0088, ""impact"": ""negative""}, {""label"": ""Historical xG"", ""value"": ""unavailable"", ""impact"": ""negative""}, {""label"": ""Decision rule"", ""value"": ""edge below minimum"", ""impact"": ""negative""}]","[{""label"": ""ELO separation"", ""value"": 50.0, ""impact"": ""neutral""}, {""label"": ""Probability source"", ""value"": ""FOOTBALL_V13_FALLBACK"", ""impact"": ""neutral""}]","REJECT: positive=4, negative=4, neutral=2, confidence=1.000, risk=high",2026-09-20T18:21:42+00:00,2026-09-20T18:21:42+00:00
037ebb2500e1552c559ebc36,soccer_brazil_campeonato,Brazil Serie A,Internacional vs Corinthians,Internacional,1xBet,2026-10-07T22:30:00Z,BLOCK,REJECT,0.39728961815697017,0.396407263591397,-0.03340663505805119,-0.02871835153593708,1.0,high,"[{""label"": ""Consensus safety"", ""value"": 0.978, ""impact"": ""positive""}, {""label"": ""Form separation"", ""value"": 0.2067, ""impact"": ""positive""}, {""label"": ""Competition importance"", ""value"": 0.85, ""impact"": ""positive""}, {""label"": ""Model dispersion"", ""value"": 0.0093, ""impact"": ""positive""}]","[{""label"": ""Raw edge"", ""value"": -0.0334, ""impact"": ""negative""}, {""label"": ""Historical xG"", ""value"": ""unavailable"", ""impact"": ""negative""}, {""label"": ""Decision rule"", ""value"": ""edge below minimum"", ""impact"": ""negative""}]","[{""label"": ""Model-market gap"", ""value"": 0.0014, ""impact"": ""neutral""}, {""label"": ""ELO separation"", ""value"": 50.0, ""impact"": ""neutral""}, {""label"": ""Probability source"", ""value"": ""FOOTBALL_V13_FALLBACK"", ""impact"": ""neutral""}]","REJECT: positive=4, negative=3, neutral=3, confidence=1.000, risk=high",2026-09-20T18:21:42+00:00,2026-09-20T18:21:42+00:00
e26764c08c543061b0efb72a,soccer_brazil_campeonato,Brazil Serie A,Remo vs Grêmio,Draw,Betsson,2026-10-07T22:30:00Z,BLOCK,REJECT,0.2816893457966001,0.2836355388804354,-0.06057057705201452,-0.05163029831384243,1.0,high,"[{""label"": ""Consensus safety"", ""value"": 0.984, ""impact"": ""positive""}, {""label"": ""ELO separation"", ""value"": 82.7, ""impact"": ""positive""}, {""label"": ""Competition importance"", ""value"": 0.85, ""impact"": ""positive""}, {""label"": ""Model dispersion"", ""value"": 0.005, ""impact"": ""positive""}]","[{""label"": ""Raw edge"", ""value"": -0.0606, ""impact"": ""negative""}, {""label"": ""Model-market gap"", ""value"": -0.0032, ""impact"": ""negative""}, {""label"": ""Historical xG"", ""value"": ""unavailable"", ""impact"": ""negative""}, {""label"": ""Decision rule"", ""value"": ""edge below minimum"", ""impact"": ""negative""}]","[{""label"": ""Form separation"", ""value"": -0.0667, ""impact"": ""neutral""}, {""label"": ""Probability source"", ""value"": ""FOOTBALL_V13_FALLBACK"", ""impact"": ""neutral""}]","REJECT: positive=4, negative=4, neutral=2, confidence=1.000, risk=high",2026-09-20T18:21:42+00:00,2026-09-20T18:21:42+00:00
7cd0b85da7d2add4545ce471,soccer_brazil_campeonato,Brazil Serie A,Remo vs Grêmio,Grêmio,1xBet,2026-10-07T22:30:00Z,BLOCK,REJECT,0.34294582139466734,0.3455216581424047,-0.0547427717107416,-0.041550309048472484,1.0,high,"[{""label"": ""Consensus safety"", ""value"": 0.954, ""impact"": ""positive""}, {""label"": ""ELO separation"", ""value"": 82.7, ""impact"": ""positive""}, {""label"": ""Competition importance"", ""value"": 0.85, ""impact"": ""positive""}, {""label"": ""Model dispersion"", ""value"": 0.0176, ""impact"": ""positive""}]","[{""label"": ""Raw edge"", ""value"": -0.0547, ""impact"": ""negative""}, {""label"": ""Model-market gap"", ""value"": -0.0043, ""impact"": ""negative""}, {""label"": ""Historical xG"", ""value"": ""unavailable"", ""impact"": ""negative""}, {""label"": ""Decision rule"", ""value"": ""edge below minimum"", ""impact"": ""negative""}]","[{""label"": ""Form separation"", ""value"": -0.0667, ""impact"": ""neutral""}, {""label"": ""Probability source"", ""value"": ""FOOTBALL_V13_FALLBACK"", ""impact"": ""neutral""}]","REJECT: positive=4, negative=4, neutral=2, confidence=1.000, risk=high",2026-09-20T18:21:42+00:00,2026-09-20T18:21:42+00:00
1dc89bfb32313658e369a862,soccer_brazil_campeonato,Brazil Serie A,Remo vs Grêmio,Remo,1xBet,2026-10-07T22:30:00Z,BLOCK,REJECT,0.37517418178302137,0.37084280297716,-0.005740590391121625,-0.011036806702125321,1.0,high,"[{""label"": ""Consensus safety"", ""value"": 0.94, ""impact"": ""positive""}, {""label"": ""ELO separation"", ""value"": 82.7, ""impact"": ""positive""}, {""label"": ""Competition importance"", ""value"": 0.85, ""impact"": ""positive""}, {""label"": ""Model dispersion"", ""value"": 0.0222, ""impact"": ""positive""}]","[{""label"": ""Raw edge"", ""value"": -0.0057, ""impact"": ""negative""}, {""label"": ""Historical xG"", ""value"": ""unavailable"", ""impact"": ""negative""}, {""label"": ""Decision rule"", ""value"": ""edge below minimum"", ""impact"": ""negative""}]","[{""label"": ""Model-market gap"", ""value"": 0.0072, ""impact"": ""neutral""}, {""label"": ""Form separation"", ""value"": -0.0667, ""impact"": ""neutral""}, {""label"": ""Probability source"", ""value"": ""FOOTBALL_V13_FALLBACK"", ""impact"": ""neutral""}]","REJECT: positive=4, negative=3, neutral=3, confidence=1.000, risk=high",2026-09-20T18:21:42+00:00,2026-09-20T18:21:42+00:00
4378d36723e858e61a7e0a32,soccer_brazil_campeonato,Brazil Serie A,Vitoria vs Chapecoense,Chapecoense,MyBookie.ag,2026-10-07T23:00:00Z,BLOCK,REJECT,0.20648081608303157,0.1700405986682917,0.3299449793462865,0.1638245350126561,1.0,high,"[{""label"": ""Raw edge"", ""value"": 0.3299, ""impact"": ""positive""}, {""label"": ""Model-market gap"", ""value"": 0.0593, ""impact"": ""positive""}, {""label"": ""ELO separation"", ""value"": 70.7, ""impact"": ""positive""}, {""label"": ""Form separation"", ""value"": 0.3333, ""impact"": ""positive""}, {""label"": ""Competition importance"", ""value"": 0.85, ""impact"": ""positive""}, {""label"": ""Model dispersion"", ""value"": 0.0101, ""impact"": ""positive""}]","[{""label"": ""Historical xG"", ""value"": ""unavailable"", ""impact"": ""negative""}, {""label"": ""Decision rule"", ""value"": ""edge above max guard"", ""impact"": ""negative""}]","[{""label"": ""Consensus safety"", ""value"": 0.831, ""impact"": ""neutral""}, {""label"": ""Probability source"", ""value"": ""FOOTBALL_V13_FALLBACK"", ""impact"": ""neutral""}]","REJECT: positive=6, negative=2, neutral=2, confidence=1.000, risk=high",2026-09-20T18:21:42+00:00,2026-09-20T18:21:42+00:00
06248aa3b43c0ee09af5dcfe,soccer_brazil_campeonato,Brazil Serie A,Vitoria vs Chapecoense,Draw,1xBet,2026-10-07T23:00:00Z,BLOCK,REJECT,0.2517305184985258,0.24458384845453765,0.00418175637113416,-0.01097408739737083,1.0,high,"[{""label"": ""Consensus safety"", ""value"": 0.967, ""impact"": ""positive""}, {""label"": ""ELO separation"", ""value"": 70.7, ""impact"": ""positive""}, {""label"": ""Form separation"", ""value"": 0.3333, ""impact"": ""positive""}, {""label"": ""Competition importance"", ""value"": 0.85, ""impact"": ""positive""}, {""label"": ""Model dispersion"", ""value"": 0.0035, ""impact"": ""positive""}]","[{""label"": ""Historical xG"", ""value"": ""unavailable"", ""impact"": ""negative""}, {""label"": ""Decision rule"", ""value"": ""edge below minimum"", ""impact"": ""negative""}]","[{""label"": ""Raw edge"", ""value"": 0.0042, ""impact"": ""neutral""}, {""label"": ""Model-market gap"", ""value"": 0.0116, ""impact"": ""neutral""}, {""label"": ""Probability source"", ""value"": ""FOOTBALL_V13_FALLBACK"", ""impact"": ""neutral""}]","REJECT: positive=5, negative=2, neutral=3, confidence=1.000, risk=high",2026-09-20T18:21:42+00:00,2026-09-20T18:21:42+00:00
76981f60f05233265a1089b7,soccer_brazil_campeonato,Brazil Serie A,Vitoria vs Chapecoense,Vitoria,1xBet,2026-10-07T23:00:00Z,BLOCK,REJECT,0.5474146990537349,0.5853755528771707,-0.14663105737280047,-0.08943934830113502,1.0,high,"[{""label"": ""ELO separation"", ""value"": 70.7, ""impact"": ""positive""}, {""label"": ""Form separation"", ""value"": 0.3333, ""impact"": ""positive""}, {""label"": ""Competition importance"", ""value"": 0.85, ""impact"": ""positive""}, {""label"": ""Model dispersion"", ""value"": 0.0135, ""impact"": ""positive""}]","[{""label"": ""Raw edge"", ""value"": -0.1466, ""impact"": ""negative""}, {""label"": ""Model-market gap"", ""value"": -0.0618, ""impact"": ""negative""}, {""label"": ""Historical xG"", ""value"": ""unavailable"", ""impact"": ""negative""}, {""label"": ""Decision rule"", ""value"": ""edge below minimum"", ""impact"": ""negative""}]","[{""label"": ""Consensus safety"", ""value"": 0.798, ""impact"": ""neutral""}, {""label"": ""Probability source"", ""value"": ""FOOTBALL_V13_FALLBACK"", ""impact"": ""neutral""}]","REJECT: positive=4, negative=4, neutral=2, confidence=1.000, risk=high",2026-09-20T18:21:42+00:00,2026-09-20T18:21:42+00:00
023c5d15a7d3910d05964c69,soccer_brazil_campeonato,Brazil Serie A,Botafogo vs Vasco da Gama,Botafogo,1xBet,2026-10-07T23:30:00Z,BLOCK,REJECT,0.3690003107005076,0.37048825750623654,-0.016747107979495635,-0.012263442829959583,1.0,high,"[{""label"": ""Consensus safety"", ""value"": 0.928, ""impact"": ""positive""}, {""label"": ""Form separation"", ""value"": -0.1917, ""impact"": ""positive""}, {""label"": ""Competition importance"", ""value"": 0.85, ""impact"": ""positive""}, {""label"": ""Model dispersion"", ""value"": 0.0343, ""impact"": ""positive""}]","[{""label"": ""Raw edge"", ""value"": -0.0167, ""impact"": ""negative""}, {""label"": ""Model-market gap"", ""value"": -0.0022, ""impact"": ""negative""}, {""label"": ""Historical xG"", ""value"": ""unavailable"", ""impact"": ""negative""}, {""label"": ""Decision rule"", ""value"": ""edge below minimum"", ""impact"": ""negative""}]","[{""label"": ""ELO separation"", ""value"": 38.2, ""impact"": ""neutral""}, {""label"": ""Probability source"", ""value"": ""FOOTBALL_V13_FALLBACK"", ""impact"": ""neutral""}]","REJECT: positive=4, negative=4, neutral=2, confidence=1.000, risk=high",2026-09-20T18:21:42+00:00,2026-09-20T18:21:42+00:00
bf760e9f9195e71ffed1ac3f,soccer_brazil_campeonato,Brazil Serie A,Botafogo vs Vasco da Gama,Draw,Betsson,2026-10-07T23:30:00Z,BLOCK,REJECT,0.28183891894569496,0.2834390459566818,-0.05838719291487093,-0.0511711204904254,1.0,high,"[{""label"": ""Consensus safety"", ""value"": 0.994, ""impact"": ""positive""}, {""label"": ""Form separation"", ""value"": -0.1917, ""impact"": ""positive""}, {""label"": ""Competition importance"", ""value"": 0.85, ""impact"": ""positive""}, {""label"": ""Model dispersion"", ""value"": 0.0002, ""impact"": ""positive""}]","[{""label"": ""Raw edge"", ""value"": -0.0584, ""impact"": ""negative""}, {""label"": ""Model-market gap"", ""value"": -0.0024, ""impact"": ""negative""}, {""label"": ""Historical xG"", ""value"": ""unavailable"", ""impact"": ""negative""}, {""label"": ""Decision rule"", ""value"": ""edge below minimum"", ""impact"": ""negative""}]","[{""label"": ""ELO separation"", ""value"": 38.2, ""impact"": ""neutral""}, {""label"": ""Probability source"", ""value"": ""FOOTBALL_V13_FALLBACK"", ""impact"": ""neutral""}]","REJECT: positive=4, negative=4, neutral=2, confidence=1.000, risk=high",2026-09-20T18:21:42+00:00,2026-09-20T18:21:42+00:00
9019c6b4d71f148b00cd6a0d,soccer_brazil_campeonato,Brazil Serie A,Botafogo vs Vasco da Gama,Vasco da Gama,MyBookie.ag,2026-10-07T23:30:00Z,BLOCK,REJECT,0.3489643267042266,0.34607269653708167,-0.05040599852987593,-0.0450266853369512,1.0,high,"[{""label"": ""Consensus safety"", ""value"": 0.928, ""impact"": ""positive""}, {""label"": ""Form separation"", ""value"": -0.1917, ""impact"": ""positive""}, {""label"": ""Competition importance"", ""value"": 0.85, ""impact"": ""positive""}, {""label"": ""Model dispersion"", ""value"": 0.0341, ""impact"": ""positive""}]","[{""label"": ""Raw edge"", ""value"": -0.0504, ""impact"": ""negative""}, {""label"": ""Historical xG"", ""value"": ""unavailable"", ""impact"": ""negative""}, {""label"": ""Decision rule"", ""value"": ""edge below minimum"", ""impact"": ""negative""}]","[{""label"": ""Model-market gap"", ""value"": 0.0043, ""impact"": ""neutral""}, {""label"": ""ELO separation"", ""value"": 38.2, ""impact"": ""neutral""}, {""label"": ""Probability source"", ""value"": ""FOOTBALL_V13_FALLBACK"", ""impact"": ""neutral""}]","REJECT: positive=4, negative=3, neutral=3, confidence=1.000, risk=high",2026-09-20T18:21:42+00:00,2026-09-20T18:21:42+00:00
cfdc0c5e6d0865bd03bbf968,soccer_brazil_campeonato,Brazil Serie A,Cruzeiro vs Sao Paulo,Cruzeiro,1xBet,2026-10-08T00:30:00Z,BLOCK,REJECT,0.48415609472169074,0.5167339103933545,-0.13339796791455394,-0.08259370703006061,1.0,high,"[{""label"": ""Consensus safety"", ""value"": 0.852, ""impact"": ""positive""}, {""label"": ""ELO separation"", ""value"": 56.2, ""impact"": ""positive""}, {""label"": ""Competition importance"", ""value"": 0.85, ""impact"": ""positive""}, {""label"": ""Model dispersion"", ""value"": 0.0229, ""impact"": ""positive""}]","[{""label"": ""Raw edge"", ""value"": -0.1334, ""impact"": ""negative""}, {""label"": ""Model-market gap"", ""value"": -0.0508, ""impact"": ""negative""}, {""label"": ""Historical xG"", ""value"": ""unavailable"", ""impact"": ""negative""}, {""label"": ""Decision rule"", ""value"": ""edge below minimum"", ""impact"": ""negative""}]","[{""label"": ""Form separation"", ""value"": 0.06, ""impact"": ""neutral""}, {""label"": ""Probability source"", ""value"": ""FOOTBALL_V13_FALLBACK"", ""impact"": ""neutral""}]","REJECT: positive=4, negative=4, neutral=2, confidence=1.000, risk=high",2026-09-20T18:21:42+00:00,2026-09-20T18:21:42+00:00
64e8c7613fe1bf51c61f710b,soccer_brazil_campeonato,Brazil Serie A,Cruzeiro vs Sao Paulo,Draw,1xBet,2026-10-08T00:30:00Z,BLOCK,REJECT,0.27071445440313563,0.26802750784262713,-0.031035946075894993,-0.030105281547850905,1.0,high,"[{""label"": ""Consensus safety"", ""value"": 0.987, ""impact"": ""positive""}, {""label"": ""ELO separation"", ""value"": 56.2, ""impact"": ""positive""}, {""label"": ""Competition importance"", ""value"": 0.85, ""impact"": ""positive""}, {""label"": ""Model dispersion"", ""value"": 0.0034, ""impact"": ""positive""}]","[{""label"": ""Raw edge"", ""value"": -0.031, ""impact"": ""negative""}, {""label"": ""Historical xG"", ""value"": ""unavailable"", ""impact"": ""negative""}, {""label"": ""Decision rule"", ""value"": ""edge below minimum"", ""impact"": ""negative""}]","[{""label"": ""Model-market gap"", ""value"": 0.0042, ""impact"": ""neutral""}, {""label"": ""Form separation"", ""value"": 0.06, ""impact"": ""neutral""}, {""label"": ""Probability source"", ""value"": ""FOOTBALL_V13_FALLBACK"", ""impact"": ""neutral""}]","REJECT: positive=4, negative=3, neutral=3, confidence=1.000, risk=high",2026-09-20T18:21:42+00:00,2026-09-20T18:21:42+00:00
0ae82cfc43519d177095b114,soccer_brazil_campeonato,Brazil Serie A,Cruzeiro vs Sao Paulo,Sao Paulo,1xBet,2026-10-08T00:30:00Z,BLOCK,REJECT,0.24575394492307875,0.21523858176401836,0.17981674838983497,0.08588646353906089,1.0,high,"[{""label"": ""Raw edge"", ""value"": 0.1798, ""impact"": ""positive""}, {""label"": ""Consensus safety"", ""value"": 0.864, ""impact"": ""positive""}, {""label"": ""Model-market gap"", ""value"": 0.0475, ""impact"": ""positive""}, {""label"": ""ELO separation"", ""value"": 56.2, ""impact"": ""positive""}, {""label"": ""Competition importance"", ""value"": 0.85, ""impact"": ""positive""}, {""label"": ""Model dispersion"", ""value"": 0.0196, ""impact"": ""positive""}]","[{""label"": ""Historical xG"", ""value"": ""unavailable"", ""impact"": ""negative""}, {""label"": ""Decision rule"", ""value"": ""odds above maximum"", ""impact"": ""negative""}]","[{""label"": ""Form separation"", ""value"": 0.06, ""impact"": ""neutral""}, {""label"": ""Probability source"", ""value"": ""FOOTBALL_V13_FALLBACK"", ""impact"": ""neutral""}]","REJECT: positive=6, negative=2, neutral=2, confidence=1.000, risk=high",2026-09-20T18:21:42+00:00,2026-09-20T18:21:42+00:00
388c5981054236717ea174e0,soccer_brazil_campeonato,Brazil Serie A,Santos vs Flamengo,Draw,1xBet,2026-10-08T22:30:00Z,BLOCK,REJECT,0.2663695130590947,0.2625397504131463,-0.025168423301134668,-0.027466562924498738,1.0,high,"[{""label"": ""Consensus safety"", ""value"": 0.984, ""impact"": ""positive""}, {""label"": ""Form separation"", ""value"": 0.1778, ""impact"": ""positive""}, {""label"": ""Competition importance"", ""value"": 0.85, ""impact"": ""positive""}, {""label"": ""Model dispersion"", ""value"": 0.0018, ""impact"": ""positive""}]","[{""label"": ""Raw edge"", ""value"": -0.0252, ""impact"": ""negative""}, {""label"": ""Historical xG"", ""value"": ""unavailable"", ""impact"": ""negative""}, {""label"": ""Decision rule"", ""value"": ""edge below minimum"", ""impact"": ""negative""}]","[{""label"": ""Model-market gap"", ""value"": 0.006, ""impact"": ""neutral""}, {""label"": ""ELO separation"", ""value"": 47.1, ""impact"": ""neutral""}, {""label"": ""Probability source"", ""value"": ""FOOTBALL_V13_FALLBACK"", ""impact"": ""neutral""}]","REJECT: positive=4, negative=3, neutral=3, confidence=1.000, risk=high",2026-09-20T18:21:42+00:00,2026-09-20T18:21:42+00:00
2bd0a63896fb5ab1498bdf0b,soccer_brazil_campeonato,Brazil Serie A,Santos vs Flamengo,Flamengo,1xBet,2026-10-08T22:30:00Z,BLOCK,REJECT,0.4586191552880341,0.4986631452195816,-0.15506663951886623,-0.09156900454900754,1.0,high,"[{""label"": ""Form separation"", ""value"": 0.1778, ""impact"": ""positive""}, {""label"": ""Competition importance"", ""value"": 0.85, ""impact"": ""positive""}, {""label"": ""Model dispersion"", ""value"": 0.0119, ""impact"": ""positive""}]","[{""label"": ""Raw edge"", ""value"": -0.1551, ""impact"": ""negative""}, {""label"": ""Model-market gap"", ""value"": -0.0631, ""impact"": ""negative""}, {""label"": ""Historical xG"", ""value"": ""unavailable"", ""impact"": ""negative""}, {""label"": ""Decision rule"", ""value"": ""edge below minimum"", ""impact"": ""negative""}]","[{""label"": ""Consensus safety"", ""value"": 0.819, ""impact"": ""neutral""}, {""label"": ""ELO separation"", ""value"": 47.1, ""impact"": ""neutral""}, {""label"": ""Probability source"", ""value"": ""FOOTBALL_V13_FALLBACK"", ""impact"": ""neutral""}]","REJECT: positive=3, negative=4, neutral=3, confidence=1.000, risk=high",2026-09-20T18:21:42+00:00,2026-09-20T18:21:42+00:00
7b5812a4a758d5c69d5516cb,soccer_brazil_campeonato,Brazil Serie A,Santos vs Flamengo,Santos,1xBet,2026-10-08T22:30:00Z,PASS,PASS,0.27490450882043604,0.23879710436727214,0.17715917619214916,0.07815161802462707,1.0,low,"[{""label"": ""Raw edge"", ""value"": 0.1772, ""impact"": ""positive""}, {""label"": ""Model-market gap"", ""value"": 0.057, ""impact"": ""positive""}, {""label"": ""Form separation"", ""value"": 0.1778, ""impact"": ""positive""}, {""label"": ""Competition importance"", ""value"": 0.85, ""impact"": ""positive""}, {""label"": ""Model dispersion"", ""value"": 0.0137, ""impact"": ""positive""}]","[{""label"": ""Historical xG"", ""value"": ""unavailable"", ""impact"": ""negative""}]","[{""label"": ""Consensus safety"", ""value"": 0.834, ""impact"": ""neutral""}, {""label"": ""ELO separation"", ""value"": 47.1, ""impact"": ""neutral""}, {""label"": ""Probability source"", ""value"": ""FOOTBALL_V13_FALLBACK"", ""impact"": ""neutral""}]","PASS: positive=5, negative=1, neutral=3, confidence=1.000, risk=low",2026-09-20T18:21:42+00:00,2026-09-20T18:21:42+00:00
f7b4554ab8a8553096eb3565,soccer_brazil_campeonato,Brazil Serie A,Atletico Paranaense vs Atletico Mineiro,Atletico Mineiro,1xBet,2026-10-08T23:00:00Z,BLOCK,REJECT,0.2578235016228275,0.24374534672711617,0.04692570572462906,0.013139805929434444,1.0,high,"[{""label"": ""Consensus safety"", ""value"": 0.92, ""impact"": ""positive""}, {""label"": ""ELO separation"", ""value"": 104.4, ""impact"": ""positive""}, {""label"": ""Form separation"", ""value"": 0.3344, ""impact"": ""positive""}, {""label"": ""Competition importance"", ""value"": 0.85, ""impact"": ""positive""}, {""label"": ""Model dispersion"", ""value"": 0.0237, ""impact"": ""positive""}]","[{""label"": ""Historical xG"", ""value"": ""unavailable"", ""impact"": ""negative""}, {""label"": ""Decision rule"", ""value"": ""edge below minimum"", ""impact"": ""negative""}]","[{""label"": ""Raw edge"", ""value"": 0.0469, ""impact"": ""neutral""}, {""label"": ""Model-market gap"", ""value"": 0.022, ""impact"": ""neutral""}, {""label"": ""Probability source"", ""value"": ""FOOTBALL_V13_FALLBACK"", ""impact"": ""neutral""}]","REJECT: positive=5, negative=2, neutral=3, confidence=1.000, risk=high",2026-09-20T18:21:42+00:00,2026-09-20T18:21:42+00:00
9cc753e02211fd7d0b24f1cb,soccer_brazil_campeonato,Brazil Serie A,Atletico Paranaense vs Atletico Mineiro,Atletico Paranaense,1xBet,2026-10-08T23:00:00Z,BLOCK,REJECT,0.46487095221400376,0.4763940974385251,-0.07410617964657862,-0.05061812882683634,1.0,high,"[{""label"": ""Consensus safety"", ""value"": 0.918, ""impact"": ""positive""}, {""label"": ""ELO separation"", ""value"": 104.4, ""impact"": ""positive""}, {""label"": ""Form separation"", ""value"": 0.3344, ""impact"": ""positive""}, {""label"": ""Competition importance"", ""value"": 0.85, ""impact"": ""positive""}, {""label"": ""Model dispersion"", ""value"": 0.0292, ""impact"": ""positive""}]","[{""label"": ""Raw edge"", ""value"": -0.0741, ""impact"": ""negative""}, {""label"": ""Model-market gap"", ""value"": -0.018, ""impact"": ""negative""}, {""label"": ""Historical xG"", ""value"": ""unavailable"", ""impact"": ""negative""}, {""label"": ""Decision rule"", ""value"": ""edge below minimum"", ""impact"": ""negative""}]","[{""label"": ""Probability source"", ""value"": ""FOOTBALL_V13_FALLBACK"", ""impact"": ""neutral""}]","REJECT: positive=5, negative=4, neutral=1, confidence=1.000, risk=high",2026-09-20T18:21:42+00:00,2026-09-20T18:21:42+00:00
61139ff701ede2b11cd81336,soccer_brazil_campeonato,Brazil Serie A,Atletico Paranaense vs Atletico Mineiro,Draw,1xBet,2026-10-08T23:00:00Z,BLOCK,REJECT,0.2774029619711632,0.2798605558343588,-0.0614060334869333,-0.04718820141572327,1.0,high,"[{""label"": ""Consensus safety"", ""value"": 0.983, ""impact"": ""positive""}, {""label"": ""ELO separation"", ""value"": 104.4, ""impact"": ""positive""}, {""label"": ""Form separation"", ""value"": 0.3344, ""impact"": ""positive""}, {""label"": ""Competition importance"", ""value"": 0.85, ""impact"": ""positive""}, {""label"": ""Model dispersion"", ""value"": 0.0057, ""impact"": ""positive""}]","[{""label"": ""Raw edge"", ""value"": -0.0614, ""impact"": ""negative""}, {""label"": ""Model-market gap"", ""value"": -0.0038, ""impact"": ""negative""}, {""label"": ""Historical xG"", ""value"": ""unavailable"", ""impact"": ""negative""}, {""label"": ""Decision rule"", ""value"": ""edge below minimum"", ""impact"": ""negative""}]","[{""label"": ""Probability source"", ""value"": ""FOOTBALL_V13_FALLBACK"", ""impact"": ""neutral""}]","REJECT: positive=5, negative=4, neutral=1, confidence=1.000, risk=high",2026-09-20T18:21:42+00:00,2026-09-20T18:21:42+00:00
83936a5d05b9f99351473541,soccer_brazil_campeonato,Brazil Serie A,Palmeiras vs Bahia,Bahia,1xBet,2026-10-09T00:30:00Z,BLOCK,REJECT,0.21849747559523508,0.17906540328010045,0.2972054897037508,0.1529955138142551,1.0,high,"[{""label"": ""Raw edge"", ""value"": 0.2972, ""impact"": ""positive""}, {""label"": ""Model-market gap"", ""value"": 0.0603, ""impact"": ""positive""}, {""label"": ""ELO separation"", ""value"": 58.0, ""impact"": ""positive""}, {""label"": ""Competition importance"", ""value"": 0.85, ""impact"": ""positive""}, {""label"": ""Model dispersion"", ""value"": 0.0121, ""impact"": ""positive""}]","[{""label"": ""Historical xG"", ""value"": ""unavailable"", ""impact"": ""negative""}, {""label"": ""Decision rule"", ""value"": ""edge above max guard"", ""impact"": ""negative""}]","[{""label"": ""Consensus safety"", ""value"": 0.838, ""impact"": ""neutral""}, {""label"": ""Form separation"", ""value"": -0.021, ""impact"": ""neutral""}, {""label"": ""Probability source"", ""value"": ""FOOTBALL_V13_FALLBACK"", ""impact"": ""neutral""}]","REJECT: positive=5, negative=2, neutral=3, confidence=1.000, risk=high",2026-09-20T18:21:42+00:00,2026-09-20T18:21:42+00:00
1e93f012aff755d3f3bf4a6a,soccer_brazil_campeonato,Brazil Serie A,Palmeiras vs Bahia,Draw,1xBet,2026-10-09T00:30:00Z,BLOCK,REJECT,0.25084390168245485,0.24109961571363525,0.03138402065780643,0.009051480325871376,1.0,high,"[{""label"": ""Consensus safety"", ""value"": 0.962, ""impact"": ""positive""}, {""label"": ""ELO separation"", ""value"": 58.0, ""impact"": ""positive""}, {""label"": ""Competition importance"", ""value"": 0.85, ""impact"": ""positive""}, {""label"": ""Model dispersion"", ""value"": 0.0023, ""impact"": ""positive""}]","[{""label"": ""Historical xG"", ""value"": ""unavailable"", ""impact"": ""negative""}, {""label"": ""Decision rule"", ""value"": ""edge below minimum"", ""impact"": ""negative""}]","[{""label"": ""Raw edge"", ""value"": 0.0314, ""impact"": ""neutral""}, {""label"": ""Model-market gap"", ""value"": 0.0148, ""impact"": ""neutral""}, {""label"": ""Form separation"", ""value"": -0.021, ""impact"": ""neutral""}, {""label"": ""Probability source"", ""value"": ""FOOTBALL_V13_FALLBACK"", ""impact"": ""neutral""}]","REJECT: positive=4, negative=2, neutral=4, confidence=1.000, risk=high",2026-09-20T18:21:42+00:00,2026-09-20T18:21:42+00:00
4dcfaa24e947ca97312f73dc,soccer_brazil_campeonato,Brazil Serie A,Palmeiras vs Bahia,Palmeiras,1xBet,2026-10-09T00:30:00Z,BLOCK,REJECT,0.534283115371598,0.5798349810062643,-0.1633748672205978,-0.10277598968607303,1.0,high,"[{""label"": ""ELO separation"", ""value"": 58.0, ""impact"": ""positive""}, {""label"": ""Competition importance"", ""value"": 0.85, ""impact"": ""positive""}, {""label"": ""Model dispersion"", ""value"": 0.0144, ""impact"": ""positive""}]","[{""label"": ""Raw edge"", ""value"": -0.1634, ""impact"": ""negative""}, {""label"": ""Model-market gap"", ""value"": -0.0697, ""impact"": ""negative""}, {""label"": ""Historical xG"", ""value"": ""unavailable"", ""impact"": ""negative""}, {""label"": ""Decision rule"", ""value"": ""edge below minimum"", ""impact"": ""negative""}]","[{""label"": ""Consensus safety"", ""value"": 0.8, ""impact"": ""neutral""}, {""label"": ""Form separation"", ""value"": -0.021, ""impact"": ""neutral""}, {""label"": ""Probability source"", ""value"": ""FOOTBALL_V13_FALLBACK"", ""impact"": ""neutral""}]","REJECT: positive=3, negative=4, neutral=3, confidence=1.000, risk=high",2026-09-20T18:21:43+00:00,2026-09-20T18:21:43+00:00
b2ca22e922f589aad647cebf,soccer_brazil_campeonato,Brazil Serie A,Fluminense vs Coritiba,Coritiba,1xBet,2026-10-09T00:30:00Z,BLOCK,REJECT,0.18723905373957878,0.1454781666844093,0.4287472473771423,0.22065141028771557,1.0,high,"[{""label"": ""Raw edge"", ""value"": 0.4287, ""impact"": ""positive""}, {""label"": ""Model-market gap"", ""value"": 0.0659, ""impact"": ""positive""}, {""label"": ""ELO separation"", ""value"": 73.0, ""impact"": ""positive""}, {""label"": ""Form separation"", ""value"": 0.15, ""impact"": ""positive""}, {""label"": ""Competition importance"", ""value"": 0.85, ""impact"": ""positive""}, {""label"": ""Model dispersion"", ""value"": 0.0133, ""impact"": ""positive""}]","[{""label"": ""Historical xG"", ""value"": ""unavailable"", ""impact"": ""negative""}, {""label"": ""Decision rule"", ""value"": ""edge above max guard"", ""impact"": ""negative""}]","[{""label"": ""Consensus safety"", ""value"": 0.804, ""impact"": ""neutral""}, {""label"": ""Probability source"", ""value"": ""FOOTBALL_V13_FALLBACK"", ""impact"": ""neutral""}]","REJECT: positive=6, negative=2, neutral=2, confidence=1.000, risk=high",2026-09-20T18:21:43+00:00,2026-09-20T18:21:43+00:00
650943c97a1ad04c5d7d366c,soccer_brazil_campeonato,Brazil Serie A,Fluminense vs Coritiba,Draw,1xBet,2026-10-09T00:30:00Z,BLOCK,REJECT,0.25173922481881483,0.24371602493688843,0.015003328909005464,-0.002584576250295392,1.0,high,"[{""label"": ""Consensus safety"", ""value"": 0.966, ""impact"": ""positive""}, {""label"": ""ELO separation"", ""value"": 73.0, ""impact"": ""positive""}, {""label"": ""Form separation"", ""value"": 0.15, ""impact"": ""positive""}, {""label"": ""Competition importance"", ""value"": 0.85, ""impact"": ""positive""}, {""label"": ""Model dispersion"", ""value"": 0.0035, ""impact"": ""positive""}]","[{""label"": ""Historical xG"", ""value"": ""unavailable"", ""impact"": ""negative""}, {""label"": ""Decision rule"", ""value"": ""edge below minimum"", ""impact"": ""negative""}]","[{""label"": ""Raw edge"", ""value"": 0.015, ""impact"": ""neutral""}, {""label"": ""Model-market gap"", ""value"": 0.0126, ""impact"": ""neutral""}, {""label"": ""Probability source"", ""value"": ""FOOTBALL_V13_FALLBACK"", ""impact"": ""neutral""}]","REJECT: positive=5, negative=2, neutral=3, confidence=1.000, risk=high",2026-09-20T18:21:43+00:00,2026-09-20T18:21:43+00:00
2f7c5ad6bf86f04e1add20f5,soccer_brazil_campeonato,Brazil Serie A,Fluminense vs Coritiba,Fluminense,1xBet,2026-10-09T00:30:00Z,BLOCK,REJECT,0.5694673421423617,0.6108058083787024,-0.14903671268008567,-0.09269171440668164,1.0,high,"[{""label"": ""ELO separation"", ""value"": 73.0, ""impact"": ""positive""}, {""label"": ""Form separation"", ""value"": 0.15, ""impact"": ""positive""}, {""label"": ""Competition importance"", ""value"": 0.85, ""impact"": ""positive""}, {""label"": ""Model dispersion"", ""value"": 0.0168, ""impact"": ""positive""}]","[{""label"": ""Raw edge"", ""value"": -0.149, ""impact"": ""negative""}, {""label"": ""Model-market gap"", ""value"": -0.0653, ""impact"": ""negative""}, {""label"": ""Historical xG"", ""value"": ""unavailable"", ""impact"": ""negative""}, {""label"": ""Decision rule"", ""value"": ""edge below minimum"", ""impact"": ""negative""}]","[{""label"": ""Consensus safety"", ""value"": 0.77, ""impact"": ""neutral""}, {""label"": ""Probability source"", ""value"": ""FOOTBALL_V13_FALLBACK"", ""impact"": ""neutral""}]","REJECT: positive=4, negative=4, neutral=2, confidence=1.000, risk=high",2026-09-20T18:21:43+00:00,2026-09-20T18:21:43+00:00
04b0106a446287b58da30e89,soccer_argentina_primera_division,Argentina Primera Division,San Lorenzo vs Boca Juniors,Boca Juniors,Pinnacle,2026-09-20T17:45:00Z,BLOCK,REJECT,0.6117778644360126,0.6551429413311769,0.13463504229575785,0.14529405950756372,1.0,high,"[{""label"": ""Raw edge"", ""value"": 0.1346, ""impact"": ""positive""}, {""label"": ""ELO separation"", ""value"": 89.9, ""impact"": ""positive""}, {""label"": ""Form separation"", ""value"": 0.1478, ""impact"": ""positive""}, {""label"": ""Model dispersion"", ""value"": 0.0172, ""impact"": ""positive""}]","[{""label"": ""Model-market gap"", ""value"": -0.0672, ""impact"": ""negative""}, {""label"": ""Historical xG"", ""value"": ""unavailable"", ""impact"": ""negative""}, {""label"": ""Decision rule"", ""value"": ""edge above max guard"", ""impact"": ""negative""}]","[{""label"": ""Consensus safety"", ""value"": 0.628, ""impact"": ""neutral""}, {""label"": ""Competition importance"", ""value"": 0.68, ""impact"": ""neutral""}, {""label"": ""Probability source"", ""value"": ""FOOTBALL_V13_FALLBACK"", ""impact"": ""neutral""}]","REJECT: positive=4, negative=3, neutral=3, confidence=1.000, risk=high",2026-09-20T18:21:43+00:00,2026-09-20T18:21:43+00:00
38a2388bfb12dcbd365f4954,soccer_argentina_primera_division,Argentina Primera Division,San Lorenzo vs Boca Juniors,Draw,Betfair,2026-09-20T17:45:00Z,BLOCK,REJECT,0.26335691642830866,0.25720754447310223,0.17357378639613463,0.1276392268429159,1.0,high,"[{""label"": ""Raw edge"", ""value"": 0.1736, ""impact"": ""positive""}, {""label"": ""Consensus safety"", ""value"": 0.963, ""impact"": ""positive""}, {""label"": ""ELO separation"", ""value"": 89.9, ""impact"": ""positive""}, {""label"": ""Form separation"", ""value"": 0.1478, ""impact"": ""positive""}, {""label"": ""Model dispersion"", ""value"": 0.0121, ""impact"": ""positive""}]","[{""label"": ""Historical xG"", ""value"": ""unavailable"", ""impact"": ""negative""}, {""label"": ""Decision rule"", ""value"": ""odds above maximum"", ""impact"": ""negative""}]","[{""label"": ""Model-market gap"", ""value"": 0.0095, ""impact"": ""neutral""}, {""label"": ""Competition importance"", ""value"": 0.68, ""impact"": ""neutral""}, {""label"": ""Probability source"", ""value"": ""FOOTBALL_V13_FALLBACK"", ""impact"": ""neutral""}]","REJECT: positive=5, negative=2, neutral=3, confidence=1.000, risk=high",2026-09-20T18:21:43+00:00,2026-09-20T18:21:43+00:00
7ae5432868c4191981e3b19e,soccer_argentina_primera_division,Argentina Primera Division,San Lorenzo vs Boca Juniors,San Lorenzo,Betfair,2026-09-20T17:45:00Z,BLOCK,REJECT,0.13009931555688492,0.08764951419572097,1.459327586676821,0.8695144806133039,1.0,high,"[{""label"": ""Raw edge"", ""value"": 1.4593, ""impact"": ""positive""}, {""label"": ""Model-market gap"", ""value"": 0.0661, ""impact"": ""positive""}, {""label"": ""ELO separation"", ""value"": 89.9, ""impact"": ""positive""}, {""label"": ""Form separation"", ""value"": 0.1478, ""impact"": ""positive""}, {""label"": ""Model dispersion"", ""value"": 0.0246, ""impact"": ""positive""}]","[{""label"": ""Historical xG"", ""value"": ""unavailable"", ""impact"": ""negative""}, {""label"": ""Decision rule"", ""value"": ""edge above max guard"", ""impact"": ""negative""}]","[{""label"": ""Consensus safety"", ""value"": 0.65, ""impact"": ""neutral""}, {""label"": ""Competition importance"", ""value"": 0.68, ""impact"": ""neutral""}, {""label"": ""Probability source"", ""value"": ""FOOTBALL_V13_FALLBACK"", ""impact"": ""neutral""}]","REJECT: positive=5, negative=2, neutral=3, confidence=1.000, risk=high",2026-09-20T18:21:43+00:00,2026-09-20T18:21:43+00:00
eec685c30eaf6d782ab9e1a7,soccer_argentina_primera_division,Argentina Primera Division,Rosario Central vs Argentinos Juniors,Argentinos Juniors,Betfair,2026-09-20T20:00:00Z,BLOCK,REJECT,0.25816529585919934,0.23809820355343056,0.1307232964531717,0.0677660934662711,1.0,high,"[{""label"": ""Raw edge"", ""value"": 0.1307, ""impact"": ""positive""}, {""label"": ""Consensus safety"", ""value"": 0.91, ""impact"": ""positive""}, {""label"": ""ELO separation"", ""value"": 84.2, ""impact"": ""positive""}, {""label"": ""Form separation"", ""value"": 0.1333, ""impact"": ""positive""}, {""label"": ""Model dispersion"", ""value"": 0.0145, ""impact"": ""positive""}]","[{""label"": ""Historical xG"", ""value"": ""unavailable"", ""impact"": ""negative""}, {""label"": ""Decision rule"", ""value"": ""odds above maximum"", ""impact"": ""negative""}]","[{""label"": ""Model-market gap"", ""value"": 0.0311, ""impact"": ""neutral""}, {""label"": ""Competition importance"", ""value"": 0.68, ""impact"": ""neutral""}, {""label"": ""Probability source"", ""value"": ""FOOTBALL_V13_FALLBACK"", ""impact"": ""neutral""}]","REJECT: positive=5, negative=2, neutral=3, confidence=1.000, risk=high",2026-09-20T18:21:43+00:00,2026-09-20T18:21:43+00:00
b6c06e2c707c77ecdb1c9c21,soccer_argentina_primera_division,Argentina Primera Division,Rosario Central vs Argentinos Juniors,Draw,Betfair,2026-09-20T20:00:00Z,BLOCK,REJECT,0.29296727112300136,0.29687212274905467,-0.04028289441978872,-0.026696684387285965,1.0,high,"[{""label"": ""Consensus safety"", ""value"": 0.967, ""impact"": ""positive""}, {""label"": ""ELO separation"", ""value"": 84.2, ""impact"": ""positive""}, {""label"": ""Form separation"", ""value"": 0.1333, ""impact"": ""positive""}, {""label"": ""Model dispersion"", ""value"": 0.0119, ""impact"": ""positive""}]","[{""label"": ""Raw edge"", ""value"": -0.0403, ""impact"": ""negative""}, {""label"": ""Model-market gap"", ""value"": -0.006, ""impact"": ""negative""}, {""label"": ""Historical xG"", ""value"": ""unavailable"", ""impact"": ""negative""}, {""label"": ""Decision rule"", ""value"": ""edge below minimum"", ""impact"": ""negative""}]","[{""label"": ""Competition importance"", ""value"": 0.68, ""impact"": ""neutral""}, {""label"": ""Probability source"", ""value"": ""FOOTBALL_V13_FALLBACK"", ""impact"": ""neutral""}]","REJECT: positive=4, negative=4, neutral=2, confidence=1.000, risk=high",2026-09-20T18:21:43+00:00,2026-09-20T18:21:43+00:00
eadbdf19d2b286216f535d6d,soccer_argentina_primera_division,Argentina Primera Division,Rosario Central vs Argentinos Juniors,Rosario Central,BetOnline.ag,2026-09-20T20:00:00Z,BLOCK,REJECT,0.4493096213712048,0.46502967369751486,-0.07481050715302306,-0.05015827606523089,1.0,high,"[{""label"": ""Consensus safety"", ""value"": 0.916, ""impact"": ""positive""}, {""label"": ""ELO separation"", ""value"": 84.2, ""impact"": ""positive""}, {""label"": ""Form separation"", ""value"": 0.1333, ""impact"": ""positive""}, {""label"": ""Model dispersion"", ""value"": 0.0218, ""impact"": ""positive""}]","[{""label"": ""Raw edge"", ""value"": -0.0748, ""impact"": ""negative""}, {""label"": ""Model-market gap"", ""value"": -0.0245, ""impact"": ""negative""}, {""label"": ""Historical xG"", ""value"": ""unavailable"", ""impact"": ""negative""}, {""label"": ""Decision rule"", ""value"": ""edge below minimum"", ""impact"": ""negative""}]","[{""label"": ""Competition importance"", ""value"": 0.68, ""impact"": ""neutral""}, {""label"": ""Probability source"", ""value"": ""FOOTBALL_V13_FALLBACK"", ""impact"": ""neutral""}]","REJECT: positive=4, negative=4, neutral=2, confidence=1.000, risk=high",2026-09-20T18:21:43+00:00,2026-09-20T18:21:43+00:00
3024d9561765b7857233527b,soccer_argentina_primera_division,Argentina Primera Division,Platense vs Newells Old Boys,Draw,Betfair,2026-09-20T20:00:00Z,BLOCK,REJECT,0.3112169599993393,0.32009092350793233,-0.0822563879580337,-0.05333959388346707,1.0,high,"[{""label"": ""Consensus safety"", ""value"": 0.95, ""impact"": ""positive""}, {""label"": ""ELO separation"", ""value"": 65.0, ""impact"": ""positive""}, {""label"": ""Form separation"", ""value"": -0.1667, ""impact"": ""positive""}, {""label"": ""Model dispersion"", ""value"": 0.0117, ""impact"": ""positive""}]","[{""label"": ""Raw edge"", ""value"": -0.0823, ""impact"": ""negative""}, {""label"": ""Model-market gap"", ""value"": -0.0142, ""impact"": ""negative""}, {""label"": ""Historical xG"", ""value"": ""unavailable"", ""impact"": ""negative""}, {""label"": ""Decision rule"", ""value"": ""edge below minimum"", ""impact"": ""negative""}]","[{""label"": ""Competition importance"", ""value"": 0.68, ""impact"": ""neutral""}, {""label"": ""Probability source"", ""value"": ""FOOTBALL_V13_FALLBACK"", ""impact"": ""neutral""}]","REJECT: positive=4, negative=4, neutral=2, confidence=1.000, risk=high",2026-09-20T18:21:43+00:00,2026-09-20T18:21:43+00:00
a740451315e004f8f089c36b,soccer_argentina_primera_division,Argentina Primera Division,Platense vs Newells Old Boys,Newells Old Boys,Betfair,2026-09-20T20:00:00Z,PASS,PASS,0.276813638867169,0.2584991180180305,0.13818650291399281,0.07509757592524428,1.0,low,"[{""label"": ""Raw edge"", ""value"": 0.1382, ""impact"": ""positive""}, {""label"": ""Consensus safety"", ""value"": 0.877, ""impact"": ""positive""}, {""label"": ""ELO separation"", ""value"": 65.0, ""impact"": ""positive""}, {""label"": ""Form separation"", ""value"": -0.1667, ""impact"": ""positive""}, {""label"": ""Model dispersion"", ""value"": 0.0393, ""impact"": ""positive""}]","[{""label"": ""Historical xG"", ""value"": ""unavailable"", ""impact"": ""negative""}]","[{""label"": ""Model-market gap"", ""value"": 0.0296, ""impact"": ""neutral""}, {""label"": ""Competition importance"", ""value"": 0.68, ""impact"": ""neutral""}, {""label"": ""Probability source"", ""value"": ""FOOTBALL_V13_FALLBACK"", ""impact"": ""neutral""}]","PASS: positive=5, negative=1, neutral=3, confidence=1.000, risk=low",2026-09-20T18:21:43+00:00,2026-09-20T18:21:43+00:00
8a1498c6eca26fd47e71b0b1,soccer_argentina_primera_division,Argentina Primera Division,Platense vs Newells Old Boys,Platense,Betfair,2026-09-20T20:00:00Z,BLOCK,REJECT,0.41079892294187725,0.4214099584740372,-0.04594956761013291,-0.024531346763195447,1.0,high,"[{""label"": ""Consensus safety"", ""value"": 0.906, ""impact"": ""positive""}, {""label"": ""ELO separation"", ""value"": 65.0, ""impact"": ""positive""}, {""label"": ""Form separation"", ""value"": -0.1667, ""impact"": ""positive""}, {""label"": ""Model dispersion"", ""value"": 0.0361, ""impact"": ""positive""}]","[{""label"": ""Raw edge"", ""value"": -0.0459, ""impact"": ""negative""}, {""label"": ""Model-market gap"", ""value"": -0.0172, ""impact"": ""negative""}, {""label"": ""Historical xG"", ""value"": ""unavailable"", ""impact"": ""negative""}, {""label"": ""Decision rule"", ""value"": ""edge below minimum"", ""impact"": ""negative""}]","[{""label"": ""Competition importance"", ""value"": 0.68, ""impact"": ""neutral""}, {""label"": ""Probability source"", ""value"": ""FOOTBALL_V13_FALLBACK"", ""impact"": ""neutral""}]","REJECT: positive=4, negative=4, neutral=2, confidence=1.000, risk=high",2026-09-20T18:21:43+00:00,2026-09-20T18:21:43+00:00
20b9754772cef9747636d202,soccer_argentina_primera_division,Argentina Primera Division,Belgrano de Cordoba vs Estudiantes de Río Cuarto,Belgrano de Cordoba,BetOnline.ag,2026-09-20T22:15:00Z,BLOCK,REJECT,0.6192290314733573,0.6545447002574022,-0.11717997744618358,-0.07423010496466848,1.0,high,"[{""label"": ""ELO separation"", ""value"": 127.4, ""impact"": ""positive""}, {""label"": ""Form separation"", ""value"": 0.4444, ""impact"": ""positive""}, {""label"": ""Model dispersion"", ""value"": 0.0372, ""impact"": ""positive""}]","[{""label"": ""Raw edge"", ""value"": -0.1172, ""impact"": ""negative""}, {""label"": ""Model-market gap"", ""value"": -0.058, ""impact"": ""negative""}, {""label"": ""Historical xG"", ""value"": ""unavailable"", ""impact"": ""negative""}, {""label"": ""Decision rule"", ""value"": ""edge below minimum"", ""impact"": ""negative""}]","[{""label"": ""Consensus safety"", ""value"": 0.749, ""impact"": ""neutral""}, {""label"": ""Competition importance"", ""value"": 0.68, ""impact"": ""neutral""}, {""label"": ""Probability source"", ""value"": ""FOOTBALL_V13_FALLBACK"", ""impact"": ""neutral""}]","REJECT: positive=3, negative=4, neutral=3, confidence=1.000, risk=high",2026-09-20T18:21:43+00:00,2026-09-20T18:21:43+00:00
9d3ea0cccce2943119f0bf15,soccer_argentina_primera_division,Argentina Primera Division,Belgrano de Cordoba vs Estudiantes de Río Cuarto,Draw,Betfair,2026-09-20T22:15:00Z,BLOCK,REJECT,0.24478358864942198,0.23561328017875888,0.07731149850236618,0.04226178298084162,1.0,high,"[{""label"": ""Consensus safety"", ""value"": 0.945, ""impact"": ""positive""}, {""label"": ""ELO separation"", ""value"": 127.4, ""impact"": ""positive""}, {""label"": ""Form separation"", ""value"": 0.4444, ""impact"": ""positive""}, {""label"": ""Model dispersion"", ""value"": 0.0171, ""impact"": ""positive""}]","[{""label"": ""Historical xG"", ""value"": ""unavailable"", ""impact"": ""negative""}, {""label"": ""Decision rule"", ""value"": ""odds above maximum"", ""impact"": ""negative""}]","[{""label"": ""Raw edge"", ""value"": 0.0773, ""impact"": ""neutral""}, {""label"": ""Model-market gap"", ""value"": 0.0149, ""impact"": ""neutral""}, {""label"": ""Competition importance"", ""value"": 0.68, ""impact"": ""neutral""}, {""label"": ""Probability source"", ""value"": ""FOOTBALL_V13_FALLBACK"", ""impact"": ""neutral""}]","REJECT: positive=4, negative=2, neutral=4, confidence=1.000, risk=high",2026-09-20T18:21:43+00:00,2026-09-20T18:21:43+00:00
8e8d21fad86eeaa1108c6026,soccer_argentina_primera_division,Argentina Primera Division,Belgrano de Cordoba vs Estudiantes de Río Cuarto,Estudiantes de Río Cuarto,Betfair,2026-09-20T22:15:00Z,BLOCK,REJECT,0.14712574749156682,0.10984201956383895,0.7061117374382895,0.37885479605153727,1.0,high,"[{""label"": ""Raw edge"", ""value"": 0.7061, ""impact"": ""positive""}, {""label"": ""Model-market gap"", ""value"": 0.0608, ""impact"": ""positive""}, {""label"": ""ELO separation"", ""value"": 127.4, ""impact"": ""positive""}, {""label"": ""Form separation"", ""value"": 0.4444, ""impact"": ""positive""}, {""label"": ""Model dispersion"", ""value"": 0.0202, ""impact"": ""positive""}]","[{""label"": ""Historical xG"", ""value"": ""unavailable"", ""impact"": ""negative""}, {""label"": ""Decision rule"", ""value"": ""edge above max guard"", ""impact"": ""negative""}]","[{""label"": ""Consensus safety"", ""value"": 0.798, ""impact"": ""neutral""}, {""label"": ""Competition importance"", ""value"": 0.68, ""impact"": ""neutral""}, {""label"": ""Probability source"", ""value"": ""FOOTBALL_V13_FALLBACK"", ""impact"": ""neutral""}]","REJECT: positive=5, negative=2, neutral=3, confidence=1.000, risk=high",2026-09-20T18:21:43+00:00,2026-09-20T18:21:43+00:00
44fdbb97c2db308731bab2cb,soccer_argentina_primera_division,Argentina Primera Division,Velez Sarsfield BA vs CA Tigre BA,CA Tigre BA,Betfair,2026-09-21T00:30:00Z,PASS,PASS,0.2728871336347293,0.2607374078814198,0.08943110417881361,0.05165995817909887,1.0,low,"[{""label"": ""Raw edge"", ""value"": 0.0894, ""impact"": ""positive""}, {""label"": ""Consensus safety"", ""value"": 0.931, ""impact"": ""positive""}, {""label"": ""ELO separation"", ""value"": 115.0, ""impact"": ""positive""}, {""label"": ""Form separation"", ""value"": 0.1733, ""impact"": ""positive""}, {""label"": ""Model dispersion"", ""value"": 0.0208, ""impact"": ""positive""}]","[{""label"": ""Historical xG"", ""value"": ""unavailable"", ""impact"": ""negative""}]","[{""label"": ""Model-market gap"", ""value"": 0.0186, ""impact"": ""neutral""}, {""label"": ""Competition importance"", ""value"": 0.68, ""impact"": ""neutral""}, {""label"": ""Probability source"", ""value"": ""FOOTBALL_V13_FALLBACK"", ""impact"": ""neutral""}]","PASS: positive=5, negative=1, neutral=3, confidence=1.000, risk=low",2026-09-20T18:21:43+00:00,2026-09-20T18:21:43+00:00
f758444355cafff73648e5d1,soccer_argentina_primera_division,Argentina Primera Division,Velez Sarsfield BA vs CA Tigre BA,Draw,Unibet (SE),2026-09-21T00:30:00Z,BLOCK,REJECT,0.3085123520350818,0.3187413468205675,-0.09060478314738041,-0.05986248478645911,1.0,high,"[{""label"": ""Consensus safety"", ""value"": 0.946, ""impact"": ""positive""}, {""label"": ""ELO separation"", ""value"": 115.0, ""impact"": ""positive""}, {""label"": ""Form separation"", ""value"": 0.1733, ""impact"": ""positive""}, {""label"": ""Model dispersion"", ""value"": 0.0134, ""impact"": ""positive""}]","[{""label"": ""Raw edge"", ""value"": -0.0906, ""impact"": ""negative""}, {""label"": ""Model-market gap"", ""value"": -0.0156, ""impact"": ""negative""}, {""label"": ""Historical xG"", ""value"": ""unavailable"", ""impact"": ""negative""}, {""label"": ""Decision rule"", ""value"": ""edge below minimum"", ""impact"": ""negative""}]","[{""label"": ""Competition importance"", ""value"": 0.68, ""impact"": ""neutral""}, {""label"": ""Probability source"", ""value"": ""FOOTBALL_V13_FALLBACK"", ""impact"": ""neutral""}]","REJECT: positive=4, negative=4, neutral=2, confidence=1.000, risk=high",2026-09-20T18:21:43+00:00,2026-09-20T18:21:43+00:00
f64c308c545862fd1beadd49,soccer_argentina_primera_division,Argentina Primera Division,Velez Sarsfield BA vs CA Tigre BA,Velez Sarsfield BA,Betfair,2026-09-21T00:30:00Z,BLOCK,REJECT,0.41839581510967083,0.42052124529801266,-0.01528880102097474,-0.010118077416638801,1.0,high,"[{""label"": ""Consensus safety"", ""value"": 0.922, ""impact"": ""positive""}, {""label"": ""ELO separation"", ""value"": 115.0, ""impact"": ""positive""}, {""label"": ""Form separation"", ""value"": 0.1733, ""impact"": ""positive""}, {""label"": ""Model dispersion"", ""value"": 0.0316, ""impact"": ""positive""}]","[{""label"": ""Raw edge"", ""value"": -0.0153, ""impact"": ""negative""}, {""label"": ""Model-market gap"", ""value"": -0.0033, ""impact"": ""negative""}, {""label"": ""Historical xG"", ""value"": ""unavailable"", ""impact"": ""negative""}, {""label"": ""Decision rule"", ""value"": ""edge below minimum"", ""impact"": ""negative""}]","[{""label"": ""Competition importance"", ""value"": 0.68, ""impact"": ""neutral""}, {""label"": ""Probability source"", ""value"": ""FOOTBALL_V13_FALLBACK"", ""impact"": ""neutral""}]","REJECT: positive=4, negative=4, neutral=2, confidence=1.000, risk=high",2026-09-20T18:21:43+00:00,2026-09-20T18:21:43+00:00
7229b4b13c644ad67cc50a55,soccer_argentina_primera_division,Argentina Primera Division,Aldosivi Mar del Plata vs Atlético Tucuman,Aldosivi Mar del Plata,Betfair,2026-09-21T17:30:00Z,BLOCK,REJECT,0.30519274037903416,0.29777613861056224,0.04022912942673584,0.017576806268688898,0.9762502759848661,high,"[{""label"": ""Consensus safety"", ""value"": 0.858, ""impact"": ""positive""}, {""label"": ""Form separation"", ""value"": -0.5833, ""impact"": ""positive""}, {""label"": ""Model dispersion"", ""value"": 0.0615, ""impact"": ""positive""}]","[{""label"": ""Historical xG"", ""value"": ""unavailable"", ""impact"": ""negative""}, {""label"": ""Decision rule"", ""value"": ""edge below minimum"", ""impact"": ""negative""}]","[{""label"": ""Raw edge"", ""value"": 0.0402, ""impact"": ""neutral""}, {""label"": ""Model-market gap"", ""value"": 0.0127, ""impact"": ""neutral""}, {""label"": ""ELO separation"", ""value"": 25.5, ""impact"": ""neutral""}, {""label"": ""Competition importance"", ""value"": 0.68, ""impact"": ""neutral""}, {""label"": ""Probability source"", ""value"": ""FOOTBALL_V13_FALLBACK"", ""impact"": ""neutral""}]","REJECT: positive=3, negative=2, neutral=5, confidence=0.976, risk=high",2026-09-20T18:21:43+00:00,2026-09-20T18:21:43+00:00
2fc556f7177a1391c09a24f3,soccer_argentina_primera_division,Argentina Primera Division,Aldosivi Mar del Plata vs Atlético Tucuman,Atlético Tucuman,Betfair,2026-09-21T17:30:00Z,BLOCK,REJECT,0.3807466297266856,0.3811817082911582,-0.018549713466678885,-0.013216535332798198,0.9301986829037158,high,"[{""label"": ""Form separation"", ""value"": -0.5833, ""impact"": ""positive""}, {""label"": ""Model dispersion"", ""value"": 0.0761, ""impact"": ""positive""}]","[{""label"": ""Raw edge"", ""value"": -0.0185, ""impact"": ""negative""}, {""label"": ""Model-market gap"", ""value"": -0.0008, ""impact"": ""negative""}, {""label"": ""Historical xG"", ""value"": ""unavailable"", ""impact"": ""negative""}, {""label"": ""Decision rule"", ""value"": ""edge below minimum"", ""impact"": ""negative""}]","[{""label"": ""Consensus safety"", ""value"": 0.838, ""impact"": ""neutral""}, {""label"": ""ELO separation"", ""value"": 25.5, ""impact"": ""neutral""}, {""label"": ""Competition importance"", ""value"": 0.68, ""impact"": ""neutral""}, {""label"": ""Probability source"", ""value"": ""FOOTBALL_V13_FALLBACK"", ""impact"": ""neutral""}]","REJECT: positive=2, negative=4, neutral=4, confidence=0.930, risk=high",2026-09-20T18:21:43+00:00,2026-09-20T18:21:43+00:00
aa5ccd14eaac71fb8ad8b105,soccer_argentina_primera_division,Argentina Primera Division,Aldosivi Mar del Plata vs Atlético Tucuman,Draw,Pinnacle,2026-09-21T17:30:00Z,BLOCK,REJECT,0.3122765267359312,0.3210421530982796,-0.08653440515860178,-0.05580508979414486,1.0,high,"[{""label"": ""Consensus safety"", ""value"": 0.944, ""impact"": ""positive""}, {""label"": ""Form separation"", ""value"": -0.5833, ""impact"": ""positive""}, {""label"": ""Model dispersion"", ""value"": 0.016, ""impact"": ""positive""}]","[{""label"": ""Raw edge"", ""value"": -0.0865, ""impact"": ""negative""}, {""label"": ""Model-market gap"", ""value"": -0.0145, ""impact"": ""negative""}, {""label"": ""Historical xG"", ""value"": ""unavailable"", ""impact"": ""negative""}, {""label"": ""Decision rule"", ""value"": ""edge below minimum"", ""impact"": ""negative""}]","[{""label"": ""ELO separation"", ""value"": 25.5, ""impact"": ""neutral""}, {""label"": ""Competition importance"", ""value"": 0.68, ""impact"": ""neutral""}, {""label"": ""Probability source"", ""value"": ""FOOTBALL_V13_FALLBACK"", ""impact"": ""neutral""}]","REJECT: positive=3, negative=4, neutral=3, confidence=1.000, risk=high",2026-09-20T18:21:43+00:00,2026-09-20T18:21:43+00:00
f8c6ed54c141a7128332b7a2,soccer_argentina_primera_division,Argentina Primera Division,Barracas Central vs Independiente Rivadavia,Barracas Central,Betfair,2026-09-21T22:00:00Z,PASS,PASS,0.31939303714377854,0.29029375467324237,0.15143342452251685,0.08192457546452238,1.0,low,"[{""label"": ""Raw edge"", ""value"": 0.1514, ""impact"": ""positive""}, {""label"": ""Model-market gap"", ""value"": 0.0435, ""impact"": ""positive""}, {""label"": ""ELO separation"", ""value"": 97.9, ""impact"": ""positive""}, {""label"": ""Model dispersion"", ""value"": 0.0309, ""impact"": ""positive""}]","[{""label"": ""Historical xG"", ""value"": ""unavailable"", ""impact"": ""negative""}]","[{""label"": ""Consensus safety"", ""value"": 0.849, ""impact"": ""neutral""}, {""label"": ""Form separation"", ""value"": 0.0741, ""impact"": ""neutral""}, {""label"": ""Competition importance"", ""value"": 0.68, ""impact"": ""neutral""}, {""label"": ""Probability source"", ""value"": ""FOOTBALL_V13_FALLBACK"", ""impact"": ""neutral""}]","PASS: positive=4, negative=1, neutral=4, confidence=1.000, risk=low",2026-09-20T18:21:43+00:00,2026-09-20T18:21:43+00:00
fb24b6ceb3f42827da737c88,soccer_argentina_primera_division,Argentina Primera Division,Barracas Central vs Independiente Rivadavia,Draw,1xBet,2026-09-21T22:00:00Z,BLOCK,REJECT,0.3052852953186856,0.3146708658254622,-0.0946654152126406,-0.06528721361631772,1.0,high,"[{""label"": ""Consensus safety"", ""value"": 0.953, ""impact"": ""positive""}, {""label"": ""ELO separation"", ""value"": 97.9, ""impact"": ""positive""}, {""label"": ""Model dispersion"", ""value"": 0.0115, ""impact"": ""positive""}]","[{""label"": ""Raw edge"", ""value"": -0.0947, ""impact"": ""negative""}, {""label"": ""Model-market gap"", ""value"": -0.0139, ""impact"": ""negative""}, {""label"": ""Historical xG"", ""value"": ""unavailable"", ""impact"": ""negative""}, {""label"": ""Decision rule"", ""value"": ""edge below minimum"", ""impact"": ""negative""}]","[{""label"": ""Form separation"", ""value"": 0.0741, ""impact"": ""neutral""}, {""label"": ""Competition importance"", ""value"": 0.68, ""impact"": ""neutral""}, {""label"": ""Probability source"", ""value"": ""FOOTBALL_V13_FALLBACK"", ""impact"": ""neutral""}]","REJECT: positive=3, negative=4, neutral=3, confidence=1.000, risk=high",2026-09-20T18:21:43+00:00,2026-09-20T18:21:43+00:00
53a5abdc7a07c9b232439ae0,soccer_argentina_primera_division,Argentina Primera Division,Barracas Central vs Independiente Rivadavia,Independiente Rivadavia,Unibet (SE),2026-09-21T22:00:00Z,BLOCK,REJECT,0.3739831802676917,0.39503537950129547,-0.0907345789653149,-0.05228880950565894,1.0,high,"[{""label"": ""Consensus safety"", ""value"": 0.892, ""impact"": ""positive""}, {""label"": ""ELO separation"", ""value"": 97.9, ""impact"": ""positive""}, {""label"": ""Model dispersion"", ""value"": 0.0231, ""impact"": ""positive""}]","[{""label"": ""Raw edge"", ""value"": -0.0907, ""impact"": ""negative""}, {""label"": ""Model-market gap"", ""value"": -0.0313, ""impact"": ""negative""}, {""label"": ""Historical xG"", ""value"": ""unavailable"", ""impact"": ""negative""}, {""label"": ""Decision rule"", ""value"": ""edge below minimum"", ""impact"": ""negative""}]","[{""label"": ""Form separation"", ""value"": 0.0741, ""impact"": ""neutral""}, {""label"": ""Competition importance"", ""value"": 0.68, ""impact"": ""neutral""}, {""label"": ""Probability source"", ""value"": ""FOOTBALL_V13_FALLBACK"", ""impact"": ""neutral""}]","REJECT: positive=3, negative=4, neutral=3, confidence=1.000, risk=high",2026-09-20T18:21:43+00:00,2026-09-20T18:21:43+00:00
e280cc10d5d85cf9d1997eb7,soccer_argentina_primera_division,Argentina Primera Division,Lanus vs Estudiantes,Draw,Betsson,2026-09-22T00:15:00Z,BLOCK,REJECT,0.3006513269250305,0.3085470691588045,-0.08087657050355579,-0.060404188652494514,1.0,high,"[{""label"": ""Consensus safety"", ""value"": 0.954, ""impact"": ""positive""}, {""label"": ""ELO separation"", ""value"": 110.4, ""impact"": ""positive""}, {""label"": ""Form separation"", ""value"": 0.24, ""impact"": ""positive""}, {""label"": ""Model dispersion"", ""value"": 0.0137, ""impact"": ""positive""}]","[{""label"": ""Raw edge"", ""value"": -0.0809, ""impact"": ""negative""}, {""label"": ""Model-market gap"", ""value"": -0.0121, ""impact"": ""negative""}, {""label"": ""Historical xG"", ""value"": ""unavailable"", ""impact"": ""negative""}, {""label"": ""Decision rule"", ""value"": ""edge below minimum"", ""impact"": ""negative""}]","[{""label"": ""Competition importance"", ""value"": 0.68, ""impact"": ""neutral""}, {""label"": ""Probability source"", ""value"": ""FOOTBALL_V13_FALLBACK"", ""impact"": ""neutral""}]","REJECT: positive=4, negative=4, neutral=2, confidence=1.000, risk=high",2026-09-20T18:21:43+00:00,2026-09-20T18:21:43+00:00
030ea80fcb49782a72a5ee98,soccer_argentina_primera_division,Argentina Primera Division,Lanus vs Estudiantes,Estudiantes,Betfair,2026-09-22T00:15:00Z,PASS,PASS,0.26728839810259136,0.25531415195038915,0.09449009894286475,0.05559417419012504,1.0,low,"[{""label"": ""Raw edge"", ""value"": 0.0945, ""impact"": ""positive""}, {""label"": ""Consensus safety"", ""value"": 0.937, ""impact"": ""positive""}, {""label"": ""ELO separation"", ""value"": 110.4, ""impact"": ""positive""}, {""label"": ""Form separation"", ""value"": 0.24, ""impact"": ""positive""}, {""label"": ""Model dispersion"", ""value"": 0.0167, ""impact"": ""positive""}]","[{""label"": ""Historical xG"", ""value"": ""unavailable"", ""impact"": ""negative""}]","[{""label"": ""Model-market gap"", ""value"": 0.0183, ""impact"": ""neutral""}, {""label"": ""Competition importance"", ""value"": 0.68, ""impact"": ""neutral""}, {""label"": ""Probability source"", ""value"": ""FOOTBALL_V13_FALLBACK"", ""impact"": ""neutral""}]","PASS: positive=5, negative=1, neutral=3, confidence=1.000, risk=low",2026-09-20T18:21:43+00:00,2026-09-20T18:21:43+00:00
3ffd24cce107b395b98b4c41,soccer_argentina_primera_division,Argentina Primera Division,Lanus vs Estudiantes,Lanus,Betfair,2026-09-22T00:15:00Z,BLOCK,REJECT,0.432179746004868,0.4361387788908063,-0.03668880218730863,-0.025659111944855952,1.0,high,"[{""label"": ""Consensus safety"", ""value"": 0.928, ""impact"": ""positive""}, {""label"": ""ELO separation"", ""value"": 110.4, ""impact"": ""positive""}, {""label"": ""Form separation"", ""value"": 0.24, ""impact"": ""positive""}, {""label"": ""Model dispersion"", ""value"": 0.0296, ""impact"": ""positive""}]","[{""label"": ""Raw edge"", ""value"": -0.0367, ""impact"": ""negative""}, {""label"": ""Model-market gap"", ""value"": -0.0061, ""impact"": ""negative""}, {""label"": ""Historical xG"", ""value"": ""unavailable"", ""impact"": ""negative""}, {""label"": ""Decision rule"", ""value"": ""edge below minimum"", ""impact"": ""negative""}]","[{""label"": ""Competition importance"", ""value"": 0.68, ""impact"": ""neutral""}, {""label"": ""Probability source"", ""value"": ""FOOTBALL_V13_FALLBACK"", ""impact"": ""neutral""}]","REJECT: positive=4, negative=4, neutral=2, confidence=1.000, risk=high",2026-09-20T18:21:43+00:00,2026-09-20T18:21:43+00:00
b230174c680c17ad8bcbc6b5,soccer_argentina_primera_division,Argentina Primera Division,Independiente vs Instituto de Córdoba,Draw,Nordic Bet,2026-10-02T22:15:00Z,BLOCK,REJECT,0.3030317808014469,0.3103345521986869,-0.0730800522288314,-0.0487189326097804,1.0,high,"[{""label"": ""Consensus safety"", ""value"": 0.958, ""impact"": ""positive""}, {""label"": ""ELO separation"", ""value"": 84.1, ""impact"": ""positive""}, {""label"": ""Model dispersion"", ""value"": 0.0117, ""impact"": ""positive""}]","[{""label"": ""Raw edge"", ""value"": -0.0731, ""impact"": ""negative""}, {""label"": ""Model-market gap"", ""value"": -0.0113, ""impact"": ""negative""}, {""label"": ""Historical xG"", ""value"": ""unavailable"", ""impact"": ""negative""}, {""label"": ""Decision rule"", ""value"": ""edge below minimum"", ""impact"": ""negative""}]","[{""label"": ""Form separation"", ""value"": 0.0667, ""impact"": ""neutral""}, {""label"": ""Competition importance"", ""value"": 0.68, ""impact"": ""neutral""}, {""label"": ""Probability source"", ""value"": ""FOOTBALL_V13_FALLBACK"", ""impact"": ""neutral""}]","REJECT: positive=3, negative=4, neutral=3, confidence=1.000, risk=high",2026-09-20T18:21:43+00:00,2026-09-20T18:21:43+00:00
e7c292adae6353f5bb3dcc9f,soccer_argentina_primera_division,Argentina Primera Division,Independiente vs Instituto de Córdoba,Independiente,1xBet,2026-10-02T22:15:00Z,BLOCK,REJECT,0.3938295279451578,0.3930605879747386,-0.03012040304128938,-0.02510274956004854,1.0,high,"[{""label"": ""Consensus safety"", ""value"": 0.942, ""impact"": ""positive""}, {""label"": ""ELO separation"", ""value"": 84.1, ""impact"": ""positive""}, {""label"": ""Model dispersion"", ""value"": 0.0235, ""impact"": ""positive""}]","[{""label"": ""Raw edge"", ""value"": -0.0301, ""impact"": ""negative""}, {""label"": ""Historical xG"", ""value"": ""unavailable"", ""impact"": ""negative""}, {""label"": ""Decision rule"", ""value"": ""edge below minimum"", ""impact"": ""negative""}]","[{""label"": ""Model-market gap"", ""value"": 0.0012, ""impact"": ""neutral""}, {""label"": ""Form separation"", ""value"": 0.0667, ""impact"": ""neutral""}, {""label"": ""Competition importance"", ""value"": 0.68, ""impact"": ""neutral""}, {""label"": ""Probability source"", ""value"": ""FOOTBALL_V13_FALLBACK"", ""impact"": ""neutral""}]","REJECT: positive=3, negative=3, neutral=4, confidence=1.000, risk=high",2026-09-20T18:21:43+00:00,2026-09-20T18:21:43+00:00
29b5f6864ce75f429bb28a79,soccer_argentina_primera_division,Argentina Primera Division,Independiente vs Instituto de Córdoba,Instituto de Córdoba,1xBet,2026-10-02T22:15:00Z,BLOCK,REJECT,0.30295028838320337,0.2966048598265745,-0.003956737269758537,-0.012407970676322736,1.0,high,"[{""label"": ""Consensus safety"", ""value"": 0.954, ""impact"": ""positive""}, {""label"": ""ELO separation"", ""value"": 84.1, ""impact"": ""positive""}, {""label"": ""Model dispersion"", ""value"": 0.0175, ""impact"": ""positive""}]","[{""label"": ""Raw edge"", ""value"": -0.004, ""impact"": ""negative""}, {""label"": ""Historical xG"", ""value"": ""unavailable"", ""impact"": ""negative""}, {""label"": ""Decision rule"", ""value"": ""edge below minimum"", ""impact"": ""negative""}]","[{""label"": ""Model-market gap"", ""value"": 0.0099, ""impact"": ""neutral""}, {""label"": ""Form separation"", ""value"": 0.0667, ""impact"": ""neutral""}, {""label"": ""Competition importance"", ""value"": 0.68, ""impact"": ""neutral""}, {""label"": ""Probability source"", ""value"": ""FOOTBALL_V13_FALLBACK"", ""impact"": ""neutral""}]","REJECT: positive=3, negative=3, neutral=4, confidence=1.000, risk=high",2026-09-20T18:21:43+00:00,2026-09-20T18:21:43+00:00
ebf0f95b13c0544a1bdc4631,soccer_argentina_primera_division,Argentina Primera Division,Independiente Rivadavia vs Gimnasia La Plata,Draw,Betsson,2026-10-03T00:30:00Z,BLOCK,REJECT,0.2681277194499673,0.2641110987535195,-0.026017603295725444,-0.030868297024429225,1.0,high,"[{""label"": ""Consensus safety"", ""value"": 0.968, ""impact"": ""positive""}, {""label"": ""ELO separation"", ""value"": 67.7, ""impact"": ""positive""}, {""label"": ""Form separation"", ""value"": -0.4167, ""impact"": ""positive""}, {""label"": ""Model dispersion"", ""value"": 0.0129, ""impact"": ""positive""}]","[{""label"": ""Raw edge"", ""value"": -0.026, ""impact"": ""negative""}, {""label"": ""Historical xG"", ""value"": ""unavailable"", ""impact"": ""negative""}, {""label"": ""Decision rule"", ""value"": ""edge below minimum"", ""impact"": ""negative""}]","[{""label"": ""Model-market gap"", ""value"": 0.0064, ""impact"": ""neutral""}, {""label"": ""Competition importance"", ""value"": 0.68, ""impact"": ""neutral""}, {""label"": ""Probability source"", ""value"": ""FOOTBALL_V13_FALLBACK"", ""impact"": ""neutral""}]","REJECT: positive=4, negative=3, neutral=3, confidence=1.000, risk=high",2026-09-20T18:21:43+00:00,2026-09-20T18:21:43+00:00
0c51d1d68f3fbca89c49c8af,soccer_argentina_primera_division,Argentina Primera Division,Independiente Rivadavia vs Gimnasia La Plata,Gimnasia La Plata,Betsson,2026-10-03T00:30:00Z,BLOCK,REJECT,0.21335034117525215,0.178083970009067,0.27311240132097714,0.134921472836405,0.9983778135054135,high,"[{""label"": ""Raw edge"", ""value"": 0.2731, ""impact"": ""positive""}, {""label"": ""Model-market gap"", ""value"": 0.0577, ""impact"": ""positive""}, {""label"": ""ELO separation"", ""value"": 67.7, ""impact"": ""positive""}, {""label"": ""Form separation"", ""value"": -0.4167, ""impact"": ""positive""}, {""label"": ""Model dispersion"", ""value"": 0.052, ""impact"": ""positive""}]","[{""label"": ""Historical xG"", ""value"": ""unavailable"", ""impact"": ""negative""}, {""label"": ""Decision rule"", ""value"": ""odds above maximum"", ""impact"": ""negative""}]","[{""label"": ""Consensus safety"", ""value"": 0.784, ""impact"": ""neutral""}, {""label"": ""Competition importance"", ""value"": 0.68, ""impact"": ""neutral""}, {""label"": ""Probability source"", ""value"": ""FOOTBALL_V13_FALLBACK"", ""impact"": ""neutral""}]","REJECT: positive=5, negative=2, neutral=3, confidence=0.998, risk=high",2026-09-20T18:21:43+00:00,2026-09-20T18:21:43+00:00
bfd62f56a3c973c5935b4e58,soccer_argentina_primera_division,Argentina Primera Division,Independiente Rivadavia vs Gimnasia La Plata,Independiente Rivadavia,1xBet,2026-10-03T00:30:00Z,BLOCK,REJECT,0.5218751336933705,0.5578049312374135,-0.14627638461264159,-0.08662439231878884,1.0,high,"[{""label"": ""ELO separation"", ""value"": 67.7, ""impact"": ""positive""}, {""label"": ""Form separation"", ""value"": -0.4167, ""impact"": ""positive""}, {""label"": ""Model dispersion"", ""value"": 0.0466, ""impact"": ""positive""}]","[{""label"": ""Raw edge"", ""value"": -0.1463, ""impact"": ""negative""}, {""label"": ""Model-market gap"", ""value"": -0.0586, ""impact"": ""negative""}, {""label"": ""Historical xG"", ""value"": ""unavailable"", ""impact"": ""negative""}, {""label"": ""Decision rule"", ""value"": ""edge below minimum"", ""impact"": ""negative""}]","[{""label"": ""Consensus safety"", ""value"": 0.773, ""impact"": ""neutral""}, {""label"": ""Competition importance"", ""value"": 0.68, ""impact"": ""neutral""}, {""label"": ""Probability source"", ""value"": ""FOOTBALL_V13_FALLBACK"", ""impact"": ""neutral""}]","REJECT: positive=3, negative=4, neutral=3, confidence=1.000, risk=high",2026-09-20T18:21:43+00:00,2026-09-20T18:21:43+00:00
7e62b3c59b93f575b57ecfc8,soccer_argentina_primera_division,Argentina Primera Division,Defensa y Justicia vs San Lorenzo,Defensa y Justicia,1xBet,2026-10-03T17:45:00Z,BLOCK,REJECT,0.4245435654252881,0.4240314404945604,-0.027068374848709942,-0.022378162974013082,1.0,high,"[{""label"": ""Consensus safety"", ""value"": 0.927, ""impact"": ""positive""}, {""label"": ""ELO separation"", ""value"": 115.2, ""impact"": ""positive""}, {""label"": ""Form separation"", ""value"": 0.4167, ""impact"": ""positive""}, {""label"": ""Model dispersion"", ""value"": 0.0344, ""impact"": ""positive""}]","[{""label"": ""Raw edge"", ""value"": -0.0271, ""impact"": ""negative""}, {""label"": ""Historical xG"", ""value"": ""unavailable"", ""impact"": ""negative""}, {""label"": ""Decision rule"", ""value"": ""edge below minimum"", ""impact"": ""negative""}]","[{""label"": ""Model-market gap"", ""value"": 0.0008, ""impact"": ""neutral""}, {""label"": ""Competition importance"", ""value"": 0.68, ""impact"": ""neutral""}, {""label"": ""Probability source"", ""value"": ""FOOTBALL_V13_FALLBACK"", ""impact"": ""neutral""}]","REJECT: positive=4, negative=3, neutral=3, confidence=1.000, risk=high",2026-09-20T18:21:43+00:00,2026-09-20T18:21:43+00:00
65cef20b508ef1cfc940c95d,soccer_argentina_primera_division,Argentina Primera Division,Defensa y Justicia vs San Lorenzo,Draw,1xBet,2026-10-03T17:45:00Z,BLOCK,REJECT,0.3005427077095486,0.3078215951979139,-0.09678589615163868,-0.067101508448553,1.0,high,"[{""label"": ""Consensus safety"", ""value"": 0.95, ""impact"": ""positive""}, {""label"": ""ELO separation"", ""value"": 115.2, ""impact"": ""positive""}, {""label"": ""Form separation"", ""value"": 0.4167, ""impact"": ""positive""}, {""label"": ""Model dispersion"", ""value"": 0.016, ""impact"": ""positive""}]","[{""label"": ""Raw edge"", ""value"": -0.0968, ""impact"": ""negative""}, {""label"": ""Model-market gap"", ""value"": -0.0117, ""impact"": ""negative""}, {""label"": ""Historical xG"", ""value"": ""unavailable"", ""impact"": ""negative""}, {""label"": ""Decision rule"", ""value"": ""edge below minimum"", ""impact"": ""negative""}]","[{""label"": ""Competition importance"", ""value"": 0.68, ""impact"": ""neutral""}, {""label"": ""Probability source"", ""value"": ""FOOTBALL_V13_FALLBACK"", ""impact"": ""neutral""}]","REJECT: positive=4, negative=4, neutral=2, confidence=1.000, risk=high",2026-09-20T18:21:43+00:00,2026-09-20T18:21:43+00:00
20891120624e44c1db4cd762,soccer_argentina_primera_division,Argentina Primera Division,Defensa y Justicia vs San Lorenzo,San Lorenzo,Nordic Bet,2026-10-03T17:45:00Z,BLOCK,REJECT,0.2748046783419882,0.2681469643075257,-0.010089990148877126,-0.01965060872384791,1.0,high,"[{""label"": ""Consensus safety"", ""value"": 0.952, ""impact"": ""positive""}, {""label"": ""ELO separation"", ""value"": 115.2, ""impact"": ""positive""}, {""label"": ""Form separation"", ""value"": 0.4167, ""impact"": ""positive""}, {""label"": ""Model dispersion"", ""value"": 0.0184, ""impact"": ""positive""}]","[{""label"": ""Raw edge"", ""value"": -0.0101, ""impact"": ""negative""}, {""label"": ""Historical xG"", ""value"": ""unavailable"", ""impact"": ""negative""}, {""label"": ""Decision rule"", ""value"": ""edge below minimum"", ""impact"": ""negative""}]","[{""label"": ""Model-market gap"", ""value"": 0.0107, ""impact"": ""neutral""}, {""label"": ""Competition importance"", ""value"": 0.68, ""impact"": ""neutral""}, {""label"": ""Probability source"", ""value"": ""FOOTBALL_V13_FALLBACK"", ""impact"": ""neutral""}]","REJECT: positive=4, negative=3, neutral=3, confidence=1.000, risk=high",2026-09-20T18:21:43+00:00,2026-09-20T18:21:43+00:00
a50e0a18a81923df5fe7309b,soccer_argentina_primera_division,Argentina Primera Division,Atlético Tucuman vs Barracas Central,Atlético Tucuman,1xBet,2026-10-03T20:00:00Z,BLOCK,REJECT,0.4648044691727232,0.4891395774867613,-0.11227041280075534,-0.07164110839472934,1.0,high,"[{""label"": ""Consensus safety"", ""value"": 0.898, ""impact"": ""positive""}, {""label"": ""ELO separation"", ""value"": 68.0, ""impact"": ""positive""}, {""label"": ""Form separation"", ""value"": 0.1759, ""impact"": ""positive""}, {""label"": ""Model dispersion"", ""value"": 0.018, ""impact"": ""positive""}]","[{""label"": ""Raw edge"", ""value"": -0.1123, ""impact"": ""negative""}, {""label"": ""Model-market gap"", ""value"": -0.0362, ""impact"": ""negative""}, {""label"": ""Historical xG"", ""value"": ""unavailable"", ""impact"": ""negative""}, {""label"": ""Decision rule"", ""value"": ""edge below minimum"", ""impact"": ""negative""}]","[{""label"": ""Competition importance"", ""value"": 0.68, ""impact"": ""neutral""}, {""label"": ""Probability source"", ""value"": ""FOOTBALL_V13_FALLBACK"", ""impact"": ""neutral""}]","REJECT: positive=4, negative=4, neutral=2, confidence=1.000, risk=high",2026-09-20T18:21:43+00:00,2026-09-20T18:21:43+00:00
e0058ba943a085a1e79c3f5b,soccer_argentina_primera_division,Argentina Primera Division,Atlético Tucuman vs Barracas Central,Barracas Central,1xBet,2026-10-03T20:00:00Z,BLOCK,REJECT,0.23436421288012835,0.20153988917025686,0.17617509212157367,0.08172795091684315,1.0,high,"[{""label"": ""Raw edge"", ""value"": 0.1762, ""impact"": ""positive""}, {""label"": ""Consensus safety"", ""value"": 0.876, ""impact"": ""positive""}, {""label"": ""Model-market gap"", ""value"": 0.0487, ""impact"": ""positive""}, {""label"": ""ELO separation"", ""value"": 68.0, ""impact"": ""positive""}, {""label"": ""Form separation"", ""value"": 0.1759, ""impact"": ""positive""}, {""label"": ""Model dispersion"", ""value"": 0.0116, ""impact"": ""positive""}]","[{""label"": ""Historical xG"", ""value"": ""unavailable"", ""impact"": ""negative""}, {""label"": ""Decision rule"", ""value"": ""odds above maximum"", ""impact"": ""negative""}]","[{""label"": ""Competition importance"", ""value"": 0.68, ""impact"": ""neutral""}, {""label"": ""Probability source"", ""value"": ""FOOTBALL_V13_FALLBACK"", ""impact"": ""neutral""}]","REJECT: positive=6, negative=2, neutral=2, confidence=1.000, risk=high",2026-09-20T18:21:43+00:00,2026-09-20T18:21:43+00:00
0da202643f777867154df029,soccer_argentina_primera_division,Argentina Primera Division,Atlético Tucuman vs Barracas Central,Draw,1xBet,2026-10-03T20:00:00Z,BLOCK,REJECT,0.3013897531533213,0.3093205333429818,-0.09839533111374488,-0.06987454673357456,1.0,high,"[{""label"": ""Consensus safety"", ""value"": 0.962, ""impact"": ""positive""}, {""label"": ""ELO separation"", ""value"": 68.0, ""impact"": ""positive""}, {""label"": ""Form separation"", ""value"": 0.1759, ""impact"": ""positive""}, {""label"": ""Model dispersion"", ""value"": 0.0101, ""impact"": ""positive""}]","[{""label"": ""Raw edge"", ""value"": -0.0984, ""impact"": ""negative""}, {""label"": ""Model-market gap"", ""value"": -0.0118, ""impact"": ""negative""}, {""label"": ""Historical xG"", ""value"": ""unavailable"", ""impact"": ""negative""}, {""label"": ""Decision rule"", ""value"": ""edge below minimum"", ""impact"": ""negative""}]","[{""label"": ""Competition importance"", ""value"": 0.68, ""impact"": ""neutral""}, {""label"": ""Probability source"", ""value"": ""FOOTBALL_V13_FALLBACK"", ""impact"": ""neutral""}]","REJECT: positive=4, negative=4, neutral=2, confidence=1.000, risk=high",2026-09-20T18:21:43+00:00,2026-09-20T18:21:43+00:00
32364c4112538f1e013614fb,soccer_argentina_primera_division,Argentina Primera Division,Newells Old Boys vs Lanus,Draw,Nordic Bet,2026-10-03T20:00:00Z,BLOCK,REJECT,0.30973686777184967,0.3188313489750417,-0.08582585529122655,-0.05690923512311043,1.0,high,"[{""label"": ""Consensus safety"", ""value"": 0.954, ""impact"": ""positive""}, {""label"": ""ELO separation"", ""value"": 67.0, ""impact"": ""positive""}, {""label"": ""Model dispersion"", ""value"": 0.0103, ""impact"": ""positive""}]","[{""label"": ""Raw edge"", ""value"": -0.0858, ""impact"": ""negative""}, {""label"": ""Model-market gap"", ""value"": -0.0141, ""impact"": ""negative""}, {""label"": ""Historical xG"", ""value"": ""unavailable"", ""impact"": ""negative""}, {""label"": ""Decision rule"", ""value"": ""edge below minimum"", ""impact"": ""negative""}]","[{""label"": ""Form separation"", ""value"": -0.0233, ""impact"": ""neutral""}, {""label"": ""Competition importance"", ""value"": 0.68, ""impact"": ""neutral""}, {""label"": ""Probability source"", ""value"": ""FOOTBALL_V13_FALLBACK"", ""impact"": ""neutral""}]","REJECT: positive=3, negative=4, neutral=3, confidence=1.000, risk=high",2026-09-20T18:21:43+00:00,2026-09-20T18:21:43+00:00
4281a24dce803c22624f76ad,soccer_argentina_primera_division,Argentina Primera Division,Newells Old Boys vs Lanus,Lanus,1xBet,2026-10-03T20:00:00Z,BLOCK,REJECT,0.35363155448327355,0.35913307743305706,-0.06058032425904014,-0.04208092317031615,1.0,high,"[{""label"": ""Consensus safety"", ""value"": 0.933, ""impact"": ""positive""}, {""label"": ""ELO separation"", ""value"": 67.0, ""impact"": ""positive""}, {""label"": ""Model dispersion"", ""value"": 0.0277, ""impact"": ""positive""}]","[{""label"": ""Raw edge"", ""value"": -0.0606, ""impact"": ""negative""}, {""label"": ""Model-market gap"", ""value"": -0.0086, ""impact"": ""negative""}, {""label"": ""Historical xG"", ""value"": ""unavailable"", ""impact"": ""negative""}, {""label"": ""Decision rule"", ""value"": ""edge below minimum"", ""impact"": ""negative""}]","[{""label"": ""Form separation"", ""value"": -0.0233, ""impact"": ""neutral""}, {""label"": ""Competition importance"", ""value"": 0.68, ""impact"": ""neutral""}, {""label"": ""Probability source"", ""value"": ""FOOTBALL_V13_FALLBACK"", ""impact"": ""neutral""}]","REJECT: positive=3, negative=4, neutral=3, confidence=1.000, risk=high",2026-09-20T18:21:43+00:00,2026-09-20T18:21:43+00:00
af6b652ca1e994f3220a2996,soccer_argentina_primera_division,Argentina Primera Division,Newells Old Boys vs Lanus,Newells Old Boys,1xBet,2026-10-03T20:00:00Z,BLOCK,REJECT,0.3359513421694462,0.32203557359190127,0.01767048088104417,-0.00449574430504991,1.0,high,"[{""label"": ""Consensus safety"", ""value"": 0.903, ""impact"": ""positive""}, {""label"": ""ELO separation"", ""value"": 67.0, ""impact"": ""positive""}, {""label"": ""Model dispersion"", ""value"": 0.0288, ""impact"": ""positive""}]","[{""label"": ""Historical xG"", ""value"": ""unavailable"", ""impact"": ""negative""}, {""label"": ""Decision rule"", ""value"": ""edge below minimum"", ""impact"": ""negative""}]","[{""label"": ""Raw edge"", ""value"": 0.0177, ""impact"": ""neutral""}, {""label"": ""Model-market gap"", ""value"": 0.0218, ""impact"": ""neutral""}, {""label"": ""Form separation"", ""value"": -0.0233, ""impact"": ""neutral""}, {""label"": ""Competition importance"", ""value"": 0.68, ""impact"": ""neutral""}, {""label"": ""Probability source"", ""value"": ""FOOTBALL_V13_FALLBACK"", ""impact"": ""neutral""}]","REJECT: positive=3, negative=2, neutral=5, confidence=1.000, risk=high",2026-09-20T18:21:44+00:00,2026-09-20T18:21:44+00:00
7fcdda96bd04932fff720329,soccer_argentina_primera_division,Argentina Primera Division,Argentinos Juniors vs CA Tigre BA,Argentinos Juniors,1xBet,2026-10-03T22:15:00Z,BLOCK,REJECT,0.45907832153009864,0.483322165258994,-0.10842215018118817,-0.06589273191380321,1.0,high,"[{""label"": ""Consensus safety"", ""value"": 0.866, ""impact"": ""positive""}, {""label"": ""ELO separation"", ""value"": 89.7, ""impact"": ""positive""}, {""label"": ""Model dispersion"", ""value"": 0.0398, ""impact"": ""positive""}]","[{""label"": ""Raw edge"", ""value"": -0.1084, ""impact"": ""negative""}, {""label"": ""Model-market gap"", ""value"": -0.0375, ""impact"": ""negative""}, {""label"": ""Historical xG"", ""value"": ""unavailable"", ""impact"": ""negative""}, {""label"": ""Decision rule"", ""value"": ""edge below minimum"", ""impact"": ""negative""}]","[{""label"": ""Form separation"", ""value"": -0.0267, ""impact"": ""neutral""}, {""label"": ""Competition importance"", ""value"": 0.68, ""impact"": ""neutral""}, {""label"": ""Probability source"", ""value"": ""FOOTBALL_V13_FALLBACK"", ""impact"": ""neutral""}]","REJECT: positive=3, negative=4, neutral=3, confidence=1.000, risk=high",2026-09-20T18:21:44+00:00,2026-09-20T18:21:44+00:00
bbed634625e2b85b7e774af1,soccer_argentina_primera_division,Argentina Primera Division,Argentinos Juniors vs CA Tigre BA,CA Tigre BA,1xBet,2026-10-03T22:15:00Z,BLOCK,REJECT,0.24117999307461988,0.2109459894820621,0.16987486028681187,0.07645076503569205,1.0,high,"[{""label"": ""Raw edge"", ""value"": 0.1699, ""impact"": ""positive""}, {""label"": ""Consensus safety"", ""value"": 0.852, ""impact"": ""positive""}, {""label"": ""Model-market gap"", ""value"": 0.0467, ""impact"": ""positive""}, {""label"": ""ELO separation"", ""value"": 89.7, ""impact"": ""positive""}, {""label"": ""Model dispersion"", ""value"": 0.0365, ""impact"": ""positive""}]","[{""label"": ""Historical xG"", ""value"": ""unavailable"", ""impact"": ""negative""}, {""label"": ""Decision rule"", ""value"": ""odds above maximum"", ""impact"": ""negative""}]","[{""label"": ""Form separation"", ""value"": -0.0267, ""impact"": ""neutral""}, {""label"": ""Competition importance"", ""value"": 0.68, ""impact"": ""neutral""}, {""label"": ""Probability source"", ""value"": ""FOOTBALL_V13_FALLBACK"", ""impact"": ""neutral""}]","REJECT: positive=5, negative=2, neutral=3, confidence=1.000, risk=high",2026-09-20T18:21:44+00:00,2026-09-20T18:21:44+00:00
dffbde3358987a4d0863904a,soccer_argentina_primera_division,Argentina Primera Division,Argentinos Juniors vs CA Tigre BA,Draw,Betsson,2026-10-03T22:15:00Z,BLOCK,REJECT,0.29947890954774636,0.30573184525894387,-0.08185148262304753,-0.06363360598658362,1.0,high,"[{""label"": ""Consensus safety"", ""value"": 0.962, ""impact"": ""positive""}, {""label"": ""ELO separation"", ""value"": 89.7, ""impact"": ""positive""}, {""label"": ""Model dispersion"", ""value"": 0.0115, ""impact"": ""positive""}]","[{""label"": ""Raw edge"", ""value"": -0.0819, ""impact"": ""negative""}, {""label"": ""Model-market gap"", ""value"": -0.0096, ""impact"": ""negative""}, {""label"": ""Historical xG"", ""value"": ""unavailable"", ""impact"": ""negative""}, {""label"": ""Decision rule"", ""value"": ""edge below minimum"", ""impact"": ""negative""}]","[{""label"": ""Form separation"", ""value"": -0.0267, ""impact"": ""neutral""}, {""label"": ""Competition importance"", ""value"": 0.68, ""impact"": ""neutral""}, {""label"": ""Probability source"", ""value"": ""FOOTBALL_V13_FALLBACK"", ""impact"": ""neutral""}]","REJECT: positive=3, negative=4, neutral=3, confidence=1.000, risk=high",2026-09-20T18:21:44+00:00,2026-09-20T18:21:44+00:00
975ae23f32406dd19299116d,soccer_argentina_primera_division,Argentina Primera Division,Atlético Huracán vs Aldosivi Mar del Plata,Aldosivi Mar del Plata,1xBet,2026-10-04T00:30:00Z,BLOCK,REJECT,0.17679436709594376,0.1422798812500435,0.4105910447206731,0.19695542908772243,1.0,high,"[{""label"": ""Raw edge"", ""value"": 0.4106, ""impact"": ""positive""}, {""label"": ""Model-market gap"", ""value"": 0.0581, ""impact"": ""positive""}, {""label"": ""ELO separation"", ""value"": 99.4, ""impact"": ""positive""}, {""label"": ""Form separation"", ""value"": 0.4444, ""impact"": ""positive""}, {""label"": ""Model dispersion"", ""value"": 0.0119, ""impact"": ""positive""}]","[{""label"": ""Historical xG"", ""value"": ""unavailable"", ""impact"": ""negative""}, {""label"": ""Decision rule"", ""value"": ""edge above max guard"", ""impact"": ""negative""}]","[{""label"": ""Consensus safety"", ""value"": 0.823, ""impact"": ""neutral""}, {""label"": ""Competition importance"", ""value"": 0.68, ""impact"": ""neutral""}, {""label"": ""Probability source"", ""value"": ""FOOTBALL_V13_FALLBACK"", ""impact"": ""neutral""}]","REJECT: positive=5, negative=2, neutral=3, confidence=1.000, risk=high",2026-09-20T18:21:44+00:00,2026-09-20T18:21:44+00:00
5a3c74c13b83e527f858b2a8,soccer_argentina_primera_division,Argentina Primera Division,Atlético Huracán vs Aldosivi Mar del Plata,Atlético Huracán,Nordic Bet,2026-10-04T00:30:00Z,BLOCK,REJECT,0.5582133337951176,0.5909598548204724,-0.1433546428356699,-0.08590615585177745,1.0,high,"[{""label"": ""ELO separation"", ""value"": 99.4, ""impact"": ""positive""}, {""label"": ""Form separation"", ""value"": 0.4444, ""impact"": ""positive""}, {""label"": ""Model dispersion"", ""value"": 0.0278, ""impact"": ""positive""}]","[{""label"": ""Raw edge"", ""value"": -0.1434, ""impact"": ""negative""}, {""label"": ""Model-market gap"", ""value"": -0.0556, ""impact"": ""negative""}, {""label"": ""Historical xG"", ""value"": ""unavailable"", ""impact"": ""negative""}, {""label"": ""Decision rule"", ""value"": ""edge below minimum"", ""impact"": ""negative""}]","[{""label"": ""Consensus safety"", ""value"": 0.807, ""impact"": ""neutral""}, {""label"": ""Competition importance"", ""value"": 0.68, ""impact"": ""neutral""}, {""label"": ""Probability source"", ""value"": ""FOOTBALL_V13_FALLBACK"", ""impact"": ""neutral""}]","REJECT: positive=3, negative=4, neutral=3, confidence=1.000, risk=high",2026-09-20T18:21:44+00:00,2026-09-20T18:21:44+00:00
8e80a4f47b7905cd6e65d41a,soccer_argentina_primera_division,Argentina Primera Division,Atlético Huracán vs Aldosivi Mar del Plata,Draw,Nordic Bet,2026-10-04T00:30:00Z,BLOCK,REJECT,0.26956941794527856,0.26676026392948415,-0.022607765753785314,-0.023756005922104927,1.0,high,"[{""label"": ""Consensus safety"", ""value"": 0.966, ""impact"": ""positive""}, {""label"": ""ELO separation"", ""value"": 99.4, ""impact"": ""positive""}, {""label"": ""Form separation"", ""value"": 0.4444, ""impact"": ""positive""}, {""label"": ""Model dispersion"", ""value"": 0.016, ""impact"": ""positive""}]","[{""label"": ""Raw edge"", ""value"": -0.0226, ""impact"": ""negative""}, {""label"": ""Historical xG"", ""value"": ""unavailable"", ""impact"": ""negative""}, {""label"": ""Decision rule"", ""value"": ""edge below minimum"", ""impact"": ""negative""}]","[{""label"": ""Model-market gap"", ""value"": 0.0047, ""impact"": ""neutral""}, {""label"": ""Competition importance"", ""value"": 0.68, ""impact"": ""neutral""}, {""label"": ""Probability source"", ""value"": ""FOOTBALL_V13_FALLBACK"", ""impact"": ""neutral""}]","REJECT: positive=4, negative=3, neutral=3, confidence=1.000, risk=high",2026-09-20T18:21:44+00:00,2026-09-20T18:21:44+00:00
4d0afd83bdde349d8d1e6906,soccer_argentina_primera_division,Argentina Primera Division,Talleres vs Belgrano de Cordoba,Belgrano de Cordoba,Betsson,2026-10-04T20:00:00Z,BLOCK,REJECT,0.3434971771492904,0.33411154469857995,-0.003153889651862918,-0.017804380027438955,0.9526743461550212,high,"[{""label"": ""Form separation"", ""value"": -0.4044, ""impact"": ""positive""}, {""label"": ""Model dispersion"", ""value"": 0.0726, ""impact"": ""positive""}]","[{""label"": ""Raw edge"", ""value"": -0.0032, ""impact"": ""negative""}, {""label"": ""Historical xG"", ""value"": ""unavailable"", ""impact"": ""negative""}, {""label"": ""Decision rule"", ""value"": ""edge below minimum"", ""impact"": ""negative""}]","[{""label"": ""Consensus safety"", ""value"": 0.844, ""impact"": ""neutral""}, {""label"": ""Model-market gap"", ""value"": 0.0157, ""impact"": ""neutral""}, {""label"": ""ELO separation"", ""value"": 14.5, ""impact"": ""neutral""}, {""label"": ""Competition importance"", ""value"": 0.68, ""impact"": ""neutral""}, {""label"": ""Probability source"", ""value"": ""FOOTBALL_V13_FALLBACK"", ""impact"": ""neutral""}]","REJECT: positive=2, negative=3, neutral=5, confidence=0.953, risk=high",2026-09-20T18:21:44+00:00,2026-09-20T18:21:44+00:00
b711fa8679d5172af212ba77,soccer_argentina_primera_division,Argentina Primera Division,Talleres vs Belgrano de Cordoba,Draw,1xBet,2026-10-04T20:00:00Z,BLOCK,REJECT,0.3146017066096688,0.3258722515999606,-0.10349529791400736,-0.06803888934228783,1.0,high,"[{""label"": ""Consensus safety"", ""value"": 0.943, ""impact"": ""positive""}, {""label"": ""Form separation"", ""value"": -0.4044, ""impact"": ""positive""}, {""label"": ""Model dispersion"", ""value"": 0.0146, ""impact"": ""positive""}]","[{""label"": ""Raw edge"", ""value"": -0.1035, ""impact"": ""negative""}, {""label"": ""Model-market gap"", ""value"": -0.0178, ""impact"": ""negative""}, {""label"": ""Historical xG"", ""value"": ""unavailable"", ""impact"": ""negative""}, {""label"": ""Decision rule"", ""value"": ""edge below minimum"", ""impact"": ""negative""}]","[{""label"": ""ELO separation"", ""value"": 14.5, ""impact"": ""neutral""}, {""label"": ""Competition importance"", ""value"": 0.68, ""impact"": ""neutral""}, {""label"": ""Probability source"", ""value"": ""FOOTBALL_V13_FALLBACK"", ""impact"": ""neutral""}]","REJECT: positive=3, negative=4, neutral=3, confidence=1.000, risk=high",2026-09-20T18:21:44+00:00,2026-09-20T18:21:44+00:00
b7d3e8232b740602caf6cf48,soccer_argentina_primera_division,Argentina Primera Division,Talleres vs Belgrano de Cordoba,Talleres,Betsson,2026-10-04T20:00:00Z,BLOCK,REJECT,0.33897932785884544,0.3400162037014594,-0.035725046600369126,-0.030068970359603736,0.9979859431501288,high,"[{""label"": ""Consensus safety"", ""value"": 0.878, ""impact"": ""positive""}, {""label"": ""Form separation"", ""value"": -0.4044, ""impact"": ""positive""}, {""label"": ""Model dispersion"", ""value"": 0.0589, ""impact"": ""positive""}]","[{""label"": ""Raw edge"", ""value"": -0.0357, ""impact"": ""negative""}, {""label"": ""Model-market gap"", ""value"": -0.0017, ""impact"": ""negative""}, {""label"": ""Historical xG"", ""value"": ""unavailable"", ""impact"": ""negative""}, {""label"": ""Decision rule"", ""value"": ""edge below minimum"", ""impact"": ""negative""}]","[{""label"": ""ELO separation"", ""value"": 14.5, ""impact"": ""neutral""}, {""label"": ""Competition importance"", ""value"": 0.68, ""impact"": ""neutral""}, {""label"": ""Probability source"", ""value"": ""FOOTBALL_V13_FALLBACK"", ""impact"": ""neutral""}]","REJECT: positive=3, negative=4, neutral=3, confidence=0.998, risk=high",2026-09-20T18:21:44+00:00,2026-09-20T18:21:44+00:00
103b71837420543afa65f614,soccer_argentina_primera_division,Argentina Primera Division,Boca Juniors vs Union Santa Fe,Boca Juniors,1xBet,2026-10-04T22:15:00Z,BLOCK,REJECT,0.5288653783437475,0.5744215875547904,-0.16544992444551399,-0.10254830261149794,1.0,high,"[{""label"": ""ELO separation"", ""value"": 85.2, ""impact"": ""positive""}, {""label"": ""Form separation"", ""value"": -0.1149, ""impact"": ""positive""}, {""label"": ""Model dispersion"", ""value"": 0.046, ""impact"": ""positive""}]","[{""label"": ""Raw edge"", ""value"": -0.1654, ""impact"": ""negative""}, {""label"": ""Model-market gap"", ""value"": -0.0686, ""impact"": ""negative""}, {""label"": ""Historical xG"", ""value"": ""unavailable"", ""impact"": ""negative""}, {""label"": ""Decision rule"", ""value"": ""edge below minimum"", ""impact"": ""negative""}]","[{""label"": ""Consensus safety"", ""value"": 0.774, ""impact"": ""neutral""}, {""label"": ""Competition importance"", ""value"": 0.68, ""impact"": ""neutral""}, {""label"": ""Probability source"", ""value"": ""FOOTBALL_V13_FALLBACK"", ""impact"": ""neutral""}]","REJECT: positive=3, negative=4, neutral=3, confidence=1.000, risk=high",2026-09-20T18:21:44+00:00,2026-09-20T18:21:44+00:00
ada11dc58a022427e5505fa6,soccer_argentina_primera_division,Argentina Primera Division,Boca Juniors vs Union Santa Fe,Draw,Nordic Bet,2026-10-04T22:15:00Z,BLOCK,REJECT,0.2667695725367091,0.26082969806936446,-0.029303616413297817,-0.0318591039178349,1.0,high,"[{""label"": ""Consensus safety"", ""value"": 0.966, ""impact"": ""positive""}, {""label"": ""ELO separation"", ""value"": 85.2, ""impact"": ""positive""}, {""label"": ""Form separation"", ""value"": -0.1149, ""impact"": ""positive""}, {""label"": ""Model dispersion"", ""value"": 0.0107, ""impact"": ""positive""}]","[{""label"": ""Raw edge"", ""value"": -0.0293, ""impact"": ""negative""}, {""label"": ""Historical xG"", ""value"": ""unavailable"", ""impact"": ""negative""}, {""label"": ""Decision rule"", ""value"": ""edge below minimum"", ""impact"": ""negative""}]","[{""label"": ""Model-market gap"", ""value"": 0.0088, ""impact"": ""neutral""}, {""label"": ""Competition importance"", ""value"": 0.68, ""impact"": ""neutral""}, {""label"": ""Probability source"", ""value"": ""FOOTBALL_V13_FALLBACK"", ""impact"": ""neutral""}]","REJECT: positive=4, negative=3, neutral=3, confidence=1.000, risk=high",2026-09-20T18:21:44+00:00,2026-09-20T18:21:44+00:00
c8e0d7d98ce7c6d298bebcb0,soccer_argentina_primera_division,Argentina Primera Division,Boca Juniors vs Union Santa Fe,Union Santa Fe,1xBet,2026-10-04T22:15:00Z,BLOCK,REJECT,0.20950327428634344,0.16474871437584515,0.4089652883723913,0.21873563472208404,1.0,high,"[{""label"": ""Raw edge"", ""value"": 0.409, ""impact"": ""positive""}, {""label"": ""Model-market gap"", ""value"": 0.0674, ""impact"": ""positive""}, {""label"": ""ELO separation"", ""value"": 85.2, ""impact"": ""positive""}, {""label"": ""Form separation"", ""value"": -0.1149, ""impact"": ""positive""}, {""label"": ""Model dispersion"", ""value"": 0.0442, ""impact"": ""positive""}]","[{""label"": ""Historical xG"", ""value"": ""unavailable"", ""impact"": ""negative""}, {""label"": ""Decision rule"", ""value"": ""edge above max guard"", ""impact"": ""negative""}]","[{""label"": ""Consensus safety"", ""value"": 0.798, ""impact"": ""neutral""}, {""label"": ""Competition importance"", ""value"": 0.68, ""impact"": ""neutral""}, {""label"": ""Probability source"", ""value"": ""FOOTBALL_V13_FALLBACK"", ""impact"": ""neutral""}]","REJECT: positive=5, negative=2, neutral=3, confidence=1.000, risk=high",2026-09-20T18:21:44+00:00,2026-09-20T18:21:44+00:00
cd5fd17f3957021c6164f4d9,soccer_argentina_primera_division,Argentina Primera Division,Estudiantes de Río Cuarto vs Racing Club,Draw,1xBet,2026-10-05T00:30:00Z,BLOCK,REJECT,0.29355270097378255,0.2986304818403087,-0.0958057811571027,-0.07008552688576887,1.0,high,"[{""label"": ""Consensus safety"", ""value"": 0.963, ""impact"": ""positive""}, {""label"": ""ELO separation"", ""value"": 98.0, ""impact"": ""positive""}, {""label"": ""Form separation"", ""value"": 0.2489, ""impact"": ""positive""}, {""label"": ""Model dispersion"", ""value"": 0.0134, ""impact"": ""positive""}]","[{""label"": ""Raw edge"", ""value"": -0.0958, ""impact"": ""negative""}, {""label"": ""Model-market gap"", ""value"": -0.0079, ""impact"": ""negative""}, {""label"": ""Historical xG"", ""value"": ""unavailable"", ""impact"": ""negative""}, {""label"": ""Decision rule"", ""value"": ""edge below minimum"", ""impact"": ""negative""}]","[{""label"": ""Competition importance"", ""value"": 0.68, ""impact"": ""neutral""}, {""label"": ""Probability source"", ""value"": ""FOOTBALL_V13_FALLBACK"", ""impact"": ""neutral""}]","REJECT: positive=4, negative=4, neutral=2, confidence=1.000, risk=high",2026-09-20T18:21:44+00:00,2026-09-20T18:21:44+00:00
93821e8b480ab87c9e7de205,soccer_argentina_primera_division,Argentina Primera Division,Estudiantes de Río Cuarto vs Racing Club,Estudiantes de Río Cuarto,1xBet,2026-10-05T00:30:00Z,BLOCK,REJECT,0.24974296548027122,0.2075684474527811,0.29910232549657234,0.1499747607620255,1.0,high,"[{""label"": ""Raw edge"", ""value"": 0.2991, ""impact"": ""positive""}, {""label"": ""Model-market gap"", ""value"": 0.0659, ""impact"": ""positive""}, {""label"": ""ELO separation"", ""value"": 98.0, ""impact"": ""positive""}, {""label"": ""Form separation"", ""value"": 0.2489, ""impact"": ""positive""}, {""label"": ""Model dispersion"", ""value"": 0.0255, ""impact"": ""positive""}]","[{""label"": ""Historical xG"", ""value"": ""unavailable"", ""impact"": ""negative""}, {""label"": ""Decision rule"", ""value"": ""edge above max guard"", ""impact"": ""negative""}]","[{""label"": ""Consensus safety"", ""value"": 0.764, ""impact"": ""neutral""}, {""label"": ""Competition importance"", ""value"": 0.68, ""impact"": ""neutral""}, {""label"": ""Probability source"", ""value"": ""FOOTBALL_V13_FALLBACK"", ""impact"": ""neutral""}]","REJECT: positive=5, negative=2, neutral=3, confidence=1.000, risk=high",2026-09-20T18:21:44+00:00,2026-09-20T18:21:44+00:00
f64ed6557d12179ccf2cc77f,soccer_argentina_primera_division,Argentina Primera Division,Estudiantes de Río Cuarto vs Racing Club,Racing Club,1xBet,2026-10-05T00:30:00Z,BLOCK,REJECT,0.45010561361501095,0.49380107070691015,-0.18228842616972762,-0.10933141392511052,1.0,high,"[{""label"": ""ELO separation"", ""value"": 98.0, ""impact"": ""positive""}, {""label"": ""Form separation"", ""value"": 0.2489, ""impact"": ""positive""}, {""label"": ""Model dispersion"", ""value"": 0.0131, ""impact"": ""positive""}]","[{""label"": ""Raw edge"", ""value"": -0.1823, ""impact"": ""negative""}, {""label"": ""Model-market gap"", ""value"": -0.0679, ""impact"": ""negative""}, {""label"": ""Historical xG"", ""value"": ""unavailable"", ""impact"": ""negative""}, {""label"": ""Decision rule"", ""value"": ""edge below minimum"", ""impact"": ""negative""}]","[{""label"": ""Consensus safety"", ""value"": 0.792, ""impact"": ""neutral""}, {""label"": ""Competition importance"", ""value"": 0.68, ""impact"": ""neutral""}, {""label"": ""Probability source"", ""value"": ""FOOTBALL_V13_FALLBACK"", ""impact"": ""neutral""}]","REJECT: positive=3, negative=4, neutral=3, confidence=1.000, risk=high",2026-09-20T18:21:44+00:00,2026-09-20T18:21:44+00:00
605d03d1c7135ad599dfe0e2,soccer_argentina_primera_division,Argentina Primera Division,Deportivo Riestra vs Central Córdoba,Central Córdoba,1xBet,2026-10-05T19:45:00Z,BLOCK,REJECT,0.22970959804969004,0.1986882094340684,0.19698625888153298,0.10110305724177406,1.0,high,"[{""label"": ""Raw edge"", ""value"": 0.197, ""impact"": ""positive""}, {""label"": ""Consensus safety"", ""value"": 0.875, ""impact"": ""positive""}, {""label"": ""Model-market gap"", ""value"": 0.0456, ""impact"": ""positive""}, {""label"": ""ELO separation"", ""value"": 109.3, ""impact"": ""positive""}, {""label"": ""Form separation"", ""value"": 0.2533, ""impact"": ""positive""}, {""label"": ""Model dispersion"", ""value"": 0.0233, ""impact"": ""positive""}]","[{""label"": ""Historical xG"", ""value"": ""unavailable"", ""impact"": ""negative""}, {""label"": ""Decision rule"", ""value"": ""odds above maximum"", ""impact"": ""negative""}]","[{""label"": ""Competition importance"", ""value"": 0.68, ""impact"": ""neutral""}, {""label"": ""Probability source"", ""value"": ""FOOTBALL_V13_FALLBACK"", ""impact"": ""neutral""}]","REJECT: positive=6, negative=2, neutral=2, confidence=1.000, risk=high",2026-09-20T18:21:44+00:00,2026-09-20T18:21:44+00:00
892588bfcc95fed2ec66a147,soccer_argentina_primera_division,Argentina Primera Division,Deportivo Riestra vs Central Córdoba,Deportivo Riestra,1xBet,2026-10-05T19:45:00Z,BLOCK,REJECT,0.4696945725566114,0.4912735421823357,-0.10412490410025099,-0.06770601728541777,1.0,high,"[{""label"": ""Consensus safety"", ""value"": 0.886, ""impact"": ""positive""}, {""label"": ""ELO separation"", ""value"": 109.3, ""impact"": ""positive""}, {""label"": ""Form separation"", ""value"": 0.2533, ""impact"": ""positive""}, {""label"": ""Model dispersion"", ""value"": 0.0329, ""impact"": ""positive""}]","[{""label"": ""Raw edge"", ""value"": -0.1041, ""impact"": ""negative""}, {""label"": ""Model-market gap"", ""value"": -0.0319, ""impact"": ""negative""}, {""label"": ""Historical xG"", ""value"": ""unavailable"", ""impact"": ""negative""}, {""label"": ""Decision rule"", ""value"": ""edge below minimum"", ""impact"": ""negative""}]","[{""label"": ""Competition importance"", ""value"": 0.68, ""impact"": ""neutral""}, {""label"": ""Probability source"", ""value"": ""FOOTBALL_V13_FALLBACK"", ""impact"": ""neutral""}]","REJECT: positive=4, negative=4, neutral=2, confidence=1.000, risk=high",2026-09-20T18:21:44+00:00,2026-09-20T18:21:44+00:00
13e08b9811e2685794e4fa6e,soccer_argentina_primera_division,Argentina Primera Division,Deportivo Riestra vs Central Córdoba,Draw,1xBet,2026-10-05T19:45:00Z,BLOCK,REJECT,0.3010320185948472,0.3100382483835959,-0.11533692338242618,-0.0828653944942953,1.0,high,"[{""label"": ""Consensus safety"", ""value"": 0.955, ""impact"": ""positive""}, {""label"": ""ELO separation"", ""value"": 109.3, ""impact"": ""positive""}, {""label"": ""Form separation"", ""value"": 0.2533, ""impact"": ""positive""}, {""label"": ""Model dispersion"", ""value"": 0.012, ""impact"": ""positive""}]","[{""label"": ""Raw edge"", ""value"": -0.1153, ""impact"": ""negative""}, {""label"": ""Model-market gap"", ""value"": -0.0132, ""impact"": ""negative""}, {""label"": ""Historical xG"", ""value"": ""unavailable"", ""impact"": ""negative""}, {""label"": ""Decision rule"", ""value"": ""edge below minimum"", ""impact"": ""negative""}]","[{""label"": ""Competition importance"", ""value"": 0.68, ""impact"": ""neutral""}, {""label"": ""Probability source"", ""value"": ""FOOTBALL_V13_FALLBACK"", ""impact"": ""neutral""}]","REJECT: positive=4, negative=4, neutral=2, confidence=1.000, risk=high",2026-09-20T18:21:44+00:00,2026-09-20T18:21:44+00:00
139638b1cc53a012b35871a4,soccer_argentina_primera_division,Argentina Primera Division,Estudiantes vs Gimnasia Mendoza,Draw,1xBet,2026-10-05T22:00:00Z,BLOCK,REJECT,0.2735091299761526,0.27132023093358326,-0.04708228331557296,-0.04099876558532992,1.0,high,"[{""label"": ""Consensus safety"", ""value"": 0.973, ""impact"": ""positive""}, {""label"": ""ELO separation"", ""value"": 58.6, ""impact"": ""positive""}, {""label"": ""Form separation"", ""value"": -0.3295, ""impact"": ""positive""}, {""label"": ""Model dispersion"", ""value"": 0.0119, ""impact"": ""positive""}]","[{""label"": ""Raw edge"", ""value"": -0.0471, ""impact"": ""negative""}, {""label"": ""Historical xG"", ""value"": ""unavailable"", ""impact"": ""negative""}, {""label"": ""Decision rule"", ""value"": ""edge below minimum"", ""impact"": ""negative""}]","[{""label"": ""Model-market gap"", ""value"": 0.0033, ""impact"": ""neutral""}, {""label"": ""Competition importance"", ""value"": 0.68, ""impact"": ""neutral""}, {""label"": ""Probability source"", ""value"": ""FOOTBALL_V13_FALLBACK"", ""impact"": ""neutral""}]","REJECT: positive=4, negative=3, neutral=3, confidence=1.000, risk=high",2026-09-20T18:21:44+00:00,2026-09-20T18:21:44+00:00
6fcec465c1fcc76e1e0d352a,soccer_argentina_primera_division,Argentina Primera Division,Estudiantes vs Gimnasia Mendoza,Estudiantes,1xBet,2026-10-05T22:00:00Z,BLOCK,REJECT,0.521049370916495,0.5632024172339449,-0.15272381588136752,-0.0919562579712221,1.0,high,"[{""label"": ""ELO separation"", ""value"": 58.6, ""impact"": ""positive""}, {""label"": ""Form separation"", ""value"": -0.3295, ""impact"": ""positive""}, {""label"": ""Model dispersion"", ""value"": 0.0575, ""impact"": ""positive""}]","[{""label"": ""Raw edge"", ""value"": -0.1527, ""impact"": ""negative""}, {""label"": ""Model-market gap"", ""value"": -0.0648, ""impact"": ""negative""}, {""label"": ""Historical xG"", ""value"": ""unavailable"", ""impact"": ""negative""}, {""label"": ""Decision rule"", ""value"": ""edge below minimum"", ""impact"": ""negative""}]","[{""label"": ""Consensus safety"", ""value"": 0.754, ""impact"": ""neutral""}, {""label"": ""Competition importance"", ""value"": 0.68, ""impact"": ""neutral""}, {""label"": ""Probability source"", ""value"": ""FOOTBALL_V13_FALLBACK"", ""impact"": ""neutral""}]","REJECT: positive=3, negative=4, neutral=3, confidence=1.000, risk=high",2026-09-20T18:21:44+00:00,2026-09-20T18:21:44+00:00
be267243dba37e8dc1384d7e,soccer_argentina_primera_division,Argentina Primera Division,Estudiantes vs Gimnasia Mendoza,Gimnasia Mendoza,Betsson,2026-10-05T22:00:00Z,BLOCK,REJECT,0.20663318651262402,0.16547735183247186,0.3525162171610172,0.19301216107204824,0.9912680478139754,high,"[{""label"": ""Raw edge"", ""value"": 0.3525, ""impact"": ""positive""}, {""label"": ""Model-market gap"", ""value"": 0.0638, ""impact"": ""positive""}, {""label"": ""ELO separation"", ""value"": 58.6, ""impact"": ""positive""}, {""label"": ""Form separation"", ""value"": -0.3295, ""impact"": ""positive""}, {""label"": ""Model dispersion"", ""value"": 0.064, ""impact"": ""positive""}]","[{""label"": ""Historical xG"", ""value"": ""unavailable"", ""impact"": ""negative""}, {""label"": ""Decision rule"", ""value"": ""edge above max guard"", ""impact"": ""negative""}]","[{""label"": ""Consensus safety"", ""value"": 0.757, ""impact"": ""neutral""}, {""label"": ""Competition importance"", ""value"": 0.68, ""impact"": ""neutral""}, {""label"": ""Probability source"", ""value"": ""FOOTBALL_V13_FALLBACK"", ""impact"": ""neutral""}]","REJECT: positive=5, negative=2, neutral=3, confidence=0.991, risk=high",2026-09-20T18:21:44+00:00,2026-09-20T18:21:44+00:00
66a3ee35489a3a9949b25825,soccer_argentina_primera_division,Argentina Primera Division,Velez Sarsfield BA vs Platense,Draw,Betsson,2026-10-05T22:00:00Z,BLOCK,REJECT,0.2979580469723207,0.30535033326910627,-0.08963607793138217,-0.06782281373717525,1.0,high,"[{""label"": ""Consensus safety"", ""value"": 0.95, ""impact"": ""positive""}, {""label"": ""ELO separation"", ""value"": 128.8, ""impact"": ""positive""}, {""label"": ""Form separation"", ""value"": 0.4833, ""impact"": ""positive""}, {""label"": ""Model dispersion"", ""value"": 0.0168, ""impact"": ""positive""}]","[{""label"": ""Raw edge"", ""value"": -0.0896, ""impact"": ""negative""}, {""label"": ""Model-market gap"", ""value"": -0.0117, ""impact"": ""negative""}, {""label"": ""Historical xG"", ""value"": ""unavailable"", ""impact"": ""negative""}, {""label"": ""Decision rule"", ""value"": ""edge below minimum"", ""impact"": ""negative""}]","[{""label"": ""Competition importance"", ""value"": 0.68, ""impact"": ""neutral""}, {""label"": ""Probability source"", ""value"": ""FOOTBALL_V13_FALLBACK"", ""impact"": ""neutral""}]","REJECT: positive=4, negative=4, neutral=2, confidence=1.000, risk=high",2026-09-20T18:21:44+00:00,2026-09-20T18:21:44+00:00
9e8c73e9c504645c356eb919,soccer_argentina_primera_division,Argentina Primera Division,Velez Sarsfield BA vs Platense,Platense,1xBet,2026-10-05T22:00:00Z,BLOCK,REJECT,0.2154811785998476,0.19326924939370052,0.14255355106907786,0.06232009471091014,1.0,high,"[{""label"": ""Raw edge"", ""value"": 0.1426, ""impact"": ""positive""}, {""label"": ""Consensus safety"", ""value"": 0.887, ""impact"": ""positive""}, {""label"": ""ELO separation"", ""value"": 128.8, ""impact"": ""positive""}, {""label"": ""Form separation"", ""value"": 0.4833, ""impact"": ""positive""}, {""label"": ""Model dispersion"", ""value"": 0.0247, ""impact"": ""positive""}]","[{""label"": ""Historical xG"", ""value"": ""unavailable"", ""impact"": ""negative""}, {""label"": ""Decision rule"", ""value"": ""odds above maximum"", ""impact"": ""negative""}]","[{""label"": ""Model-market gap"", ""value"": 0.0352, ""impact"": ""neutral""}, {""label"": ""Competition importance"", ""value"": 0.68, ""impact"": ""neutral""}, {""label"": ""Probability source"", ""value"": ""FOOTBALL_V13_FALLBACK"", ""impact"": ""neutral""}]","REJECT: positive=5, negative=2, neutral=3, confidence=1.000, risk=high",2026-09-20T18:21:44+00:00,2026-09-20T18:21:44+00:00
0c15d9c810d912bfa34ca9f4,soccer_argentina_primera_division,Argentina Primera Division,Velez Sarsfield BA vs Platense,Velez Sarsfield BA,1xBet,2026-10-05T22:00:00Z,BLOCK,REJECT,0.48736888962930847,0.5013804173371933,-0.08516335843977185,-0.055653421267677694,1.0,high,"[{""label"": ""Consensus safety"", ""value"": 0.89, ""impact"": ""positive""}, {""label"": ""ELO separation"", ""value"": 128.8, ""impact"": ""positive""}, {""label"": ""Form separation"", ""value"": 0.4833, ""impact"": ""positive""}, {""label"": ""Model dispersion"", ""value"": 0.0414, ""impact"": ""positive""}]","[{""label"": ""Raw edge"", ""value"": -0.0852, ""impact"": ""negative""}, {""label"": ""Model-market gap"", ""value"": -0.0224, ""impact"": ""negative""}, {""label"": ""Historical xG"", ""value"": ""unavailable"", ""impact"": ""negative""}, {""label"": ""Decision rule"", ""value"": ""edge below minimum"", ""impact"": ""negative""}]","[{""label"": ""Competition importance"", ""value"": 0.68, ""impact"": ""neutral""}, {""label"": ""Probability source"", ""value"": ""FOOTBALL_V13_FALLBACK"", ""impact"": ""neutral""}]","REJECT: positive=4, negative=4, neutral=2, confidence=1.000, risk=high",2026-09-20T18:21:44+00:00,2026-09-20T18:21:44+00:00
f6cdb3a6df34b63227fbb344,soccer_argentina_primera_division,Argentina Primera Division,Banfield vs Rosario Central,Banfield,1xBet,2026-10-06T00:15:00Z,BLOCK,REJECT,0.25927218000706204,0.2354009321970768,0.10123683994586674,0.038210103944589124,1.0,high,"[{""label"": ""Raw edge"", ""value"": 0.1012, ""impact"": ""positive""}, {""label"": ""Form separation"", ""value"": -0.4133, ""impact"": ""positive""}, {""label"": ""Model dispersion"", ""value"": 0.0511, ""impact"": ""positive""}]","[{""label"": ""Historical xG"", ""value"": ""unavailable"", ""impact"": ""negative""}, {""label"": ""Decision rule"", ""value"": ""odds above maximum"", ""impact"": ""negative""}]","[{""label"": ""Consensus safety"", ""value"": 0.836, ""impact"": ""neutral""}, {""label"": ""Model-market gap"", ""value"": 0.0372, ""impact"": ""neutral""}, {""label"": ""ELO separation"", ""value"": 18.3, ""impact"": ""neutral""}, {""label"": ""Competition importance"", ""value"": 0.68, ""impact"": ""neutral""}, {""label"": ""Probability source"", ""value"": ""FOOTBALL_V13_FALLBACK"", ""impact"": ""neutral""}]","REJECT: positive=3, negative=2, neutral=5, confidence=1.000, risk=high",2026-09-20T18:21:44+00:00,2026-09-20T18:21:44+00:00
dd3dbda03890f2f7b9e7a71d,soccer_argentina_primera_division,Argentina Primera Division,Banfield vs Rosario Central,Draw,1xBet,2026-10-06T00:15:00Z,BLOCK,REJECT,0.29197366754588083,0.2960575746985793,-0.07550822687278713,-0.05523362168994378,1.0,high,"[{""label"": ""Consensus safety"", ""value"": 0.971, ""impact"": ""positive""}, {""label"": ""Form separation"", ""value"": -0.4133, ""impact"": ""positive""}, {""label"": ""Model dispersion"", ""value"": 0.0124, ""impact"": ""positive""}]","[{""label"": ""Raw edge"", ""value"": -0.0755, ""impact"": ""negative""}, {""label"": ""Model-market gap"", ""value"": -0.0062, ""impact"": ""negative""}, {""label"": ""Historical xG"", ""value"": ""unavailable"", ""impact"": ""negative""}, {""label"": ""Decision rule"", ""value"": ""edge below minimum"", ""impact"": ""negative""}]","[{""label"": ""ELO separation"", ""value"": 18.3, ""impact"": ""neutral""}, {""label"": ""Competition importance"", ""value"": 0.68, ""impact"": ""neutral""}, {""label"": ""Probability source"", ""value"": ""FOOTBALL_V13_FALLBACK"", ""impact"": ""neutral""}]","REJECT: positive=3, negative=4, neutral=3, confidence=1.000, risk=high",2026-09-20T18:21:44+00:00,2026-09-20T18:21:44+00:00
e3657d4f2c38ad1202f91ccf,soccer_argentina_primera_division,Argentina Primera Division,Banfield vs Rosario Central,Rosario Central,1xBet,2026-10-06T00:15:00Z,BLOCK,REJECT,0.44921507640445013,0.46854149310434395,-0.11049868304252208,-0.07048985132289128,0.993869053975568,high,"[{""label"": ""Form separation"", ""value"": -0.4133, ""impact"": ""positive""}, {""label"": ""Model dispersion"", ""value"": 0.0622, ""impact"": ""positive""}]","[{""label"": ""Raw edge"", ""value"": -0.1105, ""impact"": ""negative""}, {""label"": ""Model-market gap"", ""value"": -0.0304, ""impact"": ""negative""}, {""label"": ""Historical xG"", ""value"": ""unavailable"", ""impact"": ""negative""}, {""label"": ""Decision rule"", ""value"": ""edge below minimum"", ""impact"": ""negative""}]","[{""label"": ""Consensus safety"", ""value"": 0.832, ""impact"": ""neutral""}, {""label"": ""ELO separation"", ""value"": 18.3, ""impact"": ""neutral""}, {""label"": ""Competition importance"", ""value"": 0.68, ""impact"": ""neutral""}, {""label"": ""Probability source"", ""value"": ""FOOTBALL_V13_FALLBACK"", ""impact"": ""neutral""}]","REJECT: positive=2, negative=4, neutral=4, confidence=0.994, risk=high",2026-09-20T18:21:44+00:00,2026-09-20T18:21:44+00:00
61de3e65d85a3544f175b7d1,soccer_mexico_ligamx,Liga MX,Pachuca vs Tijuana,Draw,BetOnline.ag,2026-09-21T00:00:00Z,BLOCK,REJECT,0.25543974218950977,0.24902879811375994,0.051802606716255806,0.03483301348242497,1.0,high,"[{""label"": ""Consensus safety"", ""value"": 0.973, ""impact"": ""positive""}, {""label"": ""ELO separation"", ""value"": 62.2, ""impact"": ""positive""}, {""label"": ""Form separation"", ""value"": -0.1167, ""impact"": ""positive""}, {""label"": ""Model dispersion"", ""value"": 0.0022, ""impact"": ""positive""}]","[{""label"": ""Historical xG"", ""value"": ""unavailable"", ""impact"": ""negative""}, {""label"": ""Decision rule"", ""value"": ""edge below minimum"", ""impact"": ""negative""}]","[{""label"": ""Raw edge"", ""value"": 0.0518, ""impact"": ""neutral""}, {""label"": ""Model-market gap"", ""value"": 0.01, ""impact"": ""neutral""}, {""label"": ""Competition importance"", ""value"": 0.68, ""impact"": ""neutral""}, {""label"": ""Probability source"", ""value"": ""FOOTBALL_V13_FALLBACK"", ""impact"": ""neutral""}]","REJECT: positive=4, negative=2, neutral=4, confidence=1.000, risk=high",2026-09-20T18:21:44+00:00,2026-09-20T18:21:44+00:00
4184bb49f1f4bcd0ab90b2c9,soccer_mexico_ligamx,Liga MX,Pachuca vs Tijuana,Pachuca,BetOnline.ag,2026-09-21T00:00:00Z,BLOCK,REJECT,0.5108033521470223,0.5464810491598208,-0.1381932448005001,-0.09485281596463935,1.0,high,"[{""label"": ""ELO separation"", ""value"": 62.2, ""impact"": ""positive""}, {""label"": ""Form separation"", ""value"": -0.1167, ""impact"": ""positive""}, {""label"": ""Model dispersion"", ""value"": 0.0385, ""impact"": ""positive""}]","[{""label"": ""Raw edge"", ""value"": -0.1382, ""impact"": ""negative""}, {""label"": ""Model-market gap"", ""value"": -0.0568, ""impact"": ""negative""}, {""label"": ""Historical xG"", ""value"": ""unavailable"", ""impact"": ""negative""}, {""label"": ""Decision rule"", ""value"": ""edge below minimum"", ""impact"": ""negative""}]","[{""label"": ""Consensus safety"", ""value"": 0.811, ""impact"": ""neutral""}, {""label"": ""Competition importance"", ""value"": 0.68, ""impact"": ""neutral""}, {""label"": ""Probability source"", ""value"": ""FOOTBALL_V13_FALLBACK"", ""impact"": ""neutral""}]","REJECT: positive=3, negative=4, neutral=3, confidence=1.000, risk=high",2026-09-20T18:21:44+00:00,2026-09-20T18:21:44+00:00
a55fa8e9237d0484136e79cd,soccer_mexico_ligamx,Liga MX,Pachuca vs Tijuana,Tijuana,Betfair,2026-09-21T00:00:00Z,BLOCK,REJECT,0.23495343685151782,0.20449015272641935,0.290077516740032,0.168485904144143,1.0,high,"[{""label"": ""Raw edge"", ""value"": 0.2901, ""impact"": ""positive""}, {""label"": ""Model-market gap"", ""value"": 0.0485, ""impact"": ""positive""}, {""label"": ""ELO separation"", ""value"": 62.2, ""impact"": ""positive""}, {""label"": ""Form separation"", ""value"": -0.1167, ""impact"": ""positive""}, {""label"": ""Model dispersion"", ""value"": 0.0364, ""impact"": ""positive""}]","[{""label"": ""Historical xG"", ""value"": ""unavailable"", ""impact"": ""negative""}, {""label"": ""Decision rule"", ""value"": ""edge above max guard"", ""impact"": ""negative""}]","[{""label"": ""Consensus safety"", ""value"": 0.837, ""impact"": ""neutral""}, {""label"": ""Competition importance"", ""value"": 0.68, ""impact"": ""neutral""}, {""label"": ""Probability source"", ""value"": ""FOOTBALL_V13_FALLBACK"", ""impact"": ""neutral""}]","REJECT: positive=5, negative=2, neutral=3, confidence=1.000, risk=high",2026-09-20T18:21:44+00:00,2026-09-20T18:21:44+00:00
96fefa6ee57b361ba6c6a7d4,soccer_mexico_ligamx,Liga MX,Toluca vs Santos Laguna,Draw,Betfair,2026-09-21T00:00:00Z,BLOCK,REJECT,0.1762467008152432,0.15021862932828595,0.4723418634373435,0.2884899152042105,1.0,high,"[{""label"": ""Raw edge"", ""value"": 0.4723, ""impact"": ""positive""}, {""label"": ""Consensus safety"", ""value"": 0.872, ""impact"": ""positive""}, {""label"": ""Model-market gap"", ""value"": 0.0435, ""impact"": ""positive""}, {""label"": ""ELO separation"", ""value"": 90.4, ""impact"": ""positive""}, {""label"": ""Form separation"", ""value"": 0.5, ""impact"": ""positive""}, {""label"": ""Model dispersion"", ""value"": 0.0043, ""impact"": ""positive""}]","[{""label"": ""Historical xG"", ""value"": ""unavailable"", ""impact"": ""negative""}, {""label"": ""Decision rule"", ""value"": ""edge above max guard"", ""impact"": ""negative""}]","[{""label"": ""Competition importance"", ""value"": 0.68, ""impact"": ""neutral""}, {""label"": ""Probability source"", ""value"": ""FOOTBALL_V13_FALLBACK"", ""impact"": ""neutral""}]","REJECT: positive=6, negative=2, neutral=2, confidence=1.000, risk=high",2026-09-20T18:21:44+00:00,2026-09-20T18:21:44+00:00
1fccea6fd71dc4fd1890bf43,soccer_mexico_ligamx,Liga MX,Toluca vs Santos Laguna,Santos Laguna,Betfair,2026-09-21T00:00:00Z,BLOCK,REJECT,0.13018107270824347,0.0955562598172705,0.6902270269280615,0.3671118780025267,1.0,high,"[{""label"": ""Raw edge"", ""value"": 0.6902, ""impact"": ""positive""}, {""label"": ""Model-market gap"", ""value"": 0.0581, ""impact"": ""positive""}, {""label"": ""ELO separation"", ""value"": 90.4, ""impact"": ""positive""}, {""label"": ""Form separation"", ""value"": 0.5, ""impact"": ""positive""}, {""label"": ""Model dispersion"", ""value"": 0.0119, ""impact"": ""positive""}]","[{""label"": ""Historical xG"", ""value"": ""unavailable"", ""impact"": ""negative""}, {""label"": ""Decision rule"", ""value"": ""edge above max guard"", ""impact"": ""negative""}]","[{""label"": ""Consensus safety"", ""value"": 0.774, ""impact"": ""neutral""}, {""label"": ""Competition importance"", ""value"": 0.68, ""impact"": ""neutral""}, {""label"": ""Probability source"", ""value"": ""FOOTBALL_V13_FALLBACK"", ""impact"": ""neutral""}]","REJECT: positive=5, negative=2, neutral=3, confidence=1.000, risk=high",2026-09-20T18:21:44+00:00,2026-09-20T18:21:44+00:00
797153338face8ce807e56d9,soccer_mexico_ligamx,Liga MX,Toluca vs Santos Laguna,Toluca,Betfair,2026-09-21T00:00:00Z,BLOCK,REJECT,0.7200218659792468,0.7542251108544437,-0.11516129403557107,-0.07272032050409771,1.0,high,"[{""label"": ""ELO separation"", ""value"": 90.4, ""impact"": ""positive""}, {""label"": ""Form separation"", ""value"": 0.5, ""impact"": ""positive""}, {""label"": ""Model dispersion"", ""value"": 0.0156, ""impact"": ""positive""}]","[{""label"": ""Raw edge"", ""value"": -0.1152, ""impact"": ""negative""}, {""label"": ""Model-market gap"", ""value"": -0.0575, ""impact"": ""negative""}, {""label"": ""Historical xG"", ""value"": ""unavailable"", ""impact"": ""negative""}, {""label"": ""Decision rule"", ""value"": ""edge below minimum"", ""impact"": ""negative""}]","[{""label"": ""Consensus safety"", ""value"": 0.647, ""impact"": ""neutral""}, {""label"": ""Competition importance"", ""value"": 0.68, ""impact"": ""neutral""}, {""label"": ""Probability source"", ""value"": ""FOOTBALL_V13_FALLBACK"", ""impact"": ""neutral""}]","REJECT: positive=3, negative=4, neutral=3, confidence=1.000, risk=high",2026-09-20T18:21:44+00:00,2026-09-20T18:21:44+00:00
c677db75178c1bd78db5aa90,soccer_mexico_ligamx,Liga MX,Querétaro vs León,Draw,Betfair,2026-09-21T02:10:00Z,BLOCK,REJECT,0.27640370822011817,0.2763793112438948,-0.004899037382236182,-0.0042037235934260795,1.0,high,"[{""label"": ""Consensus safety"", ""value"": 0.994, ""impact"": ""positive""}, {""label"": ""Model dispersion"", ""value"": 0.0029, ""impact"": ""positive""}]","[{""label"": ""Raw edge"", ""value"": -0.0049, ""impact"": ""negative""}, {""label"": ""Historical xG"", ""value"": ""unavailable"", ""impact"": ""negative""}, {""label"": ""Decision rule"", ""value"": ""edge below minimum"", ""impact"": ""negative""}]","[{""label"": ""Model-market gap"", ""value"": 0.0, ""impact"": ""neutral""}, {""label"": ""ELO separation"", ""value"": 48.8, ""impact"": ""neutral""}, {""label"": ""Form separation"", ""value"": -0.0533, ""impact"": ""neutral""}, {""label"": ""Competition importance"", ""value"": 0.68, ""impact"": ""neutral""}, {""label"": ""Probability source"", ""value"": ""FOOTBALL_V13_FALLBACK"", ""impact"": ""neutral""}]","REJECT: positive=2, negative=3, neutral=5, confidence=1.000, risk=high",2026-09-20T18:21:44+00:00,2026-09-20T18:21:44+00:00
7bfc6131d2ba477bcec10b0d,soccer_mexico_ligamx,Liga MX,Querétaro vs León,León,Matchbook,2026-09-21T02:10:00Z,BLOCK,REJECT,0.3520639882158656,0.3562176734676674,-0.041712561933555325,-0.03036515056175949,1.0,high,"[{""label"": ""Consensus safety"", ""value"": 0.939, ""impact"": ""positive""}, {""label"": ""Model dispersion"", ""value"": 0.0271, ""impact"": ""positive""}]","[{""label"": ""Raw edge"", ""value"": -0.0417, ""impact"": ""negative""}, {""label"": ""Model-market gap"", ""value"": -0.0065, ""impact"": ""negative""}, {""label"": ""Historical xG"", ""value"": ""unavailable"", ""impact"": ""negative""}, {""label"": ""Decision rule"", ""value"": ""edge below minimum"", ""impact"": ""negative""}]","[{""label"": ""ELO separation"", ""value"": 48.8, ""impact"": ""neutral""}, {""label"": ""Form separation"", ""value"": -0.0533, ""impact"": ""neutral""}, {""label"": ""Competition importance"", ""value"": 0.68, ""impact"": ""neutral""}, {""label"": ""Probability source"", ""value"": ""FOOTBALL_V13_FALLBACK"", ""impact"": ""neutral""}]","REJECT: positive=2, negative=4, neutral=4, confidence=1.000, risk=high",2026-09-20T18:21:44+00:00,2026-09-20T18:21:44+00:00
d374a514073d02f953ab159e,soccer_mexico_ligamx,Liga MX,Querétaro vs León,Querétaro,Matchbook,2026-09-21T02:10:00Z,BLOCK,REJECT,0.371483146077745,0.3674030152884379,0.009191872233991427,0.002581207271471691,1.0,high,"[{""label"": ""Consensus safety"", ""value"": 0.933, ""impact"": ""positive""}, {""label"": ""Model dispersion"", ""value"": 0.03, ""impact"": ""positive""}]","[{""label"": ""Historical xG"", ""value"": ""unavailable"", ""impact"": ""negative""}, {""label"": ""Decision rule"", ""value"": ""edge below minimum"", ""impact"": ""negative""}]","[{""label"": ""Raw edge"", ""value"": 0.0092, ""impact"": ""neutral""}, {""label"": ""Model-market gap"", ""value"": 0.0064, ""impact"": ""neutral""}, {""label"": ""ELO separation"", ""value"": 48.8, ""impact"": ""neutral""}, {""label"": ""Form separation"", ""value"": -0.0533, ""impact"": ""neutral""}, {""label"": ""Competition importance"", ""value"": 0.68, ""impact"": ""neutral""}, {""label"": ""Probability source"", ""value"": ""FOOTBALL_V13_FALLBACK"", ""impact"": ""neutral""}]","REJECT: positive=2, negative=2, neutral=6, confidence=1.000, risk=high",2026-09-20T18:21:44+00:00,2026-09-20T18:21:44+00:00
b153bc35c1a5b2278b124588,soccer_mexico_ligamx,Liga MX,Atlante FC vs Monterrey,Atlante FC,BetOnline.ag,2026-09-26T01:00:00Z,PASS,PASS,0.2973130023432343,0.2637668978783773,0.21240628787860216,0.12469934619042605,1.0,low,"[{""label"": ""Raw edge"", ""value"": 0.2124, ""impact"": ""positive""}, {""label"": ""Model-market gap"", ""value"": 0.0544, ""impact"": ""positive""}, {""label"": ""ELO separation"", ""value"": 61.7, ""impact"": ""positive""}, {""label"": ""Form separation"", ""value"": 0.2, ""impact"": ""positive""}, {""label"": ""Model dispersion"", ""value"": 0.0068, ""impact"": ""positive""}]","[{""label"": ""Historical xG"", ""value"": ""unavailable"", ""impact"": ""negative""}]","[{""label"": ""Consensus safety"", ""value"": 0.843, ""impact"": ""neutral""}, {""label"": ""Competition importance"", ""value"": 0.68, ""impact"": ""neutral""}, {""label"": ""Probability source"", ""value"": ""FOOTBALL_V13_FALLBACK"", ""impact"": ""neutral""}]","PASS: positive=5, negative=1, neutral=3, confidence=1.000, risk=low",2026-09-20T18:21:44+00:00,2026-09-20T18:21:44+00:00
3aba519f70081e8e74c09717,soccer_mexico_ligamx,Liga MX,Atlante FC vs Monterrey,Draw,Coolbet,2026-09-26T01:00:00Z,BLOCK,REJECT,0.25759758804962984,0.2527408217875227,0.003323873387078624,-0.007013295161515913,1.0,high,"[{""label"": ""Consensus safety"", ""value"": 0.978, ""impact"": ""positive""}, {""label"": ""ELO separation"", ""value"": 61.7, ""impact"": ""positive""}, {""label"": ""Form separation"", ""value"": 0.2, ""impact"": ""positive""}, {""label"": ""Model dispersion"", ""value"": 0.0014, ""impact"": ""positive""}]","[{""label"": ""Historical xG"", ""value"": ""unavailable"", ""impact"": ""negative""}, {""label"": ""Decision rule"", ""value"": ""edge below minimum"", ""impact"": ""negative""}]","[{""label"": ""Raw edge"", ""value"": 0.0033, ""impact"": ""neutral""}, {""label"": ""Model-market gap"", ""value"": 0.0079, ""impact"": ""neutral""}, {""label"": ""Competition importance"", ""value"": 0.68, ""impact"": ""neutral""}, {""label"": ""Probability source"", ""value"": ""FOOTBALL_V13_FALLBACK"", ""impact"": ""neutral""}]","REJECT: positive=4, negative=2, neutral=4, confidence=1.000, risk=high",2026-09-20T18:21:44+00:00,2026-09-20T18:21:44+00:00
9589825dff8f75ddb154c8ee,soccer_mexico_ligamx,Liga MX,Atlante FC vs Monterrey,Monterrey,Unibet (NL),2026-09-26T01:00:00Z,BLOCK,REJECT,0.44504174179481715,0.4834922803341,-0.18304483660297377,-0.116100503214172,1.0,high,"[{""label"": ""ELO separation"", ""value"": 61.7, ""impact"": ""positive""}, {""label"": ""Form separation"", ""value"": 0.2, ""impact"": ""positive""}, {""label"": ""Model dispersion"", ""value"": 0.0058, ""impact"": ""positive""}]","[{""label"": ""Raw edge"", ""value"": -0.183, ""impact"": ""negative""}, {""label"": ""Model-market gap"", ""value"": -0.0624, ""impact"": ""negative""}, {""label"": ""Historical xG"", ""value"": ""unavailable"", ""impact"": ""negative""}, {""label"": ""Decision rule"", ""value"": ""edge below minimum"", ""impact"": ""negative""}]","[{""label"": ""Consensus safety"", ""value"": 0.822, ""impact"": ""neutral""}, {""label"": ""Competition importance"", ""value"": 0.68, ""impact"": ""neutral""}, {""label"": ""Probability source"", ""value"": ""FOOTBALL_V13_FALLBACK"", ""impact"": ""neutral""}]","REJECT: positive=3, negative=4, neutral=3, confidence=1.000, risk=high",2026-09-20T18:21:45+00:00,2026-09-20T18:21:45+00:00
bd90a49bef6b184a02fbb09e,soccer_mexico_ligamx,Liga MX,Tijuana vs Atlas,Atlas,Unibet (SE),2026-09-26T03:00:00Z,BLOCK,REJECT,0.29394205014082286,0.2817803076507798,-0.018975442657611197,-0.03797669155842173,1.0,high,"[{""label"": ""Consensus safety"", ""value"": 0.91, ""impact"": ""positive""}, {""label"": ""ELO separation"", ""value"": 71.0, ""impact"": ""positive""}, {""label"": ""Form separation"", ""value"": -0.1944, ""impact"": ""positive""}, {""label"": ""Model dispersion"", ""value"": 0.0319, ""impact"": ""positive""}]","[{""label"": ""Raw edge"", ""value"": -0.019, ""impact"": ""negative""}, {""label"": ""Historical xG"", ""value"": ""unavailable"", ""impact"": ""negative""}, {""label"": ""Decision rule"", ""value"": ""edge below minimum"", ""impact"": ""negative""}]","[{""label"": ""Model-market gap"", ""value"": 0.0201, ""impact"": ""neutral""}, {""label"": ""Competition importance"", ""value"": 0.68, ""impact"": ""neutral""}, {""label"": ""Probability source"", ""value"": ""FOOTBALL_V13_FALLBACK"", ""impact"": ""neutral""}]","REJECT: positive=4, negative=3, neutral=3, confidence=1.000, risk=high",2026-09-20T18:21:45+00:00,2026-09-20T18:21:45+00:00
ce4fea24ae02fca11903f9d7,soccer_mexico_ligamx,Liga MX,Tijuana vs Atlas,Draw,Unibet (SE),2026-09-26T03:00:00Z,BLOCK,REJECT,0.2797730375186968,0.2817803076507798,-0.09483026811251194,-0.07710993833748003,1.0,high,"[{""label"": ""Consensus safety"", ""value"": 0.988, ""impact"": ""positive""}, {""label"": ""ELO separation"", ""value"": 71.0, ""impact"": ""positive""}, {""label"": ""Form separation"", ""value"": -0.1944, ""impact"": ""positive""}, {""label"": ""Model dispersion"", ""value"": 0.0031, ""impact"": ""positive""}]","[{""label"": ""Raw edge"", ""value"": -0.0948, ""impact"": ""negative""}, {""label"": ""Model-market gap"", ""value"": -0.0033, ""impact"": ""negative""}, {""label"": ""Historical xG"", ""value"": ""unavailable"", ""impact"": ""negative""}, {""label"": ""Decision rule"", ""value"": ""edge below minimum"", ""impact"": ""negative""}]","[{""label"": ""Competition importance"", ""value"": 0.68, ""impact"": ""neutral""}, {""label"": ""Probability source"", ""value"": ""FOOTBALL_V13_FALLBACK"", ""impact"": ""neutral""}]","REJECT: positive=4, negative=4, neutral=2, confidence=1.000, risk=high",2026-09-20T18:21:45+00:00,2026-09-20T18:21:45+00:00
366a2dc2f31e09ca00376620,soccer_mexico_ligamx,Liga MX,Tijuana vs Atlas,Tijuana,Unibet (SE),2026-09-26T03:00:00Z,BLOCK,REJECT,0.4261757963261569,0.43643938469844046,-0.11909785401159534,-0.08925647299166956,1.0,high,"[{""label"": ""Consensus safety"", ""value"": 0.911, ""impact"": ""positive""}, {""label"": ""ELO separation"", ""value"": 71.0, ""impact"": ""positive""}, {""label"": ""Form separation"", ""value"": -0.1944, ""impact"": ""positive""}, {""label"": ""Model dispersion"", ""value"": 0.0344, ""impact"": ""positive""}]","[{""label"": ""Raw edge"", ""value"": -0.1191, ""impact"": ""negative""}, {""label"": ""Model-market gap"", ""value"": -0.017, ""impact"": ""negative""}, {""label"": ""Historical xG"", ""value"": ""unavailable"", ""impact"": ""negative""}, {""label"": ""Decision rule"", ""value"": ""edge below minimum"", ""impact"": ""negative""}]","[{""label"": ""Competition importance"", ""value"": 0.68, ""impact"": ""neutral""}, {""label"": ""Probability source"", ""value"": ""FOOTBALL_V13_FALLBACK"", ""impact"": ""neutral""}]","REJECT: positive=4, negative=4, neutral=2, confidence=1.000, risk=high",2026-09-20T18:21:45+00:00,2026-09-20T18:21:45+00:00
7b7cbc72fe18c6af6c103990,soccer_mexico_ligamx,Liga MX,Cruz Azul vs Toluca,Cruz Azul,Unibet (NL),2026-09-26T23:00:00Z,BLOCK,REJECT,0.3627907733128485,0.34663397908742616,-0.009265698563883817,-0.032806531073718614,1.0,high,"[{""label"": ""Consensus safety"", ""value"": 0.92, ""impact"": ""positive""}, {""label"": ""ELO separation"", ""value"": 78.2, ""impact"": ""positive""}, {""label"": ""Form separation"", ""value"": 0.3333, ""impact"": ""positive""}, {""label"": ""Model dispersion"", ""value"": 0.0073, ""impact"": ""positive""}]","[{""label"": ""Raw edge"", ""value"": -0.0093, ""impact"": ""negative""}, {""label"": ""Historical xG"", ""value"": ""unavailable"", ""impact"": ""negative""}, {""label"": ""Decision rule"", ""value"": ""edge below minimum"", ""impact"": ""negative""}]","[{""label"": ""Model-market gap"", ""value"": 0.0272, ""impact"": ""neutral""}, {""label"": ""Competition importance"", ""value"": 0.68, ""impact"": ""neutral""}, {""label"": ""Probability source"", ""value"": ""FOOTBALL_V13_FALLBACK"", ""impact"": ""neutral""}]","REJECT: positive=4, negative=3, neutral=3, confidence=1.000, risk=high",2026-09-20T18:21:45+00:00,2026-09-20T18:21:45+00:00
1bbd50a2b32ea698cd035313,soccer_mexico_ligamx,Liga MX,Cruz Azul vs Toluca,Draw,Unibet (NL),2026-09-26T23:00:00Z,BLOCK,REJECT,0.2649947359550725,0.2633164180183755,-0.06851419051623675,-0.06162703758508929,1.0,high,"[{""label"": ""Consensus safety"", ""value"": 0.99, ""impact"": ""positive""}, {""label"": ""ELO separation"", ""value"": 78.2, ""impact"": ""positive""}, {""label"": ""Form separation"", ""value"": 0.3333, ""impact"": ""positive""}, {""label"": ""Model dispersion"", ""value"": 0.0031, ""impact"": ""positive""}]","[{""label"": ""Raw edge"", ""value"": -0.0685, ""impact"": ""negative""}, {""label"": ""Historical xG"", ""value"": ""unavailable"", ""impact"": ""negative""}, {""label"": ""Decision rule"", ""value"": ""edge below minimum"", ""impact"": ""negative""}]","[{""label"": ""Model-market gap"", ""value"": 0.0028, ""impact"": ""neutral""}, {""label"": ""Competition importance"", ""value"": 0.68, ""impact"": ""neutral""}, {""label"": ""Probability source"", ""value"": ""FOOTBALL_V13_FALLBACK"", ""impact"": ""neutral""}]","REJECT: positive=4, negative=3, neutral=3, confidence=1.000, risk=high",2026-09-20T18:21:45+00:00,2026-09-20T18:21:45+00:00
e906eb20afe582d2485b88b4,soccer_mexico_ligamx,Liga MX,Cruz Azul vs Toluca,Toluca,Unibet (NL),2026-09-26T23:00:00Z,BLOCK,REJECT,0.37204853729147236,0.39004960289419843,-0.1545787176965212,-0.10680943602852026,1.0,high,"[{""label"": ""Consensus safety"", ""value"": 0.914, ""impact"": ""positive""}, {""label"": ""ELO separation"", ""value"": 78.2, ""impact"": ""positive""}, {""label"": ""Form separation"", ""value"": 0.3333, ""impact"": ""positive""}, {""label"": ""Model dispersion"", ""value"": 0.0046, ""impact"": ""positive""}]","[{""label"": ""Raw edge"", ""value"": -0.1546, ""impact"": ""negative""}, {""label"": ""Model-market gap"", ""value"": -0.0303, ""impact"": ""negative""}, {""label"": ""Historical xG"", ""value"": ""unavailable"", ""impact"": ""negative""}, {""label"": ""Decision rule"", ""value"": ""edge below minimum"", ""impact"": ""negative""}]","[{""label"": ""Competition importance"", ""value"": 0.68, ""impact"": ""neutral""}, {""label"": ""Probability source"", ""value"": ""FOOTBALL_V13_FALLBACK"", ""impact"": ""neutral""}]","REJECT: positive=4, negative=4, neutral=2, confidence=1.000, risk=high",2026-09-20T18:21:45+00:00,2026-09-20T18:21:45+00:00
9291fc0c3bc83b68e34b70fc,soccer_mexico_ligamx,Liga MX,Guadalajara vs Querétaro,Draw,Unibet (SE),2026-09-26T23:07:00Z,BLOCK,REJECT,0.22251519353496862,0.20195058133116275,0.07354149980957692,0.020029978999992353,1.0,high,"[{""label"": ""Consensus safety"", ""value"": 0.921, ""impact"": ""positive""}, {""label"": ""ELO separation"", ""value"": 76.4, ""impact"": ""positive""}, {""label"": ""Form separation"", ""value"": -0.1133, ""impact"": ""positive""}, {""label"": ""Model dispersion"", ""value"": 0.0044, ""impact"": ""positive""}]","[{""label"": ""Historical xG"", ""value"": ""unavailable"", ""impact"": ""negative""}, {""label"": ""Decision rule"", ""value"": ""edge below minimum"", ""impact"": ""negative""}]","[{""label"": ""Raw edge"", ""value"": 0.0735, ""impact"": ""neutral""}, {""label"": ""Model-market gap"", ""value"": 0.0314, ""impact"": ""neutral""}, {""label"": ""Competition importance"", ""value"": 0.68, ""impact"": ""neutral""}, {""label"": ""Probability source"", ""value"": ""FOOTBALL_V13_FALLBACK"", ""impact"": ""neutral""}]","REJECT: positive=4, negative=2, neutral=4, confidence=1.000, risk=high",2026-09-20T18:21:45+00:00,2026-09-20T18:21:45+00:00
b0620fd99cec116abbbdf4a0,soccer_mexico_ligamx,Liga MX,Guadalajara vs Querétaro,Guadalajara,Unibet (SE),2026-09-26T23:07:00Z,BLOCK,REJECT,0.6078020396719344,0.6502569507676563,-0.1760567473964616,-0.12152239235273597,1.0,high,"[{""label"": ""ELO separation"", ""value"": 76.4, ""impact"": ""positive""}, {""label"": ""Form separation"", ""value"": -0.1133, ""impact"": ""positive""}, {""label"": ""Model dispersion"", ""value"": 0.0381, ""impact"": ""positive""}]","[{""label"": ""Raw edge"", ""value"": -0.1761, ""impact"": ""negative""}, {""label"": ""Model-market gap"", ""value"": -0.0659, ""impact"": ""negative""}, {""label"": ""Historical xG"", ""value"": ""unavailable"", ""impact"": ""negative""}, {""label"": ""Decision rule"", ""value"": ""edge below minimum"", ""impact"": ""negative""}]","[{""label"": ""Consensus safety"", ""value"": 0.714, ""impact"": ""neutral""}, {""label"": ""Competition importance"", ""value"": 0.68, ""impact"": ""neutral""}, {""label"": ""Probability source"", ""value"": ""FOOTBALL_V13_FALLBACK"", ""impact"": ""neutral""}]","REJECT: positive=3, negative=4, neutral=3, confidence=1.000, risk=high",2026-09-20T18:21:45+00:00,2026-09-20T18:21:45+00:00
4180e9263f46ad763fa8b984,soccer_mexico_ligamx,Liga MX,Guadalajara vs Querétaro,Querétaro,Unibet (SE),2026-09-26T23:07:00Z,BLOCK,REJECT,0.19078291064698366,0.14779246790118095,0.3399300706940498,0.16349807078910325,1.0,high,"[{""label"": ""Raw edge"", ""value"": 0.3399, ""impact"": ""positive""}, {""label"": ""Model-market gap"", ""value"": 0.0666, ""impact"": ""positive""}, {""label"": ""ELO separation"", ""value"": 76.4, ""impact"": ""positive""}, {""label"": ""Form separation"", ""value"": -0.1133, ""impact"": ""positive""}, {""label"": ""Model dispersion"", ""value"": 0.0338, ""impact"": ""positive""}]","[{""label"": ""Historical xG"", ""value"": ""unavailable"", ""impact"": ""negative""}, {""label"": ""Decision rule"", ""value"": ""edge above max guard"", ""impact"": ""negative""}]","[{""label"": ""Consensus safety"", ""value"": 0.791, ""impact"": ""neutral""}, {""label"": ""Competition importance"", ""value"": 0.68, ""impact"": ""neutral""}, {""label"": ""Probability source"", ""value"": ""FOOTBALL_V13_FALLBACK"", ""impact"": ""neutral""}]","REJECT: positive=5, negative=2, neutral=3, confidence=1.000, risk=high",2026-09-20T18:21:45+00:00,2026-09-20T18:21:45+00:00
204e206af01e594f4f3700c7,soccer_mexico_ligamx,Liga MX,Santos Laguna vs Pachuca,Draw,Unibet (SE),2026-09-27T01:00:00Z,BLOCK,REJECT,0.2626680395143151,0.25933487678627987,-0.060113616477389775,-0.05738650520675272,1.0,high,"[{""label"": ""Consensus safety"", ""value"": 0.984, ""impact"": ""positive""}, {""label"": ""Form separation"", ""value"": -0.3, ""impact"": ""positive""}, {""label"": ""Model dispersion"", ""value"": 0.0025, ""impact"": ""positive""}]","[{""label"": ""Raw edge"", ""value"": -0.0601, ""impact"": ""negative""}, {""label"": ""Historical xG"", ""value"": ""unavailable"", ""impact"": ""negative""}, {""label"": ""Decision rule"", ""value"": ""edge below minimum"", ""impact"": ""negative""}]","[{""label"": ""Model-market gap"", ""value"": 0.0054, ""impact"": ""neutral""}, {""label"": ""ELO separation"", ""value"": 36.4, ""impact"": ""neutral""}, {""label"": ""Competition importance"", ""value"": 0.68, ""impact"": ""neutral""}, {""label"": ""Probability source"", ""value"": ""FOOTBALL_V13_FALLBACK"", ""impact"": ""neutral""}]","REJECT: positive=3, negative=3, neutral=4, confidence=1.000, risk=high",2026-09-20T18:21:45+00:00,2026-09-20T18:21:45+00:00
5382b6be3c9b9206db26ea26,soccer_mexico_ligamx,Liga MX,Santos Laguna vs Pachuca,Pachuca,Unibet (SE),2026-09-27T01:00:00Z,BLOCK,REJECT,0.4515839892486016,0.47458343779281986,-0.15903207458956148,-0.10664564544454364,0.9770349254905621,high,"[{""label"": ""Form separation"", ""value"": -0.3, ""impact"": ""positive""}, {""label"": ""Model dispersion"", ""value"": 0.0515, ""impact"": ""positive""}]","[{""label"": ""Raw edge"", ""value"": -0.159, ""impact"": ""negative""}, {""label"": ""Model-market gap"", ""value"": -0.0388, ""impact"": ""negative""}, {""label"": ""Historical xG"", ""value"": ""unavailable"", ""impact"": ""negative""}, {""label"": ""Decision rule"", ""value"": ""edge below minimum"", ""impact"": ""negative""}]","[{""label"": ""Consensus safety"", ""value"": 0.833, ""impact"": ""neutral""}, {""label"": ""ELO separation"", ""value"": 36.4, ""impact"": ""neutral""}, {""label"": ""Competition importance"", ""value"": 0.68, ""impact"": ""neutral""}, {""label"": ""Probability source"", ""value"": ""FOOTBALL_V13_FALLBACK"", ""impact"": ""neutral""}]","REJECT: positive=2, negative=4, neutral=4, confidence=0.977, risk=high",2026-09-20T18:21:45+00:00,2026-09-20T18:21:45+00:00
081ec6827f623a7208254040,soccer_mexico_ligamx,Liga MX,Santos Laguna vs Pachuca,Santos Laguna,Unibet (SE),2026-09-27T01:00:00Z,BLOCK,REJECT,0.28673594473880115,0.26608168542090027,0.03760182017692526,-0.009013068969361842,0.9855927650499334,high,"[{""label"": ""Form separation"", ""value"": -0.3, ""impact"": ""positive""}, {""label"": ""Model dispersion"", ""value"": 0.0493, ""impact"": ""positive""}]","[{""label"": ""Historical xG"", ""value"": ""unavailable"", ""impact"": ""negative""}, {""label"": ""Decision rule"", ""value"": ""edge below minimum"", ""impact"": ""negative""}]","[{""label"": ""Raw edge"", ""value"": 0.0376, ""impact"": ""neutral""}, {""label"": ""Consensus safety"", ""value"": 0.848, ""impact"": ""neutral""}, {""label"": ""Model-market gap"", ""value"": 0.0347, ""impact"": ""neutral""}, {""label"": ""ELO separation"", ""value"": 36.4, ""impact"": ""neutral""}, {""label"": ""Competition importance"", ""value"": 0.68, ""impact"": ""neutral""}, {""label"": ""Probability source"", ""value"": ""FOOTBALL_V13_FALLBACK"", ""impact"": ""neutral""}]","REJECT: positive=2, negative=2, neutral=6, confidence=0.986, risk=high",2026-09-20T18:21:45+00:00,2026-09-20T18:21:45+00:00
3452f00fd7e7224b3e60c3ea,soccer_mexico_ligamx,Liga MX,Tigres vs Puebla,Draw,BetOnline.ag,2026-09-27T01:00:00Z,BLOCK,REJECT,0.23377582617006576,0.2208939426993856,0.13203709731862312,0.09274912560528019,1.0,high,"[{""label"": ""Raw edge"", ""value"": 0.132, ""impact"": ""positive""}, {""label"": ""Consensus safety"", ""value"": 0.941, ""impact"": ""positive""}, {""label"": ""Form separation"", ""value"": -0.6044, ""impact"": ""positive""}, {""label"": ""Model dispersion"", ""value"": 0.0082, ""impact"": ""positive""}]","[{""label"": ""Historical xG"", ""value"": ""unavailable"", ""impact"": ""negative""}, {""label"": ""Decision rule"", ""value"": ""odds above maximum"", ""impact"": ""negative""}]","[{""label"": ""Model-market gap"", ""value"": 0.02, ""impact"": ""neutral""}, {""label"": ""ELO separation"", ""value"": 13.6, ""impact"": ""neutral""}, {""label"": ""Competition importance"", ""value"": 0.68, ""impact"": ""neutral""}, {""label"": ""Probability source"", ""value"": ""FOOTBALL_V13_FALLBACK"", ""impact"": ""neutral""}]","REJECT: positive=4, negative=2, neutral=4, confidence=1.000, risk=high",2026-09-20T18:21:45+00:00,2026-09-20T18:21:45+00:00
a2e11671a10350944bcff42b,soccer_mexico_ligamx,Liga MX,Tigres vs Puebla,Puebla,Coolbet,2026-09-27T01:00:00Z,BLOCK,REJECT,0.2112341692319738,0.1772691923729008,0.4057811165102585,0.20929274955902188,0.9206167644903743,high,"[{""label"": ""Raw edge"", ""value"": 0.4058, ""impact"": ""positive""}, {""label"": ""Model-market gap"", ""value"": 0.057, ""impact"": ""positive""}, {""label"": ""Form separation"", ""value"": -0.6044, ""impact"": ""positive""}, {""label"": ""Model dispersion"", ""value"": 0.0811, ""impact"": ""positive""}]","[{""label"": ""Historical xG"", ""value"": ""unavailable"", ""impact"": ""negative""}, {""label"": ""Decision rule"", ""value"": ""edge above max guard"", ""impact"": ""negative""}]","[{""label"": ""Consensus safety"", ""value"": 0.726, ""impact"": ""neutral""}, {""label"": ""ELO separation"", ""value"": 13.6, ""impact"": ""neutral""}, {""label"": ""Competition importance"", ""value"": 0.68, ""impact"": ""neutral""}, {""label"": ""Probability source"", ""value"": ""FOOTBALL_V13_FALLBACK"", ""impact"": ""neutral""}]","REJECT: positive=4, negative=2, neutral=4, confidence=0.921, risk=high",2026-09-20T18:21:45+00:00,2026-09-20T18:21:45+00:00
0790b4b36a240cc322d2a32b,soccer_mexico_ligamx,Liga MX,Tigres vs Puebla,Tigres,Unibet (NL),2026-09-27T01:00:00Z,BLOCK,REJECT,0.566735641518039,0.6018368649277136,-0.1844866733521724,-0.1193832680323543,0.9371927666844931,high,"[{""label"": ""Form separation"", ""value"": -0.6044, ""impact"": ""positive""}, {""label"": ""Model dispersion"", ""value"": 0.074, ""impact"": ""positive""}]","[{""label"": ""Raw edge"", ""value"": -0.1845, ""impact"": ""negative""}, {""label"": ""Model-market gap"", ""value"": -0.0582, ""impact"": ""negative""}, {""label"": ""Historical xG"", ""value"": ""unavailable"", ""impact"": ""negative""}, {""label"": ""Decision rule"", ""value"": ""edge below minimum"", ""impact"": ""negative""}]","[{""label"": ""Consensus safety"", ""value"": 0.687, ""impact"": ""neutral""}, {""label"": ""ELO separation"", ""value"": 13.6, ""impact"": ""neutral""}, {""label"": ""Competition importance"", ""value"": 0.68, ""impact"": ""neutral""}, {""label"": ""Probability source"", ""value"": ""FOOTBALL_V13_FALLBACK"", ""impact"": ""neutral""}]","REJECT: positive=2, negative=4, neutral=4, confidence=0.937, risk=high",2026-09-20T18:21:45+00:00,2026-09-20T18:21:45+00:00
6419d2a0fe08a51e8267a081,soccer_mexico_ligamx,Liga MX,Pumas vs Atlético San Luis,Atlético San Luis,Pinnacle,2026-09-27T18:00:00Z,BLOCK,REJECT,0.2638398077876297,0.25924788382943575,-0.0336297071244861,-0.038156476767536175,1.0,high,"[{""label"": ""Consensus safety"", ""value"": 0.922, ""impact"": ""positive""}, {""label"": ""ELO separation"", ""value"": 117.2, ""impact"": ""positive""}, {""label"": ""Form separation"", ""value"": 0.6667, ""impact"": ""positive""}, {""label"": ""Model dispersion"", ""value"": 0.0365, ""impact"": ""positive""}]","[{""label"": ""Raw edge"", ""value"": -0.0336, ""impact"": ""negative""}, {""label"": ""Historical xG"", ""value"": ""unavailable"", ""impact"": ""negative""}, {""label"": ""Decision rule"", ""value"": ""edge below minimum"", ""impact"": ""negative""}]","[{""label"": ""Model-market gap"", ""value"": 0.0077, ""impact"": ""neutral""}, {""label"": ""Competition importance"", ""value"": 0.68, ""impact"": ""neutral""}, {""label"": ""Probability source"", ""value"": ""FOOTBALL_V13_FALLBACK"", ""impact"": ""neutral""}]","REJECT: positive=4, negative=3, neutral=3, confidence=1.000, risk=high",2026-09-20T18:21:45+00:00,2026-09-20T18:21:45+00:00
6059e2d9e8961487d628365f,soccer_mexico_ligamx,Liga MX,Pumas vs Atlético San Luis,Draw,Pinnacle,2026-09-27T18:00:00Z,BLOCK,REJECT,0.2621717224225895,0.2613773495477916,-0.04642997789312353,-0.041060073941264034,1.0,high,"[{""label"": ""Consensus safety"", ""value"": 0.984, ""impact"": ""positive""}, {""label"": ""ELO separation"", ""value"": 117.2, ""impact"": ""positive""}, {""label"": ""Form separation"", ""value"": 0.6667, ""impact"": ""positive""}, {""label"": ""Model dispersion"", ""value"": 0.008, ""impact"": ""positive""}]","[{""label"": ""Raw edge"", ""value"": -0.0464, ""impact"": ""negative""}, {""label"": ""Historical xG"", ""value"": ""unavailable"", ""impact"": ""negative""}, {""label"": ""Decision rule"", ""value"": ""edge below minimum"", ""impact"": ""negative""}]","[{""label"": ""Model-market gap"", ""value"": 0.0013, ""impact"": ""neutral""}, {""label"": ""Competition importance"", ""value"": 0.68, ""impact"": ""neutral""}, {""label"": ""Probability source"", ""value"": ""FOOTBALL_V13_FALLBACK"", ""impact"": ""neutral""}]","REJECT: positive=4, negative=3, neutral=3, confidence=1.000, risk=high",2026-09-20T18:21:45+00:00,2026-09-20T18:21:45+00:00
24d909f572673e902b69e34b,soccer_mexico_ligamx,Liga MX,Pumas vs Atlético San Luis,Pumas,Pinnacle,2026-09-27T18:00:00Z,BLOCK,REJECT,0.47426107054543687,0.4793747666227726,-0.07730728926800612,-0.059867822405580515,1.0,high,"[{""label"": ""Consensus safety"", ""value"": 0.908, ""impact"": ""positive""}, {""label"": ""ELO separation"", ""value"": 117.2, ""impact"": ""positive""}, {""label"": ""Form separation"", ""value"": 0.6667, ""impact"": ""positive""}, {""label"": ""Model dispersion"", ""value"": 0.044, ""impact"": ""positive""}]","[{""label"": ""Raw edge"", ""value"": -0.0773, ""impact"": ""negative""}, {""label"": ""Model-market gap"", ""value"": -0.0086, ""impact"": ""negative""}, {""label"": ""Historical xG"", ""value"": ""unavailable"", ""impact"": ""negative""}, {""label"": ""Decision rule"", ""value"": ""edge below minimum"", ""impact"": ""negative""}]","[{""label"": ""Competition importance"", ""value"": 0.68, ""impact"": ""neutral""}, {""label"": ""Probability source"", ""value"": ""FOOTBALL_V13_FALLBACK"", ""impact"": ""neutral""}]","REJECT: positive=4, negative=4, neutral=2, confidence=1.000, risk=high",2026-09-20T18:21:45+00:00,2026-09-20T18:21:45+00:00
56929eae606df31d80c78cbd,soccer_uefa_champs_league,UEFA Champions League,RC Lens vs Sporting Lisbon,Draw,Betfair,2026-10-13T16:45:00Z,BLOCK,REJECT,0.259642990728124,0.2558752620430083,0.036393163896137226,0.021675633625315303,1.0,high,"[{""label"": ""Consensus safety"", ""value"": 0.98, ""impact"": ""positive""}, {""label"": ""Competition importance"", ""value"": 0.95, ""impact"": ""positive""}, {""label"": ""Model dispersion"", ""value"": 0.0007, ""impact"": ""positive""}]","[{""label"": ""Historical xG"", ""value"": ""unavailable"", ""impact"": ""negative""}, {""label"": ""Decision rule"", ""value"": ""edge below minimum"", ""impact"": ""negative""}]","[{""label"": ""Raw edge"", ""value"": 0.0364, ""impact"": ""neutral""}, {""label"": ""Model-market gap"", ""value"": 0.0065, ""impact"": ""neutral""}, {""label"": ""ELO separation"", ""value"": 37.9, ""impact"": ""neutral""}, {""label"": ""Form separation"", ""value"": 0.0, ""impact"": ""neutral""}, {""label"": ""Probability source"", ""value"": ""FOOTBALL_V13_FALLBACK"", ""impact"": ""neutral""}]","REJECT: positive=3, negative=2, neutral=5, confidence=1.000, risk=high",2026-09-20T18:21:45+00:00,2026-09-20T18:21:45+00:00
3e39754ac2b97508b34793b4,soccer_uefa_champs_league,UEFA Champions League,RC Lens vs Sporting Lisbon,RC Lens,1xBet,2026-10-13T16:45:00Z,BLOCK,REJECT,0.3952044802032024,0.39961600934572683,-0.03190991517591213,-0.020227413269555003,1.0,high,"[{""label"": ""Consensus safety"", ""value"": 0.951, ""impact"": ""positive""}, {""label"": ""Competition importance"", ""value"": 0.95, ""impact"": ""positive""}, {""label"": ""Model dispersion"", ""value"": 0.0165, ""impact"": ""positive""}]","[{""label"": ""Raw edge"", ""value"": -0.0319, ""impact"": ""negative""}, {""label"": ""Model-market gap"", ""value"": -0.0077, ""impact"": ""negative""}, {""label"": ""Historical xG"", ""value"": ""unavailable"", ""impact"": ""negative""}, {""label"": ""Decision rule"", ""value"": ""edge below minimum"", ""impact"": ""negative""}]","[{""label"": ""ELO separation"", ""value"": 37.9, ""impact"": ""neutral""}, {""label"": ""Form separation"", ""value"": 0.0, ""impact"": ""neutral""}, {""label"": ""Probability source"", ""value"": ""FOOTBALL_V13_FALLBACK"", ""impact"": ""neutral""}]","REJECT: positive=3, negative=4, neutral=3, confidence=1.000, risk=high",2026-09-20T18:21:45+00:00,2026-09-20T18:21:45+00:00
3245a847abc9e8f1ed5cad81,soccer_uefa_champs_league,UEFA Champions League,RC Lens vs Sporting Lisbon,Sporting Lisbon,1xBet,2026-10-13T16:45:00Z,BLOCK,REJECT,0.34541788294207176,0.3445087286112649,-0.01018188926092578,-0.010268424369060971,1.0,high,"[{""label"": ""Consensus safety"", ""value"": 0.961, ""impact"": ""positive""}, {""label"": ""Competition importance"", ""value"": 0.95, ""impact"": ""positive""}, {""label"": ""Model dispersion"", ""value"": 0.0159, ""impact"": ""positive""}]","[{""label"": ""Raw edge"", ""value"": -0.0102, ""impact"": ""negative""}, {""label"": ""Historical xG"", ""value"": ""unavailable"", ""impact"": ""negative""}, {""label"": ""Decision rule"", ""value"": ""edge below minimum"", ""impact"": ""negative""}]","[{""label"": ""Model-market gap"", ""value"": 0.0016, ""impact"": ""neutral""}, {""label"": ""ELO separation"", ""value"": 37.9, ""impact"": ""neutral""}, {""label"": ""Form separation"", ""value"": 0.0, ""impact"": ""neutral""}, {""label"": ""Probability source"", ""value"": ""FOOTBALL_V13_FALLBACK"", ""impact"": ""neutral""}]","REJECT: positive=3, negative=3, neutral=4, confidence=1.000, risk=high",2026-09-20T18:21:45+00:00,2026-09-20T18:21:45+00:00
5ad5199fcedd5e2d0de4c7af,soccer_uefa_champs_league,UEFA Champions League,Sabah FK vs Slavia Praha,Draw,Coolbet,2026-10-13T16:45:00Z,BLOCK,REJECT,0.25740767843191925,0.25411404057799164,0.040024093752184076,0.025109011641866807,1.0,high,"[{""label"": ""Consensus safety"", ""value"": 0.982, ""impact"": ""positive""}, {""label"": ""ELO separation"", ""value"": 58.4, ""impact"": ""positive""}, {""label"": ""Form separation"", ""value"": 0.5, ""impact"": ""positive""}, {""label"": ""Competition importance"", ""value"": 0.95, ""impact"": ""positive""}, {""label"": ""Model dispersion"", ""value"": 0.0026, ""impact"": ""positive""}]","[{""label"": ""Historical xG"", ""value"": ""unavailable"", ""impact"": ""negative""}, {""label"": ""Decision rule"", ""value"": ""edge below minimum"", ""impact"": ""negative""}]","[{""label"": ""Raw edge"", ""value"": 0.04, ""impact"": ""neutral""}, {""label"": ""Model-market gap"", ""value"": 0.0059, ""impact"": ""neutral""}, {""label"": ""Probability source"", ""value"": ""FOOTBALL_V13_FALLBACK"", ""impact"": ""neutral""}]","REJECT: positive=5, negative=2, neutral=3, confidence=1.000, risk=high",2026-09-20T18:21:45+00:00,2026-09-20T18:21:45+00:00
df62382ee15bc338fd3ea3d8,soccer_uefa_champs_league,UEFA Champions League,Sabah FK vs Slavia Praha,Sabah FK,1xBet,2026-10-13T16:45:00Z,PASS,PASS,0.2908979503924987,0.26811305599031365,0.14991301753052455,0.06967883944022393,1.0,low,"[{""label"": ""Raw edge"", ""value"": 0.1499, ""impact"": ""positive""}, {""label"": ""Consensus safety"", ""value"": 0.852, ""impact"": ""positive""}, {""label"": ""Model-market gap"", ""value"": 0.041, ""impact"": ""positive""}, {""label"": ""ELO separation"", ""value"": 58.4, ""impact"": ""positive""}, {""label"": ""Form separation"", ""value"": 0.5, ""impact"": ""positive""}, {""label"": ""Competition importance"", ""value"": 0.95, ""impact"": ""positive""}, {""label"": ""Model dispersion"", ""value"": 0.0137, ""impact"": ""positive""}]","[{""label"": ""Historical xG"", ""value"": ""unavailable"", ""impact"": ""negative""}]","[{""label"": ""Probability source"", ""value"": ""FOOTBALL_V13_FALLBACK"", ""impact"": ""neutral""}]","PASS: positive=7, negative=1, neutral=1, confidence=1.000, risk=low",2026-09-20T18:21:45+00:00,2026-09-20T18:21:45+00:00
080016ed3926aac8983de332,soccer_uefa_champs_league,UEFA Champions League,Sabah FK vs Slavia Praha,Slavia Praha,1xBet,2026-10-13T16:45:00Z,BLOCK,REJECT,0.4515521548283666,0.47777290343169476,-0.11286254260234407,-0.059212797810142,1.0,high,"[{""label"": ""ELO separation"", ""value"": 58.4, ""impact"": ""positive""}, {""label"": ""Form separation"", ""value"": 0.5, ""impact"": ""positive""}, {""label"": ""Competition importance"", ""value"": 0.95, ""impact"": ""positive""}, {""label"": ""Model dispersion"", ""value"": 0.0112, ""impact"": ""positive""}]","[{""label"": ""Raw edge"", ""value"": -0.1129, ""impact"": ""negative""}, {""label"": ""Model-market gap"", ""value"": -0.0471, ""impact"": ""negative""}, {""label"": ""Historical xG"", ""value"": ""unavailable"", ""impact"": ""negative""}, {""label"": ""Decision rule"", ""value"": ""edge below minimum"", ""impact"": ""negative""}]","[{""label"": ""Consensus safety"", ""value"": 0.836, ""impact"": ""neutral""}, {""label"": ""Probability source"", ""value"": ""FOOTBALL_V13_FALLBACK"", ""impact"": ""neutral""}]","REJECT: positive=4, negative=4, neutral=2, confidence=1.000, risk=high",2026-09-20T18:21:45+00:00,2026-09-20T18:21:45+00:00
84cdb403e5dcfe65df9f5e48,soccer_uefa_champs_league,UEFA Champions League,Arsenal vs Lille,Arsenal,1xBet,2026-10-13T19:00:00Z,BLOCK,REJECT,0.7141649170118519,0.7418394643980613,-0.08652302868275774,-0.048608962449104925,1.0,high,"[{""label"": ""ELO separation"", ""value"": 58.4, ""impact"": ""positive""}, {""label"": ""Form separation"", ""value"": 0.5, ""impact"": ""positive""}, {""label"": ""Competition importance"", ""value"": 0.95, ""impact"": ""positive""}, {""label"": ""Model dispersion"", ""value"": 0.0137, ""impact"": ""positive""}]","[{""label"": ""Raw edge"", ""value"": -0.0865, ""impact"": ""negative""}, {""label"": ""Model-market gap"", ""value"": -0.0498, ""impact"": ""negative""}, {""label"": ""Historical xG"", ""value"": ""unavailable"", ""impact"": ""negative""}, {""label"": ""Decision rule"", ""value"": ""edge below minimum"", ""impact"": ""negative""}]","[{""label"": ""Consensus safety"", ""value"": 0.63, ""impact"": ""neutral""}, {""label"": ""Probability source"", ""value"": ""FOOTBALL_V13_FALLBACK"", ""impact"": ""neutral""}]","REJECT: positive=4, negative=4, neutral=2, confidence=1.000, risk=high",2026-09-20T18:21:45+00:00,2026-09-20T18:21:45+00:00
f3e863f5ebcdc58aac2ff76c,soccer_uefa_champs_league,UEFA Champions League,Arsenal vs Lille,Draw,Coolbet,2026-10-13T19:00:00Z,BLOCK,REJECT,0.18981778978361907,0.17066892658688257,0.22958171861692556,0.11770931173815287,1.0,high,"[{""label"": ""Raw edge"", ""value"": 0.2296, ""impact"": ""positive""}, {""label"": ""Consensus safety"", ""value"": 0.892, ""impact"": ""positive""}, {""label"": ""ELO separation"", ""value"": 58.4, ""impact"": ""positive""}, {""label"": ""Form separation"", ""value"": 0.5, ""impact"": ""positive""}, {""label"": ""Competition importance"", ""value"": 0.95, ""impact"": ""positive""}, {""label"": ""Model dispersion"", ""value"": 0.0026, ""impact"": ""positive""}]","[{""label"": ""Historical xG"", ""value"": ""unavailable"", ""impact"": ""negative""}, {""label"": ""Decision rule"", ""value"": ""odds above maximum"", ""impact"": ""negative""}]","[{""label"": ""Model-market gap"", ""value"": 0.0343, ""impact"": ""neutral""}, {""label"": ""Probability source"", ""value"": ""FOOTBALL_V13_FALLBACK"", ""impact"": ""neutral""}]","REJECT: positive=6, negative=2, neutral=2, confidence=1.000, risk=high",2026-09-20T18:21:45+00:00,2026-09-20T18:21:45+00:00
40b6381eca995e88e0d507d7,soccer_uefa_champs_league,UEFA Champions League,Arsenal vs Lille,Lille,1xBet,2026-10-13T19:00:00Z,BLOCK,REJECT,0.11542278726542744,0.08749160901505619,0.6799162079595102,0.34623625606927955,1.0,high,"[{""label"": ""Raw edge"", ""value"": 0.6799, ""impact"": ""positive""}, {""label"": ""Model-market gap"", ""value"": 0.0502, ""impact"": ""positive""}, {""label"": ""ELO separation"", ""value"": 58.4, ""impact"": ""positive""}, {""label"": ""Form separation"", ""value"": 0.5, ""impact"": ""positive""}, {""label"": ""Competition importance"", ""value"": 0.95, ""impact"": ""positive""}, {""label"": ""Model dispersion"", ""value"": 0.0112, ""impact"": ""positive""}]","[{""label"": ""Historical xG"", ""value"": ""unavailable"", ""impact"": ""negative""}, {""label"": ""Decision rule"", ""value"": ""edge above max guard"", ""impact"": ""negative""}]","[{""label"": ""Consensus safety"", ""value"": 0.738, ""impact"": ""neutral""}, {""label"": ""Probability source"", ""value"": ""FOOTBALL_V13_FALLBACK"", ""impact"": ""neutral""}]","REJECT: positive=6, negative=2, neutral=2, confidence=1.000, risk=high",2026-09-20T18:21:45+00:00,2026-09-20T18:21:45+00:00
ebf1a8d889d3a7cf251deb8a,soccer_uefa_champs_league,UEFA Champions League,Atlético Madrid vs Manchester United,Atlético Madrid,Coolbet,2026-10-13T19:00:00Z,BLOCK,REJECT,0.41146110822582227,0.41776809129228987,-0.04535858910980195,-0.028020402122138254,1.0,high,"[{""label"": ""Consensus safety"", ""value"": 0.95, ""impact"": ""positive""}, {""label"": ""Competition importance"", ""value"": 0.95, ""impact"": ""positive""}, {""label"": ""Model dispersion"", ""value"": 0.0092, ""impact"": ""positive""}]","[{""label"": ""Raw edge"", ""value"": -0.0454, ""impact"": ""negative""}, {""label"": ""Model-market gap"", ""value"": -0.0115, ""impact"": ""negative""}, {""label"": ""Historical xG"", ""value"": ""unavailable"", ""impact"": ""negative""}, {""label"": ""Decision rule"", ""value"": ""edge below minimum"", ""impact"": ""negative""}]","[{""label"": ""ELO separation"", ""value"": 46.5, ""impact"": ""neutral""}, {""label"": ""Form separation"", ""value"": 0.0, ""impact"": ""neutral""}, {""label"": ""Probability source"", ""value"": ""FOOTBALL_V13_FALLBACK"", ""impact"": ""neutral""}]","REJECT: positive=3, negative=4, neutral=3, confidence=1.000, risk=high",2026-09-20T18:21:45+00:00,2026-09-20T18:21:45+00:00
69f700ba9f729a2d20a5abd8,soccer_uefa_champs_league,UEFA Champions League,Atlético Madrid vs Manchester United,Draw,Betfair,2026-10-13T19:00:00Z,BLOCK,REJECT,0.25403583493498416,0.24967268461555348,0.030484691492872473,0.013674078530748807,1.0,high,"[{""label"": ""Consensus safety"", ""value"": 0.974, ""impact"": ""positive""}, {""label"": ""Competition importance"", ""value"": 0.95, ""impact"": ""positive""}, {""label"": ""Model dispersion"", ""value"": 0.0015, ""impact"": ""positive""}]","[{""label"": ""Historical xG"", ""value"": ""unavailable"", ""impact"": ""negative""}, {""label"": ""Decision rule"", ""value"": ""edge below minimum"", ""impact"": ""negative""}]","[{""label"": ""Raw edge"", ""value"": 0.0305, ""impact"": ""neutral""}, {""label"": ""Model-market gap"", ""value"": 0.0079, ""impact"": ""neutral""}, {""label"": ""ELO separation"", ""value"": 46.5, ""impact"": ""neutral""}, {""label"": ""Form separation"", ""value"": 0.0, ""impact"": ""neutral""}, {""label"": ""Probability source"", ""value"": ""FOOTBALL_V13_FALLBACK"", ""impact"": ""neutral""}]","REJECT: positive=3, negative=2, neutral=5, confidence=1.000, risk=high",2026-09-20T18:21:45+00:00,2026-09-20T18:21:45+00:00
526990fa1cf8a0232aa9f89a,soccer_uefa_champs_league,UEFA Champions League,Atlético Madrid vs Manchester United,Manchester United,1xBet,2026-10-13T19:00:00Z,BLOCK,REJECT,0.33467323326945986,0.33255922409215666,-0.0008216689683484546,-0.005107126120156551,1.0,high,"[{""label"": ""Consensus safety"", ""value"": 0.972, ""impact"": ""positive""}, {""label"": ""Competition importance"", ""value"": 0.95, ""impact"": ""positive""}, {""label"": ""Model dispersion"", ""value"": 0.0078, ""impact"": ""positive""}]","[{""label"": ""Raw edge"", ""value"": -0.0008, ""impact"": ""negative""}, {""label"": ""Historical xG"", ""value"": ""unavailable"", ""impact"": ""negative""}, {""label"": ""Decision rule"", ""value"": ""edge below minimum"", ""impact"": ""negative""}]","[{""label"": ""Model-market gap"", ""value"": 0.0039, ""impact"": ""neutral""}, {""label"": ""ELO separation"", ""value"": 46.5, ""impact"": ""neutral""}, {""label"": ""Form separation"", ""value"": 0.0, ""impact"": ""neutral""}, {""label"": ""Probability source"", ""value"": ""FOOTBALL_V13_FALLBACK"", ""impact"": ""neutral""}]","REJECT: positive=3, negative=3, neutral=4, confidence=1.000, risk=high",2026-09-20T18:21:45+00:00,2026-09-20T18:21:45+00:00
c79ec283d884d2c98eec7be7,soccer_uefa_champs_league,UEFA Champions League,Galatasaray vs Barcelona,Barcelona,1xBet,2026-10-13T19:00:00Z,BLOCK,REJECT,0.6916417525745846,0.7178619651895394,-0.09489754649374038,-0.05549469305029259,0.9869631048965962,high,"[{""label"": ""Form separation"", ""value"": -0.5, ""impact"": ""positive""}, {""label"": ""Competition importance"", ""value"": 0.95, ""impact"": ""positive""}, {""label"": ""Model dispersion"", ""value"": 0.0412, ""impact"": ""positive""}]","[{""label"": ""Raw edge"", ""value"": -0.0949, ""impact"": ""negative""}, {""label"": ""Model-market gap"", ""value"": -0.0474, ""impact"": ""negative""}, {""label"": ""Historical xG"", ""value"": ""unavailable"", ""impact"": ""negative""}, {""label"": ""Decision rule"", ""value"": ""edge below minimum"", ""impact"": ""negative""}]","[{""label"": ""Consensus safety"", ""value"": 0.616, ""impact"": ""neutral""}, {""label"": ""ELO separation"", ""value"": 26.0, ""impact"": ""neutral""}, {""label"": ""Probability source"", ""value"": ""FOOTBALL_V13_FALLBACK"", ""impact"": ""neutral""}]","REJECT: positive=3, negative=4, neutral=3, confidence=0.987, risk=high",2026-09-20T18:21:45+00:00,2026-09-20T18:21:45+00:00
e64393e817c1873b912b8d9f,soccer_uefa_champs_league,UEFA Champions League,Galatasaray vs Barcelona,Draw,Winamax (FR),2026-10-13T19:00:00Z,BLOCK,REJECT,0.1843896652770444,0.16298896829518383,0.3040433473686739,0.17701635695906884,1.0,high,"[{""label"": ""Raw edge"", ""value"": 0.304, ""impact"": ""positive""}, {""label"": ""Consensus safety"", ""value"": 0.882, ""impact"": ""positive""}, {""label"": ""Form separation"", ""value"": -0.5, ""impact"": ""positive""}, {""label"": ""Competition importance"", ""value"": 0.95, ""impact"": ""positive""}, {""label"": ""Model dispersion"", ""value"": 0.0041, ""impact"": ""positive""}]","[{""label"": ""Historical xG"", ""value"": ""unavailable"", ""impact"": ""negative""}, {""label"": ""Decision rule"", ""value"": ""edge above max guard"", ""impact"": ""negative""}]","[{""label"": ""Model-market gap"", ""value"": 0.0376, ""impact"": ""neutral""}, {""label"": ""ELO separation"", ""value"": 26.0, ""impact"": ""neutral""}, {""label"": ""Probability source"", ""value"": ""FOOTBALL_V13_FALLBACK"", ""impact"": ""neutral""}]","REJECT: positive=5, negative=2, neutral=3, confidence=1.000, risk=high",2026-09-20T18:21:45+00:00,2026-09-20T18:21:45+00:00
7eb61c4203a8dd931d498219,soccer_uefa_champs_league,UEFA Champions League,Galatasaray vs Barcelona,Galatasaray,1xBet,2026-10-13T19:00:00Z,BLOCK,REJECT,0.14599168215062439,0.11914906651527678,0.554883258987612,0.30345245606496873,1.0,high,"[{""label"": ""Raw edge"", ""value"": 0.5549, ""impact"": ""positive""}, {""label"": ""Model-market gap"", ""value"": 0.048, ""impact"": ""positive""}, {""label"": ""Form separation"", ""value"": -0.5, ""impact"": ""positive""}, {""label"": ""Competition importance"", ""value"": 0.95, ""impact"": ""positive""}, {""label"": ""Model dispersion"", ""value"": 0.0372, ""impact"": ""positive""}]","[{""label"": ""Historical xG"", ""value"": ""unavailable"", ""impact"": ""negative""}, {""label"": ""Decision rule"", ""value"": ""edge above max guard"", ""impact"": ""negative""}]","[{""label"": ""Consensus safety"", ""value"": 0.732, ""impact"": ""neutral""}, {""label"": ""ELO separation"", ""value"": 26.0, ""impact"": ""neutral""}, {""label"": ""Probability source"", ""value"": ""FOOTBALL_V13_FALLBACK"", ""impact"": ""neutral""}]","REJECT: positive=5, negative=2, neutral=3, confidence=1.000, risk=high",2026-09-20T18:21:45+00:00,2026-09-20T18:21:45+00:00
9183e204836e0ac65ff48112,soccer_uefa_champs_league,UEFA Champions League,Viking FK vs Bayern Munich,Bayern Munich,Betfair,2026-10-13T19:00:00Z,BLOCK,REJECT,0.8361252637837207,0.8628216567323834,-0.08823650351681467,-0.05382076596301375,1.0,high,"[{""label"": ""Competition importance"", ""value"": 0.95, ""impact"": ""positive""}, {""label"": ""Model dispersion"", ""value"": 0.0078, ""impact"": ""positive""}]","[{""label"": ""Raw edge"", ""value"": -0.0882, ""impact"": ""negative""}, {""label"": ""Consensus safety"", ""value"": 0.442, ""impact"": ""negative""}, {""label"": ""Model-market gap"", ""value"": -0.0487, ""impact"": ""negative""}, {""label"": ""Historical xG"", ""value"": ""unavailable"", ""impact"": ""negative""}, {""label"": ""Decision rule"", ""value"": ""edge below minimum"", ""impact"": ""negative""}]","[{""label"": ""ELO separation"", ""value"": 46.5, ""impact"": ""neutral""}, {""label"": ""Form separation"", ""value"": 0.0, ""impact"": ""neutral""}, {""label"": ""Probability source"", ""value"": ""FOOTBALL_V13_FALLBACK"", ""impact"": ""neutral""}]","REJECT: positive=2, negative=5, neutral=3, confidence=1.000, risk=high",2026-09-20T18:21:45+00:00,2026-09-20T18:21:45+00:00
832bdebf97d72a89e090bc03,soccer_uefa_champs_league,UEFA Champions League,Viking FK vs Bayern Munich,Draw,1xBet,2026-10-13T19:00:00Z,BLOCK,REJECT,0.11221828532782066,0.08487612833528514,0.9790721713788666,0.5510564886606617,1.0,high,"[{""label"": ""Raw edge"", ""value"": 0.9791, ""impact"": ""positive""}, {""label"": ""Model-market gap"", ""value"": 0.0498, ""impact"": ""positive""}, {""label"": ""Competition importance"", ""value"": 0.95, ""impact"": ""positive""}, {""label"": ""Model dispersion"", ""value"": 0.0015, ""impact"": ""positive""}]","[{""label"": ""Historical xG"", ""value"": ""unavailable"", ""impact"": ""negative""}, {""label"": ""Decision rule"", ""value"": ""edge above max guard"", ""impact"": ""negative""}]","[{""label"": ""Consensus safety"", ""value"": 0.796, ""impact"": ""neutral""}, {""label"": ""ELO separation"", ""value"": 46.5, ""impact"": ""neutral""}, {""label"": ""Form separation"", ""value"": 0.0, ""impact"": ""neutral""}, {""label"": ""Probability source"", ""value"": ""FOOTBALL_V13_FALLBACK"", ""impact"": ""neutral""}]","REJECT: positive=4, negative=2, neutral=4, confidence=1.000, risk=high",2026-09-20T18:21:45+00:00,2026-09-20T18:21:45+00:00
cc516f9e9b5bc558859ce3f4,soccer_uefa_champs_league,UEFA Champions League,Viking FK vs Bayern Munich,Viking FK,Nordic Bet,2026-10-13T19:00:00Z,BLOCK,REJECT,0.07886300601728549,0.05230221493233149,1.6217619122096059,0.8897647001413341,1.0,high,"[{""label"": ""Raw edge"", ""value"": 1.6218, ""impact"": ""positive""}, {""label"": ""Model-market gap"", ""value"": 0.0485, ""impact"": ""positive""}, {""label"": ""Competition importance"", ""value"": 0.95, ""impact"": ""positive""}, {""label"": ""Model dispersion"", ""value"": 0.0092, ""impact"": ""positive""}]","[{""label"": ""Historical xG"", ""value"": ""unavailable"", ""impact"": ""negative""}, {""label"": ""Decision rule"", ""value"": ""edge above max guard"", ""impact"": ""negative""}]","[{""label"": ""Consensus safety"", ""value"": 0.645, ""impact"": ""neutral""}, {""label"": ""ELO separation"", ""value"": 46.5, ""impact"": ""neutral""}, {""label"": ""Form separation"", ""value"": 0.0, ""impact"": ""neutral""}, {""label"": ""Probability source"", ""value"": ""FOOTBALL_V13_FALLBACK"", ""impact"": ""neutral""}]","REJECT: positive=4, negative=2, neutral=4, confidence=1.000, risk=high",2026-09-20T18:21:45+00:00,2026-09-20T18:21:45+00:00
a08adb903210976fd76afcc5,soccer_uefa_champs_league,UEFA Champions League,Inter Milan vs Club Brugge,Club Brugge,Nordic Bet,2026-10-13T19:00:00Z,BLOCK,REJECT,0.12694326502087505,0.09758405371360448,0.7938127468122214,0.4432730576616434,1.0,high,"[{""label"": ""Raw edge"", ""value"": 0.7938, ""impact"": ""positive""}, {""label"": ""Model-market gap"", ""value"": 0.0519, ""impact"": ""positive""}, {""label"": ""ELO separation"", ""value"": 69.3, ""impact"": ""positive""}, {""label"": ""Form separation"", ""value"": 0.5, ""impact"": ""positive""}, {""label"": ""Competition importance"", ""value"": 0.95, ""impact"": ""positive""}, {""label"": ""Model dispersion"", ""value"": 0.0131, ""impact"": ""positive""}]","[{""label"": ""Historical xG"", ""value"": ""unavailable"", ""impact"": ""negative""}, {""label"": ""Decision rule"", ""value"": ""edge above max guard"", ""impact"": ""negative""}]","[{""label"": ""Consensus safety"", ""value"": 0.752, ""impact"": ""neutral""}, {""label"": ""Probability source"", ""value"": ""FOOTBALL_V13_FALLBACK"", ""impact"": ""neutral""}]","REJECT: positive=6, negative=2, neutral=2, confidence=1.000, risk=high",2026-09-20T18:21:46+00:00,2026-09-20T18:21:46+00:00
dae69dadabc5bb6060824631,soccer_uefa_champs_league,UEFA Champions League,Inter Milan vs Club Brugge,Draw,Betfair,2026-10-13T19:00:00Z,BLOCK,REJECT,0.19058547348425037,0.17086754514938038,0.23323158531882027,0.12156133045121668,1.0,high,"[{""label"": ""Raw edge"", ""value"": 0.2332, ""impact"": ""positive""}, {""label"": ""Consensus safety"", ""value"": 0.893, ""impact"": ""positive""}, {""label"": ""ELO separation"", ""value"": 69.3, ""impact"": ""positive""}, {""label"": ""Form separation"", ""value"": 0.5, ""impact"": ""positive""}, {""label"": ""Competition importance"", ""value"": 0.95, ""impact"": ""positive""}, {""label"": ""Model dispersion"", ""value"": 0.003, ""impact"": ""positive""}]","[{""label"": ""Historical xG"", ""value"": ""unavailable"", ""impact"": ""negative""}, {""label"": ""Decision rule"", ""value"": ""odds above maximum"", ""impact"": ""negative""}]","[{""label"": ""Model-market gap"", ""value"": 0.0347, ""impact"": ""neutral""}, {""label"": ""Probability source"", ""value"": ""FOOTBALL_V13_FALLBACK"", ""impact"": ""neutral""}]","REJECT: positive=6, negative=2, neutral=2, confidence=1.000, risk=high",2026-09-20T18:21:46+00:00,2026-09-20T18:21:46+00:00
fca21958d420119391eda03e,soccer_uefa_champs_league,UEFA Champions League,Inter Milan vs Club Brugge,Inter Milan,1xBet,2026-10-13T19:00:00Z,BLOCK,REJECT,0.7024894101238808,0.7315484011370151,-0.10226606840303276,-0.06168252353475542,1.0,high,"[{""label"": ""ELO separation"", ""value"": 69.3, ""impact"": ""positive""}, {""label"": ""Form separation"", ""value"": 0.5, ""impact"": ""positive""}, {""label"": ""Competition importance"", ""value"": 0.95, ""impact"": ""positive""}, {""label"": ""Model dispersion"", ""value"": 0.016, ""impact"": ""positive""}]","[{""label"": ""Raw edge"", ""value"": -0.1023, ""impact"": ""negative""}, {""label"": ""Model-market gap"", ""value"": -0.0514, ""impact"": ""negative""}, {""label"": ""Historical xG"", ""value"": ""unavailable"", ""impact"": ""negative""}, {""label"": ""Decision rule"", ""value"": ""edge below minimum"", ""impact"": ""negative""}]","[{""label"": ""Consensus safety"", ""value"": 0.645, ""impact"": ""neutral""}, {""label"": ""Probability source"", ""value"": ""FOOTBALL_V13_FALLBACK"", ""impact"": ""neutral""}]","REJECT: positive=4, negative=4, neutral=2, confidence=1.000, risk=high",2026-09-20T18:21:46+00:00,2026-09-20T18:21:46+00:00
635943e1154a445b9853a8e4,soccer_uefa_champs_league,UEFA Champions League,Villarreal vs Napoli,Draw,Coolbet,2026-10-13T19:00:00Z,BLOCK,REJECT,0.27107806319477246,0.2705568448076097,0.018145035208783078,0.014018284515406012,1.0,high,"[{""label"": ""Consensus safety"", ""value"": 0.995, ""impact"": ""positive""}, {""label"": ""Competition importance"", ""value"": 0.95, ""impact"": ""positive""}, {""label"": ""Model dispersion"", ""value"": 0.0015, ""impact"": ""positive""}]","[{""label"": ""Historical xG"", ""value"": ""unavailable"", ""impact"": ""negative""}, {""label"": ""Decision rule"", ""value"": ""edge below minimum"", ""impact"": ""negative""}]","[{""label"": ""Raw edge"", ""value"": 0.0181, ""impact"": ""neutral""}, {""label"": ""Model-market gap"", ""value"": 0.0009, ""impact"": ""neutral""}, {""label"": ""ELO separation"", ""value"": 46.5, ""impact"": ""neutral""}, {""label"": ""Form separation"", ""value"": 0.0, ""impact"": ""neutral""}, {""label"": ""Probability source"", ""value"": ""FOOTBALL_V13_FALLBACK"", ""impact"": ""neutral""}]","REJECT: positive=3, negative=2, neutral=5, confidence=1.000, risk=high",2026-09-20T18:21:46+00:00,2026-09-20T18:21:46+00:00
580c12e30dd2da419a6074e0,soccer_uefa_champs_league,UEFA Champions League,Villarreal vs Napoli,Napoli,1xBet,2026-10-13T19:00:00Z,BLOCK,REJECT,0.32405696261789285,0.31964989743054434,0.022415920923824384,0.009380153509225842,1.0,high,"[{""label"": ""Consensus safety"", ""value"": 0.962, ""impact"": ""positive""}, {""label"": ""Competition importance"", ""value"": 0.95, ""impact"": ""positive""}, {""label"": ""Model dispersion"", ""value"": 0.0078, ""impact"": ""positive""}]","[{""label"": ""Historical xG"", ""value"": ""unavailable"", ""impact"": ""negative""}, {""label"": ""Decision rule"", ""value"": ""edge below minimum"", ""impact"": ""negative""}]","[{""label"": ""Raw edge"", ""value"": 0.0224, ""impact"": ""neutral""}, {""label"": ""Model-market gap"", ""value"": 0.008, ""impact"": ""neutral""}, {""label"": ""ELO separation"", ""value"": 46.5, ""impact"": ""neutral""}, {""label"": ""Form separation"", ""value"": 0.0, ""impact"": ""neutral""}, {""label"": ""Probability source"", ""value"": ""FOOTBALL_V13_FALLBACK"", ""impact"": ""neutral""}]","REJECT: positive=3, negative=2, neutral=5, confidence=1.000, risk=high",2026-09-20T18:21:46+00:00,2026-09-20T18:21:46+00:00
84b0284f068f62176b8adbe3,soccer_uefa_champs_league,UEFA Champions League,Villarreal vs Napoli,Villarreal,1xBet,2026-10-13T19:00:00Z,BLOCK,REJECT,0.4049121085997881,0.40979325776184594,-0.029885984378927866,-0.017061395084431503,1.0,high,"[{""label"": ""Consensus safety"", ""value"": 0.957, ""impact"": ""positive""}, {""label"": ""Competition importance"", ""value"": 0.95, ""impact"": ""positive""}, {""label"": ""Model dispersion"", ""value"": 0.0092, ""impact"": ""positive""}]","[{""label"": ""Raw edge"", ""value"": -0.0299, ""impact"": ""negative""}, {""label"": ""Model-market gap"", ""value"": -0.0089, ""impact"": ""negative""}, {""label"": ""Historical xG"", ""value"": ""unavailable"", ""impact"": ""negative""}, {""label"": ""Decision rule"", ""value"": ""edge below minimum"", ""impact"": ""negative""}]","[{""label"": ""ELO separation"", ""value"": 46.5, ""impact"": ""neutral""}, {""label"": ""Form separation"", ""value"": 0.0, ""impact"": ""neutral""}, {""label"": ""Probability source"", ""value"": ""FOOTBALL_V13_FALLBACK"", ""impact"": ""neutral""}]","REJECT: positive=3, negative=4, neutral=3, confidence=1.000, risk=high",2026-09-20T18:21:46+00:00,2026-09-20T18:21:46+00:00
2105c2be7b91a94a2ea24b75,soccer_uefa_champs_league,UEFA Champions League,RB Leipzig vs PSV Eindhoven,Draw,Betfair,2026-10-13T19:00:00Z,BLOCK,REJECT,0.24338797026218237,0.23672141976346514,0.06922597334647707,0.039445258562936646,1.0,high,"[{""label"": ""Consensus safety"", ""value"": 0.962, ""impact"": ""positive""}, {""label"": ""Form separation"", ""value"": -0.5, ""impact"": ""positive""}, {""label"": ""Competition importance"", ""value"": 0.95, ""impact"": ""positive""}, {""label"": ""Model dispersion"", ""value"": 0.0036, ""impact"": ""positive""}]","[{""label"": ""Historical xG"", ""value"": ""unavailable"", ""impact"": ""negative""}, {""label"": ""Decision rule"", ""value"": ""odds above maximum"", ""impact"": ""negative""}]","[{""label"": ""Raw edge"", ""value"": 0.0692, ""impact"": ""neutral""}, {""label"": ""Model-market gap"", ""value"": 0.0119, ""impact"": ""neutral""}, {""label"": ""ELO separation"", ""value"": 33.4, ""impact"": ""neutral""}, {""label"": ""Probability source"", ""value"": ""FOOTBALL_V13_FALLBACK"", ""impact"": ""neutral""}]","REJECT: positive=4, negative=2, neutral=4, confidence=1.000, risk=high",2026-09-20T18:21:46+00:00,2026-09-20T18:21:46+00:00
48301c3338f74382a63aef04,soccer_uefa_champs_league,UEFA Champions League,RB Leipzig vs PSV Eindhoven,PSV Eindhoven,Betfair,2026-10-13T19:00:00Z,BLOCK,REJECT,0.3036427179451505,0.2928658480917767,0.06260251394851202,0.027431642769708817,1.0,high,"[{""label"": ""Consensus safety"", ""value"": 0.866, ""impact"": ""positive""}, {""label"": ""Form separation"", ""value"": -0.5, ""impact"": ""positive""}, {""label"": ""Competition importance"", ""value"": 0.95, ""impact"": ""positive""}, {""label"": ""Model dispersion"", ""value"": 0.0386, ""impact"": ""positive""}]","[{""label"": ""Historical xG"", ""value"": ""unavailable"", ""impact"": ""negative""}, {""label"": ""Decision rule"", ""value"": ""edge below minimum"", ""impact"": ""negative""}]","[{""label"": ""Raw edge"", ""value"": 0.0626, ""impact"": ""neutral""}, {""label"": ""Model-market gap"", ""value"": 0.0197, ""impact"": ""neutral""}, {""label"": ""ELO separation"", ""value"": 33.4, ""impact"": ""neutral""}, {""label"": ""Probability source"", ""value"": ""FOOTBALL_V13_FALLBACK"", ""impact"": ""neutral""}]","REJECT: positive=4, negative=2, neutral=4, confidence=1.000, risk=high",2026-09-20T18:21:46+00:00,2026-09-20T18:21:46+00:00
8cef61ef76c5c3008152f0d3,soccer_uefa_champs_league,UEFA Champions League,RB Leipzig vs PSV Eindhoven,RB Leipzig,1xBet,2026-10-13T19:00:00Z,BLOCK,REJECT,0.453719568585191,0.47041273214475826,-0.08477169314788469,-0.04772757903731859,1.0,high,"[{""label"": ""Form separation"", ""value"": -0.5, ""impact"": ""positive""}, {""label"": ""Competition importance"", ""value"": 0.95, ""impact"": ""positive""}, {""label"": ""Model dispersion"", ""value"": 0.035, ""impact"": ""positive""}]","[{""label"": ""Raw edge"", ""value"": -0.0848, ""impact"": ""negative""}, {""label"": ""Model-market gap"", ""value"": -0.0304, ""impact"": ""negative""}, {""label"": ""Historical xG"", ""value"": ""unavailable"", ""impact"": ""negative""}, {""label"": ""Decision rule"", ""value"": ""edge below minimum"", ""impact"": ""negative""}]","[{""label"": ""Consensus safety"", ""value"": 0.845, ""impact"": ""neutral""}, {""label"": ""ELO separation"", ""value"": 33.4, ""impact"": ""neutral""}, {""label"": ""Probability source"", ""value"": ""FOOTBALL_V13_FALLBACK"", ""impact"": ""neutral""}]","REJECT: positive=3, negative=4, neutral=3, confidence=1.000, risk=high",2026-09-20T18:21:46+00:00,2026-09-20T18:21:46+00:00
60d8fa2ff5fe845a9e43a535,soccer_uefa_champs_league,UEFA Champions League,Feyenoord vs Como,Como,1xBet,2026-10-14T16:45:00Z,BLOCK,REJECT,0.4662790013023609,0.4848410022799104,-0.0988078618703051,-0.05658360964747171,0.9890448822970173,high,"[{""label"": ""Form separation"", ""value"": -0.5, ""impact"": ""positive""}, {""label"": ""Competition importance"", ""value"": 0.95, ""impact"": ""positive""}, {""label"": ""Model dispersion"", ""value"": 0.0444, ""impact"": ""positive""}]","[{""label"": ""Raw edge"", ""value"": -0.0988, ""impact"": ""negative""}, {""label"": ""Model-market gap"", ""value"": -0.0342, ""impact"": ""negative""}, {""label"": ""Historical xG"", ""value"": ""unavailable"", ""impact"": ""negative""}, {""label"": ""Decision rule"", ""value"": ""edge below minimum"", ""impact"": ""negative""}]","[{""label"": ""Consensus safety"", ""value"": 0.838, ""impact"": ""neutral""}, {""label"": ""ELO separation"", ""value"": 33.4, ""impact"": ""neutral""}, {""label"": ""Probability source"", ""value"": ""FOOTBALL_V13_FALLBACK"", ""impact"": ""neutral""}]","REJECT: positive=3, negative=4, neutral=3, confidence=0.989, risk=high",2026-09-20T18:21:46+00:00,2026-09-20T18:21:46+00:00
a543c1c98429104fd89718f9,soccer_uefa_champs_league,UEFA Champions League,Feyenoord vs Como,Draw,1xBet,2026-10-14T16:45:00Z,BLOCK,REJECT,0.24415878441045463,0.2377912360165587,0.049156985836866784,0.02367447982856971,1.0,high,"[{""label"": ""Consensus safety"", ""value"": 0.963, ""impact"": ""positive""}, {""label"": ""Form separation"", ""value"": -0.5, ""impact"": ""positive""}, {""label"": ""Competition importance"", ""value"": 0.95, ""impact"": ""positive""}, {""label"": ""Model dispersion"", ""value"": 0.0045, ""impact"": ""positive""}]","[{""label"": ""Historical xG"", ""value"": ""unavailable"", ""impact"": ""negative""}, {""label"": ""Decision rule"", ""value"": ""edge below minimum"", ""impact"": ""negative""}]","[{""label"": ""Raw edge"", ""value"": 0.0492, ""impact"": ""neutral""}, {""label"": ""Model-market gap"", ""value"": 0.0114, ""impact"": ""neutral""}, {""label"": ""ELO separation"", ""value"": 33.4, ""impact"": ""neutral""}, {""label"": ""Probability source"", ""value"": ""FOOTBALL_V13_FALLBACK"", ""impact"": ""neutral""}]","REJECT: positive=4, negative=2, neutral=4, confidence=1.000, risk=high",2026-09-20T18:21:46+00:00,2026-09-20T18:21:46+00:00
497e09bf09c94dfabe33fea0,soccer_uefa_champs_league,UEFA Champions League,Feyenoord vs Como,Feyenoord,1xBet,2026-10-14T16:45:00Z,PASS,PASS,0.2911957488192948,0.277367761703531,0.08646664050737507,0.03850619507571638,1.0,low,"[{""label"": ""Raw edge"", ""value"": 0.0865, ""impact"": ""positive""}, {""label"": ""Consensus safety"", ""value"": 0.87, ""impact"": ""positive""}, {""label"": ""Form separation"", ""value"": -0.5, ""impact"": ""positive""}, {""label"": ""Competition importance"", ""value"": 0.95, ""impact"": ""positive""}, {""label"": ""Model dispersion"", ""value"": 0.0399, ""impact"": ""positive""}]","[{""label"": ""Historical xG"", ""value"": ""unavailable"", ""impact"": ""negative""}]","[{""label"": ""Model-market gap"", ""value"": 0.0253, ""impact"": ""neutral""}, {""label"": ""ELO separation"", ""value"": 33.4, ""impact"": ""neutral""}, {""label"": ""Probability source"", ""value"": ""FOOTBALL_V13_FALLBACK"", ""impact"": ""neutral""}]","PASS: positive=5, negative=1, neutral=3, confidence=1.000, risk=low",2026-09-20T18:21:46+00:00,2026-09-20T18:21:46+00:00
b54d3d2fdd841e7a87a2286f,soccer_uefa_champs_league,UEFA Champions League,LASK vs Liverpool,Draw,1xBet,2026-10-14T16:45:00Z,BLOCK,REJECT,0.17464927951769965,0.15242662818940528,0.3560129781550261,0.19322720385804384,1.0,high,"[{""label"": ""Raw edge"", ""value"": 0.356, ""impact"": ""positive""}, {""label"": ""Consensus safety"", ""value"": 0.869, ""impact"": ""positive""}, {""label"": ""Model-market gap"", ""value"": 0.0405, ""impact"": ""positive""}, {""label"": ""Competition importance"", ""value"": 0.95, ""impact"": ""positive""}, {""label"": ""Model dispersion"", ""value"": 0.0015, ""impact"": ""positive""}]","[{""label"": ""Historical xG"", ""value"": ""unavailable"", ""impact"": ""negative""}, {""label"": ""Decision rule"", ""value"": ""edge above max guard"", ""impact"": ""negative""}]","[{""label"": ""ELO separation"", ""value"": 46.5, ""impact"": ""neutral""}, {""label"": ""Form separation"", ""value"": 0.0, ""impact"": ""neutral""}, {""label"": ""Probability source"", ""value"": ""FOOTBALL_V13_FALLBACK"", ""impact"": ""neutral""}]","REJECT: positive=5, negative=2, neutral=3, confidence=1.000, risk=high",2026-09-20T18:21:46+00:00,2026-09-20T18:21:46+00:00
b106cc37ff62c82deb78bf2a,soccer_uefa_champs_league,UEFA Champions League,LASK vs Liverpool,LASK,Nordic Bet,2026-10-14T16:45:00Z,BLOCK,REJECT,0.11922025732006777,0.09267541515846726,0.8357325590445677,0.46575706663159355,1.0,high,"[{""label"": ""Raw edge"", ""value"": 0.8357, ""impact"": ""positive""}, {""label"": ""Model-market gap"", ""value"": 0.0485, ""impact"": ""positive""}, {""label"": ""Competition importance"", ""value"": 0.95, ""impact"": ""positive""}, {""label"": ""Model dispersion"", ""value"": 0.0092, ""impact"": ""positive""}]","[{""label"": ""Historical xG"", ""value"": ""unavailable"", ""impact"": ""negative""}, {""label"": ""Decision rule"", ""value"": ""edge above max guard"", ""impact"": ""negative""}]","[{""label"": ""Consensus safety"", ""value"": 0.689, ""impact"": ""neutral""}, {""label"": ""ELO separation"", ""value"": 46.5, ""impact"": ""neutral""}, {""label"": ""Form separation"", ""value"": 0.0, ""impact"": ""neutral""}, {""label"": ""Probability source"", ""value"": ""FOOTBALL_V13_FALLBACK"", ""impact"": ""neutral""}]","REJECT: positive=4, negative=2, neutral=4, confidence=1.000, risk=high",2026-09-20T18:21:46+00:00,2026-09-20T18:21:46+00:00
75092aba1e31023c6e349db9,soccer_uefa_champs_league,UEFA Champions League,LASK vs Liverpool,Liverpool,1xBet,2026-10-14T16:45:00Z,BLOCK,REJECT,0.7282175823984092,0.7548979566521274,-0.10318842005402751,-0.0637605719355404,1.0,high,"[{""label"": ""Competition importance"", ""value"": 0.95, ""impact"": ""positive""}, {""label"": ""Model dispersion"", ""value"": 0.0078, ""impact"": ""positive""}]","[{""label"": ""Raw edge"", ""value"": -0.1032, ""impact"": ""negative""}, {""label"": ""Consensus safety"", ""value"": 0.558, ""impact"": ""negative""}, {""label"": ""Model-market gap"", ""value"": -0.0487, ""impact"": ""negative""}, {""label"": ""Historical xG"", ""value"": ""unavailable"", ""impact"": ""negative""}, {""label"": ""Decision rule"", ""value"": ""edge below minimum"", ""impact"": ""negative""}]","[{""label"": ""ELO separation"", ""value"": 46.5, ""impact"": ""neutral""}, {""label"": ""Form separation"", ""value"": 0.0, ""impact"": ""neutral""}, {""label"": ""Probability source"", ""value"": ""FOOTBALL_V13_FALLBACK"", ""impact"": ""neutral""}]","REJECT: positive=2, negative=5, neutral=3, confidence=1.000, risk=high",2026-09-20T18:21:46+00:00,2026-09-20T18:21:46+00:00
3cf37a622e62a38d2fd0ab3b,soccer_uefa_champs_league,UEFA Champions League,Shakhtar Donetsk vs AEK Athens,AEK Athens,1xBet,2026-10-14T19:00:00Z,BLOCK,REJECT,0.3623693585419674,0.3662733978089082,-0.023152002547995876,-0.012177491975728382,1.0,high,"[{""label"": ""Consensus safety"", ""value"": 0.97, ""impact"": ""positive""}, {""label"": ""Competition importance"", ""value"": 0.95, ""impact"": ""positive""}, {""label"": ""Model dispersion"", ""value"": 0.0078, ""impact"": ""positive""}]","[{""label"": ""Raw edge"", ""value"": -0.0232, ""impact"": ""negative""}, {""label"": ""Model-market gap"", ""value"": -0.0071, ""impact"": ""negative""}, {""label"": ""Historical xG"", ""value"": ""unavailable"", ""impact"": ""negative""}, {""label"": ""Decision rule"", ""value"": ""edge below minimum"", ""impact"": ""negative""}]","[{""label"": ""ELO separation"", ""value"": 46.5, ""impact"": ""neutral""}, {""label"": ""Form separation"", ""value"": 0.0, ""impact"": ""neutral""}, {""label"": ""Probability source"", ""value"": ""FOOTBALL_V13_FALLBACK"", ""impact"": ""neutral""}]","REJECT: positive=3, negative=4, neutral=3, confidence=1.000, risk=high",2026-09-20T18:21:46+00:00,2026-09-20T18:21:46+00:00
158cdfc99c2b813eb85d6a61,soccer_uefa_champs_league,UEFA Champions League,Shakhtar Donetsk vs AEK Athens,Draw,Betfair,2026-10-14T19:00:00Z,BLOCK,REJECT,0.2723169710303001,0.27207332874275003,-0.01893783384374037,-0.016651907562688976,1.0,high,"[{""label"": ""Consensus safety"", ""value"": 0.995, ""impact"": ""positive""}, {""label"": ""Competition importance"", ""value"": 0.95, ""impact"": ""positive""}, {""label"": ""Model dispersion"", ""value"": 0.0015, ""impact"": ""positive""}]","[{""label"": ""Raw edge"", ""value"": -0.0189, ""impact"": ""negative""}, {""label"": ""Historical xG"", ""value"": ""unavailable"", ""impact"": ""negative""}, {""label"": ""Decision rule"", ""value"": ""edge below minimum"", ""impact"": ""negative""}]","[{""label"": ""Model-market gap"", ""value"": 0.0004, ""impact"": ""neutral""}, {""label"": ""ELO separation"", ""value"": 46.5, ""impact"": ""neutral""}, {""label"": ""Form separation"", ""value"": 0.0, ""impact"": ""neutral""}, {""label"": ""Probability source"", ""value"": ""FOOTBALL_V13_FALLBACK"", ""impact"": ""neutral""}]","REJECT: positive=3, negative=3, neutral=4, confidence=1.000, risk=high",2026-09-20T18:21:46+00:00,2026-09-20T18:21:46+00:00
3612fa543d59a39e389c408e,soccer_uefa_champs_league,UEFA Champions League,Shakhtar Donetsk vs AEK Athens,Shakhtar Donetsk,1xBet,2026-10-14T19:00:00Z,BLOCK,REJECT,0.36529736534180446,0.36165327344834175,-0.001850235264416633,-0.00852034105199977,1.0,high,"[{""label"": ""Consensus safety"", ""value"": 0.967, ""impact"": ""positive""}, {""label"": ""Competition importance"", ""value"": 0.95, ""impact"": ""positive""}, {""label"": ""Model dispersion"", ""value"": 0.0092, ""impact"": ""positive""}]","[{""label"": ""Raw edge"", ""value"": -0.0019, ""impact"": ""negative""}, {""label"": ""Historical xG"", ""value"": ""unavailable"", ""impact"": ""negative""}, {""label"": ""Decision rule"", ""value"": ""edge below minimum"", ""impact"": ""negative""}]","[{""label"": ""Model-market gap"", ""value"": 0.0067, ""impact"": ""neutral""}, {""label"": ""ELO separation"", ""value"": 46.5, ""impact"": ""neutral""}, {""label"": ""Form separation"", ""value"": 0.0, ""impact"": ""neutral""}, {""label"": ""Probability source"", ""value"": ""FOOTBALL_V13_FALLBACK"", ""impact"": ""neutral""}]","REJECT: positive=3, negative=3, neutral=4, confidence=1.000, risk=high",2026-09-20T18:21:46+00:00,2026-09-20T18:21:46+00:00
d47298adb61a5760e1150c10,soccer_uefa_champs_league,UEFA Champions League,AS Roma vs Real Madrid,AS Roma,Nordic Bet,2026-10-14T19:00:00Z,PASS,PASS,0.29266993847885153,0.2734533887684974,0.1684904271203178,0.0949921168037261,1.0,low,"[{""label"": ""Raw edge"", ""value"": 0.1685, ""impact"": ""positive""}, {""label"": ""Consensus safety"", ""value"": 0.88, ""impact"": ""positive""}, {""label"": ""ELO separation"", ""value"": 50.1, ""impact"": ""positive""}, {""label"": ""Form separation"", ""value"": -0.1667, ""impact"": ""positive""}, {""label"": ""Competition importance"", ""value"": 0.95, ""impact"": ""positive""}, {""label"": ""Model dispersion"", ""value"": 0.0185, ""impact"": ""positive""}]","[{""label"": ""Historical xG"", ""value"": ""unavailable"", ""impact"": ""negative""}]","[{""label"": ""Model-market gap"", ""value"": 0.034, ""impact"": ""neutral""}, {""label"": ""Probability source"", ""value"": ""FOOTBALL_V13_FALLBACK"", ""impact"": ""neutral""}]","PASS: positive=6, negative=1, neutral=2, confidence=1.000, risk=low",2026-09-20T18:21:46+00:00,2026-09-20T18:21:46+00:00
3367c53c9e344cbdac9b8157,soccer_uefa_champs_league,UEFA Champions League,AS Roma vs Real Madrid,Draw,Coolbet,2026-10-14T19:00:00Z,BLOCK,REJECT,0.24965758428730708,0.24384801956518076,0.06699509779099477,0.041151224665427824,1.0,high,"[{""label"": ""Consensus safety"", ""value"": 0.968, ""impact"": ""positive""}, {""label"": ""ELO separation"", ""value"": 50.1, ""impact"": ""positive""}, {""label"": ""Form separation"", ""value"": -0.1667, ""impact"": ""positive""}, {""label"": ""Competition importance"", ""value"": 0.95, ""impact"": ""positive""}, {""label"": ""Model dispersion"", ""value"": 0.0012, ""impact"": ""positive""}]","[{""label"": ""Historical xG"", ""value"": ""unavailable"", ""impact"": ""negative""}, {""label"": ""Decision rule"", ""value"": ""odds above maximum"", ""impact"": ""negative""}]","[{""label"": ""Raw edge"", ""value"": 0.067, ""impact"": ""neutral""}, {""label"": ""Model-market gap"", ""value"": 0.0102, ""impact"": ""neutral""}, {""label"": ""Probability source"", ""value"": ""FOOTBALL_V13_FALLBACK"", ""impact"": ""neutral""}]","REJECT: positive=5, negative=2, neutral=3, confidence=1.000, risk=high",2026-09-20T18:21:46+00:00,2026-09-20T18:21:46+00:00
3c1ffae3910168770036f6cd,soccer_uefa_champs_league,UEFA Champions League,AS Roma vs Real Madrid,Real Madrid,Betfair,2026-10-14T19:00:00Z,BLOCK,REJECT,0.4580366821331922,0.4826985916663219,-0.07804784737365422,-0.032291735173490425,1.0,high,"[{""label"": ""Consensus safety"", ""value"": 0.851, ""impact"": ""positive""}, {""label"": ""ELO separation"", ""value"": 50.1, ""impact"": ""positive""}, {""label"": ""Form separation"", ""value"": -0.1667, ""impact"": ""positive""}, {""label"": ""Competition importance"", ""value"": 0.95, ""impact"": ""positive""}, {""label"": ""Model dispersion"", ""value"": 0.0177, ""impact"": ""positive""}]","[{""label"": ""Raw edge"", ""value"": -0.078, ""impact"": ""negative""}, {""label"": ""Model-market gap"", ""value"": -0.0437, ""impact"": ""negative""}, {""label"": ""Historical xG"", ""value"": ""unavailable"", ""impact"": ""negative""}, {""label"": ""Decision rule"", ""value"": ""edge below minimum"", ""impact"": ""negative""}]","[{""label"": ""Probability source"", ""value"": ""FOOTBALL_V13_FALLBACK"", ""impact"": ""neutral""}]","REJECT: positive=5, negative=4, neutral=1, confidence=1.000, risk=high",2026-09-20T18:21:46+00:00,2026-09-20T18:21:46+00:00
41413c23a962d11dae11acdb,soccer_uefa_champs_league,UEFA Champions League,Aston Villa vs Fenerbahce,Aston Villa,1xBet,2026-10-14T19:00:00Z,BLOCK,REJECT,0.5142598693985286,0.5362856308068126,-0.10319740495755281,-0.06305527390817733,1.0,high,"[{""label"": ""Consensus safety"", ""value"": 0.856, ""impact"": ""positive""}, {""label"": ""ELO separation"", ""value"": 72.7, ""impact"": ""positive""}, {""label"": ""Form separation"", ""value"": 0.6667, ""impact"": ""positive""}, {""label"": ""Competition importance"", ""value"": 0.95, ""impact"": ""positive""}, {""label"": ""Model dispersion"", ""value"": 0.036, ""impact"": ""positive""}]","[{""label"": ""Raw edge"", ""value"": -0.1032, ""impact"": ""negative""}, {""label"": ""Model-market gap"", ""value"": -0.0381, ""impact"": ""negative""}, {""label"": ""Historical xG"", ""value"": ""unavailable"", ""impact"": ""negative""}, {""label"": ""Decision rule"", ""value"": ""edge below minimum"", ""impact"": ""negative""}]","[{""label"": ""Probability source"", ""value"": ""FOOTBALL_V13_FALLBACK"", ""impact"": ""neutral""}]","REJECT: positive=5, negative=4, neutral=1, confidence=1.000, risk=high",2026-09-20T18:21:46+00:00,2026-09-20T18:21:46+00:00
13d811829a7d49805b0569f6,soccer_uefa_champs_league,UEFA Champions League,Aston Villa vs Fenerbahce,Draw,Coolbet,2026-10-14T19:00:00Z,BLOCK,REJECT,0.2522521034858178,0.24783641565264244,0.021387582976410968,0.0076337132022935884,1.0,high,"[{""label"": ""Consensus safety"", ""value"": 0.976, ""impact"": ""positive""}, {""label"": ""ELO separation"", ""value"": 72.7, ""impact"": ""positive""}, {""label"": ""Form separation"", ""value"": 0.6667, ""impact"": ""positive""}, {""label"": ""Competition importance"", ""value"": 0.95, ""impact"": ""positive""}, {""label"": ""Model dispersion"", ""value"": 0.0051, ""impact"": ""positive""}]","[{""label"": ""Historical xG"", ""value"": ""unavailable"", ""impact"": ""negative""}, {""label"": ""Decision rule"", ""value"": ""edge below minimum"", ""impact"": ""negative""}]","[{""label"": ""Raw edge"", ""value"": 0.0214, ""impact"": ""neutral""}, {""label"": ""Model-market gap"", ""value"": 0.0075, ""impact"": ""neutral""}, {""label"": ""Probability source"", ""value"": ""FOOTBALL_V13_FALLBACK"", ""impact"": ""neutral""}]","REJECT: positive=5, negative=2, neutral=3, confidence=1.000, risk=high",2026-09-20T18:21:46+00:00,2026-09-20T18:21:46+00:00
db5fb26a83d327c7670ec878,soccer_uefa_champs_league,UEFA Champions League,Aston Villa vs Fenerbahce,Fenerbahce,1xBet,2026-10-14T19:00:00Z,BLOCK,REJECT,0.23454102585672093,0.215877953540545,0.210457450381488,0.12262894270322588,1.0,high,"[{""label"": ""Raw edge"", ""value"": 0.2105, ""impact"": ""positive""}, {""label"": ""Consensus safety"", ""value"": 0.88, ""impact"": ""positive""}, {""label"": ""ELO separation"", ""value"": 72.7, ""impact"": ""positive""}, {""label"": ""Form separation"", ""value"": 0.6667, ""impact"": ""positive""}, {""label"": ""Competition importance"", ""value"": 0.95, ""impact"": ""positive""}, {""label"": ""Model dispersion"", ""value"": 0.0309, ""impact"": ""positive""}]","[{""label"": ""Historical xG"", ""value"": ""unavailable"", ""impact"": ""negative""}, {""label"": ""Decision rule"", ""value"": ""odds above maximum"", ""impact"": ""negative""}]","[{""label"": ""Model-market gap"", ""value"": 0.0322, ""impact"": ""neutral""}, {""label"": ""Probability source"", ""value"": ""FOOTBALL_V13_FALLBACK"", ""impact"": ""neutral""}]","REJECT: positive=6, negative=2, neutral=2, confidence=1.000, risk=high",2026-09-20T18:21:46+00:00,2026-09-20T18:21:46+00:00
6aec71fd5cae8fcb1c21b712,soccer_uefa_champs_league,UEFA Champions League,Bodø/Glimt vs Borussia Dortmund,Bodø/Glimt,1xBet,2026-10-14T19:00:00Z,PASS,PASS,0.31131380773428774,0.2960564479607213,0.11116463442948299,0.057519441344580154,1.0,low,"[{""label"": ""Raw edge"", ""value"": 0.1112, ""impact"": ""positive""}, {""label"": ""Consensus safety"", ""value"": 0.906, ""impact"": ""positive""}, {""label"": ""Competition importance"", ""value"": 0.95, ""impact"": ""positive""}, {""label"": ""Model dispersion"", ""value"": 0.0092, ""impact"": ""positive""}]","[{""label"": ""Historical xG"", ""value"": ""unavailable"", ""impact"": ""negative""}]","[{""label"": ""Model-market gap"", ""value"": 0.0279, ""impact"": ""neutral""}, {""label"": ""ELO separation"", ""value"": 46.5, ""impact"": ""neutral""}, {""label"": ""Form separation"", ""value"": 0.0, ""impact"": ""neutral""}, {""label"": ""Probability source"", ""value"": ""FOOTBALL_V13_FALLBACK"", ""impact"": ""neutral""}]","PASS: positive=4, negative=1, neutral=4, confidence=1.000, risk=low",2026-09-20T18:21:46+00:00,2026-09-20T18:21:46+00:00
289618f3d724ae78be6b549d,soccer_uefa_champs_league,UEFA Champions League,Bodø/Glimt vs Borussia Dortmund,Borussia Dortmund,1xBet,2026-10-14T19:00:00Z,BLOCK,REJECT,0.444709767824798,0.4664699070330505,-0.11670991120225549,-0.06739728366232317,1.0,high,"[{""label"": ""Consensus safety"", ""value"": 0.869, ""impact"": ""positive""}, {""label"": ""Competition importance"", ""value"": 0.95, ""impact"": ""positive""}, {""label"": ""Model dispersion"", ""value"": 0.0078, ""impact"": ""positive""}]","[{""label"": ""Raw edge"", ""value"": -0.1167, ""impact"": ""negative""}, {""label"": ""Model-market gap"", ""value"": -0.0398, ""impact"": ""negative""}, {""label"": ""Historical xG"", ""value"": ""unavailable"", ""impact"": ""negative""}, {""label"": ""Decision rule"", ""value"": ""edge below minimum"", ""impact"": ""negative""}]","[{""label"": ""ELO separation"", ""value"": 46.5, ""impact"": ""neutral""}, {""label"": ""Form separation"", ""value"": 0.0, ""impact"": ""neutral""}, {""label"": ""Probability source"", ""value"": ""FOOTBALL_V13_FALLBACK"", ""impact"": ""neutral""}]","REJECT: positive=3, negative=4, neutral=3, confidence=1.000, risk=high",2026-09-20T18:21:46+00:00,2026-09-20T18:21:46+00:00
d8e96db4540cff4086be1a5c,soccer_uefa_champs_league,UEFA Champions League,Bodø/Glimt vs Borussia Dortmund,Draw,Coolbet,2026-10-14T19:00:00Z,BLOCK,REJECT,0.2440737628413325,0.23747364500622808,0.07281462514206072,0.04196076631789137,1.0,high,"[{""label"": ""Consensus safety"", ""value"": 0.961, ""impact"": ""positive""}, {""label"": ""Competition importance"", ""value"": 0.95, ""impact"": ""positive""}, {""label"": ""Model dispersion"", ""value"": 0.0015, ""impact"": ""positive""}]","[{""label"": ""Historical xG"", ""value"": ""unavailable"", ""impact"": ""negative""}, {""label"": ""Decision rule"", ""value"": ""odds above maximum"", ""impact"": ""negative""}]","[{""label"": ""Raw edge"", ""value"": 0.0728, ""impact"": ""neutral""}, {""label"": ""Model-market gap"", ""value"": 0.012, ""impact"": ""neutral""}, {""label"": ""ELO separation"", ""value"": 46.5, ""impact"": ""neutral""}, {""label"": ""Form separation"", ""value"": 0.0, ""impact"": ""neutral""}, {""label"": ""Probability source"", ""value"": ""FOOTBALL_V13_FALLBACK"", ""impact"": ""neutral""}]","REJECT: positive=3, negative=2, neutral=5, confidence=1.000, risk=high",2026-09-20T18:21:46+00:00,2026-09-20T18:21:46+00:00
0f46d3b2de97647429d45a0a,soccer_uefa_champs_league,UEFA Champions League,Manchester City vs Paris Saint Germain,Draw,Coolbet,2026-10-14T19:00:00Z,BLOCK,REJECT,0.24663722503602076,0.24062291995365945,0.05658667616819457,0.030401548081168104,1.0,high,"[{""label"": ""Consensus safety"", ""value"": 0.964, ""impact"": ""positive""}, {""label"": ""Competition importance"", ""value"": 0.95, ""impact"": ""positive""}, {""label"": ""Model dispersion"", ""value"": 0.0015, ""impact"": ""positive""}]","[{""label"": ""Historical xG"", ""value"": ""unavailable"", ""impact"": ""negative""}, {""label"": ""Decision rule"", ""value"": ""edge below minimum"", ""impact"": ""negative""}]","[{""label"": ""Raw edge"", ""value"": 0.0566, ""impact"": ""neutral""}, {""label"": ""Model-market gap"", ""value"": 0.0109, ""impact"": ""neutral""}, {""label"": ""ELO separation"", ""value"": 46.5, ""impact"": ""neutral""}, {""label"": ""Form separation"", ""value"": 0.0, ""impact"": ""neutral""}, {""label"": ""Probability source"", ""value"": ""FOOTBALL_V13_FALLBACK"", ""impact"": ""neutral""}]","REJECT: positive=3, negative=2, neutral=5, confidence=1.000, risk=high",2026-09-20T18:21:46+00:00,2026-09-20T18:21:46+00:00
b801219498532e96d3b259ac,soccer_uefa_champs_league,UEFA Champions League,Manchester City vs Paris Saint Germain,Manchester City,Betfair,2026-10-14T19:00:00Z,BLOCK,REJECT,0.4277874146352113,0.4375857487614763,-0.051524590672780035,-0.02812215261016242,1.0,high,"[{""label"": ""Consensus safety"", ""value"": 0.931, ""impact"": ""positive""}, {""label"": ""Competition importance"", ""value"": 0.95, ""impact"": ""positive""}, {""label"": ""Model dispersion"", ""value"": 0.0092, ""impact"": ""positive""}]","[{""label"": ""Raw edge"", ""value"": -0.0515, ""impact"": ""negative""}, {""label"": ""Model-market gap"", ""value"": -0.0179, ""impact"": ""negative""}, {""label"": ""Historical xG"", ""value"": ""unavailable"", ""impact"": ""negative""}, {""label"": ""Decision rule"", ""value"": ""edge below minimum"", ""impact"": ""negative""}]","[{""label"": ""ELO separation"", ""value"": 46.5, ""impact"": ""neutral""}, {""label"": ""Form separation"", ""value"": 0.0, ""impact"": ""neutral""}, {""label"": ""Probability source"", ""value"": ""FOOTBALL_V13_FALLBACK"", ""impact"": ""neutral""}]","REJECT: positive=3, negative=4, neutral=3, confidence=1.000, risk=high",2026-09-20T18:21:46+00:00,2026-09-20T18:21:46+00:00
a3be2f47695f0ee363a556b1,soccer_uefa_champs_league,UEFA Champions League,Manchester City vs Paris Saint Germain,Paris Saint Germain,1xBet,2026-10-14T19:00:00Z,BLOCK,REJECT,0.32581773636510813,0.3217913312848643,0.026929902314039467,0.014040330091947056,1.0,high,"[{""label"": ""Consensus safety"", ""value"": 0.964, ""impact"": ""positive""}, {""label"": ""Competition importance"", ""value"": 0.95, ""impact"": ""positive""}, {""label"": ""Model dispersion"", ""value"": 0.0078, ""impact"": ""positive""}]","[{""label"": ""Historical xG"", ""value"": ""unavailable"", ""impact"": ""negative""}, {""label"": ""Decision rule"", ""value"": ""edge below minimum"", ""impact"": ""negative""}]","[{""label"": ""Raw edge"", ""value"": 0.0269, ""impact"": ""neutral""}, {""label"": ""Model-market gap"", ""value"": 0.0074, ""impact"": ""neutral""}, {""label"": ""ELO separation"", ""value"": 46.5, ""impact"": ""neutral""}, {""label"": ""Form separation"", ""value"": 0.0, ""impact"": ""neutral""}, {""label"": ""Probability source"", ""value"": ""FOOTBALL_V13_FALLBACK"", ""impact"": ""neutral""}]","REJECT: positive=3, negative=2, neutral=5, confidence=1.000, risk=high",2026-09-20T18:21:46+00:00,2026-09-20T18:21:46+00:00
0abc1019e3e6a172f33c6c95,soccer_uefa_champs_league,UEFA Champions League,Real Betis vs Porto,Draw,Betfair,2026-10-14T19:00:00Z,BLOCK,REJECT,0.2621331757170151,0.26010526195344547,0.028560903425396855,0.01890544535499246,1.0,high,"[{""label"": ""Consensus safety"", ""value"": 0.987, ""impact"": ""positive""}, {""label"": ""ELO separation"", ""value"": 58.4, ""impact"": ""positive""}, {""label"": ""Form separation"", ""value"": 0.5, ""impact"": ""positive""}, {""label"": ""Competition importance"", ""value"": 0.95, ""impact"": ""positive""}, {""label"": ""Model dispersion"", ""value"": 0.0036, ""impact"": ""positive""}]","[{""label"": ""Historical xG"", ""value"": ""unavailable"", ""impact"": ""negative""}, {""label"": ""Decision rule"", ""value"": ""edge below minimum"", ""impact"": ""negative""}]","[{""label"": ""Raw edge"", ""value"": 0.0286, ""impact"": ""neutral""}, {""label"": ""Model-market gap"", ""value"": 0.0036, ""impact"": ""neutral""}, {""label"": ""Probability source"", ""value"": ""FOOTBALL_V13_FALLBACK"", ""impact"": ""neutral""}]","REJECT: positive=5, negative=2, neutral=3, confidence=1.000, risk=high",2026-09-20T18:21:46+00:00,2026-09-20T18:21:46+00:00
bca23eff37a7ab9b6ef04c43,soccer_uefa_champs_league,UEFA Champions League,Real Betis vs Porto,Porto,1xBet,2026-10-14T19:00:00Z,PASS,PASS,0.29293928506372385,0.28488089279641227,0.0658992767111648,0.03636096915238238,1.0,low,"[{""label"": ""Consensus safety"", ""value"": 0.941, ""impact"": ""positive""}, {""label"": ""ELO separation"", ""value"": 58.4, ""impact"": ""positive""}, {""label"": ""Form separation"", ""value"": 0.5, ""impact"": ""positive""}, {""label"": ""Competition importance"", ""value"": 0.95, ""impact"": ""positive""}, {""label"": ""Model dispersion"", ""value"": 0.0179, ""impact"": ""positive""}]","[{""label"": ""Historical xG"", ""value"": ""unavailable"", ""impact"": ""negative""}]","[{""label"": ""Raw edge"", ""value"": 0.0659, ""impact"": ""neutral""}, {""label"": ""Model-market gap"", ""value"": 0.0145, ""impact"": ""neutral""}, {""label"": ""Probability source"", ""value"": ""FOOTBALL_V13_FALLBACK"", ""impact"": ""neutral""}]","PASS: positive=5, negative=1, neutral=3, confidence=1.000, risk=low",2026-09-20T18:21:46+00:00,2026-09-20T18:21:46+00:00
fa5f4c0c6030bdbd6eb77f1b,soccer_uefa_champs_league,UEFA Champions League,Real Betis vs Porto,Real Betis,Coolbet,2026-10-14T19:00:00Z,BLOCK,REJECT,0.44523361824694097,0.45501384525014216,-0.05095702739588048,-0.02867853620353496,1.0,high,"[{""label"": ""Consensus safety"", ""value"": 0.928, ""impact"": ""positive""}, {""label"": ""ELO separation"", ""value"": 58.4, ""impact"": ""positive""}, {""label"": ""Form separation"", ""value"": 0.5, ""impact"": ""positive""}, {""label"": ""Competition importance"", ""value"": 0.95, ""impact"": ""positive""}, {""label"": ""Model dispersion"", ""value"": 0.0214, ""impact"": ""positive""}]","[{""label"": ""Raw edge"", ""value"": -0.051, ""impact"": ""negative""}, {""label"": ""Model-market gap"", ""value"": -0.0177, ""impact"": ""negative""}, {""label"": ""Historical xG"", ""value"": ""unavailable"", ""impact"": ""negative""}, {""label"": ""Decision rule"", ""value"": ""edge below minimum"", ""impact"": ""negative""}]","[{""label"": ""Probability source"", ""value"": ""FOOTBALL_V13_FALLBACK"", ""impact"": ""neutral""}]","REJECT: positive=5, negative=4, neutral=1, confidence=1.000, risk=high",2026-09-20T18:21:46+00:00,2026-09-20T18:21:46+00:00
42345d0208ec83929faf887c,soccer_uefa_champs_league,UEFA Champions League,ŠK Slovan Bratislava vs VfB Stuttgart,Draw,Coolbet,2026-10-14T19:00:00Z,BLOCK,REJECT,0.1918196866111196,0.17347586676939178,0.18947946591013265,0.08725082228447825,1.0,high,"[{""label"": ""Raw edge"", ""value"": 0.1895, ""impact"": ""positive""}, {""label"": ""Consensus safety"", ""value"": 0.892, ""impact"": ""positive""}, {""label"": ""Competition importance"", ""value"": 0.95, ""impact"": ""positive""}, {""label"": ""Model dispersion"", ""value"": 0.0015, ""impact"": ""positive""}]","[{""label"": ""Historical xG"", ""value"": ""unavailable"", ""impact"": ""negative""}, {""label"": ""Decision rule"", ""value"": ""odds above maximum"", ""impact"": ""negative""}]","[{""label"": ""Model-market gap"", ""value"": 0.0334, ""impact"": ""neutral""}, {""label"": ""ELO separation"", ""value"": 46.5, ""impact"": ""neutral""}, {""label"": ""Form separation"", ""value"": 0.0, ""impact"": ""neutral""}, {""label"": ""Probability source"", ""value"": ""FOOTBALL_V13_FALLBACK"", ""impact"": ""neutral""}]","REJECT: positive=4, negative=2, neutral=4, confidence=1.000, risk=high",2026-09-20T18:21:46+00:00,2026-09-20T18:21:46+00:00
d40992ef71995d18a0cfee1c,soccer_uefa_champs_league,UEFA Champions League,ŠK Slovan Bratislava vs VfB Stuttgart,VfB Stuttgart,1xBet,2026-10-14T19:00:00Z,BLOCK,REJECT,0.6572056403592788,0.683894166466291,-0.11714558637020112,-0.07336362730365517,1.0,high,"[{""label"": ""Competition importance"", ""value"": 0.95, ""impact"": ""positive""}, {""label"": ""Model dispersion"", ""value"": 0.0078, ""impact"": ""positive""}]","[{""label"": ""Raw edge"", ""value"": -0.1171, ""impact"": ""negative""}, {""label"": ""Model-market gap"", ""value"": -0.0487, ""impact"": ""negative""}, {""label"": ""Historical xG"", ""value"": ""unavailable"", ""impact"": ""negative""}, {""label"": ""Decision rule"", ""value"": ""edge below minimum"", ""impact"": ""negative""}]","[{""label"": ""Consensus safety"", ""value"": 0.635, ""impact"": ""neutral""}, {""label"": ""ELO separation"", ""value"": 46.5, ""impact"": ""neutral""}, {""label"": ""Form separation"", ""value"": 0.0, ""impact"": ""neutral""}, {""label"": ""Probability source"", ""value"": ""FOOTBALL_V13_FALLBACK"", ""impact"": ""neutral""}]","REJECT: positive=2, negative=4, neutral=4, confidence=1.000, risk=high",2026-09-20T18:21:46+00:00,2026-09-20T18:21:46+00:00
8cd90b42e98221a180237f67,soccer_uefa_champs_league,UEFA Champions League,ŠK Slovan Bratislava vs VfB Stuttgart,ŠK Slovan Bratislava,Nordic Bet,2026-10-14T19:00:00Z,BLOCK,REJECT,0.16918292527271284,0.1426299667643172,0.7395992109444318,0.4570336191210071,1.0,high,"[{""label"": ""Raw edge"", ""value"": 0.7396, ""impact"": ""positive""}, {""label"": ""Model-market gap"", ""value"": 0.0485, ""impact"": ""positive""}, {""label"": ""Competition importance"", ""value"": 0.95, ""impact"": ""positive""}, {""label"": ""Model dispersion"", ""value"": 0.0092, ""impact"": ""positive""}]","[{""label"": ""Historical xG"", ""value"": ""unavailable"", ""impact"": ""negative""}, {""label"": ""Decision rule"", ""value"": ""edge above max guard"", ""impact"": ""negative""}]","[{""label"": ""Consensus safety"", ""value"": 0.743, ""impact"": ""neutral""}, {""label"": ""ELO separation"", ""value"": 46.5, ""impact"": ""neutral""}, {""label"": ""Form separation"", ""value"": 0.0, ""impact"": ""neutral""}, {""label"": ""Probability source"", ""value"": ""FOOTBALL_V13_FALLBACK"", ""impact"": ""neutral""}]","REJECT: positive=4, negative=2, neutral=4, confidence=1.000, risk=high",2026-09-20T18:21:46+00:00,2026-09-20T18:21:46+00:00
f547061a75f46ea7715e760c,soccer_uefa_europa_league,UEFA Europa League,Torreense vs Sunderland,Draw,Winamax (DE),2026-10-15T16:45:00Z,BLOCK,REJECT,0.22169860359870214,0.20982632339575144,0.13423806884683143,0.07836570036517261,1.0,high,"[{""label"": ""Raw edge"", ""value"": 0.1342, ""impact"": ""positive""}, {""label"": ""Consensus safety"", ""value"": 0.931, ""impact"": ""positive""}, {""label"": ""Competition importance"", ""value"": 0.88, ""impact"": ""positive""}, {""label"": ""Model dispersion"", ""value"": 0.0016, ""impact"": ""positive""}]","[{""label"": ""Historical xG"", ""value"": ""unavailable"", ""impact"": ""negative""}, {""label"": ""Decision rule"", ""value"": ""odds above maximum"", ""impact"": ""negative""}]","[{""label"": ""Model-market gap"", ""value"": 0.0217, ""impact"": ""neutral""}, {""label"": ""ELO separation"", ""value"": 46.1, ""impact"": ""neutral""}, {""label"": ""Form separation"", ""value"": 0.0, ""impact"": ""neutral""}, {""label"": ""Probability source"", ""value"": ""FOOTBALL_V13_FALLBACK"", ""impact"": ""neutral""}]","REJECT: positive=4, negative=2, neutral=4, confidence=1.000, risk=high",2026-09-20T18:21:46+00:00,2026-09-20T18:21:46+00:00
d943d90759cebe6dd591e71a,soccer_uefa_europa_league,UEFA Europa League,Torreense vs Sunderland,Sunderland,Marathon Bet,2026-10-15T16:45:00Z,BLOCK,REJECT,0.6069850880668501,0.6336350998041063,-0.11099485886802385,-0.06665957078109642,1.0,high,"[{""label"": ""Competition importance"", ""value"": 0.88, ""impact"": ""positive""}, {""label"": ""Model dispersion"", ""value"": 0.0077, ""impact"": ""positive""}]","[{""label"": ""Raw edge"", ""value"": -0.111, ""impact"": ""negative""}, {""label"": ""Model-market gap"", ""value"": -0.0488, ""impact"": ""negative""}, {""label"": ""Historical xG"", ""value"": ""unavailable"", ""impact"": ""negative""}, {""label"": ""Decision rule"", ""value"": ""edge below minimum"", ""impact"": ""negative""}]","[{""label"": ""Consensus safety"", ""value"": 0.69, ""impact"": ""neutral""}, {""label"": ""ELO separation"", ""value"": 46.1, ""impact"": ""neutral""}, {""label"": ""Form separation"", ""value"": 0.0, ""impact"": ""neutral""}, {""label"": ""Probability source"", ""value"": ""FOOTBALL_V13_FALLBACK"", ""impact"": ""neutral""}]","REJECT: positive=2, negative=4, neutral=4, confidence=1.000, risk=high",2026-09-20T18:21:47+00:00,2026-09-20T18:21:47+00:00
94535bf10033841af2dfdb44,soccer_uefa_europa_league,UEFA Europa League,Torreense vs Sunderland,Torreense,Codere (IT),2026-10-15T16:45:00Z,BLOCK,REJECT,0.1830662759624682,0.15653857680014233,0.27168223093629185,0.1172910584045331,1.0,high,"[{""label"": ""Raw edge"", ""value"": 0.2717, ""impact"": ""positive""}, {""label"": ""Model-market gap"", ""value"": 0.0486, ""impact"": ""positive""}, {""label"": ""Competition importance"", ""value"": 0.88, ""impact"": ""positive""}, {""label"": ""Model dispersion"", ""value"": 0.0089, ""impact"": ""positive""}]","[{""label"": ""Historical xG"", ""value"": ""unavailable"", ""impact"": ""negative""}, {""label"": ""Decision rule"", ""value"": ""odds above maximum"", ""impact"": ""negative""}]","[{""label"": ""Consensus safety"", ""value"": 0.758, ""impact"": ""neutral""}, {""label"": ""ELO separation"", ""value"": 46.1, ""impact"": ""neutral""}, {""label"": ""Form separation"", ""value"": 0.0, ""impact"": ""neutral""}, {""label"": ""Probability source"", ""value"": ""FOOTBALL_V13_FALLBACK"", ""impact"": ""neutral""}]","REJECT: positive=4, negative=2, neutral=4, confidence=1.000, risk=high",2026-09-20T18:21:47+00:00,2026-09-20T18:21:47+00:00
ce53505ec7e6f12a2dff52fa,soccer_uefa_europa_conference_league,UEFA Conference League,Gent vs AGF Aarhus,AGF Aarhus,Coolbet,2026-10-15T16:45:00Z,BLOCK,REJECT,0.19966039349491804,0.17292611936347707,0.33055929106954496,0.17147392015654436,1.0,high,"[{""label"": ""Raw edge"", ""value"": 0.3306, ""impact"": ""positive""}, {""label"": ""Model-market gap"", ""value"": 0.0488, ""impact"": ""positive""}, {""label"": ""Competition importance"", ""value"": 0.88, ""impact"": ""positive""}, {""label"": ""Model dispersion"", ""value"": 0.0073, ""impact"": ""positive""}]","[{""label"": ""Historical xG"", ""value"": ""unavailable"", ""impact"": ""negative""}, {""label"": ""Decision rule"", ""value"": ""edge above max guard"", ""impact"": ""negative""}]","[{""label"": ""Consensus safety"", ""value"": 0.809, ""impact"": ""neutral""}, {""label"": ""ELO separation"", ""value"": 45.0, ""impact"": ""neutral""}, {""label"": ""Form separation"", ""value"": 0.0, ""impact"": ""neutral""}, {""label"": ""Probability source"", ""value"": ""FOOTBALL_V13_FALLBACK"", ""impact"": ""neutral""}]","REJECT: positive=4, negative=2, neutral=4, confidence=1.000, risk=high",2026-09-20T18:21:47+00:00,2026-09-20T18:21:47+00:00
6ab4c638c7a801133ac6c177,soccer_uefa_europa_conference_league,UEFA Conference League,Gent vs AGF Aarhus,Draw,Coolbet,2026-10-15T16:45:00Z,BLOCK,REJECT,0.24009334950199848,0.23254023473521018,0.03443059929303138,0.007269163569401247,1.0,high,"[{""label"": ""Consensus safety"", ""value"": 0.955, ""impact"": ""positive""}, {""label"": ""Competition importance"", ""value"": 0.88, ""impact"": ""positive""}, {""label"": ""Model dispersion"", ""value"": 0.0014, ""impact"": ""positive""}]","[{""label"": ""Historical xG"", ""value"": ""unavailable"", ""impact"": ""negative""}, {""label"": ""Decision rule"", ""value"": ""edge below minimum"", ""impact"": ""negative""}]","[{""label"": ""Raw edge"", ""value"": 0.0344, ""impact"": ""neutral""}, {""label"": ""Model-market gap"", ""value"": 0.0138, ""impact"": ""neutral""}, {""label"": ""ELO separation"", ""value"": 45.0, ""impact"": ""neutral""}, {""label"": ""Form separation"", ""value"": 0.0, ""impact"": ""neutral""}, {""label"": ""Probability source"", ""value"": ""FOOTBALL_V13_FALLBACK"", ""impact"": ""neutral""}]","REJECT: positive=3, negative=2, neutral=5, confidence=1.000, risk=high",2026-09-20T18:21:47+00:00,2026-09-20T18:21:47+00:00
acdf2ada76024f2ee2c86d7a,soccer_uefa_europa_conference_league,UEFA Conference League,Gent vs AGF Aarhus,Gent,Betfair,2026-10-15T16:45:00Z,BLOCK,REJECT,0.567932033994379,0.5945336459013129,-0.09379336193570564,-0.049553895631033774,1.0,high,"[{""label"": ""Competition importance"", ""value"": 0.88, ""impact"": ""positive""}, {""label"": ""Model dispersion"", ""value"": 0.0086, ""impact"": ""positive""}]","[{""label"": ""Raw edge"", ""value"": -0.0938, ""impact"": ""negative""}, {""label"": ""Model-market gap"", ""value"": -0.0486, ""impact"": ""negative""}, {""label"": ""Historical xG"", ""value"": ""unavailable"", ""impact"": ""negative""}, {""label"": ""Decision rule"", ""value"": ""edge below minimum"", ""impact"": ""negative""}]","[{""label"": ""Consensus safety"", ""value"": 0.764, ""impact"": ""neutral""}, {""label"": ""ELO separation"", ""value"": 45.0, ""impact"": ""neutral""}, {""label"": ""Form separation"", ""value"": 0.0, ""impact"": ""neutral""}, {""label"": ""Probability source"", ""value"": ""FOOTBALL_V13_FALLBACK"", ""impact"": ""neutral""}]","REJECT: positive=2, negative=4, neutral=4, confidence=1.000, risk=high",2026-09-20T18:21:47+00:00,2026-09-20T18:21:47+00:00
79c53d78b5e4e514731580ea,soccer_uefa_europa_conference_league,UEFA Conference League,PFC CSKA Sofia vs AS Monaco,AS Monaco,Unibet (NL),2026-10-15T16:45:00Z,BLOCK,REJECT,0.6110981741450229,0.6377900780166679,-0.12245508985252107,-0.07746037314122213,1.0,high,"[{""label"": ""Competition importance"", ""value"": 0.88, ""impact"": ""positive""}, {""label"": ""Model dispersion"", ""value"": 0.0073, ""impact"": ""positive""}]","[{""label"": ""Raw edge"", ""value"": -0.1225, ""impact"": ""negative""}, {""label"": ""Model-market gap"", ""value"": -0.0488, ""impact"": ""negative""}, {""label"": ""Historical xG"", ""value"": ""unavailable"", ""impact"": ""negative""}, {""label"": ""Decision rule"", ""value"": ""edge below minimum"", ""impact"": ""negative""}]","[{""label"": ""Consensus safety"", ""value"": 0.686, ""impact"": ""neutral""}, {""label"": ""ELO separation"", ""value"": 45.0, ""impact"": ""neutral""}, {""label"": ""Form separation"", ""value"": 0.0, ""impact"": ""neutral""}, {""label"": ""Probability source"", ""value"": ""FOOTBALL_V13_FALLBACK"", ""impact"": ""neutral""}]","REJECT: positive=2, negative=4, neutral=4, confidence=1.000, risk=high",2026-09-20T18:21:47+00:00,2026-09-20T18:21:47+00:00
613098125108e57290e852d8,soccer_uefa_europa_conference_league,UEFA Conference League,PFC CSKA Sofia vs AS Monaco,Draw,Coolbet,2026-10-15T16:45:00Z,BLOCK,REJECT,0.22318976176221067,0.2117829560769738,0.10478071147510071,0.05210278805908369,1.0,high,"[{""label"": ""Raw edge"", ""value"": 0.1048, ""impact"": ""positive""}, {""label"": ""Consensus safety"", ""value"": 0.933, ""impact"": ""positive""}, {""label"": ""Competition importance"", ""value"": 0.88, ""impact"": ""positive""}, {""label"": ""Model dispersion"", ""value"": 0.0014, ""impact"": ""positive""}]","[{""label"": ""Historical xG"", ""value"": ""unavailable"", ""impact"": ""negative""}, {""label"": ""Decision rule"", ""value"": ""odds above maximum"", ""impact"": ""negative""}]","[{""label"": ""Model-market gap"", ""value"": 0.0208, ""impact"": ""neutral""}, {""label"": ""ELO separation"", ""value"": 45.0, ""impact"": ""neutral""}, {""label"": ""Form separation"", ""value"": 0.0, ""impact"": ""neutral""}, {""label"": ""Probability source"", ""value"": ""FOOTBALL_V13_FALLBACK"", ""impact"": ""neutral""}]","REJECT: positive=4, negative=2, neutral=4, confidence=1.000, risk=high",2026-09-20T18:21:47+00:00,2026-09-20T18:21:47+00:00
762f314af712ab252989876f,soccer_uefa_europa_conference_league,UEFA Conference League,PFC CSKA Sofia vs AS Monaco,PFC CSKA Sofia,Betfair,2026-10-15T16:45:00Z,BLOCK,REJECT,0.17698638778881276,0.15042696590635837,0.3933709896114932,0.2068508689743143,1.0,high,"[{""label"": ""Raw edge"", ""value"": 0.3934, ""impact"": ""positive""}, {""label"": ""Model-market gap"", ""value"": 0.0486, ""impact"": ""positive""}, {""label"": ""Competition importance"", ""value"": 0.88, ""impact"": ""positive""}, {""label"": ""Model dispersion"", ""value"": 0.0086, ""impact"": ""positive""}]","[{""label"": ""Historical xG"", ""value"": ""unavailable"", ""impact"": ""negative""}, {""label"": ""Decision rule"", ""value"": ""edge above max guard"", ""impact"": ""negative""}]","[{""label"": ""Consensus safety"", ""value"": 0.752, ""impact"": ""neutral""}, {""label"": ""ELO separation"", ""value"": 45.0, ""impact"": ""neutral""}, {""label"": ""Form separation"", ""value"": 0.0, ""impact"": ""neutral""}, {""label"": ""Probability source"", ""value"": ""FOOTBALL_V13_FALLBACK"", ""impact"": ""neutral""}]","REJECT: positive=4, negative=2, neutral=4, confidence=1.000, risk=high",2026-09-20T18:21:47+00:00,2026-09-20T18:21:47+00:00
b7f6656e271806c840d2a94b,soccer_uefa_europa_conference_league,UEFA Conference League,Hajduk Split vs Ajax,Ajax,William Hill,2026-10-15T16:45:00Z,BLOCK,REJECT,0.5793780284338416,0.6061298132374288,-0.09718039777530962,-0.056162765198243,1.0,high,"[{""label"": ""Competition importance"", ""value"": 0.88, ""impact"": ""positive""}, {""label"": ""Model dispersion"", ""value"": 0.0073, ""impact"": ""positive""}]","[{""label"": ""Raw edge"", ""value"": -0.0972, ""impact"": ""negative""}, {""label"": ""Model-market gap"", ""value"": -0.0488, ""impact"": ""negative""}, {""label"": ""Historical xG"", ""value"": ""unavailable"", ""impact"": ""negative""}, {""label"": ""Decision rule"", ""value"": ""edge below minimum"", ""impact"": ""negative""}]","[{""label"": ""Consensus safety"", ""value"": 0.72, ""impact"": ""neutral""}, {""label"": ""ELO separation"", ""value"": 45.0, ""impact"": ""neutral""}, {""label"": ""Form separation"", ""value"": 0.0, ""impact"": ""neutral""}, {""label"": ""Probability source"", ""value"": ""FOOTBALL_V13_FALLBACK"", ""impact"": ""neutral""}]","REJECT: positive=2, negative=4, neutral=4, confidence=1.000, risk=high",2026-09-20T18:21:47+00:00,2026-09-20T18:21:47+00:00
2e35b2ebc0922b98ed1c337e,soccer_uefa_europa_conference_league,UEFA Conference League,Hajduk Split vs Ajax,Draw,Betfair,2026-10-15T16:45:00Z,BLOCK,REJECT,0.22827514061513948,0.21807830146368432,0.11217352354907995,0.06311308549438926,1.0,high,"[{""label"": ""Raw edge"", ""value"": 0.1122, ""impact"": ""positive""}, {""label"": ""Consensus safety"", ""value"": 0.94, ""impact"": ""positive""}, {""label"": ""Competition importance"", ""value"": 0.88, ""impact"": ""positive""}, {""label"": ""Model dispersion"", ""value"": 0.0014, ""impact"": ""positive""}]","[{""label"": ""Historical xG"", ""value"": ""unavailable"", ""impact"": ""negative""}, {""label"": ""Decision rule"", ""value"": ""odds above maximum"", ""impact"": ""negative""}]","[{""label"": ""Model-market gap"", ""value"": 0.0186, ""impact"": ""neutral""}, {""label"": ""ELO separation"", ""value"": 45.0, ""impact"": ""neutral""}, {""label"": ""Form separation"", ""value"": 0.0, ""impact"": ""neutral""}, {""label"": ""Probability source"", ""value"": ""FOOTBALL_V13_FALLBACK"", ""impact"": ""neutral""}]","REJECT: positive=4, negative=2, neutral=4, confidence=1.000, risk=high",2026-09-20T18:21:47+00:00,2026-09-20T18:21:47+00:00
043d3f70105e1066186d8d67,soccer_uefa_europa_conference_league,UEFA Conference League,Hajduk Split vs Ajax,Hajduk Split,Betfair,2026-10-15T16:45:00Z,BLOCK,REJECT,0.20241093339077829,0.17579188529888692,0.3913910910324281,0.2207414424379729,1.0,high,"[{""label"": ""Raw edge"", ""value"": 0.3914, ""impact"": ""positive""}, {""label"": ""Model-market gap"", ""value"": 0.0486, ""impact"": ""positive""}, {""label"": ""Competition importance"", ""value"": 0.88, ""impact"": ""positive""}, {""label"": ""Model dispersion"", ""value"": 0.0086, ""impact"": ""positive""}]","[{""label"": ""Historical xG"", ""value"": ""unavailable"", ""impact"": ""negative""}, {""label"": ""Decision rule"", ""value"": ""edge above max guard"", ""impact"": ""negative""}]","[{""label"": ""Consensus safety"", ""value"": 0.78, ""impact"": ""neutral""}, {""label"": ""ELO separation"", ""value"": 45.0, ""impact"": ""neutral""}, {""label"": ""Form separation"", ""value"": 0.0, ""impact"": ""neutral""}, {""label"": ""Probability source"", ""value"": ""FOOTBALL_V13_FALLBACK"", ""impact"": ""neutral""}]","REJECT: positive=4, negative=2, neutral=4, confidence=1.000, risk=high",2026-09-20T18:21:47+00:00,2026-09-20T18:21:47+00:00
144dee6e67863c4c1d4524e9,soccer_uefa_europa_conference_league,UEFA Conference League,Riga FC vs FC Kairat,Draw,1xBet,2026-10-15T16:45:00Z,BLOCK,REJECT,0.2700604605485486,0.2692526174223324,-0.022680626676453097,-0.021748524003811248,1.0,high,"[{""label"": ""Consensus safety"", ""value"": 0.994, ""impact"": ""positive""}, {""label"": ""Competition importance"", ""value"": 0.88, ""impact"": ""positive""}, {""label"": ""Model dispersion"", ""value"": 0.0014, ""impact"": ""positive""}]","[{""label"": ""Raw edge"", ""value"": -0.0227, ""impact"": ""negative""}, {""label"": ""Historical xG"", ""value"": ""unavailable"", ""impact"": ""negative""}, {""label"": ""Decision rule"", ""value"": ""edge below minimum"", ""impact"": ""negative""}]","[{""label"": ""Model-market gap"", ""value"": 0.0015, ""impact"": ""neutral""}, {""label"": ""ELO separation"", ""value"": 45.0, ""impact"": ""neutral""}, {""label"": ""Form separation"", ""value"": 0.0, ""impact"": ""neutral""}, {""label"": ""Probability source"", ""value"": ""FOOTBALL_V13_FALLBACK"", ""impact"": ""neutral""}]","REJECT: positive=3, negative=3, neutral=4, confidence=1.000, risk=high",2026-09-20T18:21:47+00:00,2026-09-20T18:21:47+00:00
6fd105758780ae78faa5b8b2,soccer_uefa_europa_conference_league,UEFA Conference League,Riga FC vs FC Kairat,FC Kairat,Betfair,2026-10-15T16:45:00Z,BLOCK,REJECT,0.25006926877454055,0.22909312368204734,0.17683414829047606,0.08684688992546609,1.0,high,"[{""label"": ""Raw edge"", ""value"": 0.1768, ""impact"": ""positive""}, {""label"": ""Consensus safety"", ""value"": 0.869, ""impact"": ""positive""}, {""label"": ""Competition importance"", ""value"": 0.88, ""impact"": ""positive""}, {""label"": ""Model dispersion"", ""value"": 0.0073, ""impact"": ""positive""}]","[{""label"": ""Historical xG"", ""value"": ""unavailable"", ""impact"": ""negative""}, {""label"": ""Decision rule"", ""value"": ""odds above maximum"", ""impact"": ""negative""}]","[{""label"": ""Model-market gap"", ""value"": 0.0384, ""impact"": ""neutral""}, {""label"": ""ELO separation"", ""value"": 45.0, ""impact"": ""neutral""}, {""label"": ""Form separation"", ""value"": 0.0, ""impact"": ""neutral""}, {""label"": ""Probability source"", ""value"": ""FOOTBALL_V13_FALLBACK"", ""impact"": ""neutral""}]","REJECT: positive=4, negative=2, neutral=4, confidence=1.000, risk=high",2026-09-20T18:21:47+00:00,2026-09-20T18:21:47+00:00
6f6b0258b1db5b3d22352ccd,soccer_uefa_europa_conference_league,UEFA Conference League,Riga FC vs FC Kairat,Riga FC,Coolbet,2026-10-15T16:45:00Z,BLOCK,REJECT,0.4800284745950313,0.5016542588956203,-0.10820766968230777,-0.06370431705512346,1.0,high,"[{""label"": ""Consensus safety"", ""value"": 0.864, ""impact"": ""positive""}, {""label"": ""Competition importance"", ""value"": 0.88, ""impact"": ""positive""}, {""label"": ""Model dispersion"", ""value"": 0.0086, ""impact"": ""positive""}]","[{""label"": ""Raw edge"", ""value"": -0.1082, ""impact"": ""negative""}, {""label"": ""Model-market gap"", ""value"": -0.0396, ""impact"": ""negative""}, {""label"": ""Historical xG"", ""value"": ""unavailable"", ""impact"": ""negative""}, {""label"": ""Decision rule"", ""value"": ""edge below minimum"", ""impact"": ""negative""}]","[{""label"": ""ELO separation"", ""value"": 45.0, ""impact"": ""neutral""}, {""label"": ""Form separation"", ""value"": 0.0, ""impact"": ""neutral""}, {""label"": ""Probability source"", ""value"": ""FOOTBALL_V13_FALLBACK"", ""impact"": ""neutral""}]","REJECT: positive=3, negative=4, neutral=3, confidence=1.000, risk=high",2026-09-20T18:21:47+00:00,2026-09-20T18:21:47+00:00
036a42ea3776bf39baa5c405,soccer_uefa_europa_conference_league,UEFA Conference League,FC Lugano vs Red Star Belgrade,Draw,Betfair,2026-10-15T16:45:00Z,BLOCK,REJECT,0.266345975766176,0.2647068528346286,0.030605879720148277,0.02201979436086856,1.0,high,"[{""label"": ""Consensus safety"", ""value"": 0.989, ""impact"": ""positive""}, {""label"": ""Competition importance"", ""value"": 0.88, ""impact"": ""positive""}, {""label"": ""Model dispersion"", ""value"": 0.0014, ""impact"": ""positive""}]","[{""label"": ""Historical xG"", ""value"": ""unavailable"", ""impact"": ""negative""}, {""label"": ""Decision rule"", ""value"": ""edge below minimum"", ""impact"": ""negative""}]","[{""label"": ""Raw edge"", ""value"": 0.0306, ""impact"": ""neutral""}, {""label"": ""Model-market gap"", ""value"": 0.003, ""impact"": ""neutral""}, {""label"": ""ELO separation"", ""value"": 45.0, ""impact"": ""neutral""}, {""label"": ""Form separation"", ""value"": 0.0, ""impact"": ""neutral""}, {""label"": ""Probability source"", ""value"": ""FOOTBALL_V13_FALLBACK"", ""impact"": ""neutral""}]","REJECT: positive=3, negative=2, neutral=5, confidence=1.000, risk=high",2026-09-20T18:21:47+00:00,2026-09-20T18:21:47+00:00
3aef90a8419250920acd99d4,soccer_uefa_europa_conference_league,UEFA Conference League,FC Lugano vs Red Star Belgrade,FC Lugano,Unibet (NL),2026-10-15T16:45:00Z,BLOCK,REJECT,0.3568484004405245,0.3517962177206309,0.01087418974936294,-0.0007138584504259399,1.0,high,"[{""label"": ""Consensus safety"", ""value"": 0.962, ""impact"": ""positive""}, {""label"": ""Competition importance"", ""value"": 0.88, ""impact"": ""positive""}, {""label"": ""Model dispersion"", ""value"": 0.0086, ""impact"": ""positive""}]","[{""label"": ""Historical xG"", ""value"": ""unavailable"", ""impact"": ""negative""}, {""label"": ""Decision rule"", ""value"": ""edge below minimum"", ""impact"": ""negative""}]","[{""label"": ""Raw edge"", ""value"": 0.0109, ""impact"": ""neutral""}, {""label"": ""Model-market gap"", ""value"": 0.0092, ""impact"": ""neutral""}, {""label"": ""ELO separation"", ""value"": 45.0, ""impact"": ""neutral""}, {""label"": ""Form separation"", ""value"": 0.0, ""impact"": ""neutral""}, {""label"": ""Probability source"", ""value"": ""FOOTBALL_V13_FALLBACK"", ""impact"": ""neutral""}]","REJECT: positive=3, negative=2, neutral=5, confidence=1.000, risk=high",2026-09-20T18:21:47+00:00,2026-09-20T18:21:47+00:00
e714b5506ce2206144639fbd,soccer_uefa_europa_conference_league,UEFA Conference League,FC Lugano vs Red Star Belgrade,Red Star Belgrade,Coolbet,2026-10-15T16:45:00Z,BLOCK,REJECT,0.376818891754182,0.3834969294447406,-0.0346072373992512,-0.017558527228976613,1.0,high,"[{""label"": ""Consensus safety"", ""value"": 0.956, ""impact"": ""positive""}, {""label"": ""Competition importance"", ""value"": 0.88, ""impact"": ""positive""}, {""label"": ""Model dispersion"", ""value"": 0.0073, ""impact"": ""positive""}]","[{""label"": ""Raw edge"", ""value"": -0.0346, ""impact"": ""negative""}, {""label"": ""Model-market gap"", ""value"": -0.0122, ""impact"": ""negative""}, {""label"": ""Historical xG"", ""value"": ""unavailable"", ""impact"": ""negative""}, {""label"": ""Decision rule"", ""value"": ""edge below minimum"", ""impact"": ""negative""}]","[{""label"": ""ELO separation"", ""value"": 45.0, ""impact"": ""neutral""}, {""label"": ""Form separation"", ""value"": 0.0, ""impact"": ""neutral""}, {""label"": ""Probability source"", ""value"": ""FOOTBALL_V13_FALLBACK"", ""impact"": ""neutral""}]","REJECT: positive=3, negative=4, neutral=3, confidence=1.000, risk=high",2026-09-20T18:21:47+00:00,2026-09-20T18:21:47+00:00
f9398c57384c01a5a146275d,soccer_uefa_europa_conference_league,UEFA Conference League,KF Egnatia vs FC Midtjylland,Draw,1xBet,2026-10-15T16:45:00Z,BLOCK,REJECT,0.23977611100066734,0.23213641211189945,0.045743660166372546,0.016517043385776007,1.0,high,"[{""label"": ""Consensus safety"", ""value"": 0.955, ""impact"": ""positive""}, {""label"": ""Competition importance"", ""value"": 0.88, ""impact"": ""positive""}, {""label"": ""Model dispersion"", ""value"": 0.0014, ""impact"": ""positive""}]","[{""label"": ""Historical xG"", ""value"": ""unavailable"", ""impact"": ""negative""}, {""label"": ""Decision rule"", ""value"": ""edge below minimum"", ""impact"": ""negative""}]","[{""label"": ""Raw edge"", ""value"": 0.0457, ""impact"": ""neutral""}, {""label"": ""Model-market gap"", ""value"": 0.0139, ""impact"": ""neutral""}, {""label"": ""ELO separation"", ""value"": 45.0, ""impact"": ""neutral""}, {""label"": ""Form separation"", ""value"": 0.0, ""impact"": ""neutral""}, {""label"": ""Probability source"", ""value"": ""FOOTBALL_V13_FALLBACK"", ""impact"": ""neutral""}]","REJECT: positive=3, negative=2, neutral=5, confidence=1.000, risk=high",2026-09-20T18:21:47+00:00,2026-09-20T18:21:47+00:00
771752b40d9b1f3d6cc5eee0,soccer_uefa_europa_conference_league,UEFA Conference League,KF Egnatia vs FC Midtjylland,FC Midtjylland,Unibet (NL),2026-10-15T16:45:00Z,BLOCK,REJECT,0.57031952136191,0.5970335632418904,-0.10643432476047754,-0.060936405575324475,1.0,high,"[{""label"": ""Competition importance"", ""value"": 0.88, ""impact"": ""positive""}, {""label"": ""Model dispersion"", ""value"": 0.0073, ""impact"": ""positive""}]","[{""label"": ""Raw edge"", ""value"": -0.1064, ""impact"": ""negative""}, {""label"": ""Model-market gap"", ""value"": -0.0488, ""impact"": ""negative""}, {""label"": ""Historical xG"", ""value"": ""unavailable"", ""impact"": ""negative""}, {""label"": ""Decision rule"", ""value"": ""edge below minimum"", ""impact"": ""negative""}]","[{""label"": ""Consensus safety"", ""value"": 0.73, ""impact"": ""neutral""}, {""label"": ""ELO separation"", ""value"": 45.0, ""impact"": ""neutral""}, {""label"": ""Form separation"", ""value"": 0.0, ""impact"": ""neutral""}, {""label"": ""Probability source"", ""value"": ""FOOTBALL_V13_FALLBACK"", ""impact"": ""neutral""}]","REJECT: positive=2, negative=4, neutral=4, confidence=1.000, risk=high",2026-09-20T18:21:47+00:00,2026-09-20T18:21:47+00:00
250f7a671d401e5407868f56,soccer_uefa_europa_conference_league,UEFA Conference League,KF Egnatia vs FC Midtjylland,KF Egnatia,Betfair,2026-10-15T16:45:00Z,BLOCK,REJECT,0.19741149036597164,0.17083002464621025,0.31673634353467683,0.15971874422141535,1.0,high,"[{""label"": ""Raw edge"", ""value"": 0.3167, ""impact"": ""positive""}, {""label"": ""Model-market gap"", ""value"": 0.0486, ""impact"": ""positive""}, {""label"": ""Competition importance"", ""value"": 0.88, ""impact"": ""positive""}, {""label"": ""Model dispersion"", ""value"": 0.0086, ""impact"": ""positive""}]","[{""label"": ""Historical xG"", ""value"": ""unavailable"", ""impact"": ""negative""}, {""label"": ""Decision rule"", ""value"": ""edge above max guard"", ""impact"": ""negative""}]","[{""label"": ""Consensus safety"", ""value"": 0.774, ""impact"": ""neutral""}, {""label"": ""ELO separation"", ""value"": 45.0, ""impact"": ""neutral""}, {""label"": ""Form separation"", ""value"": 0.0, ""impact"": ""neutral""}, {""label"": ""Probability source"", ""value"": ""FOOTBALL_V13_FALLBACK"", ""impact"": ""neutral""}]","REJECT: positive=4, negative=2, neutral=4, confidence=1.000, risk=high",2026-09-20T18:21:47+00:00,2026-09-20T18:21:47+00:00
eafd4e4cd48a75d6422a147e,soccer_uefa_europa_conference_league,UEFA Conference League,Panathinaikos FC vs FK Borac Banja Luka,Draw,1xBet,2026-10-15T16:45:00Z,BLOCK,REJECT,0.17532083827893163,0.15306359894686275,0.31309726288427764,0.16360146285455562,1.0,high,"[{""label"": ""Raw edge"", ""value"": 0.3131, ""impact"": ""positive""}, {""label"": ""Consensus safety"", ""value"": 0.869, ""impact"": ""positive""}, {""label"": ""Model-market gap"", ""value"": 0.0406, ""impact"": ""positive""}, {""label"": ""Competition importance"", ""value"": 0.88, ""impact"": ""positive""}, {""label"": ""Model dispersion"", ""value"": 0.0014, ""impact"": ""positive""}]","[{""label"": ""Historical xG"", ""value"": ""unavailable"", ""impact"": ""negative""}, {""label"": ""Decision rule"", ""value"": ""edge above max guard"", ""impact"": ""negative""}]","[{""label"": ""ELO separation"", ""value"": 45.0, ""impact"": ""neutral""}, {""label"": ""Form separation"", ""value"": 0.0, ""impact"": ""neutral""}, {""label"": ""Probability source"", ""value"": ""FOOTBALL_V13_FALLBACK"", ""impact"": ""neutral""}]","REJECT: positive=5, negative=2, neutral=3, confidence=1.000, risk=high",2026-09-20T18:21:47+00:00,2026-09-20T18:21:47+00:00
6ceff26d58cbb1405e999e68,soccer_uefa_europa_conference_league,UEFA Conference League,Panathinaikos FC vs FK Borac Banja Luka,FK Borac Banja Luka,Betfair,2026-10-15T16:45:00Z,BLOCK,REJECT,0.10294939034338661,0.07626955298789069,0.8139980743053978,0.4266517242947091,1.0,high,"[{""label"": ""Raw edge"", ""value"": 0.814, ""impact"": ""positive""}, {""label"": ""Model-market gap"", ""value"": 0.0488, ""impact"": ""positive""}, {""label"": ""Competition importance"", ""value"": 0.88, ""impact"": ""positive""}, {""label"": ""Model dispersion"", ""value"": 0.0073, ""impact"": ""positive""}]","[{""label"": ""Historical xG"", ""value"": ""unavailable"", ""impact"": ""negative""}, {""label"": ""Decision rule"", ""value"": ""edge above max guard"", ""impact"": ""negative""}]","[{""label"": ""Consensus safety"", ""value"": 0.705, ""impact"": ""neutral""}, {""label"": ""ELO separation"", ""value"": 45.0, ""impact"": ""neutral""}, {""label"": ""Form separation"", ""value"": 0.0, ""impact"": ""neutral""}, {""label"": ""Probability source"", ""value"": ""FOOTBALL_V13_FALLBACK"", ""impact"": ""neutral""}]","REJECT: positive=4, negative=2, neutral=4, confidence=1.000, risk=high",2026-09-20T18:21:47+00:00,2026-09-20T18:21:47+00:00
a41cf8804c815cd8fbc199b3,soccer_uefa_europa_conference_league,UEFA Conference League,Panathinaikos FC vs FK Borac Banja Luka,Panathinaikos FC,1xBet,2026-10-15T16:45:00Z,BLOCK,REJECT,0.7441194413701938,0.7706668480652464,-0.11188979698951707,-0.07347256484632234,1.0,high,"[{""label"": ""Competition importance"", ""value"": 0.88, ""impact"": ""positive""}, {""label"": ""Model dispersion"", ""value"": 0.0086, ""impact"": ""positive""}]","[{""label"": ""Raw edge"", ""value"": -0.1119, ""impact"": ""negative""}, {""label"": ""Consensus safety"", ""value"": 0.574, ""impact"": ""negative""}, {""label"": ""Model-market gap"", ""value"": -0.0486, ""impact"": ""negative""}, {""label"": ""Historical xG"", ""value"": ""unavailable"", ""impact"": ""negative""}, {""label"": ""Decision rule"", ""value"": ""edge below minimum"", ""impact"": ""negative""}]","[{""label"": ""ELO separation"", ""value"": 45.0, ""impact"": ""neutral""}, {""label"": ""Form separation"", ""value"": 0.0, ""impact"": ""neutral""}, {""label"": ""Probability source"", ""value"": ""FOOTBALL_V13_FALLBACK"", ""impact"": ""neutral""}]","REJECT: positive=2, negative=5, neutral=3, confidence=1.000, risk=high",2026-09-20T18:21:47+00:00,2026-09-20T18:21:47+00:00
bcbdff491ffc8a4533eb1450,soccer_uefa_europa_conference_league,UEFA Conference League,Universitatea Craiova vs Getafe,Draw,William Hill,2026-10-15T16:45:00Z,BLOCK,REJECT,0.2836146763778524,0.2858718685689063,-0.013823764967356711,-0.006720985225666557,1.0,high,"[{""label"": ""Consensus safety"", ""value"": 0.986, ""impact"": ""positive""}, {""label"": ""Competition importance"", ""value"": 0.88, ""impact"": ""positive""}, {""label"": ""Model dispersion"", ""value"": 0.0014, ""impact"": ""positive""}]","[{""label"": ""Raw edge"", ""value"": -0.0138, ""impact"": ""negative""}, {""label"": ""Model-market gap"", ""value"": -0.0041, ""impact"": ""negative""}, {""label"": ""Historical xG"", ""value"": ""unavailable"", ""impact"": ""negative""}, {""label"": ""Decision rule"", ""value"": ""edge below minimum"", ""impact"": ""negative""}]","[{""label"": ""ELO separation"", ""value"": 45.0, ""impact"": ""neutral""}, {""label"": ""Form separation"", ""value"": 0.0, ""impact"": ""neutral""}, {""label"": ""Probability source"", ""value"": ""FOOTBALL_V13_FALLBACK"", ""impact"": ""neutral""}]","REJECT: positive=3, negative=4, neutral=3, confidence=1.000, risk=high",2026-09-20T18:21:47+00:00,2026-09-20T18:21:47+00:00
91aae4165dea6f27d65b6cfa,soccer_uefa_europa_conference_league,UEFA Conference League,Universitatea Craiova vs Getafe,Getafe,Pinnacle,2026-10-15T16:45:00Z,BLOCK,REJECT,0.4197451923875781,0.435846180106898,-0.052960310277883726,-0.019042806774897295,1.0,high,"[{""label"": ""Consensus safety"", ""value"": 0.903, ""impact"": ""positive""}, {""label"": ""Competition importance"", ""value"": 0.88, ""impact"": ""positive""}, {""label"": ""Model dispersion"", ""value"": 0.0073, ""impact"": ""positive""}]","[{""label"": ""Raw edge"", ""value"": -0.053, ""impact"": ""negative""}, {""label"": ""Model-market gap"", ""value"": -0.0294, ""impact"": ""negative""}, {""label"": ""Historical xG"", ""value"": ""unavailable"", ""impact"": ""negative""}, {""label"": ""Decision rule"", ""value"": ""edge below minimum"", ""impact"": ""negative""}]","[{""label"": ""ELO separation"", ""value"": 45.0, ""impact"": ""neutral""}, {""label"": ""Form separation"", ""value"": 0.0, ""impact"": ""neutral""}, {""label"": ""Probability source"", ""value"": ""FOOTBALL_V13_FALLBACK"", ""impact"": ""neutral""}]","REJECT: positive=3, negative=4, neutral=3, confidence=1.000, risk=high",2026-09-20T18:21:47+00:00,2026-09-20T18:21:47+00:00
11473516fe4bd3dd0849b578,soccer_uefa_europa_conference_league,UEFA Conference League,Universitatea Craiova vs Getafe,Universitatea Craiova,Coolbet,2026-10-15T16:45:00Z,PASS,PASS,0.29646362482450483,0.27828195132419564,0.12138239335572032,0.05826808461912147,1.0,low,"[{""label"": ""Raw edge"", ""value"": 0.1214, ""impact"": ""positive""}, {""label"": ""Consensus safety"", ""value"": 0.889, ""impact"": ""positive""}, {""label"": ""Competition importance"", ""value"": 0.88, ""impact"": ""positive""}, {""label"": ""Model dispersion"", ""value"": 0.0086, ""impact"": ""positive""}]","[{""label"": ""Historical xG"", ""value"": ""unavailable"", ""impact"": ""negative""}]","[{""label"": ""Model-market gap"", ""value"": 0.0332, ""impact"": ""neutral""}, {""label"": ""ELO separation"", ""value"": 45.0, ""impact"": ""neutral""}, {""label"": ""Form separation"", ""value"": 0.0, ""impact"": ""neutral""}, {""label"": ""Probability source"", ""value"": ""FOOTBALL_V13_FALLBACK"", ""impact"": ""neutral""}]","PASS: positive=4, negative=1, neutral=4, confidence=1.000, risk=low",2026-09-20T18:21:47+00:00,2026-09-20T18:21:47+00:00
80be5c9ca92e0ee207bc7562,soccer_uefa_europa_conference_league,UEFA Conference League,Mjällby AIF vs Inter Club d'Escaldes,Draw,Coolbet,2026-10-15T16:45:00Z,BLOCK,REJECT,0.18008846376209398,0.1590503618206976,0.282695922803444,0.14775114959163912,1.0,high,"[{""label"": ""Raw edge"", ""value"": 0.2827, ""impact"": ""positive""}, {""label"": ""Consensus safety"", ""value"": 0.876, ""impact"": ""positive""}, {""label"": ""Competition importance"", ""value"": 0.88, ""impact"": ""positive""}, {""label"": ""Model dispersion"", ""value"": 0.0014, ""impact"": ""positive""}]","[{""label"": ""Historical xG"", ""value"": ""unavailable"", ""impact"": ""negative""}, {""label"": ""Decision rule"", ""value"": ""odds above maximum"", ""impact"": ""negative""}]","[{""label"": ""Model-market gap"", ""value"": 0.0383, ""impact"": ""neutral""}, {""label"": ""ELO separation"", ""value"": 45.0, ""impact"": ""neutral""}, {""label"": ""Form separation"", ""value"": 0.0, ""impact"": ""neutral""}, {""label"": ""Probability source"", ""value"": ""FOOTBALL_V13_FALLBACK"", ""impact"": ""neutral""}]","REJECT: positive=4, negative=2, neutral=4, confidence=1.000, risk=high",2026-09-20T18:21:47+00:00,2026-09-20T18:21:47+00:00
64a53cd90338a8a55ad98e77,soccer_uefa_europa_conference_league,UEFA Conference League,Mjällby AIF vs Inter Club d'Escaldes,Inter Club d'Escaldes,Coolbet,2026-10-15T16:45:00Z,BLOCK,REJECT,0.1057630693686178,0.07901558882294162,0.9177402695658305,0.5079763700399907,1.0,high,"[{""label"": ""Raw edge"", ""value"": 0.9177, ""impact"": ""positive""}, {""label"": ""Model-market gap"", ""value"": 0.0488, ""impact"": ""positive""}, {""label"": ""Competition importance"", ""value"": 0.88, ""impact"": ""positive""}, {""label"": ""Model dispersion"", ""value"": 0.0073, ""impact"": ""positive""}]","[{""label"": ""Historical xG"", ""value"": ""unavailable"", ""impact"": ""negative""}, {""label"": ""Decision rule"", ""value"": ""edge above max guard"", ""impact"": ""negative""}]","[{""label"": ""Consensus safety"", ""value"": 0.708, ""impact"": ""neutral""}, {""label"": ""ELO separation"", ""value"": 45.0, ""impact"": ""neutral""}, {""label"": ""Form separation"", ""value"": 0.0, ""impact"": ""neutral""}, {""label"": ""Probability source"", ""value"": ""FOOTBALL_V13_FALLBACK"", ""impact"": ""neutral""}]","REJECT: positive=4, negative=2, neutral=4, confidence=1.000, risk=high",2026-09-20T18:21:47+00:00,2026-09-20T18:21:47+00:00
d79bf28c902b288ee248fc6e,soccer_uefa_europa_conference_league,UEFA Conference League,Mjällby AIF vs Inter Club d'Escaldes,Mjällby AIF,Betfair,2026-10-15T16:45:00Z,BLOCK,REJECT,0.7353192872128567,0.7619340493563609,-0.08696573856410661,-0.05090328198719012,1.0,high,"[{""label"": ""Competition importance"", ""value"": 0.88, ""impact"": ""positive""}, {""label"": ""Model dispersion"", ""value"": 0.0086, ""impact"": ""positive""}]","[{""label"": ""Raw edge"", ""value"": -0.087, ""impact"": ""negative""}, {""label"": ""Consensus safety"", ""value"": 0.583, ""impact"": ""negative""}, {""label"": ""Model-market gap"", ""value"": -0.0486, ""impact"": ""negative""}, {""label"": ""Historical xG"", ""value"": ""unavailable"", ""impact"": ""negative""}, {""label"": ""Decision rule"", ""value"": ""edge below minimum"", ""impact"": ""negative""}]","[{""label"": ""ELO separation"", ""value"": 45.0, ""impact"": ""neutral""}, {""label"": ""Form separation"", ""value"": 0.0, ""impact"": ""neutral""}, {""label"": ""Probability source"", ""value"": ""FOOTBALL_V13_FALLBACK"", ""impact"": ""neutral""}]","REJECT: positive=2, negative=5, neutral=3, confidence=1.000, risk=high",2026-09-20T18:21:47+00:00,2026-09-20T18:21:47+00:00
9e3560bafa275143a0fcfab5,soccer_uefa_europa_conference_league,UEFA Conference League,KuPS Kuopio vs Trabzonspor,Draw,1xBet,2026-10-15T16:45:00Z,BLOCK,REJECT,0.23514942012634926,0.22645847468078012,0.06854316207277478,0.03209067483806716,1.0,high,"[{""label"": ""Consensus safety"", ""value"": 0.949, ""impact"": ""positive""}, {""label"": ""Competition importance"", ""value"": 0.88, ""impact"": ""positive""}, {""label"": ""Model dispersion"", ""value"": 0.0014, ""impact"": ""positive""}]","[{""label"": ""Historical xG"", ""value"": ""unavailable"", ""impact"": ""negative""}, {""label"": ""Decision rule"", ""value"": ""edge below minimum"", ""impact"": ""negative""}]","[{""label"": ""Raw edge"", ""value"": 0.0685, ""impact"": ""neutral""}, {""label"": ""Model-market gap"", ""value"": 0.0158, ""impact"": ""neutral""}, {""label"": ""ELO separation"", ""value"": 45.0, ""impact"": ""neutral""}, {""label"": ""Form separation"", ""value"": 0.0, ""impact"": ""neutral""}, {""label"": ""Probability source"", ""value"": ""FOOTBALL_V13_FALLBACK"", ""impact"": ""neutral""}]","REJECT: positive=3, negative=2, neutral=5, confidence=1.000, risk=high",2026-09-20T18:21:47+00:00,2026-09-20T18:21:47+00:00
b60b5ea0a0f1c689243b18a0,soccer_uefa_europa_conference_league,UEFA Conference League,KuPS Kuopio vs Trabzonspor,KuPS Kuopio,Betfair,2026-10-15T16:45:00Z,BLOCK,REJECT,0.18455385339866176,0.15798094529326487,0.40492744973927164,0.22075738763951044,1.0,high,"[{""label"": ""Raw edge"", ""value"": 0.4049, ""impact"": ""positive""}, {""label"": ""Model-market gap"", ""value"": 0.0486, ""impact"": ""positive""}, {""label"": ""Competition importance"", ""value"": 0.88, ""impact"": ""positive""}, {""label"": ""Model dispersion"", ""value"": 0.0086, ""impact"": ""positive""}]","[{""label"": ""Historical xG"", ""value"": ""unavailable"", ""impact"": ""negative""}, {""label"": ""Decision rule"", ""value"": ""edge above max guard"", ""impact"": ""negative""}]","[{""label"": ""Consensus safety"", ""value"": 0.761, ""impact"": ""neutral""}, {""label"": ""ELO separation"", ""value"": 45.0, ""impact"": ""neutral""}, {""label"": ""Form separation"", ""value"": 0.0, ""impact"": ""neutral""}, {""label"": ""Probability source"", ""value"": ""FOOTBALL_V13_FALLBACK"", ""impact"": ""neutral""}]","REJECT: positive=4, negative=2, neutral=4, confidence=1.000, risk=high",2026-09-20T18:21:47+00:00,2026-09-20T18:21:47+00:00
ff001e509f37dad3bc6aa8f1,soccer_uefa_europa_conference_league,UEFA Conference League,KuPS Kuopio vs Trabzonspor,Trabzonspor,Coolbet,2026-10-15T16:45:00Z,BLOCK,REJECT,0.5888551323183728,0.615560580025955,-0.12157343280601263,-0.07559673602450513,1.0,high,"[{""label"": ""Competition importance"", ""value"": 0.88, ""impact"": ""positive""}, {""label"": ""Model dispersion"", ""value"": 0.0073, ""impact"": ""positive""}]","[{""label"": ""Raw edge"", ""value"": -0.1216, ""impact"": ""negative""}, {""label"": ""Model-market gap"", ""value"": -0.0488, ""impact"": ""negative""}, {""label"": ""Historical xG"", ""value"": ""unavailable"", ""impact"": ""negative""}, {""label"": ""Decision rule"", ""value"": ""edge below minimum"", ""impact"": ""negative""}]","[{""label"": ""Consensus safety"", ""value"": 0.71, ""impact"": ""neutral""}, {""label"": ""ELO separation"", ""value"": 45.0, ""impact"": ""neutral""}, {""label"": ""Form separation"", ""value"": 0.0, ""impact"": ""neutral""}, {""label"": ""Probability source"", ""value"": ""FOOTBALL_V13_FALLBACK"", ""impact"": ""neutral""}]","REJECT: positive=2, negative=4, neutral=4, confidence=1.000, risk=high",2026-09-20T18:21:47+00:00,2026-09-20T18:21:47+00:00
3740a8e8f3da33c4a193bffb,soccer_uefa_europa_conference_league,UEFA Conference League,Atalanta BC vs Pafos FC,Atalanta BC,1xBet,2026-10-15T19:00:00Z,BLOCK,REJECT,0.6689745903361421,0.6955337166422061,-0.12020554971561381,-0.0782082380581229,1.0,high,"[{""label"": ""Competition importance"", ""value"": 0.88, ""impact"": ""positive""}, {""label"": ""Model dispersion"", ""value"": 0.0086, ""impact"": ""positive""}]","[{""label"": ""Raw edge"", ""value"": -0.1202, ""impact"": ""negative""}, {""label"": ""Model-market gap"", ""value"": -0.0486, ""impact"": ""negative""}, {""label"": ""Historical xG"", ""value"": ""unavailable"", ""impact"": ""negative""}, {""label"": ""Decision rule"", ""value"": ""edge below minimum"", ""impact"": ""negative""}]","[{""label"": ""Consensus safety"", ""value"": 0.655, ""impact"": ""neutral""}, {""label"": ""ELO separation"", ""value"": 45.0, ""impact"": ""neutral""}, {""label"": ""Form separation"", ""value"": 0.0, ""impact"": ""neutral""}, {""label"": ""Probability source"", ""value"": ""FOOTBALL_V13_FALLBACK"", ""impact"": ""neutral""}]","REJECT: positive=2, negative=4, neutral=4, confidence=1.000, risk=high",2026-09-20T18:21:47+00:00,2026-09-20T18:21:47+00:00
e4d6dc2190b73f4ade870522,soccer_uefa_europa_conference_league,UEFA Conference League,Atalanta BC vs Pafos FC,Draw,Betfair,2026-10-15T19:00:00Z,BLOCK,REJECT,0.2043306495893001,0.18865890567243987,0.1730938230946022,0.08951427420308021,1.0,high,"[{""label"": ""Raw edge"", ""value"": 0.1731, ""impact"": ""positive""}, {""label"": ""Consensus safety"", ""value"": 0.908, ""impact"": ""positive""}, {""label"": ""Competition importance"", ""value"": 0.88, ""impact"": ""positive""}, {""label"": ""Model dispersion"", ""value"": 0.0014, ""impact"": ""positive""}]","[{""label"": ""Historical xG"", ""value"": ""unavailable"", ""impact"": ""negative""}, {""label"": ""Decision rule"", ""value"": ""odds above maximum"", ""impact"": ""negative""}]","[{""label"": ""Model-market gap"", ""value"": 0.0286, ""impact"": ""neutral""}, {""label"": ""ELO separation"", ""value"": 45.0, ""impact"": ""neutral""}, {""label"": ""Form separation"", ""value"": 0.0, ""impact"": ""neutral""}, {""label"": ""Probability source"", ""value"": ""FOOTBALL_V13_FALLBACK"", ""impact"": ""neutral""}]","REJECT: positive=4, negative=2, neutral=4, confidence=1.000, risk=high",2026-09-20T18:21:47+00:00,2026-09-20T18:21:47+00:00
f2baa8c8f6cc2fbbd0a92fcb,soccer_uefa_europa_conference_league,UEFA Conference League,Atalanta BC vs Pafos FC,Pafos FC,Betfair,2026-10-15T19:00:00Z,BLOCK,REJECT,0.14249898471790956,0.11580737768535408,0.5805549456012913,0.3186170010077532,1.0,high,"[{""label"": ""Raw edge"", ""value"": 0.5806, ""impact"": ""positive""}, {""label"": ""Model-market gap"", ""value"": 0.0488, ""impact"": ""positive""}, {""label"": ""Competition importance"", ""value"": 0.88, ""impact"": ""positive""}, {""label"": ""Model dispersion"", ""value"": 0.0073, ""impact"": ""positive""}]","[{""label"": ""Historical xG"", ""value"": ""unavailable"", ""impact"": ""negative""}, {""label"": ""Decision rule"", ""value"": ""edge above max guard"", ""impact"": ""negative""}]","[{""label"": ""Consensus safety"", ""value"": 0.747, ""impact"": ""neutral""}, {""label"": ""ELO separation"", ""value"": 45.0, ""impact"": ""neutral""}, {""label"": ""Form separation"", ""value"": 0.0, ""impact"": ""neutral""}, {""label"": ""Probability source"", ""value"": ""FOOTBALL_V13_FALLBACK"", ""impact"": ""neutral""}]","REJECT: positive=4, negative=2, neutral=4, confidence=1.000, risk=high",2026-09-20T18:21:47+00:00,2026-09-20T18:21:47+00:00
69274a4ac27db7a4852fbb9c,soccer_uefa_europa_conference_league,UEFA Conference League,Brighton and Hove Albion vs FK Kauno Žalgiris,Brighton and Hove Albion,Betfair,2026-10-15T19:00:00Z,BLOCK,REJECT,0.8678480175385166,0.8944576378088699,-0.0949601824367482,-0.061822531542849925,1.0,high,"[{""label"": ""Competition importance"", ""value"": 0.88, ""impact"": ""positive""}, {""label"": ""Model dispersion"", ""value"": 0.0086, ""impact"": ""positive""}]","[{""label"": ""Raw edge"", ""value"": -0.095, ""impact"": ""negative""}, {""label"": ""Consensus safety"", ""value"": 0.44, ""impact"": ""negative""}, {""label"": ""Model-market gap"", ""value"": -0.0486, ""impact"": ""negative""}, {""label"": ""Historical xG"", ""value"": ""unavailable"", ""impact"": ""negative""}, {""label"": ""Decision rule"", ""value"": ""edge below minimum"", ""impact"": ""negative""}]","[{""label"": ""ELO separation"", ""value"": 45.0, ""impact"": ""neutral""}, {""label"": ""Form separation"", ""value"": 0.0, ""impact"": ""neutral""}, {""label"": ""Probability source"", ""value"": ""FOOTBALL_V13_FALLBACK"", ""impact"": ""neutral""}]","REJECT: positive=2, negative=5, neutral=3, confidence=1.000, risk=high",2026-09-20T18:21:47+00:00,2026-09-20T18:21:47+00:00
8db92d2f5a2f52caa9a2e9cf,soccer_uefa_europa_conference_league,UEFA Conference League,Brighton and Hove Albion vs FK Kauno Žalgiris,Draw,1xBet,2026-10-15T19:00:00Z,BLOCK,REJECT,0.10715253478836642,0.07981123759791131,1.46201129404758,0.8982334693378976,1.0,high,"[{""label"": ""Raw edge"", ""value"": 1.462, ""impact"": ""positive""}, {""label"": ""Model-market gap"", ""value"": 0.0498, ""impact"": ""positive""}, {""label"": ""Competition importance"", ""value"": 0.88, ""impact"": ""positive""}, {""label"": ""Model dispersion"", ""value"": 0.0014, ""impact"": ""positive""}]","[{""label"": ""Historical xG"", ""value"": ""unavailable"", ""impact"": ""negative""}, {""label"": ""Decision rule"", ""value"": ""edge above max guard"", ""impact"": ""negative""}]","[{""label"": ""Consensus safety"", ""value"": 0.79, ""impact"": ""neutral""}, {""label"": ""ELO separation"", ""value"": 45.0, ""impact"": ""neutral""}, {""label"": ""Form separation"", ""value"": 0.0, ""impact"": ""neutral""}, {""label"": ""Probability source"", ""value"": ""FOOTBALL_V13_FALLBACK"", ""impact"": ""neutral""}]","REJECT: positive=4, negative=2, neutral=4, confidence=1.000, risk=high",2026-09-20T18:21:47+00:00,2026-09-20T18:21:47+00:00
ac60bdc1cfc68d4064b0dfd9,soccer_uefa_europa_conference_league,UEFA Conference League,Brighton and Hove Albion vs FK Kauno Žalgiris,FK Kauno Žalgiris,Betsson,2026-10-15T19:00:00Z,BLOCK,REJECT,0.0524734412997188,0.025731124593218697,3.473893224479948,2.055960547235514,1.0,high,"[{""label"": ""Raw edge"", ""value"": 3.4739, ""impact"": ""positive""}, {""label"": ""Model-market gap"", ""value"": 0.0488, ""impact"": ""positive""}, {""label"": ""Competition importance"", ""value"": 0.88, ""impact"": ""positive""}, {""label"": ""Model dispersion"", ""value"": 0.0073, ""impact"": ""positive""}]","[{""label"": ""Historical xG"", ""value"": ""unavailable"", ""impact"": ""negative""}, {""label"": ""Decision rule"", ""value"": ""edge above max guard"", ""impact"": ""negative""}]","[{""label"": ""Consensus safety"", ""value"": 0.65, ""impact"": ""neutral""}, {""label"": ""ELO separation"", ""value"": 45.0, ""impact"": ""neutral""}, {""label"": ""Form separation"", ""value"": 0.0, ""impact"": ""neutral""}, {""label"": ""Probability source"", ""value"": ""FOOTBALL_V13_FALLBACK"", ""impact"": ""neutral""}]","REJECT: positive=4, negative=2, neutral=4, confidence=1.000, risk=high",2026-09-20T18:21:48+00:00,2026-09-20T18:21:48+00:00
953c0ca98195c823a7e7fc17,soccer_uefa_europa_conference_league,UEFA Conference League,FC Copenhagen vs SC Braga,Draw,Coolbet,2026-10-15T19:00:00Z,BLOCK,REJECT,0.28439653212237304,0.2868157570711096,0.01668928106517309,0.020639264426153242,1.0,high,"[{""label"": ""Consensus safety"", ""value"": 0.985, ""impact"": ""positive""}, {""label"": ""Competition importance"", ""value"": 0.88, ""impact"": ""positive""}, {""label"": ""Model dispersion"", ""value"": 0.0014, ""impact"": ""positive""}]","[{""label"": ""Model-market gap"", ""value"": -0.0044, ""impact"": ""negative""}, {""label"": ""Historical xG"", ""value"": ""unavailable"", ""impact"": ""negative""}, {""label"": ""Decision rule"", ""value"": ""edge below minimum"", ""impact"": ""negative""}]","[{""label"": ""Raw edge"", ""value"": 0.0167, ""impact"": ""neutral""}, {""label"": ""ELO separation"", ""value"": 45.0, ""impact"": ""neutral""}, {""label"": ""Form separation"", ""value"": 0.0, ""impact"": ""neutral""}, {""label"": ""Probability source"", ""value"": ""FOOTBALL_V13_FALLBACK"", ""impact"": ""neutral""}]","REJECT: positive=3, negative=3, neutral=4, confidence=1.000, risk=high",2026-09-20T18:21:48+00:00,2026-09-20T18:21:48+00:00
07f35d09218e67b6b0331949,soccer_uefa_europa_conference_league,UEFA Conference League,FC Copenhagen vs SC Braga,FC Copenhagen,Pinnacle,2026-10-15T19:00:00Z,BLOCK,REJECT,0.3803741984644592,0.3803957913951782,-0.011073498415453797,-0.00954758013314492,1.0,high,"[{""label"": ""Consensus safety"", ""value"": 0.975, ""impact"": ""positive""}, {""label"": ""Competition importance"", ""value"": 0.88, ""impact"": ""positive""}, {""label"": ""Model dispersion"", ""value"": 0.0086, ""impact"": ""positive""}]","[{""label"": ""Raw edge"", ""value"": -0.0111, ""impact"": ""negative""}, {""label"": ""Model-market gap"", ""value"": -0.0, ""impact"": ""negative""}, {""label"": ""Historical xG"", ""value"": ""unavailable"", ""impact"": ""negative""}, {""label"": ""Decision rule"", ""value"": ""edge below minimum"", ""impact"": ""negative""}]","[{""label"": ""ELO separation"", ""value"": 45.0, ""impact"": ""neutral""}, {""label"": ""Form separation"", ""value"": 0.0, ""impact"": ""neutral""}, {""label"": ""Probability source"", ""value"": ""FOOTBALL_V13_FALLBACK"", ""impact"": ""neutral""}]","REJECT: positive=3, negative=4, neutral=3, confidence=1.000, risk=high",2026-09-20T18:21:48+00:00,2026-09-20T18:21:48+00:00
604d0e4b2fddc95b69c619b8,soccer_uefa_europa_conference_league,UEFA Conference League,FC Copenhagen vs SC Braga,SC Braga,1xBet,2026-10-15T19:00:00Z,BLOCK,REJECT,0.33516264714127547,0.3327884515337121,0.0046247573095348216,-0.0010538038613807886,1.0,high,"[{""label"": ""Consensus safety"", ""value"": 0.973, ""impact"": ""positive""}, {""label"": ""Competition importance"", ""value"": 0.88, ""impact"": ""positive""}, {""label"": ""Model dispersion"", ""value"": 0.0073, ""impact"": ""positive""}]","[{""label"": ""Historical xG"", ""value"": ""unavailable"", ""impact"": ""negative""}, {""label"": ""Decision rule"", ""value"": ""edge below minimum"", ""impact"": ""negative""}]","[{""label"": ""Raw edge"", ""value"": 0.0046, ""impact"": ""neutral""}, {""label"": ""Model-market gap"", ""value"": 0.0043, ""impact"": ""neutral""}, {""label"": ""ELO separation"", ""value"": 45.0, ""impact"": ""neutral""}, {""label"": ""Form separation"", ""value"": 0.0, ""impact"": ""neutral""}, {""label"": ""Probability source"", ""value"": ""FOOTBALL_V13_FALLBACK"", ""impact"": ""neutral""}]","REJECT: positive=3, negative=2, neutral=5, confidence=1.000, risk=high",2026-09-20T18:21:48+00:00,2026-09-20T18:21:48+00:00
e4df8ddd06e74ed5ee550e09,soccer_uefa_europa_conference_league,UEFA Conference League,Sint Truiden vs FC Iberia 1999,Draw,Unibet (NL),2026-10-15T19:00:00Z,BLOCK,REJECT,0.20802434644157874,0.193108603440644,0.1455748584598131,0.07076134337346304,1.0,high,"[{""label"": ""Raw edge"", ""value"": 0.1456, ""impact"": ""positive""}, {""label"": ""Consensus safety"", ""value"": 0.913, ""impact"": ""positive""}, {""label"": ""Competition importance"", ""value"": 0.88, ""impact"": ""positive""}, {""label"": ""Model dispersion"", ""value"": 0.0014, ""impact"": ""positive""}]","[{""label"": ""Historical xG"", ""value"": ""unavailable"", ""impact"": ""negative""}, {""label"": ""Decision rule"", ""value"": ""odds above maximum"", ""impact"": ""negative""}]","[{""label"": ""Model-market gap"", ""value"": 0.0272, ""impact"": ""neutral""}, {""label"": ""ELO separation"", ""value"": 45.0, ""impact"": ""neutral""}, {""label"": ""Form separation"", ""value"": 0.0, ""impact"": ""neutral""}, {""label"": ""Probability source"", ""value"": ""FOOTBALL_V13_FALLBACK"", ""impact"": ""neutral""}]","REJECT: positive=4, negative=2, neutral=4, confidence=1.000, risk=high",2026-09-20T18:21:48+00:00,2026-09-20T18:21:48+00:00
dfb5a0ef404a5b4cbb800fe1,soccer_uefa_europa_conference_league,UEFA Conference League,Sint Truiden vs FC Iberia 1999,FC Iberia 1999,1xBet,2026-10-15T19:00:00Z,BLOCK,REJECT,0.14912372133791446,0.12242452057186093,0.48994706256377984,0.25785682768051776,1.0,high,"[{""label"": ""Raw edge"", ""value"": 0.4899, ""impact"": ""positive""}, {""label"": ""Model-market gap"", ""value"": 0.0488, ""impact"": ""positive""}, {""label"": ""Competition importance"", ""value"": 0.88, ""impact"": ""positive""}, {""label"": ""Model dispersion"", ""value"": 0.0073, ""impact"": ""positive""}]","[{""label"": ""Historical xG"", ""value"": ""unavailable"", ""impact"": ""negative""}, {""label"": ""Decision rule"", ""value"": ""edge above max guard"", ""impact"": ""negative""}]","[{""label"": ""Consensus safety"", ""value"": 0.754, ""impact"": ""neutral""}, {""label"": ""ELO separation"", ""value"": 45.0, ""impact"": ""neutral""}, {""label"": ""Form separation"", ""value"": 0.0, ""impact"": ""neutral""}, {""label"": ""Probability source"", ""value"": ""FOOTBALL_V13_FALLBACK"", ""impact"": ""neutral""}]","REJECT: positive=4, negative=2, neutral=4, confidence=1.000, risk=high",2026-09-20T18:21:48+00:00,2026-09-20T18:21:48+00:00
24af656e7785d88cb9f04070,soccer_uefa_europa_conference_league,UEFA Conference League,Sint Truiden vs FC Iberia 1999,Sint Truiden,Betfair,2026-10-15T19:00:00Z,BLOCK,REJECT,0.6579001882502831,0.6844668759874951,-0.10982281927090376,-0.0683483920101604,1.0,high,"[{""label"": ""Competition importance"", ""value"": 0.88, ""impact"": ""positive""}, {""label"": ""Model dispersion"", ""value"": 0.0086, ""impact"": ""positive""}]","[{""label"": ""Raw edge"", ""value"": -0.1098, ""impact"": ""negative""}, {""label"": ""Model-market gap"", ""value"": -0.0486, ""impact"": ""negative""}, {""label"": ""Historical xG"", ""value"": ""unavailable"", ""impact"": ""negative""}, {""label"": ""Decision rule"", ""value"": ""edge below minimum"", ""impact"": ""negative""}]","[{""label"": ""Consensus safety"", ""value"": 0.667, ""impact"": ""neutral""}, {""label"": ""ELO separation"", ""value"": 45.0, ""impact"": ""neutral""}, {""label"": ""Form separation"", ""value"": 0.0, ""impact"": ""neutral""}, {""label"": ""Probability source"", ""value"": ""FOOTBALL_V13_FALLBACK"", ""impact"": ""neutral""}]","REJECT: positive=2, negative=4, neutral=4, confidence=1.000, risk=high",2026-09-20T18:21:48+00:00,2026-09-20T18:21:48+00:00
2ca903811600613a00bb6031,soccer_uefa_europa_conference_league,UEFA Conference League,Hearts vs FC Nordsjaelland,Draw,Coolbet,2026-10-15T19:00:00Z,BLOCK,REJECT,0.2651216082104187,0.26320407958610464,0.00010942394065582839,-0.005018704611314967,1.0,high,"[{""label"": ""Consensus safety"", ""value"": 0.988, ""impact"": ""positive""}, {""label"": ""Competition importance"", ""value"": 0.88, ""impact"": ""positive""}, {""label"": ""Model dispersion"", ""value"": 0.0014, ""impact"": ""positive""}]","[{""label"": ""Historical xG"", ""value"": ""unavailable"", ""impact"": ""negative""}, {""label"": ""Decision rule"", ""value"": ""edge below minimum"", ""impact"": ""negative""}]","[{""label"": ""Raw edge"", ""value"": 0.0001, ""impact"": ""neutral""}, {""label"": ""Model-market gap"", ""value"": 0.0035, ""impact"": ""neutral""}, {""label"": ""ELO separation"", ""value"": 45.0, ""impact"": ""neutral""}, {""label"": ""Form separation"", ""value"": 0.0, ""impact"": ""neutral""}, {""label"": ""Probability source"", ""value"": ""FOOTBALL_V13_FALLBACK"", ""impact"": ""neutral""}]","REJECT: positive=3, negative=2, neutral=5, confidence=1.000, risk=high",2026-09-20T18:21:48+00:00,2026-09-20T18:21:48+00:00
2d3e73716707a920a248ab9f,soccer_uefa_europa_conference_league,UEFA Conference League,Hearts vs FC Nordsjaelland,FC Nordsjaelland,1xBet,2026-10-15T19:00:00Z,BLOCK,REJECT,0.3772671574295151,0.38405379183713456,-0.04856074701021196,-0.029651622158359408,1.0,high,"[{""label"": ""Consensus safety"", ""value"": 0.956, ""impact"": ""positive""}, {""label"": ""Competition importance"", ""value"": 0.88, ""impact"": ""positive""}, {""label"": ""Model dispersion"", ""value"": 0.0073, ""impact"": ""positive""}]","[{""label"": ""Raw edge"", ""value"": -0.0486, ""impact"": ""negative""}, {""label"": ""Model-market gap"", ""value"": -0.0124, ""impact"": ""negative""}, {""label"": ""Historical xG"", ""value"": ""unavailable"", ""impact"": ""negative""}, {""label"": ""Decision rule"", ""value"": ""edge below minimum"", ""impact"": ""negative""}]","[{""label"": ""ELO separation"", ""value"": 45.0, ""impact"": ""neutral""}, {""label"": ""Form separation"", ""value"": 0.0, ""impact"": ""neutral""}, {""label"": ""Probability source"", ""value"": ""FOOTBALL_V13_FALLBACK"", ""impact"": ""neutral""}]","REJECT: positive=3, negative=4, neutral=3, confidence=1.000, risk=high",2026-09-20T18:21:48+00:00,2026-09-20T18:21:48+00:00
6f4ceedbd25a0a17c2d8c1ad,soccer_uefa_europa_conference_league,UEFA Conference League,Hearts vs FC Nordsjaelland,Hearts,Unibet (NL),2026-10-15T19:00:00Z,BLOCK,REJECT,0.357633167273199,0.3527421285767608,0.030797824509094296,0.016671146877438692,1.0,high,"[{""label"": ""Consensus safety"", ""value"": 0.963, ""impact"": ""positive""}, {""label"": ""Competition importance"", ""value"": 0.88, ""impact"": ""positive""}, {""label"": ""Model dispersion"", ""value"": 0.0086, ""impact"": ""positive""}]","[{""label"": ""Historical xG"", ""value"": ""unavailable"", ""impact"": ""negative""}, {""label"": ""Decision rule"", ""value"": ""edge below minimum"", ""impact"": ""negative""}]","[{""label"": ""Raw edge"", ""value"": 0.0308, ""impact"": ""neutral""}, {""label"": ""Model-market gap"", ""value"": 0.0089, ""impact"": ""neutral""}, {""label"": ""ELO separation"", ""value"": 45.0, ""impact"": ""neutral""}, {""label"": ""Form separation"", ""value"": 0.0, ""impact"": ""neutral""}, {""label"": ""Probability source"", ""value"": ""FOOTBALL_V13_FALLBACK"", ""impact"": ""neutral""}]","REJECT: positive=3, negative=2, neutral=5, confidence=1.000, risk=high",2026-09-20T18:21:48+00:00,2026-09-20T18:21:48+00:00
83388bd936e3a9d2bbb81849,soccer_uefa_europa_conference_league,UEFA Conference League,FC Twente Enschede vs FC Thun,Draw,1xBet,2026-10-15T19:00:00Z,BLOCK,REJECT,0.16368517443612549,0.1388921327081787,0.48167394784231377,0.2754497820534927,1.0,high,"[{""label"": ""Raw edge"", ""value"": 0.4817, ""impact"": ""positive""}, {""label"": ""Consensus safety"", ""value"": 0.854, ""impact"": ""positive""}, {""label"": ""Model-market gap"", ""value"": 0.0452, ""impact"": ""positive""}, {""label"": ""Competition importance"", ""value"": 0.88, ""impact"": ""positive""}, {""label"": ""Model dispersion"", ""value"": 0.0014, ""impact"": ""positive""}]","[{""label"": ""Historical xG"", ""value"": ""unavailable"", ""impact"": ""negative""}, {""label"": ""Decision rule"", ""value"": ""edge above max guard"", ""impact"": ""negative""}]","[{""label"": ""ELO separation"", ""value"": 45.0, ""impact"": ""neutral""}, {""label"": ""Form separation"", ""value"": 0.0, ""impact"": ""neutral""}, {""label"": ""Probability source"", ""value"": ""FOOTBALL_V13_FALLBACK"", ""impact"": ""neutral""}]","REJECT: positive=5, negative=2, neutral=3, confidence=1.000, risk=high",2026-09-20T18:21:48+00:00,2026-09-20T18:21:48+00:00
077e92d4f7c5c3d06746e667,soccer_uefa_europa_conference_league,UEFA Conference League,FC Twente Enschede vs FC Thun,FC Thun,Betsson,2026-10-15T19:00:00Z,BLOCK,REJECT,0.10754561203479572,0.08082523039472678,0.8800553967045213,0.5353399030596077,1.0,high,"[{""label"": ""Raw edge"", ""value"": 0.8801, ""impact"": ""positive""}, {""label"": ""Model-market gap"", ""value"": 0.0488, ""impact"": ""positive""}, {""label"": ""Competition importance"", ""value"": 0.88, ""impact"": ""positive""}, {""label"": ""Model dispersion"", ""value"": 0.0073, ""impact"": ""positive""}]","[{""label"": ""Historical xG"", ""value"": ""unavailable"", ""impact"": ""negative""}, {""label"": ""Decision rule"", ""value"": ""edge above max guard"", ""impact"": ""negative""}]","[{""label"": ""Consensus safety"", ""value"": 0.709, ""impact"": ""neutral""}, {""label"": ""ELO separation"", ""value"": 45.0, ""impact"": ""neutral""}, {""label"": ""Form separation"", ""value"": 0.0, ""impact"": ""neutral""}, {""label"": ""Probability source"", ""value"": ""FOOTBALL_V13_FALLBACK"", ""impact"": ""neutral""}]","REJECT: positive=4, negative=2, neutral=4, confidence=1.000, risk=high",2026-09-20T18:21:48+00:00,2026-09-20T18:21:48+00:00
3e073ee02c8dee45b761de18,soccer_uefa_europa_conference_league,UEFA Conference League,FC Twente Enschede vs FC Thun,FC Twente Enschede,Betfair,2026-10-15T19:00:00Z,BLOCK,REJECT,0.7536948583854216,0.7802826368970945,-0.10737894276921911,-0.06969262453226352,1.0,high,"[{""label"": ""Competition importance"", ""value"": 0.88, ""impact"": ""positive""}, {""label"": ""Model dispersion"", ""value"": 0.0086, ""impact"": ""positive""}]","[{""label"": ""Raw edge"", ""value"": -0.1074, ""impact"": ""negative""}, {""label"": ""Consensus safety"", ""value"": 0.564, ""impact"": ""negative""}, {""label"": ""Model-market gap"", ""value"": -0.0486, ""impact"": ""negative""}, {""label"": ""Historical xG"", ""value"": ""unavailable"", ""impact"": ""negative""}, {""label"": ""Decision rule"", ""value"": ""edge below minimum"", ""impact"": ""negative""}]","[{""label"": ""ELO separation"", ""value"": 45.0, ""impact"": ""neutral""}, {""label"": ""Form separation"", ""value"": 0.0, ""impact"": ""neutral""}, {""label"": ""Probability source"", ""value"": ""FOOTBALL_V13_FALLBACK"", ""impact"": ""neutral""}]","REJECT: positive=2, negative=5, neutral=3, confidence=1.000, risk=high",2026-09-20T18:21:48+00:00,2026-09-20T18:21:48+00:00
a758651a30aebc511fc46b78,soccer_uefa_europa_conference_league,UEFA Conference League,SC Freiburg vs FK Jablonec,Draw,1xBet,2026-10-15T19:00:00Z,BLOCK,REJECT,0.19353401750411786,0.17543066286366896,0.23395915189417416,0.12635588024014438,1.0,high,"[{""label"": ""Raw edge"", ""value"": 0.234, ""impact"": ""positive""}, {""label"": ""Consensus safety"", ""value"": 0.894, ""impact"": ""positive""}, {""label"": ""Competition importance"", ""value"": 0.88, ""impact"": ""positive""}, {""label"": ""Model dispersion"", ""value"": 0.0014, ""impact"": ""positive""}]","[{""label"": ""Historical xG"", ""value"": ""unavailable"", ""impact"": ""negative""}, {""label"": ""Decision rule"", ""value"": ""odds above maximum"", ""impact"": ""negative""}]","[{""label"": ""Model-market gap"", ""value"": 0.033, ""impact"": ""neutral""}, {""label"": ""ELO separation"", ""value"": 45.0, ""impact"": ""neutral""}, {""label"": ""Form separation"", ""value"": 0.0, ""impact"": ""neutral""}, {""label"": ""Probability source"", ""value"": ""FOOTBALL_V13_FALLBACK"", ""impact"": ""neutral""}]","REJECT: positive=4, negative=2, neutral=4, confidence=1.000, risk=high",2026-09-20T18:21:48+00:00,2026-09-20T18:21:48+00:00
3de98639fc95a09bdd3d4b3e,soccer_uefa_europa_conference_league,UEFA Conference League,SC Freiburg vs FK Jablonec,FK Jablonec,1xBet,2026-10-15T19:00:00Z,BLOCK,REJECT,0.12818230215975582,0.10148513251759866,0.668539734489408,0.36663282367862116,1.0,high,"[{""label"": ""Raw edge"", ""value"": 0.6685, ""impact"": ""positive""}, {""label"": ""Model-market gap"", ""value"": 0.0488, ""impact"": ""positive""}, {""label"": ""Competition importance"", ""value"": 0.88, ""impact"": ""positive""}, {""label"": ""Model dispersion"", ""value"": 0.0073, ""impact"": ""positive""}]","[{""label"": ""Historical xG"", ""value"": ""unavailable"", ""impact"": ""negative""}, {""label"": ""Decision rule"", ""value"": ""edge above max guard"", ""impact"": ""negative""}]","[{""label"": ""Consensus safety"", ""value"": 0.732, ""impact"": ""neutral""}, {""label"": ""ELO separation"", ""value"": 45.0, ""impact"": ""neutral""}, {""label"": ""Form separation"", ""value"": 0.0, ""impact"": ""neutral""}, {""label"": ""Probability source"", ""value"": ""FOOTBALL_V13_FALLBACK"", ""impact"": ""neutral""}]","REJECT: positive=4, negative=2, neutral=4, confidence=1.000, risk=high",2026-09-20T18:21:48+00:00,2026-09-20T18:21:48+00:00
1b17b738a6d5082159d4ac1e,soccer_uefa_europa_conference_league,UEFA Conference League,SC Freiburg vs FK Jablonec,SC Freiburg,Betsson,2026-10-15T19:00:00Z,BLOCK,REJECT,0.696519539365388,0.7230842046187324,-0.11645979466799627,-0.08379172230169098,1.0,high,"[{""label"": ""Competition importance"", ""value"": 0.88, ""impact"": ""positive""}, {""label"": ""Model dispersion"", ""value"": 0.0086, ""impact"": ""positive""}]","[{""label"": ""Raw edge"", ""value"": -0.1165, ""impact"": ""negative""}, {""label"": ""Model-market gap"", ""value"": -0.0486, ""impact"": ""negative""}, {""label"": ""Historical xG"", ""value"": ""unavailable"", ""impact"": ""negative""}, {""label"": ""Decision rule"", ""value"": ""edge below minimum"", ""impact"": ""negative""}]","[{""label"": ""Consensus safety"", ""value"": 0.625, ""impact"": ""neutral""}, {""label"": ""ELO separation"", ""value"": 45.0, ""impact"": ""neutral""}, {""label"": ""Form separation"", ""value"": 0.0, ""impact"": ""neutral""}, {""label"": ""Probability source"", ""value"": ""FOOTBALL_V13_FALLBACK"", ""impact"": ""neutral""}]","REJECT: positive=2, negative=4, neutral=4, confidence=1.000, risk=high",2026-09-20T18:21:48+00:00,2026-09-20T18:21:48+00:00
c30717d6bcc622be9f637a7d,soccer_uefa_europa_conference_league,UEFA Conference League,SK Brann vs Lincoln Red Imps FC,Draw,1xBet,2026-10-15T19:00:00Z,BLOCK,REJECT,0.15701055518972099,0.13073137733559287,0.6073312898505892,0.35819713369124395,1.0,high,"[{""label"": ""Raw edge"", ""value"": 0.6073, ""impact"": ""positive""}, {""label"": ""Model-market gap"", ""value"": 0.0479, ""impact"": ""positive""}, {""label"": ""Competition importance"", ""value"": 0.88, ""impact"": ""positive""}, {""label"": ""Model dispersion"", ""value"": 0.0014, ""impact"": ""positive""}]","[{""label"": ""Historical xG"", ""value"": ""unavailable"", ""impact"": ""negative""}, {""label"": ""Decision rule"", ""value"": ""edge above max guard"", ""impact"": ""negative""}]","[{""label"": ""Consensus safety"", ""value"": 0.845, ""impact"": ""neutral""}, {""label"": ""ELO separation"", ""value"": 45.0, ""impact"": ""neutral""}, {""label"": ""Form separation"", ""value"": 0.0, ""impact"": ""neutral""}, {""label"": ""Probability source"", ""value"": ""FOOTBALL_V13_FALLBACK"", ""impact"": ""neutral""}]","REJECT: positive=4, negative=2, neutral=4, confidence=1.000, risk=high",2026-09-20T18:21:48+00:00,2026-09-20T18:21:48+00:00
8e52a164b1619def486a5bba,soccer_uefa_europa_conference_league,UEFA Conference League,SK Brann vs Lincoln Red Imps FC,Lincoln Red Imps FC,Betfair,2026-10-15T19:00:00Z,BLOCK,REJECT,0.0898342177653432,0.06310648551751971,1.1828348359798526,0.6509026349714585,1.0,high,"[{""label"": ""Raw edge"", ""value"": 1.1828, ""impact"": ""positive""}, {""label"": ""Model-market gap"", ""value"": 0.0488, ""impact"": ""positive""}, {""label"": ""Competition importance"", ""value"": 0.88, ""impact"": ""positive""}, {""label"": ""Model dispersion"", ""value"": 0.0073, ""impact"": ""positive""}]","[{""label"": ""Historical xG"", ""value"": ""unavailable"", ""impact"": ""negative""}, {""label"": ""Decision rule"", ""value"": ""edge above max guard"", ""impact"": ""negative""}]","[{""label"": ""Consensus safety"", ""value"": 0.69, ""impact"": ""neutral""}, {""label"": ""ELO separation"", ""value"": 45.0, ""impact"": ""neutral""}, {""label"": ""Form separation"", ""value"": 0.0, ""impact"": ""neutral""}, {""label"": ""Probability source"", ""value"": ""FOOTBALL_V13_FALLBACK"", ""impact"": ""neutral""}]","REJECT: positive=4, negative=2, neutral=4, confidence=1.000, risk=high",2026-09-20T18:21:48+00:00,2026-09-20T18:21:48+00:00
a3b2ae46ce7facc46e26474e,soccer_uefa_europa_conference_league,UEFA Conference League,SK Brann vs Lincoln Red Imps FC,SK Brann,Unibet (NL),2026-10-15T19:00:00Z,BLOCK,REJECT,0.7795670392955976,0.8061621371468874,-0.10610739664596458,-0.06936241503269752,1.0,high,"[{""label"": ""Competition importance"", ""value"": 0.88, ""impact"": ""positive""}, {""label"": ""Model dispersion"", ""value"": 0.0086, ""impact"": ""positive""}]","[{""label"": ""Raw edge"", ""value"": -0.1061, ""impact"": ""negative""}, {""label"": ""Consensus safety"", ""value"": 0.536, ""impact"": ""negative""}, {""label"": ""Model-market gap"", ""value"": -0.0486, ""impact"": ""negative""}, {""label"": ""Historical xG"", ""value"": ""unavailable"", ""impact"": ""negative""}, {""label"": ""Decision rule"", ""value"": ""edge below minimum"", ""impact"": ""negative""}]","[{""label"": ""ELO separation"", ""value"": 45.0, ""impact"": ""neutral""}, {""label"": ""Form separation"", ""value"": 0.0, ""impact"": ""neutral""}, {""label"": ""Probability source"", ""value"": ""FOOTBALL_V13_FALLBACK"", ""impact"": ""neutral""}]","REJECT: positive=2, negative=5, neutral=3, confidence=1.000, risk=high",2026-09-20T18:21:48+00:00,2026-09-20T18:21:48+00:00
faf0e7d0e179f98c0607a230,soccer_uefa_nations_league,UEFA Nations League,Andorra vs Malta,Andorra,1xBet,2026-09-24T16:00:00Z,PASS,PASS,0.29015023367313225,0.2696279645369368,0.1522236402738486,0.07636027842512129,1.0,low,"[{""label"": ""Raw edge"", ""value"": 0.1522, ""impact"": ""positive""}, {""label"": ""Consensus safety"", ""value"": 0.876, ""impact"": ""positive""}, {""label"": ""ELO separation"", ""value"": 50.0, ""impact"": ""positive""}, {""label"": ""Model dispersion"", ""value"": 0.0102, ""impact"": ""positive""}]","[{""label"": ""Historical xG"", ""value"": ""unavailable"", ""impact"": ""negative""}]","[{""label"": ""Model-market gap"", ""value"": 0.0376, ""impact"": ""neutral""}, {""label"": ""Form separation"", ""value"": 0.0, ""impact"": ""neutral""}, {""label"": ""Competition importance"", ""value"": 0.82, ""impact"": ""neutral""}, {""label"": ""Probability source"", ""value"": ""FOOTBALL_V13_FALLBACK"", ""impact"": ""neutral""}]","PASS: positive=4, negative=1, neutral=4, confidence=1.000, risk=low",2026-09-20T18:21:48+00:00,2026-09-20T18:21:48+00:00
7dda208f70d06ad1c3217da2,soccer_uefa_nations_league,UEFA Nations League,Andorra vs Malta,Draw,Betfair,2026-09-24T16:00:00Z,BLOCK,REJECT,0.325825457201268,0.33778183310714965,-0.11531688498565673,-0.07592352429599321,1.0,high,"[{""label"": ""Consensus safety"", ""value"": 0.93, ""impact"": ""positive""}, {""label"": ""ELO separation"", ""value"": 50.0, ""impact"": ""positive""}, {""label"": ""Model dispersion"", ""value"": 0.0018, ""impact"": ""positive""}]","[{""label"": ""Raw edge"", ""value"": -0.1153, ""impact"": ""negative""}, {""label"": ""Model-market gap"", ""value"": -0.0218, ""impact"": ""negative""}, {""label"": ""Historical xG"", ""value"": ""unavailable"", ""impact"": ""negative""}, {""label"": ""Decision rule"", ""value"": ""edge below minimum"", ""impact"": ""negative""}]","[{""label"": ""Form separation"", ""value"": 0.0, ""impact"": ""neutral""}, {""label"": ""Competition importance"", ""value"": 0.82, ""impact"": ""neutral""}, {""label"": ""Probability source"", ""value"": ""FOOTBALL_V13_FALLBACK"", ""impact"": ""neutral""}]","REJECT: positive=3, negative=4, neutral=3, confidence=1.000, risk=high",2026-09-20T18:21:48+00:00,2026-09-20T18:21:48+00:00
0f59820a6a3404278c5ec5ae,soccer_uefa_nations_league,UEFA Nations League,Andorra vs Malta,Malta,1xBet,2026-09-24T16:00:00Z,BLOCK,REJECT,0.38349634395274546,0.3925902023559135,-0.07897830525660443,-0.0524026445748929,1.0,high,"[{""label"": ""Consensus safety"", ""value"": 0.943, ""impact"": ""positive""}, {""label"": ""ELO separation"", ""value"": 50.0, ""impact"": ""positive""}, {""label"": ""Model dispersion"", ""value"": 0.0088, ""impact"": ""positive""}]","[{""label"": ""Raw edge"", ""value"": -0.079, ""impact"": ""negative""}, {""label"": ""Model-market gap"", ""value"": -0.0167, ""impact"": ""negative""}, {""label"": ""Historical xG"", ""value"": ""unavailable"", ""impact"": ""negative""}, {""label"": ""Decision rule"", ""value"": ""edge below minimum"", ""impact"": ""negative""}]","[{""label"": ""Form separation"", ""value"": 0.0, ""impact"": ""neutral""}, {""label"": ""Competition importance"", ""value"": 0.82, ""impact"": ""neutral""}, {""label"": ""Probability source"", ""value"": ""FOOTBALL_V13_FALLBACK"", ""impact"": ""neutral""}]","REJECT: positive=3, negative=4, neutral=3, confidence=1.000, risk=high",2026-09-20T18:21:48+00:00,2026-09-20T18:21:48+00:00
db29e2177d4be1d80ee0b11c,soccer_uefa_nations_league,UEFA Nations League,Austria vs Israel,Austria,1xBet,2026-09-24T18:45:00Z,BLOCK,REJECT,0.6519200050367466,0.6782979477741254,-0.12440055319277277,-0.08136158668327578,1.0,high,"[{""label"": ""ELO separation"", ""value"": 50.0, ""impact"": ""positive""}, {""label"": ""Model dispersion"", ""value"": 0.0102, ""impact"": ""positive""}]","[{""label"": ""Raw edge"", ""value"": -0.1244, ""impact"": ""negative""}, {""label"": ""Model-market gap"", ""value"": -0.0484, ""impact"": ""negative""}, {""label"": ""Historical xG"", ""value"": ""unavailable"", ""impact"": ""negative""}, {""label"": ""Decision rule"", ""value"": ""edge below minimum"", ""impact"": ""negative""}]","[{""label"": ""Consensus safety"", ""value"": 0.677, ""impact"": ""neutral""}, {""label"": ""Form separation"", ""value"": 0.0, ""impact"": ""neutral""}, {""label"": ""Competition importance"", ""value"": 0.82, ""impact"": ""neutral""}, {""label"": ""Probability source"", ""value"": ""FOOTBALL_V13_FALLBACK"", ""impact"": ""neutral""}]","REJECT: positive=2, negative=4, neutral=4, confidence=1.000, risk=high",2026-09-20T18:21:48+00:00,2026-09-20T18:21:48+00:00
c8b275b4ecc389b14844e69a,soccer_uefa_nations_league,UEFA Nations League,Austria vs Israel,Draw,Betfair,2026-09-24T18:45:00Z,BLOCK,REJECT,0.20788925269089487,0.1930195908508586,0.14483871219580258,0.070153108618259,1.0,high,"[{""label"": ""Raw edge"", ""value"": 0.1448, ""impact"": ""positive""}, {""label"": ""Consensus safety"", ""value"": 0.913, ""impact"": ""positive""}, {""label"": ""ELO separation"", ""value"": 50.0, ""impact"": ""positive""}, {""label"": ""Model dispersion"", ""value"": 0.0018, ""impact"": ""positive""}]","[{""label"": ""Historical xG"", ""value"": ""unavailable"", ""impact"": ""negative""}, {""label"": ""Decision rule"", ""value"": ""odds above maximum"", ""impact"": ""negative""}]","[{""label"": ""Model-market gap"", ""value"": 0.0271, ""impact"": ""neutral""}, {""label"": ""Form separation"", ""value"": 0.0, ""impact"": ""neutral""}, {""label"": ""Competition importance"", ""value"": 0.82, ""impact"": ""neutral""}, {""label"": ""Probability source"", ""value"": ""FOOTBALL_V13_FALLBACK"", ""impact"": ""neutral""}]","REJECT: positive=4, negative=2, neutral=4, confidence=1.000, risk=high",2026-09-20T18:21:48+00:00,2026-09-20T18:21:48+00:00
33a5922ac0613512747bc567,soccer_uefa_nations_league,UEFA Nations League,Austria vs Israel,Israel,Betsson,2026-09-24T18:45:00Z,BLOCK,REJECT,0.15519840797458384,0.12868246137501596,0.47133758586191,0.2757478299793312,1.0,high,"[{""label"": ""Raw edge"", ""value"": 0.4713, ""impact"": ""positive""}, {""label"": ""Model-market gap"", ""value"": 0.0486, ""impact"": ""positive""}, {""label"": ""ELO separation"", ""value"": 50.0, ""impact"": ""positive""}, {""label"": ""Model dispersion"", ""value"": 0.0088, ""impact"": ""positive""}]","[{""label"": ""Historical xG"", ""value"": ""unavailable"", ""impact"": ""negative""}, {""label"": ""Decision rule"", ""value"": ""edge above max guard"", ""impact"": ""negative""}]","[{""label"": ""Consensus safety"", ""value"": 0.764, ""impact"": ""neutral""}, {""label"": ""Form separation"", ""value"": 0.0, ""impact"": ""neutral""}, {""label"": ""Competition importance"", ""value"": 0.82, ""impact"": ""neutral""}, {""label"": ""Probability source"", ""value"": ""FOOTBALL_V13_FALLBACK"", ""impact"": ""neutral""}]","REJECT: positive=4, negative=2, neutral=4, confidence=1.000, risk=high",2026-09-20T18:21:48+00:00,2026-09-20T18:21:48+00:00
00011c45efc434f735550f56,soccer_uefa_nations_league,UEFA Nations League,Norway vs Denmark,Denmark,Betfair,2026-09-24T18:45:00Z,BLOCK,REJECT,0.2560535582986619,0.2373120216223517,0.19495218851238416,0.10964495047961398,1.0,high,"[{""label"": ""Raw edge"", ""value"": 0.195, ""impact"": ""positive""}, {""label"": ""Consensus safety"", ""value"": 0.88, ""impact"": ""positive""}, {""label"": ""ELO separation"", ""value"": 50.0, ""impact"": ""positive""}, {""label"": ""Model dispersion"", ""value"": 0.0088, ""impact"": ""positive""}]","[{""label"": ""Historical xG"", ""value"": ""unavailable"", ""impact"": ""negative""}, {""label"": ""Decision rule"", ""value"": ""odds above maximum"", ""impact"": ""negative""}]","[{""label"": ""Model-market gap"", ""value"": 0.0343, ""impact"": ""neutral""}, {""label"": ""Form separation"", ""value"": 0.0, ""impact"": ""neutral""}, {""label"": ""Competition importance"", ""value"": 0.82, ""impact"": ""neutral""}, {""label"": ""Probability source"", ""value"": ""FOOTBALL_V13_FALLBACK"", ""impact"": ""neutral""}]","REJECT: positive=4, negative=2, neutral=4, confidence=1.000, risk=high",2026-09-20T18:21:48+00:00,2026-09-20T18:21:48+00:00
a4db867b6e126676112e80fc,soccer_uefa_nations_league,UEFA Nations League,Norway vs Denmark,Draw,Winamax (DE),2026-09-24T18:45:00Z,BLOCK,REJECT,0.2450388500399277,0.2386162474610317,0.02628937681035981,0.004263033740942355,1.0,high,"[{""label"": ""Consensus safety"", ""value"": 0.962, ""impact"": ""positive""}, {""label"": ""ELO separation"", ""value"": 50.0, ""impact"": ""positive""}, {""label"": ""Model dispersion"", ""value"": 0.0018, ""impact"": ""positive""}]","[{""label"": ""Historical xG"", ""value"": ""unavailable"", ""impact"": ""negative""}, {""label"": ""Decision rule"", ""value"": ""edge below minimum"", ""impact"": ""negative""}]","[{""label"": ""Raw edge"", ""value"": 0.0263, ""impact"": ""neutral""}, {""label"": ""Model-market gap"", ""value"": 0.0117, ""impact"": ""neutral""}, {""label"": ""Form separation"", ""value"": 0.0, ""impact"": ""neutral""}, {""label"": ""Competition importance"", ""value"": 0.82, ""impact"": ""neutral""}, {""label"": ""Probability source"", ""value"": ""FOOTBALL_V13_FALLBACK"", ""impact"": ""neutral""}]","REJECT: positive=3, negative=2, neutral=5, confidence=1.000, risk=high",2026-09-20T18:21:48+00:00,2026-09-20T18:21:48+00:00
d99a160f48f872f559f39bac,soccer_uefa_nations_league,UEFA Nations League,Norway vs Denmark,Norway,Betfair,2026-09-24T18:45:00Z,BLOCK,REJECT,0.4992819860501152,0.5240717309166166,-0.10959731034247222,-0.06176442111390548,1.0,high,"[{""label"": ""ELO separation"", ""value"": 50.0, ""impact"": ""positive""}, {""label"": ""Model dispersion"", ""value"": 0.0102, ""impact"": ""positive""}]","[{""label"": ""Raw edge"", ""value"": -0.1096, ""impact"": ""negative""}, {""label"": ""Model-market gap"", ""value"": -0.0454, ""impact"": ""negative""}, {""label"": ""Historical xG"", ""value"": ""unavailable"", ""impact"": ""negative""}, {""label"": ""Decision rule"", ""value"": ""edge below minimum"", ""impact"": ""negative""}]","[{""label"": ""Consensus safety"", ""value"": 0.842, ""impact"": ""neutral""}, {""label"": ""Form separation"", ""value"": 0.0, ""impact"": ""neutral""}, {""label"": ""Competition importance"", ""value"": 0.82, ""impact"": ""neutral""}, {""label"": ""Probability source"", ""value"": ""FOOTBALL_V13_FALLBACK"", ""impact"": ""neutral""}]","REJECT: positive=2, negative=4, neutral=4, confidence=1.000, risk=high",2026-09-20T18:21:48+00:00,2026-09-20T18:21:48+00:00
1a16551ea1284e9018e5d8a4,soccer_uefa_nations_league,UEFA Nations League,Netherlands vs Germany,Draw,Betfair,2026-09-24T18:45:00Z,BLOCK,REJECT,0.25836377353283113,0.25500147553519786,0.005369070068795168,-0.004588441753964958,1.0,high,"[{""label"": ""Consensus safety"", ""value"": 0.98, ""impact"": ""positive""}, {""label"": ""ELO separation"", ""value"": 50.0, ""impact"": ""positive""}, {""label"": ""Model dispersion"", ""value"": 0.0018, ""impact"": ""positive""}]","[{""label"": ""Historical xG"", ""value"": ""unavailable"", ""impact"": ""negative""}, {""label"": ""Decision rule"", ""value"": ""edge below minimum"", ""impact"": ""negative""}]","[{""label"": ""Raw edge"", ""value"": 0.0054, ""impact"": ""neutral""}, {""label"": ""Model-market gap"", ""value"": 0.0061, ""impact"": ""neutral""}, {""label"": ""Form separation"", ""value"": 0.0, ""impact"": ""neutral""}, {""label"": ""Competition importance"", ""value"": 0.82, ""impact"": ""neutral""}, {""label"": ""Probability source"", ""value"": ""FOOTBALL_V13_FALLBACK"", ""impact"": ""neutral""}]","REJECT: positive=3, negative=2, neutral=5, confidence=1.000, risk=high",2026-09-20T18:21:48+00:00,2026-09-20T18:21:48+00:00
435bf7e0c2831db9c3e5a897,soccer_uefa_nations_league,UEFA Nations League,Netherlands vs Germany,Germany,1xBet,2026-09-24T18:45:00Z,BLOCK,REJECT,0.3457600274647201,0.34660789141707965,-0.04764744556698908,-0.039628757697393935,1.0,high,"[{""label"": ""Consensus safety"", ""value"": 0.975, ""impact"": ""positive""}, {""label"": ""ELO separation"", ""value"": 50.0, ""impact"": ""positive""}, {""label"": ""Model dispersion"", ""value"": 0.0088, ""impact"": ""positive""}]","[{""label"": ""Raw edge"", ""value"": -0.0476, ""impact"": ""negative""}, {""label"": ""Model-market gap"", ""value"": -0.0016, ""impact"": ""negative""}, {""label"": ""Historical xG"", ""value"": ""unavailable"", ""impact"": ""negative""}, {""label"": ""Decision rule"", ""value"": ""edge below minimum"", ""impact"": ""negative""}]","[{""label"": ""Form separation"", ""value"": 0.0, ""impact"": ""neutral""}, {""label"": ""Competition importance"", ""value"": 0.82, ""impact"": ""neutral""}, {""label"": ""Probability source"", ""value"": ""FOOTBALL_V13_FALLBACK"", ""impact"": ""neutral""}]","REJECT: positive=3, negative=4, neutral=3, confidence=1.000, risk=high",2026-09-20T18:21:48+00:00,2026-09-20T18:21:48+00:00
4ce8e96400161778444b7af3,soccer_uefa_nations_league,UEFA Nations League,Netherlands vs Germany,Netherlands,Betfair,2026-09-24T18:45:00Z,BLOCK,REJECT,0.3960032290051138,0.39839063304772254,-0.022841474758334868,-0.015508740091645727,1.0,high,"[{""label"": ""Consensus safety"", ""value"": 0.965, ""impact"": ""positive""}, {""label"": ""ELO separation"", ""value"": 50.0, ""impact"": ""positive""}, {""label"": ""Model dispersion"", ""value"": 0.0102, ""impact"": ""positive""}]","[{""label"": ""Raw edge"", ""value"": -0.0228, ""impact"": ""negative""}, {""label"": ""Model-market gap"", ""value"": -0.0044, ""impact"": ""negative""}, {""label"": ""Historical xG"", ""value"": ""unavailable"", ""impact"": ""negative""}, {""label"": ""Decision rule"", ""value"": ""edge below minimum"", ""impact"": ""negative""}]","[{""label"": ""Form separation"", ""value"": 0.0, ""impact"": ""neutral""}, {""label"": ""Competition importance"", ""value"": 0.82, ""impact"": ""neutral""}, {""label"": ""Probability source"", ""value"": ""FOOTBALL_V13_FALLBACK"", ""impact"": ""neutral""}]","REJECT: positive=3, negative=4, neutral=3, confidence=1.000, risk=high",2026-09-20T18:21:48+00:00,2026-09-20T18:21:48+00:00
409b4cf9ece7b2832ab402ff,soccer_uefa_nations_league,UEFA Nations League,Serbia vs Greece,Draw,Pinnacle,2026-09-24T18:45:00Z,BLOCK,REJECT,0.2831454486936922,0.28537319594575267,-0.046352260286993685,-0.03475175717406228,1.0,high,"[{""label"": ""Consensus safety"", ""value"": 0.986, ""impact"": ""positive""}, {""label"": ""ELO separation"", ""value"": 50.0, ""impact"": ""positive""}, {""label"": ""Model dispersion"", ""value"": 0.0018, ""impact"": ""positive""}]","[{""label"": ""Raw edge"", ""value"": -0.0464, ""impact"": ""negative""}, {""label"": ""Model-market gap"", ""value"": -0.0041, ""impact"": ""negative""}, {""label"": ""Historical xG"", ""value"": ""unavailable"", ""impact"": ""negative""}, {""label"": ""Decision rule"", ""value"": ""edge below minimum"", ""impact"": ""negative""}]","[{""label"": ""Form separation"", ""value"": 0.0, ""impact"": ""neutral""}, {""label"": ""Competition importance"", ""value"": 0.82, ""impact"": ""neutral""}, {""label"": ""Probability source"", ""value"": ""FOOTBALL_V13_FALLBACK"", ""impact"": ""neutral""}]","REJECT: positive=3, negative=4, neutral=3, confidence=1.000, risk=high",2026-09-20T18:21:48+00:00,2026-09-20T18:21:48+00:00
24e26fd4b5c0040044c292e5,soccer_uefa_nations_league,UEFA Nations League,Serbia vs Greece,Greece,Betfair,2026-09-24T18:45:00Z,BLOCK,REJECT,0.358023612884559,0.3615221604853393,-0.012767358188554012,-0.004064514412131308,1.0,high,"[{""label"": ""Consensus safety"", ""value"": 0.97, ""impact"": ""positive""}, {""label"": ""ELO separation"", ""value"": 50.0, ""impact"": ""positive""}, {""label"": ""Model dispersion"", ""value"": 0.0088, ""impact"": ""positive""}]","[{""label"": ""Raw edge"", ""value"": -0.0128, ""impact"": ""negative""}, {""label"": ""Model-market gap"", ""value"": -0.0064, ""impact"": ""negative""}, {""label"": ""Historical xG"", ""value"": ""unavailable"", ""impact"": ""negative""}, {""label"": ""Decision rule"", ""value"": ""edge below minimum"", ""impact"": ""negative""}]","[{""label"": ""Form separation"", ""value"": 0.0, ""impact"": ""neutral""}, {""label"": ""Competition importance"", ""value"": 0.82, ""impact"": ""neutral""}, {""label"": ""Probability source"", ""value"": ""FOOTBALL_V13_FALLBACK"", ""impact"": ""neutral""}]","REJECT: positive=3, negative=4, neutral=3, confidence=1.000, risk=high",2026-09-20T18:21:48+00:00,2026-09-20T18:21:48+00:00
7e9d2aae551e4a1a0dd47254,soccer_uefa_nations_league,UEFA Nations League,Serbia vs Greece,Serbia,1xBet,2026-09-24T18:45:00Z,BLOCK,REJECT,0.3587199522463298,0.35310464356890797,-0.0006814273188979758,-0.011723386449803072,1.0,high,"[{""label"": ""Consensus safety"", ""value"": 0.958, ""impact"": ""positive""}, {""label"": ""ELO separation"", ""value"": 50.0, ""impact"": ""positive""}, {""label"": ""Model dispersion"", ""value"": 0.0102, ""impact"": ""positive""}]","[{""label"": ""Raw edge"", ""value"": -0.0007, ""impact"": ""negative""}, {""label"": ""Historical xG"", ""value"": ""unavailable"", ""impact"": ""negative""}, {""label"": ""Decision rule"", ""value"": ""edge below minimum"", ""impact"": ""negative""}]","[{""label"": ""Model-market gap"", ""value"": 0.0103, ""impact"": ""neutral""}, {""label"": ""Form separation"", ""value"": 0.0, ""impact"": ""neutral""}, {""label"": ""Competition importance"", ""value"": 0.82, ""impact"": ""neutral""}, {""label"": ""Probability source"", ""value"": ""FOOTBALL_V13_FALLBACK"", ""impact"": ""neutral""}]","REJECT: positive=3, negative=3, neutral=4, confidence=1.000, risk=high",2026-09-20T18:21:48+00:00,2026-09-20T18:21:48+00:00
52311ab810af5c3cbd263209,soccer_uefa_nations_league,UEFA Nations League,Kosovo vs Republic of Ireland,Draw,Winamax (DE),2026-09-24T18:45:00Z,BLOCK,REJECT,0.2966072737229474,0.30197444196357864,-0.06501294465584606,-0.04653158652399517,1.0,high,"[{""label"": ""Consensus safety"", ""value"": 0.968, ""impact"": ""positive""}, {""label"": ""ELO separation"", ""value"": 50.0, ""impact"": ""positive""}, {""label"": ""Model dispersion"", ""value"": 0.0018, ""impact"": ""positive""}]","[{""label"": ""Raw edge"", ""value"": -0.065, ""impact"": ""negative""}, {""label"": ""Model-market gap"", ""value"": -0.0098, ""impact"": ""negative""}, {""label"": ""Historical xG"", ""value"": ""unavailable"", ""impact"": ""negative""}, {""label"": ""Decision rule"", ""value"": ""edge below minimum"", ""impact"": ""negative""}]","[{""label"": ""Form separation"", ""value"": 0.0, ""impact"": ""neutral""}, {""label"": ""Competition importance"", ""value"": 0.82, ""impact"": ""neutral""}, {""label"": ""Probability source"", ""value"": ""FOOTBALL_V13_FALLBACK"", ""impact"": ""neutral""}]","REJECT: positive=3, negative=4, neutral=3, confidence=1.000, risk=high",2026-09-20T18:21:48+00:00,2026-09-20T18:21:48+00:00
c185113de33c5acbbfbc4ea2,soccer_uefa_nations_league,UEFA Nations League,Kosovo vs Republic of Ireland,Kosovo,PMU (FR),2026-09-24T18:45:00Z,BLOCK,REJECT,0.3565478682169466,0.35034074974152013,-0.005280209702581362,-0.017743154368813078,1.0,high,"[{""label"": ""Consensus safety"", ""value"": 0.956, ""impact"": ""positive""}, {""label"": ""ELO separation"", ""value"": 50.0, ""impact"": ""positive""}, {""label"": ""Model dispersion"", ""value"": 0.0102, ""impact"": ""positive""}]","[{""label"": ""Raw edge"", ""value"": -0.0053, ""impact"": ""negative""}, {""label"": ""Historical xG"", ""value"": ""unavailable"", ""impact"": ""negative""}, {""label"": ""Decision rule"", ""value"": ""edge below minimum"", ""impact"": ""negative""}]","[{""label"": ""Model-market gap"", ""value"": 0.0114, ""impact"": ""neutral""}, {""label"": ""Form separation"", ""value"": 0.0, ""impact"": ""neutral""}, {""label"": ""Competition importance"", ""value"": 0.82, ""impact"": ""neutral""}, {""label"": ""Probability source"", ""value"": ""FOOTBALL_V13_FALLBACK"", ""impact"": ""neutral""}]","REJECT: positive=3, negative=3, neutral=4, confidence=1.000, risk=high",2026-09-20T18:21:48+00:00,2026-09-20T18:21:48+00:00
faa7a8c074776a1af3d33f89,soccer_uefa_nations_league,UEFA Nations League,Kosovo vs Republic of Ireland,Republic of Ireland,Betfair,2026-09-24T18:45:00Z,BLOCK,REJECT,0.3466291419716421,0.3476848082949012,-0.011150505955535017,-0.007481337419142412,1.0,high,"[{""label"": ""Consensus safety"", ""value"": 0.975, ""impact"": ""positive""}, {""label"": ""ELO separation"", ""value"": 50.0, ""impact"": ""positive""}, {""label"": ""Model dispersion"", ""value"": 0.0088, ""impact"": ""positive""}]","[{""label"": ""Raw edge"", ""value"": -0.0112, ""impact"": ""negative""}, {""label"": ""Model-market gap"", ""value"": -0.0019, ""impact"": ""negative""}, {""label"": ""Historical xG"", ""value"": ""unavailable"", ""impact"": ""negative""}, {""label"": ""Decision rule"", ""value"": ""edge below minimum"", ""impact"": ""negative""}]","[{""label"": ""Form separation"", ""value"": 0.0, ""impact"": ""neutral""}, {""label"": ""Competition importance"", ""value"": 0.82, ""impact"": ""neutral""}, {""label"": ""Probability source"", ""value"": ""FOOTBALL_V13_FALLBACK"", ""impact"": ""neutral""}]","REJECT: positive=3, negative=4, neutral=3, confidence=1.000, risk=high",2026-09-20T18:21:48+00:00,2026-09-20T18:21:48+00:00
a9a8f89dd65d94ddbf4852bf,soccer_uefa_nations_league,UEFA Nations League,Liechtenstein vs Lithuania,Draw,Winamax (DE),2026-09-24T18:45:00Z,BLOCK,REJECT,0.21223520895937514,0.19844719592610563,0.1848135056115261,0.11422896033398477,1.0,high,"[{""label"": ""Raw edge"", ""value"": 0.1848, ""impact"": ""positive""}, {""label"": ""Consensus safety"", ""value"": 0.919, ""impact"": ""positive""}, {""label"": ""ELO separation"", ""value"": 50.0, ""impact"": ""positive""}, {""label"": ""Model dispersion"", ""value"": 0.0018, ""impact"": ""positive""}]","[{""label"": ""Historical xG"", ""value"": ""unavailable"", ""impact"": ""negative""}, {""label"": ""Decision rule"", ""value"": ""odds above maximum"", ""impact"": ""negative""}]","[{""label"": ""Model-market gap"", ""value"": 0.0251, ""impact"": ""neutral""}, {""label"": ""Form separation"", ""value"": 0.0, ""impact"": ""neutral""}, {""label"": ""Competition importance"", ""value"": 0.82, ""impact"": ""neutral""}, {""label"": ""Probability source"", ""value"": ""FOOTBALL_V13_FALLBACK"", ""impact"": ""neutral""}]","REJECT: positive=4, negative=2, neutral=4, confidence=1.000, risk=high",2026-09-20T18:21:49+00:00,2026-09-20T18:21:49+00:00
c1f9a7abab07762476637a2f,soccer_uefa_nations_league,UEFA Nations League,Liechtenstein vs Lithuania,Liechtenstein,Betfair,2026-09-24T18:45:00Z,BLOCK,REJECT,0.11046313015898063,0.08401674186465352,0.9196119359458963,0.5209832337904777,1.0,high,"[{""label"": ""Raw edge"", ""value"": 0.9196, ""impact"": ""positive""}, {""label"": ""Model-market gap"", ""value"": 0.0484, ""impact"": ""positive""}, {""label"": ""ELO separation"", ""value"": 50.0, ""impact"": ""positive""}, {""label"": ""Model dispersion"", ""value"": 0.0102, ""impact"": ""positive""}]","[{""label"": ""Historical xG"", ""value"": ""unavailable"", ""impact"": ""negative""}, {""label"": ""Decision rule"", ""value"": ""edge above max guard"", ""impact"": ""negative""}]","[{""label"": ""Consensus safety"", ""value"": 0.677, ""impact"": ""neutral""}, {""label"": ""Form separation"", ""value"": 0.0, ""impact"": ""neutral""}, {""label"": ""Competition importance"", ""value"": 0.82, ""impact"": ""neutral""}, {""label"": ""Probability source"", ""value"": ""FOOTBALL_V13_FALLBACK"", ""impact"": ""neutral""}]","REJECT: positive=4, negative=2, neutral=4, confidence=1.000, risk=high",2026-09-20T18:21:49+00:00,2026-09-20T18:21:49+00:00
3983f7cd36418af99017071e,soccer_uefa_nations_league,UEFA Nations League,Liechtenstein vs Lithuania,Lithuania,1xBet,2026-09-24T18:45:00Z,BLOCK,REJECT,0.6909513632182542,0.7175360622092408,-0.10360842719889818,-0.06427437954365813,1.0,high,"[{""label"": ""ELO separation"", ""value"": 50.0, ""impact"": ""positive""}, {""label"": ""Model dispersion"", ""value"": 0.0088, ""impact"": ""positive""}]","[{""label"": ""Raw edge"", ""value"": -0.1036, ""impact"": ""negative""}, {""label"": ""Consensus safety"", ""value"": 0.597, ""impact"": ""negative""}, {""label"": ""Model-market gap"", ""value"": -0.0486, ""impact"": ""negative""}, {""label"": ""Historical xG"", ""value"": ""unavailable"", ""impact"": ""negative""}, {""label"": ""Decision rule"", ""value"": ""edge below minimum"", ""impact"": ""negative""}]","[{""label"": ""Form separation"", ""value"": 0.0, ""impact"": ""neutral""}, {""label"": ""Competition importance"", ""value"": 0.82, ""impact"": ""neutral""}, {""label"": ""Probability source"", ""value"": ""FOOTBALL_V13_FALLBACK"", ""impact"": ""neutral""}]","REJECT: positive=2, negative=5, neutral=3, confidence=1.000, risk=high",2026-09-20T18:21:49+00:00,2026-09-20T18:21:49+00:00
8da02aa35930d8f1cf297a14,soccer_uefa_nations_league,UEFA Nations League,Portugal vs Wales,Draw,Betfair,2026-09-24T18:45:00Z,BLOCK,REJECT,0.18266215577526812,0.16225495476627133,0.27648798987871226,0.1463579957433626,1.0,high,"[{""label"": ""Raw edge"", ""value"": 0.2765, ""impact"": ""positive""}, {""label"": ""Consensus safety"", ""value"": 0.88, ""impact"": ""positive""}, {""label"": ""ELO separation"", ""value"": 50.0, ""impact"": ""positive""}, {""label"": ""Model dispersion"", ""value"": 0.0018, ""impact"": ""positive""}]","[{""label"": ""Historical xG"", ""value"": ""unavailable"", ""impact"": ""negative""}, {""label"": ""Decision rule"", ""value"": ""odds above maximum"", ""impact"": ""negative""}]","[{""label"": ""Model-market gap"", ""value"": 0.0372, ""impact"": ""neutral""}, {""label"": ""Form separation"", ""value"": 0.0, ""impact"": ""neutral""}, {""label"": ""Competition importance"", ""value"": 0.82, ""impact"": ""neutral""}, {""label"": ""Probability source"", ""value"": ""FOOTBALL_V13_FALLBACK"", ""impact"": ""neutral""}]","REJECT: positive=4, negative=2, neutral=4, confidence=1.000, risk=high",2026-09-20T18:21:49+00:00,2026-09-20T18:21:49+00:00
e36c34af30ee41e607b12116,soccer_uefa_nations_league,UEFA Nations League,Portugal vs Wales,Portugal,1xBet,2026-09-24T18:45:00Z,BLOCK,REJECT,0.7345386395130812,0.7609544238267193,-0.10214398911106526,-0.06458319146317389,1.0,high,"[{""label"": ""ELO separation"", ""value"": 50.0, ""impact"": ""positive""}, {""label"": ""Model dispersion"", ""value"": 0.0102, ""impact"": ""positive""}]","[{""label"": ""Raw edge"", ""value"": -0.1021, ""impact"": ""negative""}, {""label"": ""Consensus safety"", ""value"": 0.588, ""impact"": ""negative""}, {""label"": ""Model-market gap"", ""value"": -0.0484, ""impact"": ""negative""}, {""label"": ""Historical xG"", ""value"": ""unavailable"", ""impact"": ""negative""}, {""label"": ""Decision rule"", ""value"": ""edge below minimum"", ""impact"": ""negative""}]","[{""label"": ""Form separation"", ""value"": 0.0, ""impact"": ""neutral""}, {""label"": ""Competition importance"", ""value"": 0.82, ""impact"": ""neutral""}, {""label"": ""Probability source"", ""value"": ""FOOTBALL_V13_FALLBACK"", ""impact"": ""neutral""}]","REJECT: positive=2, negative=5, neutral=3, confidence=1.000, risk=high",2026-09-20T18:21:49+00:00,2026-09-20T18:21:49+00:00
0ae08c8bbae1ea30cb60d1d9,soccer_uefa_nations_league,UEFA Nations League,Portugal vs Wales,Wales,Betfair,2026-09-24T18:45:00Z,BLOCK,REJECT,0.10334457922277403,0.07679062140700925,0.8806662303508204,0.4763525554268165,1.0,high,"[{""label"": ""Raw edge"", ""value"": 0.8807, ""impact"": ""positive""}, {""label"": ""Model-market gap"", ""value"": 0.0486, ""impact"": ""positive""}, {""label"": ""ELO separation"", ""value"": 50.0, ""impact"": ""positive""}, {""label"": ""Model dispersion"", ""value"": 0.0088, ""impact"": ""positive""}]","[{""label"": ""Historical xG"", ""value"": ""unavailable"", ""impact"": ""negative""}, {""label"": ""Decision rule"", ""value"": ""edge above max guard"", ""impact"": ""negative""}]","[{""label"": ""Consensus safety"", ""value"": 0.708, ""impact"": ""neutral""}, {""label"": ""Form separation"", ""value"": 0.0, ""impact"": ""neutral""}, {""label"": ""Competition importance"", ""value"": 0.82, ""impact"": ""neutral""}, {""label"": ""Probability source"", ""value"": ""FOOTBALL_V13_FALLBACK"", ""impact"": ""neutral""}]","REJECT: positive=4, negative=2, neutral=4, confidence=1.000, risk=high",2026-09-20T18:21:49+00:00,2026-09-20T18:21:49+00:00
5ebc8423dc1841382b3ec87f,soccer_uefa_nations_league,UEFA Nations League,Armenia vs Latvia,Armenia,Winamax (DE),2026-09-25T16:00:00Z,BLOCK,REJECT,0.5159104632885656,0.5422871532299612,-0.1307063175482902,-0.08417360035009067,1.0,high,"[{""label"": ""ELO separation"", ""value"": 50.0, ""impact"": ""positive""}, {""label"": ""Model dispersion"", ""value"": 0.0102, ""impact"": ""positive""}]","[{""label"": ""Raw edge"", ""value"": -0.1307, ""impact"": ""negative""}, {""label"": ""Model-market gap"", ""value"": -0.0484, ""impact"": ""negative""}, {""label"": ""Historical xG"", ""value"": ""unavailable"", ""impact"": ""negative""}, {""label"": ""Decision rule"", ""value"": ""edge below minimum"", ""impact"": ""negative""}]","[{""label"": ""Consensus safety"", ""value"": 0.823, ""impact"": ""neutral""}, {""label"": ""Form separation"", ""value"": 0.0, ""impact"": ""neutral""}, {""label"": ""Competition importance"", ""value"": 0.82, ""impact"": ""neutral""}, {""label"": ""Probability source"", ""value"": ""FOOTBALL_V13_FALLBACK"", ""impact"": ""neutral""}]","REJECT: positive=2, negative=4, neutral=4, confidence=1.000, risk=high",2026-09-20T18:21:49+00:00,2026-09-20T18:21:49+00:00
67eeb74558656e6dc45c6984,soccer_uefa_nations_league,UEFA Nations League,Armenia vs Latvia,Draw,Marathon Bet,2026-09-25T16:00:00Z,BLOCK,REJECT,0.2573996165980944,0.2537915395386667,-0.015772295023297356,-0.023466958116238532,1.0,high,"[{""label"": ""Consensus safety"", ""value"": 0.978, ""impact"": ""positive""}, {""label"": ""ELO separation"", ""value"": 50.0, ""impact"": ""positive""}, {""label"": ""Model dispersion"", ""value"": 0.0018, ""impact"": ""positive""}]","[{""label"": ""Raw edge"", ""value"": -0.0158, ""impact"": ""negative""}, {""label"": ""Historical xG"", ""value"": ""unavailable"", ""impact"": ""negative""}, {""label"": ""Decision rule"", ""value"": ""edge below minimum"", ""impact"": ""negative""}]","[{""label"": ""Model-market gap"", ""value"": 0.0066, ""impact"": ""neutral""}, {""label"": ""Form separation"", ""value"": 0.0, ""impact"": ""neutral""}, {""label"": ""Competition importance"", ""value"": 0.82, ""impact"": ""neutral""}, {""label"": ""Probability source"", ""value"": ""FOOTBALL_V13_FALLBACK"", ""impact"": ""neutral""}]","REJECT: positive=3, negative=3, neutral=4, confidence=1.000, risk=high",2026-09-20T18:21:49+00:00,2026-09-20T18:21:49+00:00
e94ec0343a6ba9b69903c3e5,soccer_uefa_nations_league,UEFA Nations League,Armenia vs Latvia,Latvia,Marathon Bet,2026-09-25T16:00:00Z,BLOCK,REJECT,0.22864266722351637,0.2039213072313721,0.24611115428731956,0.12433776686048352,1.0,high,"[{""label"": ""Raw edge"", ""value"": 0.2461, ""impact"": ""positive""}, {""label"": ""Model-market gap"", ""value"": 0.0453, ""impact"": ""positive""}, {""label"": ""ELO separation"", ""value"": 50.0, ""impact"": ""positive""}, {""label"": ""Model dispersion"", ""value"": 0.0088, ""impact"": ""positive""}]","[{""label"": ""Historical xG"", ""value"": ""unavailable"", ""impact"": ""negative""}, {""label"": ""Decision rule"", ""value"": ""odds above maximum"", ""impact"": ""negative""}]","[{""label"": ""Consensus safety"", ""value"": 0.844, ""impact"": ""neutral""}, {""label"": ""Form separation"", ""value"": 0.0, ""impact"": ""neutral""}, {""label"": ""Competition importance"", ""value"": 0.82, ""impact"": ""neutral""}, {""label"": ""Probability source"", ""value"": ""FOOTBALL_V13_FALLBACK"", ""impact"": ""neutral""}]","REJECT: positive=4, negative=2, neutral=4, confidence=1.000, risk=high",2026-09-20T18:21:49+00:00,2026-09-20T18:21:49+00:00
32cafb32ebdcc60059d72ed2,soccer_uefa_nations_league,UEFA Nations League,Georgia vs Northern Ireland,Draw,Betfair,2026-09-25T16:00:00Z,BLOCK,REJECT,0.26871505626238446,0.26767229789101277,-0.02953660991302065,-0.028248394210822782,1.0,high,"[{""label"": ""Consensus safety"", ""value"": 0.992, ""impact"": ""positive""}, {""label"": ""ELO separation"", ""value"": 50.0, ""impact"": ""positive""}, {""label"": ""Model dispersion"", ""value"": 0.0018, ""impact"": ""positive""}]","[{""label"": ""Raw edge"", ""value"": -0.0295, ""impact"": ""negative""}, {""label"": ""Historical xG"", ""value"": ""unavailable"", ""impact"": ""negative""}, {""label"": ""Decision rule"", ""value"": ""edge below minimum"", ""impact"": ""negative""}]","[{""label"": ""Model-market gap"", ""value"": 0.0019, ""impact"": ""neutral""}, {""label"": ""Form separation"", ""value"": 0.0, ""impact"": ""neutral""}, {""label"": ""Competition importance"", ""value"": 0.82, ""impact"": ""neutral""}, {""label"": ""Probability source"", ""value"": ""FOOTBALL_V13_FALLBACK"", ""impact"": ""neutral""}]","REJECT: positive=3, negative=3, neutral=4, confidence=1.000, risk=high",2026-09-20T18:21:49+00:00,2026-09-20T18:21:49+00:00
f86a987433dc4167b0e04b34,soccer_uefa_nations_league,UEFA Nations League,Georgia vs Northern Ireland,Georgia,Betfair,2026-09-25T16:00:00Z,BLOCK,REJECT,0.47784573111651585,0.49816041430734476,-0.10113289043570073,-0.05905031972340478,1.0,high,"[{""label"": ""Consensus safety"", ""value"": 0.87, ""impact"": ""positive""}, {""label"": ""ELO separation"", ""value"": 50.0, ""impact"": ""positive""}, {""label"": ""Model dispersion"", ""value"": 0.0102, ""impact"": ""positive""}]","[{""label"": ""Raw edge"", ""value"": -0.1011, ""impact"": ""negative""}, {""label"": ""Model-market gap"", ""value"": -0.0372, ""impact"": ""negative""}, {""label"": ""Historical xG"", ""value"": ""unavailable"", ""impact"": ""negative""}, {""label"": ""Decision rule"", ""value"": ""edge below minimum"", ""impact"": ""negative""}]","[{""label"": ""Form separation"", ""value"": 0.0, ""impact"": ""neutral""}, {""label"": ""Competition importance"", ""value"": 0.82, ""impact"": ""neutral""}, {""label"": ""Probability source"", ""value"": ""FOOTBALL_V13_FALLBACK"", ""impact"": ""neutral""}]","REJECT: positive=3, negative=4, neutral=3, confidence=1.000, risk=high",2026-09-20T18:21:49+00:00,2026-09-20T18:21:49+00:00
d04cc02bcabffb89e8677af4,soccer_uefa_nations_league,UEFA Nations League,Georgia vs Northern Ireland,Northern Ireland,Betfair,2026-09-25T16:00:00Z,BLOCK,REJECT,0.25360589530144806,0.23416728780164256,0.18685309153971685,0.10032020624695219,1.0,high,"[{""label"": ""Raw edge"", ""value"": 0.1869, ""impact"": ""positive""}, {""label"": ""Consensus safety"", ""value"": 0.877, ""impact"": ""positive""}, {""label"": ""ELO separation"", ""value"": 50.0, ""impact"": ""positive""}, {""label"": ""Model dispersion"", ""value"": 0.0088, ""impact"": ""positive""}]","[{""label"": ""Historical xG"", ""value"": ""unavailable"", ""impact"": ""negative""}, {""label"": ""Decision rule"", ""value"": ""odds above maximum"", ""impact"": ""negative""}]","[{""label"": ""Model-market gap"", ""value"": 0.0356, ""impact"": ""neutral""}, {""label"": ""Form separation"", ""value"": 0.0, ""impact"": ""neutral""}, {""label"": ""Competition importance"", ""value"": 0.82, ""impact"": ""neutral""}, {""label"": ""Probability source"", ""value"": ""FOOTBALL_V13_FALLBACK"", ""impact"": ""neutral""}]","REJECT: positive=4, negative=2, neutral=4, confidence=1.000, risk=high",2026-09-20T18:21:49+00:00,2026-09-20T18:21:49+00:00
3b313d1430e8082ff8ed5266,soccer_uefa_nations_league,UEFA Nations League,Italy vs Belgium,Belgium,Betfair,2026-09-25T18:45:00Z,BLOCK,REJECT,0.30149708538164305,0.2927511162175031,0.03438030860380059,0.008671491810559774,1.0,high,"[{""label"": ""Consensus safety"", ""value"": 0.937, ""impact"": ""positive""}, {""label"": ""ELO separation"", ""value"": 50.0, ""impact"": ""positive""}, {""label"": ""Model dispersion"", ""value"": 0.0088, ""impact"": ""positive""}]","[{""label"": ""Historical xG"", ""value"": ""unavailable"", ""impact"": ""negative""}, {""label"": ""Decision rule"", ""value"": ""edge below minimum"", ""impact"": ""negative""}]","[{""label"": ""Raw edge"", ""value"": 0.0344, ""impact"": ""neutral""}, {""label"": ""Model-market gap"", ""value"": 0.016, ""impact"": ""neutral""}, {""label"": ""Form separation"", ""value"": 0.0, ""impact"": ""neutral""}, {""label"": ""Competition importance"", ""value"": 0.82, ""impact"": ""neutral""}, {""label"": ""Probability source"", ""value"": ""FOOTBALL_V13_FALLBACK"", ""impact"": ""neutral""}]","REJECT: positive=3, negative=2, neutral=5, confidence=1.000, risk=high",2026-09-20T18:21:49+00:00,2026-09-20T18:21:49+00:00
985f0de746aa2cb312d77d66,soccer_uefa_nations_league,UEFA Nations League,Italy vs Belgium,Draw,Pinnacle,2026-09-25T18:45:00Z,BLOCK,REJECT,0.26649677698993246,0.2649694238367881,-0.01733496254566813,-0.019010880774220903,1.0,high,"[{""label"": ""Consensus safety"", ""value"": 0.99, ""impact"": ""positive""}, {""label"": ""ELO separation"", ""value"": 50.0, ""impact"": ""positive""}, {""label"": ""Model dispersion"", ""value"": 0.0018, ""impact"": ""positive""}]","[{""label"": ""Raw edge"", ""value"": -0.0173, ""impact"": ""negative""}, {""label"": ""Historical xG"", ""value"": ""unavailable"", ""impact"": ""negative""}, {""label"": ""Decision rule"", ""value"": ""edge below minimum"", ""impact"": ""negative""}]","[{""label"": ""Model-market gap"", ""value"": 0.0028, ""impact"": ""neutral""}, {""label"": ""Form separation"", ""value"": 0.0, ""impact"": ""neutral""}, {""label"": ""Competition importance"", ""value"": 0.82, ""impact"": ""neutral""}, {""label"": ""Probability source"", ""value"": ""FOOTBALL_V13_FALLBACK"", ""impact"": ""neutral""}]","REJECT: positive=3, negative=3, neutral=4, confidence=1.000, risk=high",2026-09-20T18:21:49+00:00,2026-09-20T18:21:49+00:00
a6920f690004ce4252c9cc38,soccer_uefa_nations_league,UEFA Nations League,Italy vs Belgium,Italy,1xBet,2026-09-25T18:45:00Z,BLOCK,REJECT,0.43212366679917785,0.4422794599457087,-0.07217531986678305,-0.04651951480441948,1.0,high,"[{""label"": ""Consensus safety"", ""value"": 0.927, ""impact"": ""positive""}, {""label"": ""ELO separation"", ""value"": 50.0, ""impact"": ""positive""}, {""label"": ""Model dispersion"", ""value"": 0.0102, ""impact"": ""positive""}]","[{""label"": ""Raw edge"", ""value"": -0.0722, ""impact"": ""negative""}, {""label"": ""Model-market gap"", ""value"": -0.0186, ""impact"": ""negative""}, {""label"": ""Historical xG"", ""value"": ""unavailable"", ""impact"": ""negative""}, {""label"": ""Decision rule"", ""value"": ""edge below minimum"", ""impact"": ""negative""}]","[{""label"": ""Form separation"", ""value"": 0.0, ""impact"": ""neutral""}, {""label"": ""Competition importance"", ""value"": 0.82, ""impact"": ""neutral""}, {""label"": ""Probability source"", ""value"": ""FOOTBALL_V13_FALLBACK"", ""impact"": ""neutral""}]","REJECT: positive=3, negative=4, neutral=3, confidence=1.000, risk=high",2026-09-20T18:21:49+00:00,2026-09-20T18:21:49+00:00
18671e30868159b707b86e1f,soccer_uefa_nations_league,UEFA Nations League,Poland vs Bosnia & Herzegovina,Bosnia & Herzegovina,PMU (FR),2026-09-25T18:45:00Z,BLOCK,REJECT,0.230279722236216,0.20592844156030968,0.3779841799518049,0.24260736354073056,1.0,high,"[{""label"": ""Raw edge"", ""value"": 0.378, ""impact"": ""positive""}, {""label"": ""Model-market gap"", ""value"": 0.0446, ""impact"": ""positive""}, {""label"": ""ELO separation"", ""value"": 50.0, ""impact"": ""positive""}, {""label"": ""Model dispersion"", ""value"": 0.0088, ""impact"": ""positive""}]","[{""label"": ""Historical xG"", ""value"": ""unavailable"", ""impact"": ""negative""}, {""label"": ""Decision rule"", ""value"": ""edge above max guard"", ""impact"": ""negative""}]","[{""label"": ""Consensus safety"", ""value"": 0.847, ""impact"": ""neutral""}, {""label"": ""Form separation"", ""value"": 0.0, ""impact"": ""neutral""}, {""label"": ""Competition importance"", ""value"": 0.82, ""impact"": ""neutral""}, {""label"": ""Probability source"", ""value"": ""FOOTBALL_V13_FALLBACK"", ""impact"": ""neutral""}]","REJECT: positive=4, negative=2, neutral=4, confidence=1.000, risk=high",2026-09-20T18:21:49+00:00,2026-09-20T18:21:49+00:00
bb54d3aa108cca4c181aff38,soccer_uefa_nations_league,UEFA Nations League,Poland vs Bosnia & Herzegovina,Draw,PMU (FR),2026-09-25T18:45:00Z,BLOCK,REJECT,0.2436827720638713,0.23695752674220555,-0.0030744797887025666,-0.023000147051937692,1.0,high,"[{""label"": ""Consensus safety"", ""value"": 0.96, ""impact"": ""positive""}, {""label"": ""ELO separation"", ""value"": 50.0, ""impact"": ""positive""}, {""label"": ""Model dispersion"", ""value"": 0.0018, ""impact"": ""positive""}]","[{""label"": ""Raw edge"", ""value"": -0.0031, ""impact"": ""negative""}, {""label"": ""Historical xG"", ""value"": ""unavailable"", ""impact"": ""negative""}, {""label"": ""Decision rule"", ""value"": ""edge below minimum"", ""impact"": ""negative""}]","[{""label"": ""Model-market gap"", ""value"": 0.0123, ""impact"": ""neutral""}, {""label"": ""Form separation"", ""value"": 0.0, ""impact"": ""neutral""}, {""label"": ""Competition importance"", ""value"": 0.82, ""impact"": ""neutral""}, {""label"": ""Probability source"", ""value"": ""FOOTBALL_V13_FALLBACK"", ""impact"": ""neutral""}]","REJECT: positive=3, negative=3, neutral=4, confidence=1.000, risk=high",2026-09-20T18:21:49+00:00,2026-09-20T18:21:49+00:00
29e259249c305b51d62abe90,soccer_uefa_nations_league,UEFA Nations League,Poland vs Bosnia & Herzegovina,Poland,1xBet,2026-09-25T18:45:00Z,BLOCK,REJECT,0.5307322350491164,0.5571140316974849,-0.15039794836016995,-0.09857014942739986,1.0,high,"[{""label"": ""ELO separation"", ""value"": 50.0, ""impact"": ""positive""}, {""label"": ""Model dispersion"", ""value"": 0.0102, ""impact"": ""positive""}]","[{""label"": ""Raw edge"", ""value"": -0.1504, ""impact"": ""negative""}, {""label"": ""Model-market gap"", ""value"": -0.0484, ""impact"": ""negative""}, {""label"": ""Historical xG"", ""value"": ""unavailable"", ""impact"": ""negative""}, {""label"": ""Decision rule"", ""value"": ""edge below minimum"", ""impact"": ""negative""}]","[{""label"": ""Consensus safety"", ""value"": 0.807, ""impact"": ""neutral""}, {""label"": ""Form separation"", ""value"": 0.0, ""impact"": ""neutral""}, {""label"": ""Competition importance"", ""value"": 0.82, ""impact"": ""neutral""}, {""label"": ""Probability source"", ""value"": ""FOOTBALL_V13_FALLBACK"", ""impact"": ""neutral""}]","REJECT: positive=2, negative=4, neutral=4, confidence=1.000, risk=high",2026-09-20T18:21:49+00:00,2026-09-20T18:21:49+00:00
3eceeb64f70173e0671a022c,soccer_uefa_nations_league,UEFA Nations League,Montenegro vs Cyprus,Cyprus,Betfair,2026-09-25T18:45:00Z,BLOCK,REJECT,0.20402441641694435,0.17748943985471627,0.3112440893990178,0.15874267070444092,1.0,high,"[{""label"": ""Raw edge"", ""value"": 0.3112, ""impact"": ""positive""}, {""label"": ""Model-market gap"", ""value"": 0.0486, ""impact"": ""positive""}, {""label"": ""ELO separation"", ""value"": 50.0, ""impact"": ""positive""}, {""label"": ""Model dispersion"", ""value"": 0.0088, ""impact"": ""positive""}]","[{""label"": ""Historical xG"", ""value"": ""unavailable"", ""impact"": ""negative""}, {""label"": ""Decision rule"", ""value"": ""edge above max guard"", ""impact"": ""negative""}]","[{""label"": ""Consensus safety"", ""value"": 0.816, ""impact"": ""neutral""}, {""label"": ""Form separation"", ""value"": 0.0, ""impact"": ""neutral""}, {""label"": ""Competition importance"", ""value"": 0.82, ""impact"": ""neutral""}, {""label"": ""Probability source"", ""value"": ""FOOTBALL_V13_FALLBACK"", ""impact"": ""neutral""}]","REJECT: positive=4, negative=2, neutral=4, confidence=1.000, risk=high",2026-09-20T18:21:49+00:00,2026-09-20T18:21:49+00:00
6da088274b676b2069e209ad,soccer_uefa_nations_league,UEFA Nations League,Montenegro vs Cyprus,Draw,Winamax (DE),2026-09-25T18:45:00Z,BLOCK,REJECT,0.25170616878651964,0.2468125388402572,0.010167214152416282,-0.005270717124081183,1.0,high,"[{""label"": ""Consensus safety"", ""value"": 0.971, ""impact"": ""positive""}, {""label"": ""ELO separation"", ""value"": 50.0, ""impact"": ""positive""}, {""label"": ""Model dispersion"", ""value"": 0.0018, ""impact"": ""positive""}]","[{""label"": ""Historical xG"", ""value"": ""unavailable"", ""impact"": ""negative""}, {""label"": ""Decision rule"", ""value"": ""edge below minimum"", ""impact"": ""negative""}]","[{""label"": ""Raw edge"", ""value"": 0.0102, ""impact"": ""neutral""}, {""label"": ""Model-market gap"", ""value"": 0.0089, ""impact"": ""neutral""}, {""label"": ""Form separation"", ""value"": 0.0, ""impact"": ""neutral""}, {""label"": ""Competition importance"", ""value"": 0.82, ""impact"": ""neutral""}, {""label"": ""Probability source"", ""value"": ""FOOTBALL_V13_FALLBACK"", ""impact"": ""neutral""}]","REJECT: positive=3, negative=2, neutral=5, confidence=1.000, risk=high",2026-09-20T18:21:49+00:00,2026-09-20T18:21:49+00:00
b9606d5d50d1243915a2bf04,soccer_uefa_nations_league,UEFA Nations League,Montenegro vs Cyprus,Montenegro,1xBet,2026-09-25T18:45:00Z,BLOCK,REJECT,0.5493011335336481,0.5756980213050266,-0.1193626857155754,-0.0716811411746239,1.0,high,"[{""label"": ""ELO separation"", ""value"": 50.0, ""impact"": ""positive""}, {""label"": ""Model dispersion"", ""value"": 0.0102, ""impact"": ""positive""}]","[{""label"": ""Raw edge"", ""value"": -0.1194, ""impact"": ""negative""}, {""label"": ""Model-market gap"", ""value"": -0.0484, ""impact"": ""negative""}, {""label"": ""Historical xG"", ""value"": ""unavailable"", ""impact"": ""negative""}, {""label"": ""Decision rule"", ""value"": ""edge below minimum"", ""impact"": ""negative""}]","[{""label"": ""Consensus safety"", ""value"": 0.787, ""impact"": ""neutral""}, {""label"": ""Form separation"", ""value"": 0.0, ""impact"": ""neutral""}, {""label"": ""Competition importance"", ""value"": 0.82, ""impact"": ""neutral""}, {""label"": ""Probability source"", ""value"": ""FOOTBALL_V13_FALLBACK"", ""impact"": ""neutral""}]","REJECT: positive=2, negative=4, neutral=4, confidence=1.000, risk=high",2026-09-20T18:21:49+00:00,2026-09-20T18:21:49+00:00
0bcfdedab0430f12247cdc37,soccer_uefa_nations_league,UEFA Nations League,Turkey vs France,Draw,Betfair,2026-09-25T18:45:00Z,BLOCK,REJECT,0.22614511745653054,0.2155291959270151,0.10394158209716653,0.054445167122722925,1.0,high,"[{""label"": ""Raw edge"", ""value"": 0.1039, ""impact"": ""positive""}, {""label"": ""Consensus safety"", ""value"": 0.937, ""impact"": ""positive""}, {""label"": ""ELO separation"", ""value"": 50.0, ""impact"": ""positive""}, {""label"": ""Model dispersion"", ""value"": 0.0018, ""impact"": ""positive""}]","[{""label"": ""Historical xG"", ""value"": ""unavailable"", ""impact"": ""negative""}, {""label"": ""Decision rule"", ""value"": ""odds above maximum"", ""impact"": ""negative""}]","[{""label"": ""Model-market gap"", ""value"": 0.0194, ""impact"": ""neutral""}, {""label"": ""Form separation"", ""value"": 0.0, ""impact"": ""neutral""}, {""label"": ""Competition importance"", ""value"": 0.82, ""impact"": ""neutral""}, {""label"": ""Probability source"", ""value"": ""FOOTBALL_V13_FALLBACK"", ""impact"": ""neutral""}]","REJECT: positive=4, negative=2, neutral=4, confidence=1.000, risk=high",2026-09-20T18:21:49+00:00,2026-09-20T18:21:49+00:00
1ac4a36a83e2f1c826f45e30,soccer_uefa_nations_league,UEFA Nations League,Turkey vs France,France,1xBet,2026-09-25T18:45:00Z,BLOCK,REJECT,0.6045110587609326,0.6310618406897738,-0.12046318275584023,-0.07560149567435252,1.0,high,"[{""label"": ""ELO separation"", ""value"": 50.0, ""impact"": ""positive""}, {""label"": ""Model dispersion"", ""value"": 0.0088, ""impact"": ""positive""}]","[{""label"": ""Raw edge"", ""value"": -0.1205, ""impact"": ""negative""}, {""label"": ""Model-market gap"", ""value"": -0.0486, ""impact"": ""negative""}, {""label"": ""Historical xG"", ""value"": ""unavailable"", ""impact"": ""negative""}, {""label"": ""Decision rule"", ""value"": ""edge below minimum"", ""impact"": ""negative""}]","[{""label"": ""Consensus safety"", ""value"": 0.69, ""impact"": ""neutral""}, {""label"": ""Form separation"", ""value"": 0.0, ""impact"": ""neutral""}, {""label"": ""Competition importance"", ""value"": 0.82, ""impact"": ""neutral""}, {""label"": ""Probability source"", ""value"": ""FOOTBALL_V13_FALLBACK"", ""impact"": ""neutral""}]","REJECT: positive=2, negative=4, neutral=4, confidence=1.000, risk=high",2026-09-20T18:21:49+00:00,2026-09-20T18:21:49+00:00
cbc5cc88d61df8033d9f2c9c,soccer_uefa_nations_league,UEFA Nations League,Turkey vs France,Turkey,Betfair,2026-09-25T18:45:00Z,BLOCK,REJECT,0.1798215859835648,0.15340896338321122,0.41245476108654344,0.22403446654504933,1.0,high,"[{""label"": ""Raw edge"", ""value"": 0.4125, ""impact"": ""positive""}, {""label"": ""Model-market gap"", ""value"": 0.0484, ""impact"": ""positive""}, {""label"": ""ELO separation"", ""value"": 50.0, ""impact"": ""positive""}, {""label"": ""Model dispersion"", ""value"": 0.0102, ""impact"": ""positive""}]","[{""label"": ""Historical xG"", ""value"": ""unavailable"", ""impact"": ""negative""}, {""label"": ""Decision rule"", ""value"": ""edge above max guard"", ""impact"": ""negative""}]","[{""label"": ""Consensus safety"", ""value"": 0.752, ""impact"": ""neutral""}, {""label"": ""Form separation"", ""value"": 0.0, ""impact"": ""neutral""}, {""label"": ""Competition importance"", ""value"": 0.82, ""impact"": ""neutral""}, {""label"": ""Probability source"", ""value"": ""FOOTBALL_V13_FALLBACK"", ""impact"": ""neutral""}]","REJECT: positive=4, negative=2, neutral=4, confidence=1.000, risk=high",2026-09-20T18:21:49+00:00,2026-09-20T18:21:49+00:00
27f3ef327d4babd87c74619e,soccer_uefa_nations_league,UEFA Nations League,Hungary vs Ukraine,Draw,PMU (FR),2026-09-25T18:45:00Z,BLOCK,REJECT,0.2843279419081016,0.2868465221685566,-0.05446679561860657,-0.04323649044324388,1.0,high,"[{""label"": ""Consensus safety"", ""value"": 0.984, ""impact"": ""positive""}, {""label"": ""ELO separation"", ""value"": 50.0, ""impact"": ""positive""}, {""label"": ""Model dispersion"", ""value"": 0.0018, ""impact"": ""positive""}]","[{""label"": ""Raw edge"", ""value"": -0.0545, ""impact"": ""negative""}, {""label"": ""Model-market gap"", ""value"": -0.0046, ""impact"": ""negative""}, {""label"": ""Historical xG"", ""value"": ""unavailable"", ""impact"": ""negative""}, {""label"": ""Decision rule"", ""value"": ""edge below minimum"", ""impact"": ""negative""}]","[{""label"": ""Form separation"", ""value"": 0.0, ""impact"": ""neutral""}, {""label"": ""Competition importance"", ""value"": 0.82, ""impact"": ""neutral""}, {""label"": ""Probability source"", ""value"": ""FOOTBALL_V13_FALLBACK"", ""impact"": ""neutral""}]","REJECT: positive=3, negative=4, neutral=3, confidence=1.000, risk=high",2026-09-20T18:21:49+00:00,2026-09-20T18:21:49+00:00
e8c15cfac6fa5fbe588d309b,soccer_uefa_nations_league,UEFA Nations League,Hungary vs Ukraine,Hungary,1xBet,2026-09-25T18:45:00Z,BLOCK,REJECT,0.4159951084818657,0.42273465738469923,-0.060242629677550674,-0.041075851219368416,1.0,high,"[{""label"": ""Consensus safety"", ""value"": 0.946, ""impact"": ""positive""}, {""label"": ""ELO separation"", ""value"": 50.0, ""impact"": ""positive""}, {""label"": ""Model dispersion"", ""value"": 0.0102, ""impact"": ""positive""}]","[{""label"": ""Raw edge"", ""value"": -0.0602, ""impact"": ""negative""}, {""label"": ""Model-market gap"", ""value"": -0.0124, ""impact"": ""negative""}, {""label"": ""Historical xG"", ""value"": ""unavailable"", ""impact"": ""negative""}, {""label"": ""Decision rule"", ""value"": ""edge below minimum"", ""impact"": ""negative""}]","[{""label"": ""Form separation"", ""value"": 0.0, ""impact"": ""neutral""}, {""label"": ""Competition importance"", ""value"": 0.82, ""impact"": ""neutral""}, {""label"": ""Probability source"", ""value"": ""FOOTBALL_V13_FALLBACK"", ""impact"": ""neutral""}]","REJECT: positive=3, negative=4, neutral=3, confidence=1.000, risk=high",2026-09-20T18:21:49+00:00,2026-09-20T18:21:49+00:00
cc8cb76ee431102217c719ad,soccer_uefa_nations_league,UEFA Nations League,Hungary vs Ukraine,Ukraine,Betfair,2026-09-25T18:45:00Z,BLOCK,REJECT,0.2996383363884768,0.2904188204467441,0.029504293985388452,0.003280133664036777,1.0,high,"[{""label"": ""Consensus safety"", ""value"": 0.935, ""impact"": ""positive""}, {""label"": ""ELO separation"", ""value"": 50.0, ""impact"": ""positive""}, {""label"": ""Model dispersion"", ""value"": 0.0088, ""impact"": ""positive""}]","[{""label"": ""Historical xG"", ""value"": ""unavailable"", ""impact"": ""negative""}, {""label"": ""Decision rule"", ""value"": ""edge below minimum"", ""impact"": ""negative""}]","[{""label"": ""Raw edge"", ""value"": 0.0295, ""impact"": ""neutral""}, {""label"": ""Model-market gap"", ""value"": 0.0169, ""impact"": ""neutral""}, {""label"": ""Form separation"", ""value"": 0.0, ""impact"": ""neutral""}, {""label"": ""Competition importance"", ""value"": 0.82, ""impact"": ""neutral""}, {""label"": ""Probability source"", ""value"": ""FOOTBALL_V13_FALLBACK"", ""impact"": ""neutral""}]","REJECT: positive=3, negative=2, neutral=5, confidence=1.000, risk=high",2026-09-20T18:21:49+00:00,2026-09-20T18:21:49+00:00
3920ddd38db1952a7d38a1e3,soccer_uefa_nations_league,UEFA Nations League,Sweden vs Romania,Draw,Betfair,2026-09-25T18:45:00Z,BLOCK,REJECT,0.22519500909565,0.2143178545060217,0.07701127572856414,0.03108073573631833,1.0,high,"[{""label"": ""Consensus safety"", ""value"": 0.936, ""impact"": ""positive""}, {""label"": ""ELO separation"", ""value"": 50.0, ""impact"": ""positive""}, {""label"": ""Model dispersion"", ""value"": 0.0018, ""impact"": ""positive""}]","[{""label"": ""Historical xG"", ""value"": ""unavailable"", ""impact"": ""negative""}, {""label"": ""Decision rule"", ""value"": ""edge below minimum"", ""impact"": ""negative""}]","[{""label"": ""Raw edge"", ""value"": 0.077, ""impact"": ""neutral""}, {""label"": ""Model-market gap"", ""value"": 0.0198, ""impact"": ""neutral""}, {""label"": ""Form separation"", ""value"": 0.0, ""impact"": ""neutral""}, {""label"": ""Competition importance"", ""value"": 0.82, ""impact"": ""neutral""}, {""label"": ""Probability source"", ""value"": ""FOOTBALL_V13_FALLBACK"", ""impact"": ""neutral""}]","REJECT: positive=3, negative=2, neutral=5, confidence=1.000, risk=high",2026-09-20T18:21:49+00:00,2026-09-20T18:21:49+00:00
10c55add39584596bbb51c33,soccer_uefa_nations_league,UEFA Nations League,Sweden vs Romania,Romania,Betfair,2026-09-25T18:45:00Z,BLOCK,REJECT,0.18955305537886508,0.16298456155591376,0.354058808569339,0.18454262040756964,1.0,high,"[{""label"": ""Raw edge"", ""value"": 0.3541, ""impact"": ""positive""}, {""label"": ""Model-market gap"", ""value"": 0.0486, ""impact"": ""positive""}, {""label"": ""ELO separation"", ""value"": 50.0, ""impact"": ""positive""}, {""label"": ""Model dispersion"", ""value"": 0.0088, ""impact"": ""positive""}]","[{""label"": ""Historical xG"", ""value"": ""unavailable"", ""impact"": ""negative""}, {""label"": ""Decision rule"", ""value"": ""edge above max guard"", ""impact"": ""negative""}]","[{""label"": ""Consensus safety"", ""value"": 0.801, ""impact"": ""neutral""}, {""label"": ""Form separation"", ""value"": 0.0, ""impact"": ""neutral""}, {""label"": ""Competition importance"", ""value"": 0.82, ""impact"": ""neutral""}, {""label"": ""Probability source"", ""value"": ""FOOTBALL_V13_FALLBACK"", ""impact"": ""neutral""}]","REJECT: positive=4, negative=2, neutral=4, confidence=1.000, risk=high",2026-09-20T18:21:49+00:00,2026-09-20T18:21:49+00:00
1821d0f7cab6dd5d3dde4fda,soccer_uefa_nations_league,UEFA Nations League,Sweden vs Romania,Sweden,Betfair,2026-09-25T18:45:00Z,BLOCK,REJECT,0.5962673284898643,0.6226975839380645,-0.09830614569215024,-0.0552921585885846,1.0,high,"[{""label"": ""ELO separation"", ""value"": 50.0, ""impact"": ""positive""}, {""label"": ""Model dispersion"", ""value"": 0.0102, ""impact"": ""positive""}]","[{""label"": ""Raw edge"", ""value"": -0.0983, ""impact"": ""negative""}, {""label"": ""Model-market gap"", ""value"": -0.0484, ""impact"": ""negative""}, {""label"": ""Historical xG"", ""value"": ""unavailable"", ""impact"": ""negative""}, {""label"": ""Decision rule"", ""value"": ""edge below minimum"", ""impact"": ""negative""}]","[{""label"": ""Consensus safety"", ""value"": 0.737, ""impact"": ""neutral""}, {""label"": ""Form separation"", ""value"": 0.0, ""impact"": ""neutral""}, {""label"": ""Competition importance"", ""value"": 0.82, ""impact"": ""neutral""}, {""label"": ""Probability source"", ""value"": ""FOOTBALL_V13_FALLBACK"", ""impact"": ""neutral""}]","REJECT: positive=2, negative=4, neutral=4, confidence=1.000, risk=high",2026-09-20T18:21:49+00:00,2026-09-20T18:21:49+00:00
80a61940348f63b3d817d019,soccer_uefa_nations_league,UEFA Nations League,Slovenia vs Scotland,Draw,Betsson,2026-09-26T13:00:00Z,BLOCK,REJECT,0.2932945944622134,0.2978589472195326,-0.07352756867630494,-0.058812790199986066,1.0,high,"[{""label"": ""Consensus safety"", ""value"": 0.973, ""impact"": ""positive""}, {""label"": ""ELO separation"", ""value"": 50.0, ""impact"": ""positive""}, {""label"": ""Model dispersion"", ""value"": 0.0018, ""impact"": ""positive""}]","[{""label"": ""Raw edge"", ""value"": -0.0735, ""impact"": ""negative""}, {""label"": ""Model-market gap"", ""value"": -0.0083, ""impact"": ""negative""}, {""label"": ""Historical xG"", ""value"": ""unavailable"", ""impact"": ""negative""}, {""label"": ""Decision rule"", ""value"": ""edge below minimum"", ""impact"": ""negative""}]","[{""label"": ""Form separation"", ""value"": 0.0, ""impact"": ""neutral""}, {""label"": ""Competition importance"", ""value"": 0.82, ""impact"": ""neutral""}, {""label"": ""Probability source"", ""value"": ""FOOTBALL_V13_FALLBACK"", ""impact"": ""neutral""}]","REJECT: positive=3, negative=4, neutral=3, confidence=1.000, risk=high",2026-09-20T18:21:49+00:00,2026-09-20T18:21:49+00:00
0fa589272acd442a090100b9,soccer_uefa_nations_league,UEFA Nations League,Slovenia vs Scotland,Scotland,Betfair,2026-09-26T13:00:00Z,BLOCK,REJECT,0.35387714275211335,0.35650831446016,-0.05045282507451132,-0.03855689442553177,1.0,high,"[{""label"": ""Consensus safety"", ""value"": 0.972, ""impact"": ""positive""}, {""label"": ""ELO separation"", ""value"": 50.0, ""impact"": ""positive""}, {""label"": ""Model dispersion"", ""value"": 0.0088, ""impact"": ""positive""}]","[{""label"": ""Raw edge"", ""value"": -0.0505, ""impact"": ""negative""}, {""label"": ""Model-market gap"", ""value"": -0.0048, ""impact"": ""negative""}, {""label"": ""Historical xG"", ""value"": ""unavailable"", ""impact"": ""negative""}, {""label"": ""Decision rule"", ""value"": ""edge below minimum"", ""impact"": ""negative""}]","[{""label"": ""Form separation"", ""value"": 0.0, ""impact"": ""neutral""}, {""label"": ""Competition importance"", ""value"": 0.82, ""impact"": ""neutral""}, {""label"": ""Probability source"", ""value"": ""FOOTBALL_V13_FALLBACK"", ""impact"": ""neutral""}]","REJECT: positive=3, negative=4, neutral=3, confidence=1.000, risk=high",2026-09-20T18:21:49+00:00,2026-09-20T18:21:49+00:00
484a2eacbc007cfb79d5afc7,soccer_uefa_nations_league,UEFA Nations League,Slovenia vs Scotland,Slovenia,Marathon Bet,2026-09-26T13:00:00Z,BLOCK,REJECT,0.35263250931859336,0.34563273832030733,0.0073180817749705085,-0.007902916424014673,1.0,high,"[{""label"": ""Consensus safety"", ""value"": 0.952, ""impact"": ""positive""}, {""label"": ""ELO separation"", ""value"": 50.0, ""impact"": ""positive""}, {""label"": ""Model dispersion"", ""value"": 0.0102, ""impact"": ""positive""}]","[{""label"": ""Historical xG"", ""value"": ""unavailable"", ""impact"": ""negative""}, {""label"": ""Decision rule"", ""value"": ""edge below minimum"", ""impact"": ""negative""}]","[{""label"": ""Raw edge"", ""value"": 0.0073, ""impact"": ""neutral""}, {""label"": ""Model-market gap"", ""value"": 0.0128, ""impact"": ""neutral""}, {""label"": ""Form separation"", ""value"": 0.0, ""impact"": ""neutral""}, {""label"": ""Competition importance"", ""value"": 0.82, ""impact"": ""neutral""}, {""label"": ""Probability source"", ""value"": ""FOOTBALL_V13_FALLBACK"", ""impact"": ""neutral""}]","REJECT: positive=3, negative=2, neutral=5, confidence=1.000, risk=high",2026-09-20T18:21:49+00:00,2026-09-20T18:21:49+00:00
5d4672ef14ff7f83ad1d27d2,soccer_uefa_nations_league,UEFA Nations League,Bulgaria vs Luxembourg,Bulgaria,1xBet,2026-09-26T16:00:00Z,BLOCK,REJECT,0.4446711686352164,0.4577875723449588,-0.11518847495325923,-0.08052883804992718,1.0,high,"[{""label"": ""Consensus safety"", ""value"": 0.912, ""impact"": ""positive""}, {""label"": ""ELO separation"", ""value"": 50.0, ""impact"": ""positive""}, {""label"": ""Model dispersion"", ""value"": 0.0102, ""impact"": ""positive""}]","[{""label"": ""Raw edge"", ""value"": -0.1152, ""impact"": ""negative""}, {""label"": ""Model-market gap"", ""value"": -0.0241, ""impact"": ""negative""}, {""label"": ""Historical xG"", ""value"": ""unavailable"", ""impact"": ""negative""}, {""label"": ""Decision rule"", ""value"": ""edge below minimum"", ""impact"": ""negative""}]","[{""label"": ""Form separation"", ""value"": 0.0, ""impact"": ""neutral""}, {""label"": ""Competition importance"", ""value"": 0.82, ""impact"": ""neutral""}, {""label"": ""Probability source"", ""value"": ""FOOTBALL_V13_FALLBACK"", ""impact"": ""neutral""}]","REJECT: positive=3, negative=4, neutral=3, confidence=1.000, risk=high",2026-09-20T18:21:49+00:00,2026-09-20T18:21:49+00:00
fcf3ca22cbc85e4c0da03a67,soccer_uefa_nations_league,UEFA Nations League,Bulgaria vs Luxembourg,Draw,Betfair,2026-09-26T16:00:00Z,BLOCK,REJECT,0.2757628630393285,0.2763394486619791,-0.09155351723445981,-0.0779095929723721,1.0,high,"[{""label"": ""Consensus safety"", ""value"": 0.994, ""impact"": ""positive""}, {""label"": ""ELO separation"", ""value"": 50.0, ""impact"": ""positive""}, {""label"": ""Model dispersion"", ""value"": 0.0018, ""impact"": ""positive""}]","[{""label"": ""Raw edge"", ""value"": -0.0916, ""impact"": ""negative""}, {""label"": ""Model-market gap"", ""value"": -0.0011, ""impact"": ""negative""}, {""label"": ""Historical xG"", ""value"": ""unavailable"", ""impact"": ""negative""}, {""label"": ""Decision rule"", ""value"": ""edge below minimum"", ""impact"": ""negative""}]","[{""label"": ""Form separation"", ""value"": 0.0, ""impact"": ""neutral""}, {""label"": ""Competition importance"", ""value"": 0.82, ""impact"": ""neutral""}, {""label"": ""Probability source"", ""value"": ""FOOTBALL_V13_FALLBACK"", ""impact"": ""neutral""}]","REJECT: positive=3, negative=4, neutral=3, confidence=1.000, risk=high",2026-09-20T18:21:49+00:00,2026-09-20T18:21:49+00:00
d5797b811bc1614ae91c156c,soccer_uefa_nations_league,UEFA Nations League,Bulgaria vs Luxembourg,Luxembourg,Marathon Bet,2026-09-26T16:00:00Z,BLOCK,REJECT,0.27963241949714823,0.2658729789930621,0.20802343210518615,0.13932393864997525,1.0,high,"[{""label"": ""Raw edge"", ""value"": 0.208, ""impact"": ""positive""}, {""label"": ""Consensus safety"", ""value"": 0.91, ""impact"": ""positive""}, {""label"": ""ELO separation"", ""value"": 50.0, ""impact"": ""positive""}, {""label"": ""Model dispersion"", ""value"": 0.0088, ""impact"": ""positive""}]","[{""label"": ""Historical xG"", ""value"": ""unavailable"", ""impact"": ""negative""}, {""label"": ""Decision rule"", ""value"": ""odds above maximum"", ""impact"": ""negative""}]","[{""label"": ""Model-market gap"", ""value"": 0.0252, ""impact"": ""neutral""}, {""label"": ""Form separation"", ""value"": 0.0, ""impact"": ""neutral""}, {""label"": ""Competition importance"", ""value"": 0.82, ""impact"": ""neutral""}, {""label"": ""Probability source"", ""value"": ""FOOTBALL_V13_FALLBACK"", ""impact"": ""neutral""}]","REJECT: positive=4, negative=2, neutral=4, confidence=1.000, risk=high",2026-09-20T18:21:49+00:00,2026-09-20T18:21:49+00:00
ae3b4638f7a7a8fbd312e115,soccer_uefa_nations_league,UEFA Nations League,Iceland vs Estonia,Draw,Betfair,2026-09-26T16:00:00Z,BLOCK,REJECT,0.22005048965414592,0.2078764099712831,0.10446089949073167,0.0486963141947959,1.0,high,"[{""label"": ""Raw edge"", ""value"": 0.1045, ""impact"": ""positive""}, {""label"": ""Consensus safety"", ""value"": 0.929, ""impact"": ""positive""}, {""label"": ""ELO separation"", ""value"": 50.0, ""impact"": ""positive""}, {""label"": ""Model dispersion"", ""value"": 0.0018, ""impact"": ""positive""}]","[{""label"": ""Historical xG"", ""value"": ""unavailable"", ""impact"": ""negative""}, {""label"": ""Decision rule"", ""value"": ""odds above maximum"", ""impact"": ""negative""}]","[{""label"": ""Model-market gap"", ""value"": 0.0222, ""impact"": ""neutral""}, {""label"": ""Form separation"", ""value"": 0.0, ""impact"": ""neutral""}, {""label"": ""Competition importance"", ""value"": 0.82, ""impact"": ""neutral""}, {""label"": ""Probability source"", ""value"": ""FOOTBALL_V13_FALLBACK"", ""impact"": ""neutral""}]","REJECT: positive=4, negative=2, neutral=4, confidence=1.000, risk=high",2026-09-20T18:21:49+00:00,2026-09-20T18:21:49+00:00
de4565a4bdadc14c8b89469a,soccer_uefa_nations_league,UEFA Nations League,Iceland vs Estonia,Estonia,Betfair,2026-09-26T16:00:00Z,BLOCK,REJECT,0.1406996777182087,0.11418154620251741,0.49747179606717795,0.25493241802056105,1.0,high,"[{""label"": ""Raw edge"", ""value"": 0.4975, ""impact"": ""positive""}, {""label"": ""Model-market gap"", ""value"": 0.0486, ""impact"": ""positive""}, {""label"": ""ELO separation"", ""value"": 50.0, ""impact"": ""positive""}, {""label"": ""Model dispersion"", ""value"": 0.0088, ""impact"": ""positive""}]","[{""label"": ""Historical xG"", ""value"": ""unavailable"", ""impact"": ""negative""}, {""label"": ""Decision rule"", ""value"": ""edge above max guard"", ""impact"": ""negative""}]","[{""label"": ""Consensus safety"", ""value"": 0.748, ""impact"": ""neutral""}, {""label"": ""Form separation"", ""value"": 0.0, ""impact"": ""neutral""}, {""label"": ""Competition importance"", ""value"": 0.82, ""impact"": ""neutral""}, {""label"": ""Probability source"", ""value"": ""FOOTBALL_V13_FALLBACK"", ""impact"": ""neutral""}]","REJECT: positive=4, negative=2, neutral=4, confidence=1.000, risk=high",2026-09-20T18:21:49+00:00,2026-09-20T18:21:49+00:00
99f57c6d8f2e60c48dd23604,soccer_uefa_nations_league,UEFA Nations League,Iceland vs Estonia,Iceland,1xBet,2026-09-26T16:00:00Z,BLOCK,REJECT,0.6515619259237408,0.6779420438261994,-0.11859954212413382,-0.07614343901142419,1.0,high,"[{""label"": ""ELO separation"", ""value"": 50.0, ""impact"": ""positive""}, {""label"": ""Model dispersion"", ""value"": 0.0102, ""impact"": ""positive""}]","[{""label"": ""Raw edge"", ""value"": -0.1186, ""impact"": ""negative""}, {""label"": ""Model-market gap"", ""value"": -0.0484, ""impact"": ""negative""}, {""label"": ""Historical xG"", ""value"": ""unavailable"", ""impact"": ""negative""}, {""label"": ""Decision rule"", ""value"": ""edge below minimum"", ""impact"": ""negative""}]","[{""label"": ""Consensus safety"", ""value"": 0.677, ""impact"": ""neutral""}, {""label"": ""Form separation"", ""value"": 0.0, ""impact"": ""neutral""}, {""label"": ""Competition importance"", ""value"": 0.82, ""impact"": ""neutral""}, {""label"": ""Probability source"", ""value"": ""FOOTBALL_V13_FALLBACK"", ""impact"": ""neutral""}]","REJECT: positive=2, negative=4, neutral=4, confidence=1.000, risk=high",2026-09-20T18:21:49+00:00,2026-09-20T18:21:49+00:00
089e75178cfa01af9a9f2c28,soccer_uefa_nations_league,UEFA Nations League,San Marino vs Finland,Draw,Betfair,2026-09-26T16:00:00Z,BLOCK,REJECT,0.1467379397933391,0.11946543063472762,0.7763837835908338,0.4681961593183014,1.0,high,"[{""label"": ""Raw edge"", ""value"": 0.7764, ""impact"": ""positive""}, {""label"": ""Model-market gap"", ""value"": 0.0497, ""impact"": ""positive""}, {""label"": ""ELO separation"", ""value"": 50.0, ""impact"": ""positive""}, {""label"": ""Model dispersion"", ""value"": 0.0018, ""impact"": ""positive""}]","[{""label"": ""Historical xG"", ""value"": ""unavailable"", ""impact"": ""negative""}, {""label"": ""Decision rule"", ""value"": ""edge above max guard"", ""impact"": ""negative""}]","[{""label"": ""Consensus safety"", ""value"": 0.833, ""impact"": ""neutral""}, {""label"": ""Form separation"", ""value"": 0.0, ""impact"": ""neutral""}, {""label"": ""Competition importance"", ""value"": 0.82, ""impact"": ""neutral""}, {""label"": ""Probability source"", ""value"": ""FOOTBALL_V13_FALLBACK"", ""impact"": ""neutral""}]","REJECT: positive=4, negative=2, neutral=4, confidence=1.000, risk=high",2026-09-20T18:21:49+00:00,2026-09-20T18:21:49+00:00
913090afe5afea733dd17f95,soccer_uefa_nations_league,UEFA Nations League,San Marino vs Finland,Finland,Marathon Bet,2026-09-26T16:00:00Z,BLOCK,REJECT,0.816871881058449,0.8434235563907017,-0.10978319939942505,-0.07388682217160349,1.0,high,"[{""label"": ""ELO separation"", ""value"": 50.0, ""impact"": ""positive""}, {""label"": ""Model dispersion"", ""value"": 0.0088, ""impact"": ""positive""}]","[{""label"": ""Raw edge"", ""value"": -0.1098, ""impact"": ""negative""}, {""label"": ""Consensus safety"", ""value"": 0.461, ""impact"": ""negative""}, {""label"": ""Model-market gap"", ""value"": -0.0486, ""impact"": ""negative""}, {""label"": ""Historical xG"", ""value"": ""unavailable"", ""impact"": ""negative""}, {""label"": ""Decision rule"", ""value"": ""edge below minimum"", ""impact"": ""negative""}]","[{""label"": ""Form separation"", ""value"": 0.0, ""impact"": ""neutral""}, {""label"": ""Competition importance"", ""value"": 0.82, ""impact"": ""neutral""}, {""label"": ""Probability source"", ""value"": ""FOOTBALL_V13_FALLBACK"", ""impact"": ""neutral""}]","REJECT: positive=2, negative=5, neutral=3, confidence=1.000, risk=high",2026-09-20T18:21:49+00:00,2026-09-20T18:21:49+00:00
c8f709f7a6aa31db28b6dc7b,soccer_uefa_nations_league,UEFA Nations League,San Marino vs Finland,San Marino,1xBet,2026-09-26T16:00:00Z,BLOCK,REJECT,0.06352452499117325,0.03711101297457068,1.9063642399551468,1.0056988436845196,1.0,high,"[{""label"": ""Raw edge"", ""value"": 1.9064, ""impact"": ""positive""}, {""label"": ""Model-market gap"", ""value"": 0.0484, ""impact"": ""positive""}, {""label"": ""ELO separation"", ""value"": 50.0, ""impact"": ""positive""}, {""label"": ""Model dispersion"", ""value"": 0.0102, ""impact"": ""positive""}]","[{""label"": ""Historical xG"", ""value"": ""unavailable"", ""impact"": ""negative""}, {""label"": ""Decision rule"", ""value"": ""edge above max guard"", ""impact"": ""negative""}]","[{""label"": ""Consensus safety"", ""value"": 0.626, ""impact"": ""neutral""}, {""label"": ""Form separation"", ""value"": 0.0, ""impact"": ""neutral""}, {""label"": ""Competition importance"", ""value"": 0.82, ""impact"": ""neutral""}, {""label"": ""Probability source"", ""value"": ""FOOTBALL_V13_FALLBACK"", ""impact"": ""neutral""}]","REJECT: positive=4, negative=2, neutral=4, confidence=1.000, risk=high",2026-09-20T18:21:50+00:00,2026-09-20T18:21:50+00:00
d116221e5105254aef4c3679,soccer_uefa_nations_league,UEFA Nations League,Czech Republic vs Croatia,Croatia,Pinnacle,2026-09-26T18:45:00Z,BLOCK,REJECT,0.4109947988952527,0.4261820455676905,-0.08776303139317965,-0.05092977479407846,1.0,high,"[{""label"": ""Consensus safety"", ""value"": 0.909, ""impact"": ""positive""}, {""label"": ""ELO separation"", ""value"": 50.0, ""impact"": ""positive""}, {""label"": ""Model dispersion"", ""value"": 0.0088, ""impact"": ""positive""}]","[{""label"": ""Raw edge"", ""value"": -0.0878, ""impact"": ""negative""}, {""label"": ""Model-market gap"", ""value"": -0.0278, ""impact"": ""negative""}, {""label"": ""Historical xG"", ""value"": ""unavailable"", ""impact"": ""negative""}, {""label"": ""Decision rule"", ""value"": ""edge below minimum"", ""impact"": ""negative""}]","[{""label"": ""Form separation"", ""value"": 0.0, ""impact"": ""neutral""}, {""label"": ""Competition importance"", ""value"": 0.82, ""impact"": ""neutral""}, {""label"": ""Probability source"", ""value"": ""FOOTBALL_V13_FALLBACK"", ""impact"": ""neutral""}]","REJECT: positive=3, negative=4, neutral=3, confidence=1.000, risk=high",2026-09-20T18:21:50+00:00,2026-09-20T18:21:50+00:00
9bea323337fc23eb19cd564f,soccer_uefa_nations_league,UEFA Nations League,Czech Republic vs Croatia,Czech Republic,PMU (FR),2026-09-26T18:45:00Z,BLOCK,REJECT,0.31796115198320823,0.303376726161897,0.05637593227945348,0.015906634993290408,1.0,high,"[{""label"": ""Consensus safety"", ""value"": 0.911, ""impact"": ""positive""}, {""label"": ""ELO separation"", ""value"": 50.0, ""impact"": ""positive""}, {""label"": ""Model dispersion"", ""value"": 0.0102, ""impact"": ""positive""}]","[{""label"": ""Historical xG"", ""value"": ""unavailable"", ""impact"": ""negative""}, {""label"": ""Decision rule"", ""value"": ""edge below minimum"", ""impact"": ""negative""}]","[{""label"": ""Raw edge"", ""value"": 0.0564, ""impact"": ""neutral""}, {""label"": ""Model-market gap"", ""value"": 0.0267, ""impact"": ""neutral""}, {""label"": ""Form separation"", ""value"": 0.0, ""impact"": ""neutral""}, {""label"": ""Competition importance"", ""value"": 0.82, ""impact"": ""neutral""}, {""label"": ""Probability source"", ""value"": ""FOOTBALL_V13_FALLBACK"", ""impact"": ""neutral""}]","REJECT: positive=3, negative=2, neutral=5, confidence=1.000, risk=high",2026-09-20T18:21:50+00:00,2026-09-20T18:21:50+00:00
c7cb1647fa15e25b346da206,soccer_uefa_nations_league,UEFA Nations League,Czech Republic vs Croatia,Draw,PMU (FR),2026-09-26T18:45:00Z,BLOCK,REJECT,0.27096594962296044,0.27044122827041256,-0.0365339456556284,-0.034652691834734795,1.0,high,"[{""label"": ""Consensus safety"", ""value"": 0.994, ""impact"": ""positive""}, {""label"": ""ELO separation"", ""value"": 50.0, ""impact"": ""positive""}, {""label"": ""Model dispersion"", ""value"": 0.0018, ""impact"": ""positive""}]","[{""label"": ""Raw edge"", ""value"": -0.0365, ""impact"": ""negative""}, {""label"": ""Historical xG"", ""value"": ""unavailable"", ""impact"": ""negative""}, {""label"": ""Decision rule"", ""value"": ""edge below minimum"", ""impact"": ""negative""}]","[{""label"": ""Model-market gap"", ""value"": 0.001, ""impact"": ""neutral""}, {""label"": ""Form separation"", ""value"": 0.0, ""impact"": ""neutral""}, {""label"": ""Competition importance"", ""value"": 0.82, ""impact"": ""neutral""}, {""label"": ""Probability source"", ""value"": ""FOOTBALL_V13_FALLBACK"", ""impact"": ""neutral""}]","REJECT: positive=3, negative=3, neutral=4, confidence=1.000, risk=high",2026-09-20T18:21:50+00:00,2026-09-20T18:21:50+00:00
4a4a0fd60dbc3c867cd2ba68,soccer_uefa_nations_league,UEFA Nations League,England vs Spain,Draw,PMU (FR),2026-09-26T18:45:00Z,BLOCK,REJECT,0.281355708460843,0.28320784433041396,-0.0345948817476891,-0.02669006296853748,1.0,high,"[{""label"": ""Consensus safety"", ""value"": 0.988, ""impact"": ""positive""}, {""label"": ""ELO separation"", ""value"": 50.0, ""impact"": ""positive""}, {""label"": ""Model dispersion"", ""value"": 0.0018, ""impact"": ""positive""}]","[{""label"": ""Raw edge"", ""value"": -0.0346, ""impact"": ""negative""}, {""label"": ""Model-market gap"", ""value"": -0.0034, ""impact"": ""negative""}, {""label"": ""Historical xG"", ""value"": ""unavailable"", ""impact"": ""negative""}, {""label"": ""Decision rule"", ""value"": ""edge below minimum"", ""impact"": ""negative""}]","[{""label"": ""Form separation"", ""value"": 0.0, ""impact"": ""neutral""}, {""label"": ""Competition importance"", ""value"": 0.82, ""impact"": ""neutral""}, {""label"": ""Probability source"", ""value"": ""FOOTBALL_V13_FALLBACK"", ""impact"": ""neutral""}]","REJECT: positive=3, negative=4, neutral=3, confidence=1.000, risk=high",2026-09-20T18:21:50+00:00,2026-09-20T18:21:50+00:00
678be6479d471ab66a1e9e33,soccer_uefa_nations_league,UEFA Nations League,England vs Spain,England,Betfair,2026-09-26T18:45:00Z,BLOCK,REJECT,0.3465511800782497,0.33819658894446153,0.018122393327957953,-0.001673304248205337,1.0,high,"[{""label"": ""Consensus safety"", ""value"": 0.945, ""impact"": ""positive""}, {""label"": ""ELO separation"", ""value"": 50.0, ""impact"": ""positive""}, {""label"": ""Model dispersion"", ""value"": 0.0102, ""impact"": ""positive""}]","[{""label"": ""Historical xG"", ""value"": ""unavailable"", ""impact"": ""negative""}, {""label"": ""Decision rule"", ""value"": ""edge below minimum"", ""impact"": ""negative""}]","[{""label"": ""Raw edge"", ""value"": 0.0181, ""impact"": ""neutral""}, {""label"": ""Model-market gap"", ""value"": 0.0153, ""impact"": ""neutral""}, {""label"": ""Form separation"", ""value"": 0.0, ""impact"": ""neutral""}, {""label"": ""Competition importance"", ""value"": 0.82, ""impact"": ""neutral""}, {""label"": ""Probability source"", ""value"": ""FOOTBALL_V13_FALLBACK"", ""impact"": ""neutral""}]","REJECT: positive=3, negative=2, neutral=5, confidence=1.000, risk=high",2026-09-20T18:21:50+00:00,2026-09-20T18:21:50+00:00
16a90b15f997d9562f9760d7,soccer_uefa_nations_league,UEFA Nations League,England vs Spain,Spain,1xBet,2026-09-26T18:45:00Z,BLOCK,REJECT,0.37197784355489094,0.37859556672512457,-0.06916361182241437,-0.04784367895864041,1.0,high,"[{""label"": ""Consensus safety"", ""value"": 0.956, ""impact"": ""positive""}, {""label"": ""ELO separation"", ""value"": 50.0, ""impact"": ""positive""}, {""label"": ""Model dispersion"", ""value"": 0.0088, ""impact"": ""positive""}]","[{""label"": ""Raw edge"", ""value"": -0.0692, ""impact"": ""negative""}, {""label"": ""Model-market gap"", ""value"": -0.0121, ""impact"": ""negative""}, {""label"": ""Historical xG"", ""value"": ""unavailable"", ""impact"": ""negative""}, {""label"": ""Decision rule"", ""value"": ""edge below minimum"", ""impact"": ""negative""}]","[{""label"": ""Form separation"", ""value"": 0.0, ""impact"": ""neutral""}, {""label"": ""Competition importance"", ""value"": 0.82, ""impact"": ""neutral""}, {""label"": ""Probability source"", ""value"": ""FOOTBALL_V13_FALLBACK"", ""impact"": ""neutral""}]","REJECT: positive=3, negative=4, neutral=3, confidence=1.000, risk=high",2026-09-20T18:21:50+00:00,2026-09-20T18:21:50+00:00
7a489a290bfbd788904c05c8,soccer_uefa_nations_league,UEFA Nations League,Slovakia vs Moldova,Draw,Betfair,2026-09-26T18:45:00Z,BLOCK,REJECT,0.1961782839526578,0.17842706809942163,0.20131116589693,0.10235514848995926,1.0,high,"[{""label"": ""Raw edge"", ""value"": 0.2013, ""impact"": ""positive""}, {""label"": ""Consensus safety"", ""value"": 0.897, ""impact"": ""positive""}, {""label"": ""ELO separation"", ""value"": 50.0, ""impact"": ""positive""}, {""label"": ""Model dispersion"", ""value"": 0.0018, ""impact"": ""positive""}]","[{""label"": ""Historical xG"", ""value"": ""unavailable"", ""impact"": ""negative""}, {""label"": ""Decision rule"", ""value"": ""odds above maximum"", ""impact"": ""negative""}]","[{""label"": ""Model-market gap"", ""value"": 0.0323, ""impact"": ""neutral""}, {""label"": ""Form separation"", ""value"": 0.0, ""impact"": ""neutral""}, {""label"": ""Competition importance"", ""value"": 0.82, ""impact"": ""neutral""}, {""label"": ""Probability source"", ""value"": ""FOOTBALL_V13_FALLBACK"", ""impact"": ""neutral""}]","REJECT: positive=4, negative=2, neutral=4, confidence=1.000, risk=high",2026-09-20T18:21:50+00:00,2026-09-20T18:21:50+00:00
5aa97a74d247f3bad3fff05c,soccer_uefa_nations_league,UEFA Nations League,Slovakia vs Moldova,Moldova,Betfair,2026-09-26T18:45:00Z,BLOCK,REJECT,0.1188005389830415,0.09222519173407216,1.0417786257482051,0.6256555246814589,1.0,high,"[{""label"": ""Raw edge"", ""value"": 1.0418, ""impact"": ""positive""}, {""label"": ""Model-market gap"", ""value"": 0.0486, ""impact"": ""positive""}, {""label"": ""ELO separation"", ""value"": 50.0, ""impact"": ""positive""}, {""label"": ""Model dispersion"", ""value"": 0.0088, ""impact"": ""positive""}]","[{""label"": ""Historical xG"", ""value"": ""unavailable"", ""impact"": ""negative""}, {""label"": ""Decision rule"", ""value"": ""edge above max guard"", ""impact"": ""negative""}]","[{""label"": ""Consensus safety"", ""value"": 0.724, ""impact"": ""neutral""}, {""label"": ""Form separation"", ""value"": 0.0, ""impact"": ""neutral""}, {""label"": ""Competition importance"", ""value"": 0.82, ""impact"": ""neutral""}, {""label"": ""Probability source"", ""value"": ""FOOTBALL_V13_FALLBACK"", ""impact"": ""neutral""}]","REJECT: positive=4, negative=2, neutral=4, confidence=1.000, risk=high",2026-09-20T18:21:50+00:00,2026-09-20T18:21:50+00:00
27cdf3bca413902568df1e8d,soccer_uefa_nations_league,UEFA Nations League,Slovakia vs Moldova,Slovakia,1xBet,2026-09-26T18:45:00Z,BLOCK,REJECT,0.7029106618783854,0.7293477401665062,-0.10791953792463749,-0.0686635482163965,1.0,high,"[{""label"": ""ELO separation"", ""value"": 50.0, ""impact"": ""positive""}, {""label"": ""Model dispersion"", ""value"": 0.0102, ""impact"": ""positive""}]","[{""label"": ""Raw edge"", ""value"": -0.1079, ""impact"": ""negative""}, {""label"": ""Model-market gap"", ""value"": -0.0484, ""impact"": ""negative""}, {""label"": ""Historical xG"", ""value"": ""unavailable"", ""impact"": ""negative""}, {""label"": ""Decision rule"", ""value"": ""edge below minimum"", ""impact"": ""negative""}]","[{""label"": ""Consensus safety"", ""value"": 0.622, ""impact"": ""neutral""}, {""label"": ""Form separation"", ""value"": 0.0, ""impact"": ""neutral""}, {""label"": ""Competition importance"", ""value"": 0.82, ""impact"": ""neutral""}, {""label"": ""Probability source"", ""value"": ""FOOTBALL_V13_FALLBACK"", ""impact"": ""neutral""}]","REJECT: positive=2, negative=4, neutral=4, confidence=1.000, risk=high",2026-09-20T18:21:50+00:00,2026-09-20T18:21:50+00:00
66f42d3378e40d88c68aec0e,soccer_uefa_nations_league,UEFA Nations League,North Macedonia vs Switzerland,Draw,Betfair,2026-09-26T18:45:00Z,BLOCK,REJECT,0.21270734473536415,0.1988115093919148,0.12071930153285537,0.05501200146110169,1.0,high,"[{""label"": ""Raw edge"", ""value"": 0.1207, ""impact"": ""positive""}, {""label"": ""Consensus safety"", ""value"": 0.919, ""impact"": ""positive""}, {""label"": ""ELO separation"", ""value"": 50.0, ""impact"": ""positive""}, {""label"": ""Model dispersion"", ""value"": 0.0018, ""impact"": ""positive""}]","[{""label"": ""Historical xG"", ""value"": ""unavailable"", ""impact"": ""negative""}, {""label"": ""Decision rule"", ""value"": ""odds above maximum"", ""impact"": ""negative""}]","[{""label"": ""Model-market gap"", ""value"": 0.0253, ""impact"": ""neutral""}, {""label"": ""Form separation"", ""value"": 0.0, ""impact"": ""neutral""}, {""label"": ""Competition importance"", ""value"": 0.82, ""impact"": ""neutral""}, {""label"": ""Probability source"", ""value"": ""FOOTBALL_V13_FALLBACK"", ""impact"": ""neutral""}]","REJECT: positive=4, negative=2, neutral=4, confidence=1.000, risk=high",2026-09-20T18:21:50+00:00,2026-09-20T18:21:50+00:00
d6c2a7f2999f41475935ba7c,soccer_uefa_nations_league,UEFA Nations League,North Macedonia vs Switzerland,North Macedonia,Betfair,2026-09-26T18:45:00Z,BLOCK,REJECT,0.15093664436366147,0.12452541875774065,0.6597987867998849,0.38875055797813446,1.0,high,"[{""label"": ""Raw edge"", ""value"": 0.6598, ""impact"": ""positive""}, {""label"": ""Model-market gap"", ""value"": 0.0484, ""impact"": ""positive""}, {""label"": ""ELO separation"", ""value"": 50.0, ""impact"": ""positive""}, {""label"": ""Model dispersion"", ""value"": 0.0102, ""impact"": ""positive""}]","[{""label"": ""Historical xG"", ""value"": ""unavailable"", ""impact"": ""negative""}, {""label"": ""Decision rule"", ""value"": ""edge above max guard"", ""impact"": ""negative""}]","[{""label"": ""Consensus safety"", ""value"": 0.721, ""impact"": ""neutral""}, {""label"": ""Form separation"", ""value"": 0.0, ""impact"": ""neutral""}, {""label"": ""Competition importance"", ""value"": 0.82, ""impact"": ""neutral""}, {""label"": ""Probability source"", ""value"": ""FOOTBALL_V13_FALLBACK"", ""impact"": ""neutral""}]","REJECT: positive=4, negative=2, neutral=4, confidence=1.000, risk=high",2026-09-20T18:21:50+00:00,2026-09-20T18:21:50+00:00
bb60a647458380c23111347c,soccer_uefa_nations_league,UEFA Nations League,North Macedonia vs Switzerland,Switzerland,1xBet,2026-09-26T18:45:00Z,BLOCK,REJECT,0.6501136931785201,0.6766630718503446,-0.12069367760578131,-0.07790151875421154,1.0,high,"[{""label"": ""ELO separation"", ""value"": 50.0, ""impact"": ""positive""}, {""label"": ""Model dispersion"", ""value"": 0.0088, ""impact"": ""positive""}]","[{""label"": ""Raw edge"", ""value"": -0.1207, ""impact"": ""negative""}, {""label"": ""Model-market gap"", ""value"": -0.0486, ""impact"": ""negative""}, {""label"": ""Historical xG"", ""value"": ""unavailable"", ""impact"": ""negative""}, {""label"": ""Decision rule"", ""value"": ""edge below minimum"", ""impact"": ""negative""}]","[{""label"": ""Consensus safety"", ""value"": 0.641, ""impact"": ""neutral""}, {""label"": ""Form separation"", ""value"": 0.0, ""impact"": ""neutral""}, {""label"": ""Competition importance"", ""value"": 0.82, ""impact"": ""neutral""}, {""label"": ""Probability source"", ""value"": ""FOOTBALL_V13_FALLBACK"", ""impact"": ""neutral""}]","REJECT: positive=2, negative=4, neutral=4, confidence=1.000, risk=high",2026-09-20T18:21:50+00:00,2026-09-20T18:21:50+00:00
3321060113a23653a255c804,soccer_uefa_nations_league,UEFA Nations League,Denmark vs Wales,Denmark,1xBet,2026-09-27T16:00:00Z,BLOCK,REJECT,0.4756900462571422,0.49575022147631576,-0.15553540872856175,-0.10815439943107162,1.0,high,"[{""label"": ""Consensus safety"", ""value"": 0.872, ""impact"": ""positive""}, {""label"": ""ELO separation"", ""value"": 50.0, ""impact"": ""positive""}, {""label"": ""Model dispersion"", ""value"": 0.0102, ""impact"": ""positive""}]","[{""label"": ""Raw edge"", ""value"": -0.1555, ""impact"": ""negative""}, {""label"": ""Model-market gap"", ""value"": -0.0368, ""impact"": ""negative""}, {""label"": ""Historical xG"", ""value"": ""unavailable"", ""impact"": ""negative""}, {""label"": ""Decision rule"", ""value"": ""edge below minimum"", ""impact"": ""negative""}]","[{""label"": ""Form separation"", ""value"": 0.0, ""impact"": ""neutral""}, {""label"": ""Competition importance"", ""value"": 0.82, ""impact"": ""neutral""}, {""label"": ""Probability source"", ""value"": ""FOOTBALL_V13_FALLBACK"", ""impact"": ""neutral""}]","REJECT: positive=3, negative=4, neutral=3, confidence=1.000, risk=high",2026-09-20T18:21:50+00:00,2026-09-20T18:21:50+00:00
da246afb83ff7887e6d7d544,soccer_uefa_nations_league,UEFA Nations League,Denmark vs Wales,Draw,1xBet,2026-09-27T16:00:00Z,BLOCK,REJECT,0.25993167363725717,0.2568412159427065,-0.04193035394119149,-0.04443865257671198,1.0,high,"[{""label"": ""Consensus safety"", ""value"": 0.982, ""impact"": ""positive""}, {""label"": ""ELO separation"", ""value"": 50.0, ""impact"": ""positive""}, {""label"": ""Model dispersion"", ""value"": 0.0018, ""impact"": ""positive""}]","[{""label"": ""Raw edge"", ""value"": -0.0419, ""impact"": ""negative""}, {""label"": ""Historical xG"", ""value"": ""unavailable"", ""impact"": ""negative""}, {""label"": ""Decision rule"", ""value"": ""edge below minimum"", ""impact"": ""negative""}]","[{""label"": ""Model-market gap"", ""value"": 0.0056, ""impact"": ""neutral""}, {""label"": ""Form separation"", ""value"": 0.0, ""impact"": ""neutral""}, {""label"": ""Competition importance"", ""value"": 0.82, ""impact"": ""neutral""}, {""label"": ""Probability source"", ""value"": ""FOOTBALL_V13_FALLBACK"", ""impact"": ""neutral""}]","REJECT: positive=3, negative=3, neutral=4, confidence=1.000, risk=high",2026-09-20T18:21:50+00:00,2026-09-20T18:21:50+00:00
f60eb5974efcf32fb0d45c65,soccer_uefa_nations_league,UEFA Nations League,Denmark vs Wales,Wales,Marathon Bet,2026-09-27T16:00:00Z,BLOCK,REJECT,0.2646082066802261,0.2474085625809777,0.2691735140264415,0.1770843715027215,1.0,high,"[{""label"": ""Raw edge"", ""value"": 0.2692, ""impact"": ""positive""}, {""label"": ""Consensus safety"", ""value"": 0.891, ""impact"": ""positive""}, {""label"": ""ELO separation"", ""value"": 50.0, ""impact"": ""positive""}, {""label"": ""Model dispersion"", ""value"": 0.0088, ""impact"": ""positive""}]","[{""label"": ""Historical xG"", ""value"": ""unavailable"", ""impact"": ""negative""}, {""label"": ""Decision rule"", ""value"": ""edge above max guard"", ""impact"": ""negative""}]","[{""label"": ""Model-market gap"", ""value"": 0.0315, ""impact"": ""neutral""}, {""label"": ""Form separation"", ""value"": 0.0, ""impact"": ""neutral""}, {""label"": ""Competition importance"", ""value"": 0.82, ""impact"": ""neutral""}, {""label"": ""Probability source"", ""value"": ""FOOTBALL_V13_FALLBACK"", ""impact"": ""neutral""}]","REJECT: positive=4, negative=2, neutral=4, confidence=1.000, risk=high",2026-09-20T18:21:50+00:00,2026-09-20T18:21:50+00:00
23bceaf977e03551d3c215e6,soccer_uefa_nations_league,UEFA Nations League,Serbia vs Netherlands,Draw,1xBet,2026-09-27T16:00:00Z,BLOCK,REJECT,0.2619422192304177,0.25931908616995025,0.040587473239196425,0.027792778313067874,1.0,high,"[{""label"": ""Consensus safety"", ""value"": 0.984, ""impact"": ""positive""}, {""label"": ""ELO separation"", ""value"": 50.0, ""impact"": ""positive""}, {""label"": ""Model dispersion"", ""value"": 0.0018, ""impact"": ""positive""}]","[{""label"": ""Historical xG"", ""value"": ""unavailable"", ""impact"": ""negative""}, {""label"": ""Decision rule"", ""value"": ""edge below minimum"", ""impact"": ""negative""}]","[{""label"": ""Raw edge"", ""value"": 0.0406, ""impact"": ""neutral""}, {""label"": ""Model-market gap"", ""value"": 0.0048, ""impact"": ""neutral""}, {""label"": ""Form separation"", ""value"": 0.0, ""impact"": ""neutral""}, {""label"": ""Competition importance"", ""value"": 0.82, ""impact"": ""neutral""}, {""label"": ""Probability source"", ""value"": ""FOOTBALL_V13_FALLBACK"", ""impact"": ""neutral""}]","REJECT: positive=3, negative=2, neutral=5, confidence=1.000, risk=high",2026-09-20T18:21:50+00:00,2026-09-20T18:21:50+00:00
ed59b551bb7bf5c9181d952a,soccer_uefa_nations_league,UEFA Nations League,Serbia vs Netherlands,Netherlands,1xBet,2026-09-27T16:00:00Z,BLOCK,REJECT,0.4818413045854298,0.5083495476990327,-0.1816228916595426,-0.1234086687752413,1.0,high,"[{""label"": ""ELO separation"", ""value"": 50.0, ""impact"": ""positive""}, {""label"": ""Model dispersion"", ""value"": 0.0088, ""impact"": ""positive""}]","[{""label"": ""Raw edge"", ""value"": -0.1816, ""impact"": ""negative""}, {""label"": ""Model-market gap"", ""value"": -0.0486, ""impact"": ""negative""}, {""label"": ""Historical xG"", ""value"": ""unavailable"", ""impact"": ""negative""}, {""label"": ""Decision rule"", ""value"": ""edge below minimum"", ""impact"": ""negative""}]","[{""label"": ""Consensus safety"", ""value"": 0.822, ""impact"": ""neutral""}, {""label"": ""Form separation"", ""value"": 0.0, ""impact"": ""neutral""}, {""label"": ""Competition importance"", ""value"": 0.82, ""impact"": ""neutral""}, {""label"": ""Probability source"", ""value"": ""FOOTBALL_V13_FALLBACK"", ""impact"": ""neutral""}]","REJECT: positive=2, negative=4, neutral=4, confidence=1.000, risk=high",2026-09-20T18:21:50+00:00,2026-09-20T18:21:50+00:00
bbc141475f21f5c4276d7e2d,soccer_uefa_nations_league,UEFA Nations League,Serbia vs Netherlands,Serbia,Marathon Bet,2026-09-27T16:00:00Z,BLOCK,REJECT,0.2587016397622539,0.23233136613101707,0.27719252720876986,0.15375161081594318,1.0,high,"[{""label"": ""Raw edge"", ""value"": 0.2772, ""impact"": ""positive""}, {""label"": ""Model-market gap"", ""value"": 0.0484, ""impact"": ""positive""}, {""label"": ""ELO separation"", ""value"": 50.0, ""impact"": ""positive""}, {""label"": ""Model dispersion"", ""value"": 0.0102, ""impact"": ""positive""}]","[{""label"": ""Historical xG"", ""value"": ""unavailable"", ""impact"": ""negative""}, {""label"": ""Decision rule"", ""value"": ""odds above maximum"", ""impact"": ""negative""}]","[{""label"": ""Consensus safety"", ""value"": 0.836, ""impact"": ""neutral""}, {""label"": ""Form separation"", ""value"": 0.0, ""impact"": ""neutral""}, {""label"": ""Competition importance"", ""value"": 0.82, ""impact"": ""neutral""}, {""label"": ""Probability source"", ""value"": ""FOOTBALL_V13_FALLBACK"", ""impact"": ""neutral""}]","REJECT: positive=4, negative=2, neutral=4, confidence=1.000, risk=high",2026-09-20T18:21:50+00:00,2026-09-20T18:21:50+00:00
9d0d2c7b5067d71a6e89a831,soccer_uefa_nations_league,UEFA Nations League,Germany vs Greece,Draw,1xBet,2026-09-27T18:45:00Z,BLOCK,REJECT,0.2037776671494191,0.1876650701930109,0.08544930619330704,0.01637818850078754,1.0,high,"[{""label"": ""Raw edge"", ""value"": 0.0854, ""impact"": ""positive""}, {""label"": ""Consensus safety"", ""value"": 0.907, ""impact"": ""positive""}, {""label"": ""ELO separation"", ""value"": 50.0, ""impact"": ""positive""}, {""label"": ""Model dispersion"", ""value"": 0.0018, ""impact"": ""positive""}]","[{""label"": ""Historical xG"", ""value"": ""unavailable"", ""impact"": ""negative""}, {""label"": ""Decision rule"", ""value"": ""edge below minimum"", ""impact"": ""negative""}]","[{""label"": ""Model-market gap"", ""value"": 0.0294, ""impact"": ""neutral""}, {""label"": ""Form separation"", ""value"": 0.0, ""impact"": ""neutral""}, {""label"": ""Competition importance"", ""value"": 0.82, ""impact"": ""neutral""}, {""label"": ""Probability source"", ""value"": ""FOOTBALL_V13_FALLBACK"", ""impact"": ""neutral""}]","REJECT: positive=4, negative=2, neutral=4, confidence=1.000, risk=high",2026-09-20T18:21:50+00:00,2026-09-20T18:21:50+00:00
e306120945b7e2b5e10996cc,soccer_uefa_nations_league,UEFA Nations League,Germany vs Greece,Germany,1xBet,2026-09-27T18:45:00Z,BLOCK,REJECT,0.6419309404633216,0.6682959571965021,-0.11970555002579153,-0.07670251497450527,1.0,high,"[{""label"": ""ELO separation"", ""value"": 50.0, ""impact"": ""positive""}, {""label"": ""Model dispersion"", ""value"": 0.0102, ""impact"": ""positive""}]","[{""label"": ""Raw edge"", ""value"": -0.1197, ""impact"": ""negative""}, {""label"": ""Model-market gap"", ""value"": -0.0484, ""impact"": ""negative""}, {""label"": ""Historical xG"", ""value"": ""unavailable"", ""impact"": ""negative""}, {""label"": ""Decision rule"", ""value"": ""edge below minimum"", ""impact"": ""negative""}]","[{""label"": ""Consensus safety"", ""value"": 0.688, ""impact"": ""neutral""}, {""label"": ""Form separation"", ""value"": 0.0, ""impact"": ""neutral""}, {""label"": ""Competition importance"", ""value"": 0.82, ""impact"": ""neutral""}, {""label"": ""Probability source"", ""value"": ""FOOTBALL_V13_FALLBACK"", ""impact"": ""neutral""}]","REJECT: positive=2, negative=4, neutral=4, confidence=1.000, risk=high",2026-09-20T18:21:50+00:00,2026-09-20T18:21:50+00:00
3bfdd2914a480859e23c575e,soccer_uefa_nations_league,UEFA Nations League,Germany vs Greece,Greece,Marathon Bet,2026-09-27T18:45:00Z,BLOCK,REJECT,0.17054193525989442,0.144038972610487,0.4446957492014936,0.24228371098157728,1.0,high,"[{""label"": ""Raw edge"", ""value"": 0.4447, ""impact"": ""positive""}, {""label"": ""Model-market gap"", ""value"": 0.0486, ""impact"": ""positive""}, {""label"": ""ELO separation"", ""value"": 50.0, ""impact"": ""positive""}, {""label"": ""Model dispersion"", ""value"": 0.0088, ""impact"": ""positive""}]","[{""label"": ""Historical xG"", ""value"": ""unavailable"", ""impact"": ""negative""}, {""label"": ""Decision rule"", ""value"": ""edge above max guard"", ""impact"": ""negative""}]","[{""label"": ""Consensus safety"", ""value"": 0.78, ""impact"": ""neutral""}, {""label"": ""Form separation"", ""value"": 0.0, ""impact"": ""neutral""}, {""label"": ""Competition importance"", ""value"": 0.82, ""impact"": ""neutral""}, {""label"": ""Probability source"", ""value"": ""FOOTBALL_V13_FALLBACK"", ""impact"": ""neutral""}]","REJECT: positive=4, negative=2, neutral=4, confidence=1.000, risk=high",2026-09-20T18:21:50+00:00,2026-09-20T18:21:50+00:00
4846dba2dbcb69666e710d3d,soccer_uefa_nations_league,UEFA Nations League,Norway vs Portugal,Draw,1xBet,2026-09-27T18:45:00Z,BLOCK,REJECT,0.2696616121729519,0.26882705264961737,-0.0159213756983152,-0.015982264401914387,1.0,high,"[{""label"": ""Consensus safety"", ""value"": 0.993, ""impact"": ""positive""}, {""label"": ""ELO separation"", ""value"": 50.0, ""impact"": ""positive""}, {""label"": ""Model dispersion"", ""value"": 0.0018, ""impact"": ""positive""}]","[{""label"": ""Raw edge"", ""value"": -0.0159, ""impact"": ""negative""}, {""label"": ""Historical xG"", ""value"": ""unavailable"", ""impact"": ""negative""}, {""label"": ""Decision rule"", ""value"": ""edge below minimum"", ""impact"": ""negative""}]","[{""label"": ""Model-market gap"", ""value"": 0.0015, ""impact"": ""neutral""}, {""label"": ""Form separation"", ""value"": 0.0, ""impact"": ""neutral""}, {""label"": ""Competition importance"", ""value"": 0.82, ""impact"": ""neutral""}, {""label"": ""Probability source"", ""value"": ""FOOTBALL_V13_FALLBACK"", ""impact"": ""neutral""}]","REJECT: positive=3, negative=3, neutral=4, confidence=1.000, risk=high",2026-09-20T18:21:50+00:00,2026-09-20T18:21:50+00:00
f968204bb9a896398689a3db,soccer_uefa_nations_league,UEFA Nations League,Norway vs Portugal,Norway,Marathon Bet,2026-09-27T18:45:00Z,BLOCK,REJECT,0.34347217503998334,0.334317455576518,0.011210299587202321,-0.009376674087176082,1.0,high,"[{""label"": ""Consensus safety"", ""value"": 0.941, ""impact"": ""positive""}, {""label"": ""ELO separation"", ""value"": 50.0, ""impact"": ""positive""}, {""label"": ""Model dispersion"", ""value"": 0.0102, ""impact"": ""positive""}]","[{""label"": ""Historical xG"", ""value"": ""unavailable"", ""impact"": ""negative""}, {""label"": ""Decision rule"", ""value"": ""edge below minimum"", ""impact"": ""negative""}]","[{""label"": ""Raw edge"", ""value"": 0.0112, ""impact"": ""neutral""}, {""label"": ""Model-market gap"", ""value"": 0.0168, ""impact"": ""neutral""}, {""label"": ""Form separation"", ""value"": 0.0, ""impact"": ""neutral""}, {""label"": ""Competition importance"", ""value"": 0.82, ""impact"": ""neutral""}, {""label"": ""Probability source"", ""value"": ""FOOTBALL_V13_FALLBACK"", ""impact"": ""neutral""}]","REJECT: positive=3, negative=2, neutral=5, confidence=1.000, risk=high",2026-09-20T18:21:50+00:00,2026-09-20T18:21:50+00:00
00cf81c143e4e9ff37777aff,soccer_uefa_nations_league,UEFA Nations League,Norway vs Portugal,Portugal,1xBet,2026-09-27T18:45:00Z,BLOCK,REJECT,0.3868341019223415,0.39685549177386464,-0.09164371532354443,-0.06208318726053653,1.0,high,"[{""label"": ""Consensus safety"", ""value"": 0.939, ""impact"": ""positive""}, {""label"": ""ELO separation"", ""value"": 50.0, ""impact"": ""positive""}, {""label"": ""Model dispersion"", ""value"": 0.0088, ""impact"": ""positive""}]","[{""label"": ""Raw edge"", ""value"": -0.0916, ""impact"": ""negative""}, {""label"": ""Model-market gap"", ""value"": -0.0184, ""impact"": ""negative""}, {""label"": ""Historical xG"", ""value"": ""unavailable"", ""impact"": ""negative""}, {""label"": ""Decision rule"", ""value"": ""edge below minimum"", ""impact"": ""negative""}]","[{""label"": ""Form separation"", ""value"": 0.0, ""impact"": ""neutral""}, {""label"": ""Competition importance"", ""value"": 0.82, ""impact"": ""neutral""}, {""label"": ""Probability source"", ""value"": ""FOOTBALL_V13_FALLBACK"", ""impact"": ""neutral""}]","REJECT: positive=3, negative=4, neutral=3, confidence=1.000, risk=high",2026-09-20T18:21:50+00:00,2026-09-20T18:21:50+00:00
7e4061e029934eb61c2451fd,soccer_uefa_nations_league,UEFA Nations League,Belgium vs France,Belgium,1xBet,2026-09-28T18:45:00Z,BLOCK,REJECT,0.31119331968081826,0.29462266874161586,0.07603207808489398,0.026056437106569564,1.0,high,"[{""label"": ""Consensus safety"", ""value"": 0.902, ""impact"": ""positive""}, {""label"": ""ELO separation"", ""value"": 50.0, ""impact"": ""positive""}, {""label"": ""Model dispersion"", ""value"": 0.0102, ""impact"": ""positive""}]","[{""label"": ""Historical xG"", ""value"": ""unavailable"", ""impact"": ""negative""}, {""label"": ""Decision rule"", ""value"": ""edge below minimum"", ""impact"": ""negative""}]","[{""label"": ""Raw edge"", ""value"": 0.076, ""impact"": ""neutral""}, {""label"": ""Model-market gap"", ""value"": 0.0305, ""impact"": ""neutral""}, {""label"": ""Form separation"", ""value"": 0.0, ""impact"": ""neutral""}, {""label"": ""Competition importance"", ""value"": 0.82, ""impact"": ""neutral""}, {""label"": ""Probability source"", ""value"": ""FOOTBALL_V13_FALLBACK"", ""impact"": ""neutral""}]","REJECT: positive=3, negative=2, neutral=5, confidence=1.000, risk=high",2026-09-20T18:21:50+00:00,2026-09-20T18:21:50+00:00
a85c2586a69a053a699cb682,soccer_uefa_nations_league,UEFA Nations League,Belgium vs France,Draw,Winamax (DE),2026-09-28T18:45:00Z,BLOCK,REJECT,0.2758862280261368,0.2765057209548102,-0.036197543813805466,-0.03147278825218196,1.0,high,"[{""label"": ""Consensus safety"", ""value"": 0.994, ""impact"": ""positive""}, {""label"": ""ELO separation"", ""value"": 50.0, ""impact"": ""positive""}, {""label"": ""Model dispersion"", ""value"": 0.0018, ""impact"": ""positive""}]","[{""label"": ""Raw edge"", ""value"": -0.0362, ""impact"": ""negative""}, {""label"": ""Model-market gap"", ""value"": -0.0011, ""impact"": ""negative""}, {""label"": ""Historical xG"", ""value"": ""unavailable"", ""impact"": ""negative""}, {""label"": ""Decision rule"", ""value"": ""edge below minimum"", ""impact"": ""negative""}]","[{""label"": ""Form separation"", ""value"": 0.0, ""impact"": ""neutral""}, {""label"": ""Competition importance"", ""value"": 0.82, ""impact"": ""neutral""}, {""label"": ""Probability source"", ""value"": ""FOOTBALL_V13_FALLBACK"", ""impact"": ""neutral""}]","REJECT: positive=3, negative=4, neutral=3, confidence=1.000, risk=high",2026-09-20T18:21:50+00:00,2026-09-20T18:21:50+00:00
aa1e244f6dd79351553a3de3,soccer_uefa_nations_league,UEFA Nations League,Belgium vs France,France,1xBet,2026-09-28T18:45:00Z,BLOCK,REJECT,0.41279501000042423,0.42887161030357407,-0.15340054202499043,-0.10827949152918975,1.0,high,"[{""label"": ""Consensus safety"", ""value"": 0.907, ""impact"": ""positive""}, {""label"": ""ELO separation"", ""value"": 50.0, ""impact"": ""positive""}, {""label"": ""Model dispersion"", ""value"": 0.0088, ""impact"": ""positive""}]","[{""label"": ""Raw edge"", ""value"": -0.1534, ""impact"": ""negative""}, {""label"": ""Model-market gap"", ""value"": -0.0295, ""impact"": ""negative""}, {""label"": ""Historical xG"", ""value"": ""unavailable"", ""impact"": ""negative""}, {""label"": ""Decision rule"", ""value"": ""edge below minimum"", ""impact"": ""negative""}]","[{""label"": ""Form separation"", ""value"": 0.0, ""impact"": ""neutral""}, {""label"": ""Competition importance"", ""value"": 0.82, ""impact"": ""neutral""}, {""label"": ""Probability source"", ""value"": ""FOOTBALL_V13_FALLBACK"", ""impact"": ""neutral""}]","REJECT: positive=3, negative=4, neutral=3, confidence=1.000, risk=high",2026-09-20T18:21:50+00:00,2026-09-20T18:21:50+00:00
aeda62c15b21d59554741e8c,soccer_uefa_nations_league,UEFA Nations League,Turkey vs Italy,Draw,William Hill,2026-09-28T18:45:00Z,BLOCK,REJECT,0.28443609778561063,0.2871028393089192,-0.06870159530192466,-0.056120038640564945,1.0,high,"[{""label"": ""Consensus safety"", ""value"": 0.984, ""impact"": ""positive""}, {""label"": ""ELO separation"", ""value"": 50.0, ""impact"": ""positive""}, {""label"": ""Model dispersion"", ""value"": 0.0018, ""impact"": ""positive""}]","[{""label"": ""Raw edge"", ""value"": -0.0687, ""impact"": ""negative""}, {""label"": ""Model-market gap"", ""value"": -0.0049, ""impact"": ""negative""}, {""label"": ""Historical xG"", ""value"": ""unavailable"", ""impact"": ""negative""}, {""label"": ""Decision rule"", ""value"": ""edge below minimum"", ""impact"": ""negative""}]","[{""label"": ""Form separation"", ""value"": 0.0, ""impact"": ""neutral""}, {""label"": ""Competition importance"", ""value"": 0.82, ""impact"": ""neutral""}, {""label"": ""Probability source"", ""value"": ""FOOTBALL_V13_FALLBACK"", ""impact"": ""neutral""}]","REJECT: positive=3, negative=4, neutral=3, confidence=1.000, risk=high",2026-09-20T18:21:50+00:00,2026-09-20T18:21:50+00:00
edb7308ca97d0d7dfa419820,soccer_uefa_nations_league,UEFA Nations League,Turkey vs Italy,Italy,William Hill,2026-09-28T18:45:00Z,BLOCK,REJECT,0.382368422851787,0.3916606525718346,-0.13853266903366301,-0.11025621547590075,1.0,high,"[{""label"": ""Consensus safety"", ""value"": 0.944, ""impact"": ""positive""}, {""label"": ""ELO separation"", ""value"": 50.0, ""impact"": ""positive""}, {""label"": ""Model dispersion"", ""value"": 0.0088, ""impact"": ""positive""}]","[{""label"": ""Raw edge"", ""value"": -0.1385, ""impact"": ""negative""}, {""label"": ""Model-market gap"", ""value"": -0.0171, ""impact"": ""negative""}, {""label"": ""Historical xG"", ""value"": ""unavailable"", ""impact"": ""negative""}, {""label"": ""Decision rule"", ""value"": ""edge below minimum"", ""impact"": ""negative""}]","[{""label"": ""Form separation"", ""value"": 0.0, ""impact"": ""neutral""}, {""label"": ""Competition importance"", ""value"": 0.82, ""impact"": ""neutral""}, {""label"": ""Probability source"", ""value"": ""FOOTBALL_V13_FALLBACK"", ""impact"": ""neutral""}]","REJECT: positive=3, negative=4, neutral=3, confidence=1.000, risk=high",2026-09-20T18:21:50+00:00,2026-09-20T18:21:50+00:00
2ee77362013fb826dd717142,soccer_uefa_nations_league,UEFA Nations League,Turkey vs Italy,Turkey,Betclic (FR),2026-09-28T18:45:00Z,BLOCK,REJECT,0.3330365793301495,0.3212365081192462,-0.012217385012682658,-0.03909667587386929,1.0,high,"[{""label"": ""Consensus safety"", ""value"": 0.929, ""impact"": ""positive""}, {""label"": ""ELO separation"", ""value"": 50.0, ""impact"": ""positive""}, {""label"": ""Model dispersion"", ""value"": 0.0102, ""impact"": ""positive""}]","[{""label"": ""Raw edge"", ""value"": -0.0122, ""impact"": ""negative""}, {""label"": ""Historical xG"", ""value"": ""unavailable"", ""impact"": ""negative""}, {""label"": ""Decision rule"", ""value"": ""edge below minimum"", ""impact"": ""negative""}]","[{""label"": ""Model-market gap"", ""value"": 0.0217, ""impact"": ""neutral""}, {""label"": ""Form separation"", ""value"": 0.0, ""impact"": ""neutral""}, {""label"": ""Competition importance"", ""value"": 0.82, ""impact"": ""neutral""}, {""label"": ""Probability source"", ""value"": ""FOOTBALL_V13_FALLBACK"", ""impact"": ""neutral""}]","REJECT: positive=3, negative=3, neutral=4, confidence=1.000, risk=high",2026-09-20T18:21:50+00:00,2026-09-20T18:21:50+00:00
b786910031f535e570caa045,soccer_uefa_nations_league,UEFA Nations League,Spain vs Croatia,Croatia,William Hill,2026-09-29T18:45:00Z,BLOCK,REJECT,0.15702106668819485,0.13058104576350876,0.5229294708957106,0.3060940942821204,1.0,high,"[{""label"": ""Raw edge"", ""value"": 0.5229, ""impact"": ""positive""}, {""label"": ""Model-market gap"", ""value"": 0.0486, ""impact"": ""positive""}, {""label"": ""ELO separation"", ""value"": 50.0, ""impact"": ""positive""}, {""label"": ""Model dispersion"", ""value"": 0.0088, ""impact"": ""positive""}]","[{""label"": ""Historical xG"", ""value"": ""unavailable"", ""impact"": ""negative""}, {""label"": ""Decision rule"", ""value"": ""edge above max guard"", ""impact"": ""negative""}]","[{""label"": ""Consensus safety"", ""value"": 0.766, ""impact"": ""neutral""}, {""label"": ""Form separation"", ""value"": 0.0, ""impact"": ""neutral""}, {""label"": ""Competition importance"", ""value"": 0.82, ""impact"": ""neutral""}, {""label"": ""Probability source"", ""value"": ""FOOTBALL_V13_FALLBACK"", ""impact"": ""neutral""}]","REJECT: positive=4, negative=2, neutral=4, confidence=1.000, risk=high",2026-09-20T18:21:50+00:00,2026-09-20T18:21:50+00:00
57b1f1f2ca4d9c008968a83c,soccer_uefa_nations_league,UEFA Nations League,Spain vs Croatia,Draw,Betclic (FR),2026-09-29T18:45:00Z,BLOCK,REJECT,0.20855530685745127,0.19310079714072204,0.05160590557462741,-0.008959432983968011,1.0,high,"[{""label"": ""Consensus safety"", ""value"": 0.913, ""impact"": ""positive""}, {""label"": ""ELO separation"", ""value"": 50.0, ""impact"": ""positive""}, {""label"": ""Model dispersion"", ""value"": 0.0018, ""impact"": ""positive""}]","[{""label"": ""Historical xG"", ""value"": ""unavailable"", ""impact"": ""negative""}, {""label"": ""Decision rule"", ""value"": ""edge below minimum"", ""impact"": ""negative""}]","[{""label"": ""Raw edge"", ""value"": 0.0516, ""impact"": ""neutral""}, {""label"": ""Model-market gap"", ""value"": 0.0283, ""impact"": ""neutral""}, {""label"": ""Form separation"", ""value"": 0.0, ""impact"": ""neutral""}, {""label"": ""Competition importance"", ""value"": 0.82, ""impact"": ""neutral""}, {""label"": ""Probability source"", ""value"": ""FOOTBALL_V13_FALLBACK"", ""impact"": ""neutral""}]","REJECT: positive=3, negative=2, neutral=5, confidence=1.000, risk=high",2026-09-20T18:21:50+00:00,2026-09-20T18:21:50+00:00
0b309210b122ff3d6d2b1548,soccer_uefa_nations_league,UEFA Nations League,Spain vs Croatia,Spain,William Hill,2026-09-29T18:45:00Z,BLOCK,REJECT,0.6500158011852151,0.6763181570957693,-0.14599089830254341,-0.10607277421800818,1.0,high,"[{""label"": ""ELO separation"", ""value"": 50.0, ""impact"": ""positive""}, {""label"": ""Model dispersion"", ""value"": 0.0102, ""impact"": ""positive""}]","[{""label"": ""Raw edge"", ""value"": -0.146, ""impact"": ""negative""}, {""label"": ""Model-market gap"", ""value"": -0.0484, ""impact"": ""negative""}, {""label"": ""Historical xG"", ""value"": ""unavailable"", ""impact"": ""negative""}, {""label"": ""Decision rule"", ""value"": ""edge below minimum"", ""impact"": ""negative""}]","[{""label"": ""Consensus safety"", ""value"": 0.679, ""impact"": ""neutral""}, {""label"": ""Form separation"", ""value"": 0.0, ""impact"": ""neutral""}, {""label"": ""Competition importance"", ""value"": 0.82, ""impact"": ""neutral""}, {""label"": ""Probability source"", ""value"": ""FOOTBALL_V13_FALLBACK"", ""impact"": ""neutral""}]","REJECT: positive=2, negative=4, neutral=4, confidence=1.000, risk=high",2026-09-20T18:21:50+00:00,2026-09-20T18:21:50+00:00
4d9b62cd2aa6041c3a1ec876,soccer_uefa_nations_league,UEFA Nations League,Czech Republic vs England,Czech Republic,Betclic (FR),2026-09-29T18:45:00Z,BLOCK,REJECT,0.24426972827170035,0.2179618554815929,0.33166071841086775,0.2118240093208454,1.0,high,"[{""label"": ""Raw edge"", ""value"": 0.3317, ""impact"": ""positive""}, {""label"": ""Model-market gap"", ""value"": 0.0484, ""impact"": ""positive""}, {""label"": ""ELO separation"", ""value"": 50.0, ""impact"": ""positive""}, {""label"": ""Model dispersion"", ""value"": 0.0102, ""impact"": ""positive""}]","[{""label"": ""Historical xG"", ""value"": ""unavailable"", ""impact"": ""negative""}, {""label"": ""Decision rule"", ""value"": ""edge above max guard"", ""impact"": ""negative""}]","[{""label"": ""Consensus safety"", ""value"": 0.821, ""impact"": ""neutral""}, {""label"": ""Form separation"", ""value"": 0.0, ""impact"": ""neutral""}, {""label"": ""Competition importance"", ""value"": 0.82, ""impact"": ""neutral""}, {""label"": ""Probability source"", ""value"": ""FOOTBALL_V13_FALLBACK"", ""impact"": ""neutral""}]","REJECT: positive=4, negative=2, neutral=4, confidence=1.000, risk=high",2026-09-20T18:21:50+00:00,2026-09-20T18:21:50+00:00
726effea1917ee6c752d7f94,soccer_uefa_nations_league,UEFA Nations League,Czech Republic vs England,Draw,Betclic (FR),2026-09-29T18:45:00Z,BLOCK,REJECT,0.2497062566897204,0.2441163295427724,0.042821528814754206,0.022771725503882994,1.0,high,"[{""label"": ""Consensus safety"", ""value"": 0.968, ""impact"": ""positive""}, {""label"": ""ELO separation"", ""value"": 50.0, ""impact"": ""positive""}, {""label"": ""Model dispersion"", ""value"": 0.0018, ""impact"": ""positive""}]","[{""label"": ""Historical xG"", ""value"": ""unavailable"", ""impact"": ""negative""}, {""label"": ""Decision rule"", ""value"": ""edge below minimum"", ""impact"": ""negative""}]","[{""label"": ""Raw edge"", ""value"": 0.0428, ""impact"": ""neutral""}, {""label"": ""Model-market gap"", ""value"": 0.0102, ""impact"": ""neutral""}, {""label"": ""Form separation"", ""value"": 0.0, ""impact"": ""neutral""}, {""label"": ""Competition importance"", ""value"": 0.82, ""impact"": ""neutral""}, {""label"": ""Probability source"", ""value"": ""FOOTBALL_V13_FALLBACK"", ""impact"": ""neutral""}]","REJECT: positive=3, negative=2, neutral=5, confidence=1.000, risk=high",2026-09-20T18:21:50+00:00,2026-09-20T18:21:50+00:00
c862e47e5934cdca8ea88eb6,soccer_uefa_nations_league,UEFA Nations League,Czech Republic vs England,England,William Hill,2026-09-29T18:45:00Z,BLOCK,REJECT,0.5114762524397853,0.5379218149756347,-0.20727780593800527,-0.1567684563945296,1.0,high,"[{""label"": ""ELO separation"", ""value"": 50.0, ""impact"": ""positive""}, {""label"": ""Model dispersion"", ""value"": 0.0088, ""impact"": ""positive""}]","[{""label"": ""Raw edge"", ""value"": -0.2073, ""impact"": ""negative""}, {""label"": ""Model-market gap"", ""value"": -0.0486, ""impact"": ""negative""}, {""label"": ""Historical xG"", ""value"": ""unavailable"", ""impact"": ""negative""}, {""label"": ""Decision rule"", ""value"": ""edge below minimum"", ""impact"": ""negative""}]","[{""label"": ""Consensus safety"", ""value"": 0.79, ""impact"": ""neutral""}, {""label"": ""Form separation"", ""value"": 0.0, ""impact"": ""neutral""}, {""label"": ""Competition importance"", ""value"": 0.82, ""impact"": ""neutral""}, {""label"": ""Probability source"", ""value"": ""FOOTBALL_V13_FALLBACK"", ""impact"": ""neutral""}]","REJECT: positive=2, negative=4, neutral=4, confidence=1.000, risk=high",2026-09-20T18:21:50+00:00,2026-09-20T18:21:50+00:00
