id,sport,league,event,home_team,away_team,market,selection,odds,prob_model,prob_market,prob_final,edge,stake,bookmaker,start_time,score,source_hash,result,closing_odds,clv_pct,created_at,settled_at,profit,profit_units,home_goals,away_goals,final_score,settlement_source,external_event_id
1,football,Premier League,Newcastle United vs Liverpool,Newcastle United,Liverpool,h2h,Newcastle United,3.1,0.3589247198006063,0.3281221821907373,0.3441584863802853,0.06689130777888441,0.22,Betfair,2026-08-23T15:30:00Z,6.044147091636179,42d2cccca41ca195f04c0c05,OPEN,,,2026-07-11 20:13:54,,0.0,0.0,,,,,
21,football,Premier League,Fulham vs Chelsea,Fulham,Chelsea,h2h,Fulham,3.25,0.3469853379322875,0.30641421515743034,0.32760404197470244,0.06471313641778287,0.21,William Hill,2026-08-24T19:00:00Z,6.0964854512697935,9fa579fb56092b59d965f941,OPEN,,,2026-07-11 20:13:55,,0.0,0.0,,,,,
41,baseball,baseball_mlb,Chicago White Sox vs Athletics,Chicago White Sox,Athletics,h2h,Chicago White Sox,1.17,0.8116061104713896,0.8116061104713896,0.9609576414680078,0.12432044051756908,5.0,Winamax (DE),2026-07-11T18:11:00Z,97.0,767ae70b28614e8b7ecd8b84,WON,,,2026-07-11 20:13:56,2026-07-11T20:22:37.540796+00:00,0.85,0.17,,,,,
42,baseball,baseball_mlb,Minnesota Twins vs Los Angeles Angels,Minnesota Twins,Los Angeles Angels,h2h,Los Angeles Angels,2.9,0.2915236507604127,0.2915236507604127,0.36918706797235923,0.07064249711984183,0.28,Winamax (DE),2026-07-11T18:37:00Z,85.0,b2460a08428784cc398ecd48,WON,,,2026-07-11 20:13:56,2026-07-11T20:22:37.540868+00:00,0.532,1.9,,,,,
43,baseball,baseball_mlb,Minnesota Twins vs Los Angeles Angels,Minnesota Twins,Los Angeles Angels,h2h,Minnesota Twins,1.4,0.7084763492395871,0.7084763492395871,0.7647229320276407,0.07061210483869695,1.32,Winamax (DE),2026-07-11T18:37:00Z,88.0,0e7164ee386eb64a6d55d4a3,LOST,,,2026-07-11 20:13:56,2026-07-11T20:22:37.540926+00:00,-1.32,-1.0,,,,,
48,baseball,baseball_mlb,Washington Nationals vs New York Yankees,Washington Nationals,New York Yankees,h2h,New York Yankees,1.4,0.6503215416303202,0.6503215416303202,0.7728333940197744,0.08196675162768408,1.54,888sport,2026-07-11T20:05:50Z,94.0,95ee823c924c14c0e3f21c46,WON,,,2026-07-11 20:13:56,2026-07-11T20:22:37.540984+00:00,0.616,0.4,,,,,
63,baseball,baseball_mlb,Washington Nationals vs New York Yankees,Washington Nationals,New York Yankees,h2h,Washington Nationals,3.2,0.34967845836967987,0.34967845836967987,0.35603660598022585,0.13931713913672272,0.47,Betfair,2026-07-11T20:05:50Z,90.0,9bf9238e3312b321697feabc,LOST,,,2026-07-11 20:13:57,2026-07-11T20:22:37.541039+00:00,-0.47,-1.0,,,,,
65,baseball,baseball_mlb,San Francisco Giants vs Colorado Rockies,San Francisco Giants,Colorado Rockies,h2h,San Francisco Giants,1.5,0.5981936482652924,0.5981936482652924,0.7186238378974172,0.07793575684612586,1.17,888sport,2026-07-11T20:06:00Z,93.0,e7d4036560560f77e90fa1da,WON,,,2026-07-11 20:13:57,2026-07-11T20:22:37.541081+00:00,0.585,0.5,,,,,
79,baseball,baseball_mlb,New York Mets vs Boston Red Sox,New York Mets,Boston Red Sox,h2h,Boston Red Sox,2.15,0.42373707368975666,0.42373707368975666,0.5172957504804017,0.11218586353286342,0.73,888sport,2026-07-11T20:11:00Z,92.0,dbe5e933c152af1aa3c0d5f1,WON,,,2026-07-11 20:13:57,2026-07-11T20:22:37.541131+00:00,0.8395,1.15,,,,,
89,baseball,baseball_mlb,New York Mets vs Boston Red Sox,New York Mets,Boston Red Sox,h2h,New York Mets,1.67,0.5955237023870503,0.5955237023870503,0.6374015109050711,0.06446052321146878,0.72,William Hill,2026-07-11T20:11:00Z,86.0,ad443c3ff8eaa91cd3aaa8dd,LOST,,,2026-07-11 20:13:58,2026-07-11T20:22:37.541184+00:00,-0.72,-1.0,,,,,
104,baseball,baseball_mlb,Miami Marlins vs Cleveland Guardians,Miami Marlins,Cleveland Guardians,h2h,Miami Marlins,1.83,0.5715314813079588,0.5715314813079588,0.6088695798556987,0.11423133113592865,1.03,888sport,2026-07-11T20:11:00Z,94.0,ffb474898b6d377cc83739f6,LOST,,,2026-07-11 20:13:58,2026-07-11T20:22:37.541231+00:00,-1.03,-1.0,,,,,
105,baseball,baseball_mlb,Miami Marlins vs Cleveland Guardians,Miami Marlins,Cleveland Guardians,h2h,Cleveland Guardians,2.05,0.4488717814869004,0.4488717814869004,0.5444977734845065,0.11622043564323814,0.83,Betclic (FR),2026-07-11T20:11:00Z,93.0,1d597321404956779b61776e,WON,,,2026-07-11 20:13:58,2026-07-11T20:22:37.541279+00:00,0.8715,1.05,,,,,
115,baseball,baseball_mlb,Pittsburgh Pirates vs Milwaukee Brewers,Pittsburgh Pirates,Milwaukee Brewers,h2h,Pittsburgh Pirates,2.15,0.4370632578899789,0.4370632578899789,0.5348037961015274,0.14982816161828394,0.98,888sport,2026-07-11T20:16:00Z,94.0,08752b4d5a51f725c4622906,WON,,,2026-07-11 20:13:58,2026-07-11T20:22:37.541340+00:00,1.127,1.15,,,,,
120,baseball,baseball_mlb,Pittsburgh Pirates vs Milwaukee Brewers,Pittsburgh Pirates,Milwaukee Brewers,h2h,Milwaukee Brewers,1.8,0.5629367421100211,0.5629367421100211,0.5992262038984728,0.07860716701725101,0.74,1xBet,2026-07-11T20:16:00Z,89.0,4a6f864618b4b40f194ad465,LOST,,,2026-07-11 20:13:59,2026-07-11T20:22:37.541437+00:00,-0.74,-1.0,,,,,
131,baseball,baseball_mlb,Tampa Bay Rays vs Seattle Mariners,Tampa Bay Rays,Seattle Mariners,h2h,Tampa Bay Rays,1.85,0.5066066939780796,0.5066066939780796,0.6130001267121711,0.1340502344175165,1.18,888sport,2026-07-11T20:21:00Z,94.0,70fdc35043aa1d7205177868,WON,,,2026-07-11 20:13:59,2026-07-11T20:22:37.541487+00:00,1.003,0.85,,,,,
148,baseball,baseball_mlb,Detroit Tigers vs Philadelphia Phillies,Detroit Tigers,Philadelphia Phillies,h2h,Detroit Tigers,2.15,0.443220741997396,0.443220741997396,0.5415083690450345,0.16424299344682414,1.07,888sport,2026-07-11T22:11:00Z,94.0,c04ee7668a8bfa2f9d0dc055,WON,,,2026-07-11 20:13:59,2026-07-11T20:22:37.541534+00:00,1.2305,1.15,,,,,
154,baseball,baseball_mlb,Detroit Tigers vs Philadelphia Phillies,Detroit Tigers,Philadelphia Phillies,h2h,Philadelphia Phillies,1.8,0.5567792580026041,0.5567792580026041,0.5892816309549656,0.06070693571893804,0.57,Matchbook,2026-07-11T22:11:00Z,84.0,84dda20d8e5cb3d156b954b1,LOST,,,2026-07-11 20:14:00,2026-07-11T20:22:37.541577+00:00,-0.57,-1.0,,,,,
160,baseball,baseball_mlb,Baltimore Orioles vs Kansas City Royals,Baltimore Orioles,Kansas City Royals,h2h,Baltimore Orioles,1.62,0.5851421067391349,0.5851421067391349,0.7043201759642647,0.14099868506210878,1.71,888sport,2026-07-11T23:06:00Z,95.0,18794c4b0cfbc952af44c9f3,WON,,,2026-07-11 20:14:00,2026-07-11T20:22:37.541624+00:00,1.0602,0.62,,,,,
180,baseball,baseball_mlb,Texas Rangers vs Houston Astros,Texas Rangers,Houston Astros,h2h,Texas Rangers,1.85,0.5173604273261978,0.5173604273261978,0.6256029313644662,0.15736542302426249,1.39,888sport,2026-07-11T23:06:00Z,95.0,3ee536e526cb1a1b11ae39ef,WON,,,2026-07-11 20:14:01,2026-07-11T20:22:37.541679+00:00,1.1815,0.85,,,,,
195,baseball,baseball_mlb,Cincinnati Reds vs Chicago Cubs,Cincinnati Reds,Chicago Cubs,h2h,Cincinnati Reds,1.85,0.5083086539930385,0.5083086539930385,0.6152554766606109,0.13822263182213024,1.22,888sport,2026-07-11T23:11:00Z,94.0,492b50f62b4819878dcc762e,WON,,,2026-07-11 20:14:01,2026-07-11T20:22:37.541737+00:00,1.037,0.85,,,,,
212,baseball,baseball_mlb,St. Louis Cardinals vs Atlanta Braves,St. Louis Cardinals,Atlanta Braves,h2h,St. Louis Cardinals,1.91,0.5016040283385909,0.5016040283385909,0.6099799099663722,0.16506162803577085,1.36,888sport,2026-07-11T23:15:00Z,95.0,611209b4e9ebeebbcf8ddefc,WON,,,2026-07-11 20:14:02,2026-07-11T20:22:37.541796+00:00,1.2376,0.91,,,,,
228,baseball,baseball_mlb,San Diego Padres vs Toronto Blue Jays,San Diego Padres,Toronto Blue Jays,h2h,Toronto Blue Jays,1.91,0.49574388189610435,0.49574388189610435,0.5987466121848004,0.14360602927296884,1.18,888sport,2026-07-12T00:41:00Z,95.0,866716fddba9b7bb5f0145fa,WON,,,2026-07-11 20:14:02,2026-07-11T20:22:37.541859+00:00,1.0738,0.91,,,,,
247,baseball,baseball_mlb,Los Angeles Dodgers vs Arizona Diamondbacks,Los Angeles Dodgers,Arizona Diamondbacks,h2h,Arizona Diamondbacks,3.15,0.2956835257165568,0.2956835257165568,0.37126641998588866,0.16948922295554936,0.59,888sport,2026-07-12T01:10:00Z,92.0,68266cef6ebb1ac28bdc8f0e,WON,,,2026-07-11 20:14:03,2026-07-11T20:22:37.541919+00:00,1.2685,2.15,,,,,
255,baseball,baseball_mlb,Pittsburgh Pirates vs Milwaukee Brewers,Pittsburgh Pirates,Milwaukee Brewers,h2h,Pittsburgh Pirates,2.09,0.4614851241619527,0.4614851241619527,0.5639030200933007,0.17855731199499836,1.23,BetOnline.ag,2026-07-12T16:16:00Z,95.0,498b6260403b5308d0ccc25e,WON,,,2026-07-11 20:14:03,2026-07-11T20:22:37.541983+00:00,1.3407,1.09,,,,,
264,baseball,baseball_mlb,Baltimore Orioles vs Kansas City Royals,Baltimore Orioles,Kansas City Royals,h2h,Baltimore Orioles,1.71,0.5544911513530365,0.5544911513530365,0.6684808414651853,0.1431022389054668,1.51,888sport,2026-07-12T17:36:00Z,95.0,a4e7346b67fd3068f91ba98c,WON,,,2026-07-11 20:14:03,2026-07-11T20:22:37.542026+00:00,1.0721,0.71,,,,,
274,baseball,baseball_mlb,Cincinnati Reds vs Chicago Cubs,Cincinnati Reds,Chicago Cubs,h2h,Cincinnati Reds,2.05,0.46278512729245463,0.46278512729245463,0.5645881118564053,0.15740562930563073,1.12,888sport,2026-07-12T17:41:00Z,94.0,3621dcf42471957fb775a6ee,WON,,,2026-07-11 20:14:04,2026-07-11T20:22:37.542071+00:00,1.176,1.05,,,,,
282,baseball,baseball_mlb,Detroit Tigers vs Philadelphia Phillies,Detroit Tigers,Philadelphia Phillies,h2h,Detroit Tigers,1.84,0.49997933801510686,0.49997933801510686,0.6059288174933629,0.1149090241877877,1.03,Unibet (FR),2026-07-12T17:41:00Z,93.0,2991478c004d0e292f47e216,WON,,,2026-07-11 20:14:04,2026-07-11T20:22:37.542113+00:00,0.8652,0.84,,,,,
292,baseball,baseball_mlb,Detroit Tigers vs Philadelphia Phillies,Detroit Tigers,Philadelphia Phillies,h2h,Philadelphia Phillies,2.04,0.5000206619848931,0.5000206619848931,0.5251311825066373,0.07126761231354006,0.51,1xBet,2026-07-12T17:41:00Z,86.0,2873223146ee1a1ba88aec07,LOST,,,2026-07-11 20:14:04,2026-07-11T20:22:37.542154+00:00,-0.51,-1.0,,,,,
293,baseball,baseball_mlb,Tampa Bay Rays vs Seattle Mariners,Tampa Bay Rays,Seattle Mariners,h2h,Tampa Bay Rays,1.74,0.5520004680976014,0.5520004680976014,0.6631695892699654,0.15391508532973974,1.56,GTbets,2026-07-12T17:41:00Z,96.0,bcf590c27382429b3a13506b,WON,,,2026-07-11 20:14:04,2026-07-11T20:22:37.542200+00:00,1.1544,0.74,,,,,
304,baseball,baseball_mlb,Chicago White Sox vs Athletics,Chicago White Sox,Athletics,h2h,Chicago White Sox,1.78,0.5179757935404508,0.5179757935404508,0.6279446699082389,0.11774151243666542,1.13,Unibet (FR),2026-07-12T18:11:00Z,94.0,d69d9b89102778f8080029d9,WON,,,2026-07-11 20:14:05,2026-07-11T20:22:37.542247+00:00,0.8814,0.78,,,,,
310,baseball,baseball_mlb,Minnesota Twins vs Los Angeles Angels,Minnesota Twins,Los Angeles Angels,h2h,Los Angeles Angels,2.15,0.44312734743686616,0.44312734743686616,0.539900702128498,0.1607865095762706,1.05,888sport,2026-07-12T18:11:00Z,94.0,963c229ae79659be89884ef0,WON,,,2026-07-11 20:14:05,2026-07-11T20:22:37.542298+00:00,1.2075,1.15,,,,,
316,baseball,baseball_mlb,Minnesota Twins vs Los Angeles Angels,Minnesota Twins,Los Angeles Angels,h2h,Minnesota Twins,1.86,0.5568726525631338,0.5568726525631338,0.5922692978715021,0.10162089404099395,0.89,1xBet,2026-07-12T18:11:00Z,93.0,9aeeecd848d0dc30e7ff4e7e,LOST,,,2026-07-11 20:14:05,2026-07-11T20:22:37.542350+00:00,-0.89,-1.0,,,,,
317,baseball,baseball_mlb,St. Louis Cardinals vs Atlanta Braves,St. Louis Cardinals,Atlanta Braves,h2h,St. Louis Cardinals,1.77,0.5464603873619094,0.5464603873619094,0.6625824581301639,0.17277095089039007,1.68,GTbets,2026-07-12T18:16:00Z,96.0,36bf1d9c5e39defea59d18a6,WON,,,2026-07-11 20:14:05,2026-07-11T20:22:37.542402+00:00,1.2936,0.77,,,,,
325,baseball,baseball_mlb,San Francisco Giants vs Colorado Rockies,San Francisco Giants,Colorado Rockies,h2h,San Francisco Giants,1.65,0.58886049778386,0.58886049778386,0.707262389957058,0.16698294342914566,1.93,GTbets,2026-07-12T20:06:00Z,96.0,f7c665298ae9268989fdca27,WON,,,2026-07-11 20:14:05,2026-07-11T20:22:37.542441+00:00,1.2545,0.65,,,,,
333,baseball,baseball_mlb,Los Angeles Dodgers vs Arizona Diamondbacks,Los Angeles Dodgers,Arizona Diamondbacks,h2h,Arizona Diamondbacks,2.5,0.3635741304281484,0.3635741304281484,0.4498342468640482,0.12458561716012051,0.62,Unibet (FR),2026-07-12T20:11:00Z,93.0,108de600d0d3ed681a2d7fba,WON,,,2026-07-11 20:14:05,2026-07-11T20:22:37.542497+00:00,0.93,1.5,,,,,
337,baseball,baseball_mlb,San Diego Padres vs Toronto Blue Jays,San Diego Padres,Toronto Blue Jays,h2h,Toronto Blue Jays,1.73,0.5321674704043587,0.5321674704043587,0.6387264683882649,0.10499679031169817,1.08,Unibet (FR),2026-07-12T20:11:00Z,93.0,67282e5a4710eb101f5c3a7b,WON,,,2026-07-11 20:14:06,2026-07-11T20:22:37.542552+00:00,0.7884,0.73,,,,,
344,football,La Liga,Celta Vigo vs CA Osasuna,Celta Vigo,CA Osasuna,h2h,CA Osasuna,4.1,0.2887084506083657,0.25513848745796763,0.2727457809639237,0.11825770195208718,0.27,Betfair,2026-08-16T19:00:00Z,10.784045144976508,420046dc16fe0eec6c36006b,OPEN,,,2026-07-11 20:14:07,,0.0,0.0,,,,,
359,football,La Liga,Espanyol vs Levante,Espanyol,Levante,h2h,Levante,4.2,0.2841072769704242,0.24677271720716495,0.2663407310157845,0.11863107026629494,0.26,Betfair,2026-08-16T19:00:00Z,10.808677508196508,4e388fab28b6586538f1bba9,LOST,,,2026-07-11 20:14:08,2026-08-17T00:29:43Z,0.0,0.0,3,0,3-0,the_odds_api_scores,4e24891d0ee382bfda6305eabbc54754
374,football,La Liga,Real Racing Club de Santander vs Villarreal,Real Racing Club de Santander,Villarreal,h2h,Real Racing Club de Santander,3.4,0.33815940672761013,0.28838067102983245,0.3140774432433979,0.06786330702755294,0.19,Betfair,2026-08-16T19:00:00Z,6.06788062167555,afa7f779954736288ac690db,LOST,,,2026-07-11 20:14:10,2026-08-17T00:29:43Z,0.0,0.0,2,2,2-2,the_odds_api_scores,f32c9c00fd77e4ec1abd5e34d67a6817
387,baseball,baseball_npb,Fukuoka SoftBank Hawks vs Tohoku Rakuten Golden Eagles,Fukuoka SoftBank Hawks,Tohoku Rakuten Golden Eagles,h2h,Tohoku Rakuten Golden Eagles,2.55,0.3909882836307745,0.3909882836307745,0.41602097839569635,0.060853494909025585,0.29,Pinnacle,2026-07-12T05:00:00Z,77.0,f389cd381a45c1cc218f7d8f,OPEN,,,2026-07-11 20:14:11,,0.0,0.0,,,,,
389,baseball,baseball_npb,Chiba Lotte Marines vs Orix Buffaloes,Chiba Lotte Marines,Orix Buffaloes,h2h,Chiba Lotte Marines,1.99,0.4980937585431555,0.4980937585431555,0.5365621940782297,0.06775876621567711,0.51,Pinnacle,2026-07-12T08:00:00Z,80.0,29b26870507cbdcf8b2543e9,OPEN,,,2026-07-11 20:14:12,,0.0,0.0,,,,,
390,baseball,baseball_npb,Hanshin Tigers vs Tokyo Yakult Swallows,Hanshin Tigers,Tokyo Yakult Swallows,h2h,Tokyo Yakult Swallows,3.06,0.3283121722057494,0.3283121722057494,0.3501503725984271,0.07146014015118696,0.26,Pinnacle,2026-07-12T09:00:00Z,80.0,cf5d93d64269d3f94d16264a,OPEN,,,2026-07-11 20:14:12,,0.0,0.0,,,,,
392,mma,mma_mixed_martial_arts,Cody Durden vs Alessandro Costa,Cody Durden,Alessandro Costa,h2h,Cody Durden,3.3,0.3277847412806135,0.3277847412806135,0.32676931889642946,0.07833875235821708,0.26,Nordic Bet,2026-07-11T21:15:00Z,7.833875235821708,260abdd1d56dd4c2ef1a046a,LOST,,,2026-07-11 20:14:13,2026-07-12T06:36:17.671599+00:00,-0.26,-1.0,,,,,
394,mma,mma_mixed_martial_arts,Max Holloway vs Conor McGregor,Max Holloway,Conor McGregor,h2h,Conor McGregor,3.55,0.3007766624477023,0.3007766624477023,0.30003366371339163,0.06511950618254025,0.19,Betfair,2026-07-12T03:20:00Z,6.295102662666166,b8531ec231ba476aa4870f5b,LOST,,,2026-07-11 20:14:15,2026-07-12T06:52:16.693864+00:00,-0.19,-1.0,,,,,
397,football,Bundesliga,1. FC Köln vs TSG Hoffenheim,1. FC Köln,TSG Hoffenheim,h2h,1. FC Köln,3.2,0.3532122294911651,0.3144285246205953,0.33455414199906597,0.07057325439701123,0.22,1xBet,2026-08-29T13:30:00Z,6.51864515109091,e4094ef9191254befa810dff,OPEN,,,2026-07-11 20:14:16,,0.0,0.0,,,,,
414,football,Serie A,Torino vs AC Milan,Torino,AC Milan,h2h,Torino,4.36,0.2949188072170095,0.21507148975154305,0.25590982201207746,0.1157668239726577,0.24,Pinnacle,2026-08-22T13:00:00Z,10.667646129701506,dcc4f8b369daa0ebba2977e4,OPEN,,,2026-07-11 20:14:21,,0.0,0.0,,,,,
418,football,Serie A,AS Roma vs Fiorentina,AS Roma,Fiorentina,h2h,Draw,4.4,0.2512239094115477,0.23414614406463308,0.24339803305708724,0.07095134545118387,0.16,1xBet,2026-08-24T18:45:00Z,6.910738441707396,300bb321d4cb8dcf3a0901f8,OPEN,,,2026-07-11 20:14:25,,0.0,0.0,,,,,
429,football,Ligue 1,Le Havre vs AS Monaco,Le Havre,AS Monaco,h2h,Le Havre,3.5,0.32939405996126014,0.2764223680688024,0.303842360366818,0.06344826128386294,0.18,Coolbet,2026-08-22T15:00:00Z,5.743043928678549,dead4ad31b7d122e19937022,OPEN,,,2026-07-11 20:14:30,,0.0,0.0,,,,,
432,football,Ligue 1,Toulouse vs Lyon,Toulouse,Lyon,h2h,Toulouse,3.6,0.32912742597083017,0.27593757899529336,0.303671375916957,0.09321695330104518,0.25,Coolbet,2026-08-22T18:45:00Z,8.513869301353434,59e4c719d5ce095ee95972f2,OPEN,,,2026-07-11 20:14:32,,0.0,0.0,,,,,
448,football,Ligue 1,Le Havre vs AS Monaco,Le Havre,AS Monaco,h2h,Le Havre,3.58,0.3301272080537757,0.27775536460064887,0.3050328040287128,0.09201743842279186,0.25,1xBet,2026-08-23T15:15:00Z,8.538382447365024,c08ae368da47d801388263c7,OPEN,,,2026-07-11 20:14:33,,0.0,0.0,,,,,
461,football,Eredivisie,Go Ahead Eagles vs Willem II,Go Ahead Eagles,Willem II,h2h,Willem II,4.46,0.278937793095126,0.2396518964589235,0.25990300763050267,0.15916741403204182,0.32,1xBet,2026-08-08T16:45:00Z,14.581138972488269,1df092392ed1e7f66fa73f8a,LOST,,,2026-07-11 20:14:35,2026-08-09T02:20:11Z,0.0,0.0,4,1,4-1,the_odds_api_scores,2b7bb544e99581a9a45a09cc1dc45b19
478,football,League One,Notts County vs Leicester City,Notts County,Leicester City,h2h,Notts County,3.44,0.33378634483897157,0.28665897105622534,0.3108633838971493,0.06937004060619345,0.19,1xBet,2026-08-15T11:30:00Z,6.326078699108406,91b999d39069c47bff7f5170,LOST,,,2026-07-11 20:14:46,2026-08-15T16:10:24Z,0.0,0.0,1,1,1-1,the_odds_api_scores,8fa8141096288144c6b6181d1fb5ffa2
489,football,League One,Barnsley vs Bromley FC,Barnsley,Bromley FC,h2h,Bromley FC,4.15,0.28712537333186683,0.24818628780773233,0.2682650367283392,0.11329990242260779,0.25,Betsson,2026-08-15T14:00:00Z,10.46501112504862,703141b85615b7beaeec85de,WON,,,2026-07-11 20:14:47,2026-08-15T16:10:24Z,0.0,0.0,0,1,0-1,the_odds_api_scores,79f656b6298e5f6003ab9a8bc6c28428
500,football,League One,Bradford City vs Peterborough United,Bradford City,Peterborough United,h2h,Peterborough United,4.25,0.282849154830686,0.2404113450783126,0.26245209390652646,0.11542139910273752,0.25,Marathon Bet,2026-08-15T14:00:00Z,10.761776490423381,53671f4cc5a9191dec53d348,LOST,,,2026-07-11 20:14:47,2026-08-15T16:10:24Z,0.0,0.0,2,0,2-0,the_odds_api_scores,eced252d354de83c4e378e6e897a7ce1
511,football,League Two,Grimsby Town vs Exeter City,Grimsby Town,Exeter City,h2h,Exeter City,4.25,0.28337763235800434,0.24137221330980044,0.26304501496647154,0.11794131360750404,0.25,Nordic Bet,2026-08-15T14:00:00Z,10.901774704936198,f0cdf6a7903681e691a6a067,LOST,,,2026-07-11 20:14:53,2026-08-15T16:10:25Z,0.0,0.0,1,0,1-0,the_odds_api_scores,66127503f173b1e6465942fcecab886f
522,football,Scottish Premiership,Aberdeen vs Hearts,Aberdeen,Hearts,h2h,Aberdeen,4.2,0.31144873896015224,0.2447257885764222,0.2795234139360769,0.1739983385315229,0.38,Tipico,2026-08-01T16:30:00Z,16.461763241692807,7f5d147b491dad25a101bf55,WON,,,2026-07-11 20:14:55,2026-08-01T23:49:34Z,0.0,0.0,2,1,2-1,the_odds_api_scores,4eda99032c13fd0fffb60ece22b3e033
535,football,Austrian Bundesliga,WSG Tirol vs Sturm Graz,WSG Tirol,Sturm Graz,h2h,WSG Tirol,3.56,0.3336344003720113,0.28374650977423216,0.30965975313117733,0.10238872114699138,0.28,Pinnacle,2026-08-01T15:00:00Z,9.617738357924322,c1fee4eb3db22c9cbc1f7ef9,LOST,,,2026-07-11 20:14:57,2026-08-01T17:05:16Z,0.0,0.0,1,1,1-1,the_odds_api_scores,c057323c1bc9aa0d77b69ba52cfb79f1
549,football,Austrian Bundesliga,Rapid Wien vs Rheindorf Altach,Rapid Wien,Rheindorf Altach,h2h,Rheindorf Altach,4.4,0.27494249985981234,0.22833792150830945,0.2524990395625938,0.11099577407541283,0.22,Tipico,2026-08-02T17:00:00Z,10.424039211465349,061d04d6b15bfdc576b8b7f9,LOST,,,2026-07-11 20:14:59,2026-08-03T00:21:37Z,0.0,0.0,1,0,1-0,the_odds_api_scores,bce77a10d2ded611991b14fd8e9fa374
563,football,Danish Superliga,AC Horsens vs FC Nordsjaelland,AC Horsens,FC Nordsjaelland,h2h,AC Horsens,3.8,0.32038171420732525,0.25965071674753026,0.2910030475844819,0.10581158082103115,0.26,Tipico,2026-07-26T16:00:00Z,9.885428714649679,2e5f445a2b656ef5e95575c8,LOST,,,2026-07-11 20:15:04,2026-07-26T23:24:24Z,0.0,0.0,1,1,1-1,the_odds_api_scores,6c19a93fdd28dadb649474ee55d807ae
582,football,Eliteserien,Sandefjord vs HamKam,Sandefjord,HamKam,h2h,HamKam,4.0,0.2853959243156784,0.2501895432871388,0.26843730731177384,0.07374922924709537,0.17,Betfair,2026-07-12T15:00:00Z,6.627249270014524,df504c0452d29331533aa5d1,LOST,,,2026-07-11 20:15:06,2026-07-12T17:03:59Z,0.0,0.0,2,2,2-2,the_odds_api_scores,c7193e37e6c591028cf5070cb4812fda
605,football,Eliteserien,Sarpsborg FK vs Viking FK,Sarpsborg FK,Viking FK,h2h,Sarpsborg FK,4.3,0.30941832897717647,0.23643643623201613,0.27413558418400796,0.17878301199123414,0.38,Coolbet,2026-07-12T17:15:00Z,16.14076508533874,6ab37b23cff9771f030c2767,WON,,,2026-07-11 20:15:09,2026-07-12T19:35:24Z,0.0,0.0,1,0,1-0,the_odds_api_scores,2a40455dbc87c617c4e7cd7ebf1f8efd
628,football,Allsvenskan,Västerås SK vs Degerfors IF,Västerås SK,Degerfors IF,h2h,Degerfors IF,3.9,0.2900479674027642,0.2580816099871718,0.27478817686498846,0.07167388977345501,0.18,Unibet (SE),2026-07-12T12:00:00Z,6.722696339952987,0e08f2d74df2729a0bf3b8b0,LOST,,,2026-07-11 20:15:10,2026-07-12T14:02:56Z,0.0,0.0,2,0,2-0,the_odds_api_scores,6cb0727407c266ebe3839e192bc395ac
649,football,Allsvenskan,Malmo FF vs IFK Goteborg,Malmo FF,IFK Goteborg,h2h,IFK Goteborg,4.4,0.2828837728122543,0.2450558016407901,0.2648759205189326,0.1654540502833035,0.34,Unibet (SE),2026-07-12T12:00:00Z,15.567494911508062,943a0e27354f33a1d60fdc66,LOST,,,2026-07-11 20:15:11,2026-07-12T14:02:56Z,0.0,0.0,4,0,4-0,the_odds_api_scores,1dcfff56ca67a294cfc28c1671c8a77c
671,football,Allsvenskan,GAIS vs IF Elfsborg,GAIS,IF Elfsborg,h2h,IF Elfsborg,4.2,0.28053248079185855,0.24078072524007052,0.26152105512858936,0.09838843154007537,0.22,Betfair,2026-07-12T14:30:00Z,8.914038074428834,7e100a08c2216d0202332f8d,LOST,,,2026-07-11 20:15:12,2026-07-12T17:03:46Z,0.0,0.0,1,0,1-0,the_odds_api_scores,a10277621dd5c3f68492f8e7caac77d6
692,football,Allsvenskan,IF Brommapojkarna vs IK Sirius,IF Brommapojkarna,IK Sirius,h2h,Draw,4.5,0.24832847624184007,0.22809031435257127,0.23910267397450985,0.07596203288529435,0.16,Unibet (SE),2026-07-12T14:30:00Z,7.487509226259255,cb3e6587200eab33c7d9b566,LOST,,,2026-07-11 20:15:13,2026-07-12T17:03:46Z,0.0,0.0,1,2,1-2,the_odds_api_scores,520fd24b972743419cc85f4ba0b1665f
714,football,Allsvenskan,IFK Goteborg vs IF Brommapojkarna,IFK Goteborg,IF Brommapojkarna,h2h,IF Brommapojkarna,4.5,0.27459963053085956,0.22999372476552696,0.25317471377509776,0.1392862119879399,0.28,Unibet (SE),2026-07-17T17:00:00Z,12.973387460010684,387fbfb2572dc7caf13fed7a,LOST,,,2026-07-11 20:15:14,2026-07-18T13:49:25Z,0.0,0.0,2,1,2-1,the_odds_api_scores,74024b28dc9e5d5e13a8c6ff8e31af46
723,football,Allsvenskan,Mjällby AIF vs Västerås SK,Mjällby AIF,Västerås SK,h2h,Västerås SK,4.2,0.2862725850194906,0.2512172783812197,0.26943739907447195,0.1316370761127823,0.29,Unibet (SE),2026-07-17T17:00:00Z,12.262955704971247,ff136dc0d6a69dc82c94091a,LOST,,,2026-07-11 20:15:14,2026-07-18T13:49:25Z,0.0,0.0,0,0,0-0,the_odds_api_scores,5ee8f913f1577cab336519b97400f5df
735,football,2. Bundesliga,VfL Bochum vs Hertha Berlin,VfL Bochum,Hertha Berlin,h2h,Draw,3.7,0.2911540794734234,0.30543967961339613,0.297900883461268,0.10223326880669159,0.27,Tipico,2026-08-07T18:30:00Z,9.81432898296793,17e9d54e50e451ef4650eded,LOST,,,2026-07-11 20:15:15,2026-08-08T01:54:43Z,0.0,0.0,0,1,0-1,the_odds_api_scores,2c3898d55ac2676ec57fcd3c3fcca66d
740,football,2. Bundesliga,Karlsruher SC vs Arminia Bielefeld,Karlsruher SC,Arminia Bielefeld,h2h,Draw,3.6,0.2973567451110018,0.3167172534999022,0.3063964949194836,0.10302738171014103,0.29,Tipico,2026-08-08T11:00:00Z,10.014578960181861,a7029924acd313dc3ecf4ca6,LOST,,,2026-07-11 20:15:16,2026-08-08T16:18:17Z,0.0,0.0,2,1,2-1,the_odds_api_scores,8b6fee3d77ccb2a0881595bd87a930cf
745,football,2. Bundesliga,SV Darmstadt 98 vs Holstein Kiel,SV Darmstadt 98,Holstein Kiel,h2h,Draw,3.65,0.2964521327572267,0.3150725037657656,0.305134207544812,0.11373985753856375,0.31,Winamax (DE),2026-08-08T11:00:00Z,10.962814881536922,424b50e4126d70375bba44a0,WON,,,2026-07-11 20:15:16,2026-08-08T16:18:17Z,0.0,0.0,2,2,2-2,the_odds_api_scores,a54ce42e7548c559b52477629388c2f8
750,football,2. Bundesliga,1. FC Nürnberg vs Dynamo Dresden,1. FC Nürnberg,Dynamo Dresden,h2h,Draw,3.7,0.2941221687948212,0.31083620565230113,0.30184683755984854,0.11683329897143957,0.31,Tipico,2026-08-09T11:30:00Z,11.48112478402423,23dd8965eb0be580a5f08883,LOST,,,2026-07-11 20:15:16,2026-08-09T16:19:39Z,0.0,0.0,3,0,3-0,the_odds_api_scores,c4c3f185b50b55ded4ea96351f8523d9
755,football,2. Bundesliga,FC Energie Cottbus vs Hannover 96,FC Energie Cottbus,Hannover 96,h2h,Draw,3.65,0.2953709691397781,0.3131067517340409,0.3035935884797198,0.10811659795097728,0.3,Winamax (DE),2026-08-09T11:30:00Z,10.48448674941777,9f46a8f034b2fd1ce899165a,LOST,,,2026-07-11 20:15:16,2026-08-09T16:19:39Z,0.0,0.0,3,1,3-1,the_odds_api_scores,387f00871fa093d20a7983af9b5d0408
760,football,Brazil Serie A,Botafogo vs Santos,Botafogo,Santos,h2h,Santos,4.0,0.29084490499213334,0.2532248851939738,0.273154298510661,0.0926171940426439,0.22,Betfair,2026-07-16T22:30:00Z,8.550515376482748,5bd3c444110383700f440370,LOST,,,2026-07-11 20:15:20,2026-07-17T22:29:58Z,0.0,0.0,2,1,2-1,the_odds_api_scores,c3dbb97e9aef640afa391b76f7af061d
782,football,Brazil Serie A,Fluminense vs Bragantino-SP,Fluminense,Bragantino-SP,h2h,Bragantino-SP,4.4,0.2793810606263212,0.232381531801588,0.2570796233074203,0.13115034255264946,0.27,Betfair,2026-07-17T23:00:00Z,11.987943970842155,1c41120dba1acbbb8e997bcf,LOST,,,2026-07-11 20:15:22,2026-07-18T06:30:52Z,0.0,0.0,1,1,1-1,the_odds_api_scores,86d6bb6c03425aec2dbe3e631e844d53
804,football,Brazil Serie A,Mirassol vs Grêmio,Mirassol,Grêmio,h2h,Grêmio,4.1,0.2836595308946259,0.24016056865305113,0.2629305653767996,0.07801531804487816,0.18,Betfair,2026-07-17T23:00:00Z,7.096957221472312,a1052f8d8edbc83a09b1d35b,LOST,,,2026-07-11 20:15:23,2026-07-18T06:30:52Z,0.0,0.0,2,1,2-1,the_odds_api_scores,e105f546df821df13a1c7474f4734943
826,football,Brazil Serie A,Coritiba vs Palmeiras,Coritiba,Palmeiras,h2h,Coritiba,3.7,0.3203338531689859,0.26261457334217814,0.2925160423838616,0.08230935682028795,0.21,1xBet,2026-07-22T22:30:00Z,7.586895024830937,0d83cfbba89f955de55fba29,LOST,,,2026-07-11 20:15:24,2026-07-23T07:54:49Z,0.0,0.0,1,3,1-3,the_odds_api_scores,1564002429f60a7c9faba9a3789eeaad
843,football,Brazil Serie A,Sao Paulo vs Atletico Paranaense,Sao Paulo,Atletico Paranaense,h2h,Atletico Paranaense,4.3,0.2836971575811608,0.24022898081038735,0.26313122007208667,0.13146424630997267,0.28,Unibet (NL),2026-07-23T00:30:00Z,12.477041991295176,ea7c8d12e7fe4f84b8846c7f,WON,,,2026-07-11 20:15:25,2026-07-23T07:54:49Z,0.0,0.0,1,2,1-2,the_odds_api_scores,7b0cca084d7d16ef946532414fbbcb53
862,football,Argentina Primera Division,Sarmiento de Junin vs Argentinos Juniors,Sarmiento de Junin,Argentinos Juniors,h2h,Sarmiento de Junin,4.38,0.2987061702233531,0.22395939485737953,0.26277236417599714,0.15094295509086741,0.31,Pinnacle,2026-07-23T22:30:00Z,14.172861614180468,6056e5c2a73bfee7a5668c34,LOST,,,2026-07-11 20:15:28,2026-07-24T07:01:22Z,0.0,0.0,2,3,2-3,the_odds_api_scores,9921813094aa28d1d044e6b3e1904daf
872,football,Argentina Primera Division,Gimnasia Mendoza vs Central Córdoba,Gimnasia Mendoza,Central Córdoba,h2h,Central Córdoba,4.49,0.27519045760191607,0.22417438354380587,0.25085969495143,0.12636003033192078,0.25,Pinnacle,2026-07-24T19:45:00Z,11.97265598051745,c2402ef8e7ef0a7940a7eb68,LOST,,,2026-07-11 20:15:29,2026-07-25T07:42:44Z,0.0,0.0,1,0,1-0,the_odds_api_scores,82132c1764937494ad3f92fe93329fe6
879,football,Argentina Primera Division,Estudiantes de Río Cuarto vs CA Tigre BA,Estudiantes de Río Cuarto,CA Tigre BA,h2h,Estudiantes de Río Cuarto,3.75,0.3166090084180073,0.2565100097567509,0.2876984789653201,0.07886929611995042,0.2,Codere (IT),2026-07-25T17:45:00Z,7.34275883895722,233ccc43aff073185fd1c04a,WON,,,2026-07-11 20:15:30,2026-07-26T07:01:58Z,0.0,0.0,1,0,1-0,the_odds_api_scores,14d541b1fe6b71b99254037172ba461e
888,football,Argentina Primera Division,Lanus vs San Lorenzo,Lanus,San Lorenzo,h2h,San Lorenzo,4.3,0.2763386059503862,0.22626192599556968,0.25233331837938405,0.08503326903135133,0.18,Codere (IT),2026-07-26T00:30:00Z,7.948331968455101,f98b935baac718daf4eb4b81,LOST,,,2026-07-11 20:15:31,2026-07-26T07:01:58Z,0.0,0.0,1,0,1-0,the_odds_api_scores,548228868edea882febc372bf2906a7d
897,football,Argentina Primera Division,Deportivo Riestra vs Boca Juniors,Deportivo Riestra,Boca Juniors,h2h,Deportivo Riestra,4.3,0.2980599929382568,0.2227845270662954,0.2616893910988831,0.12526438172519727,0.26,Codere (IT),2026-07-26T22:30:00Z,11.603191098670623,5e1a5da227014ca0c5b7ea84,WON,,,2026-07-11 20:15:32,2026-07-27T05:51:58Z,0.0,0.0,3,0,3-0,the_odds_api_scores,67c7319c34b7d0b5c96e4d6613321d0d
904,football,Liga MX,Tijuana vs Tigres,Tijuana,Tigres,h2h,Tijuana,3.7,0.32783075723391775,0.2649901373929085,0.2970372601676856,0.0990378626204369,0.26,Tipico,2026-07-17T03:00:00Z,9.113120591750642,ef451a27e2a34e260b6fa144,WON,,,2026-07-11 20:15:33,2026-07-17T10:39:02Z,0.0,0.0,3,1,3-1,the_odds_api_scores,2318afd404921e416ba75ec1b40aee48
920,football,Liga MX,Atlético San Luis vs Cruz Azul,Atlético San Luis,Cruz Azul,h2h,Atlético San Luis,4.1,0.3135038703010619,0.23894125206044337,0.2769229266334166,0.13538399919700805,0.3,Unibet (NL),2026-07-18T01:00:00Z,12.322882665983562,4d276ec42adea2b88b72bedc,LOST,,,2026-07-11 20:15:34,2026-07-18T10:30:38Z,0.0,0.0,2,3,2-3,the_odds_api_scores,88f78b661b5dba3c3fd76d8c0b652fce
935,football,Liga MX,Querétaro vs América,Querétaro,América,h2h,Querétaro,3.9,0.3223101685351465,0.25495270339514264,0.28922190664111713,0.1279654359003568,0.3,Tipico,2026-07-19T03:00:00Z,11.740228357530459,93a536debd304d5aad930b80,LOST,,,2026-07-11 20:15:35,2026-07-19T08:25:56Z,0.0,0.0,0,1,0-1,the_odds_api_scores,c8e5989a3575c937d1e2dda00fa683ca
957,baseball,baseball_mlb,Tampa Bay Rays vs Seattle Mariners,Tampa Bay Rays,Seattle Mariners,h2h,Tampa Bay Rays,1.97,0.5075008184170537,0.5075008184170537,0.5439705728919376,0.0716220285971172,0.55,BetOnline.ag,2026-07-11T20:31:00Z,73.0,e0d6ac2e15b7d032703701d9,WON,,,2026-07-11 20:22:41,2026-07-11T20:34:05.805366+00:00,0.5335,0.97,,,,,
1029,baseball,baseball_mlb,Tampa Bay Rays vs Seattle Mariners,Tampa Bay Rays,Seattle Mariners,h2h,Tampa Bay Rays,1.8,0.5084868425618179,0.5084868425618179,0.6168436582744078,0.11031858489393409,1.03,Betclic (FR),2026-07-11T20:35:00Z,94.0,02319004c7ea083184eb0470,WON,,,2026-07-11 20:34:09,2026-07-11T20:50:09.802093+00:00,0.824,0.8,,,,,
1030,basketball,basketball_wnba,Atlanta Dream vs Portland Fire,Atlanta Dream,Portland Fire,h2h,Portland Fire,3.45,0.294245930375429,0.294245930375429,0.31595423187562843,0.09004209997091817,0.28,PMU (FR),2026-07-11T20:07:07Z,9.004209997091817,f01bf8d715313edcb3ca7933,WON,,,2026-07-11 20:50:09,2026-07-12T06:36:06.961606+00:00,0.686,2.45,,,,,
1055,baseball,baseball_mlb,San Francisco Giants vs Colorado Rockies,San Francisco Giants,Colorado Rockies,h2h,Colorado Rockies,1.93,0.5493849903908453,0.5493849903908453,0.582472558009027,0.12417203695742196,1.0,Pinnacle,2026-07-11T20:06:00Z,93.0,4e09a9b38ba1dc01cf10cfab,LOST,,,2026-07-11 20:50:11,2026-07-11T20:59:50.712557+00:00,-1.0,-1.0,,,,,
1117,baseball,baseball_mlb,Tampa Bay Rays vs Seattle Mariners,Tampa Bay Rays,Seattle Mariners,h2h,Seattle Mariners,1.8,0.5699383433196384,0.5699383433196384,0.6031947263046114,0.08575050734830048,0.8,Betsson,2026-07-11T20:35:00Z,93.0,13d3f1758f191322c64fd22d,LOST,,,2026-07-11 20:59:53,2026-07-11T21:23:23.828336+00:00,-0.8,-1.0,,,,,
1227,baseball,baseball_mlb,Los Angeles Dodgers vs Arizona Diamondbacks,Los Angeles Dodgers,Arizona Diamondbacks,h2h,Los Angeles Dodgers,1.4,0.7035614761797219,0.7035614761797219,0.7572757235910568,0.06018601302747939,1.13,Betfair,2026-07-12T01:10:00Z,85.0,516c518d90cf4393d7f90022,LOST,,,2026-07-11 20:59:57,2026-07-11T21:23:23.828409+00:00,-1.13,-1.0,,,,,
1239,baseball,baseball_mlb,San Francisco Giants vs Colorado Rockies,San Francisco Giants,Colorado Rockies,h2h,San Francisco Giants,1.73,0.5400310850798516,0.5400310850798516,0.6505758503524047,0.1254962211096602,1.29,888sport,2026-07-11T20:06:07Z,94.0,19de15e4658238527bb05b8d,WON,,,2026-07-11 21:23:25,2026-07-11T21:42:36.003006+00:00,0.9417,0.73,,,,,
1338,baseball,baseball_mlb,Texas Rangers vs Houston Astros,Texas Rangers,Houston Astros,h2h,Houston Astros,2.12,0.47818355419603337,0.47818355419603337,0.5014514436694214,0.0630770605791735,0.42,Matchbook,2026-07-11T23:06:00Z,84.0,a8131f6b113a350bc0259c7d,LOST,,,2026-07-11 21:23:28,2026-07-11T21:42:36.003080+00:00,-0.42,-1.0,,,,,
1618,basketball,basketball_wnba,Atlanta Dream vs Portland Fire,Atlanta Dream,Portland Fire,h2h,Atlanta Dream,2.15,0.5168221664729982,0.5168221664729982,0.4945834359182706,0.06335438722428166,0.41,888sport,2026-07-11T20:07:07Z,6.652210658549575,4ca942039c5dc804ce81b998,LOST,,,2026-07-11 21:42:44,2026-07-12T06:36:06.961636+00:00,-0.41,-1.0,,,,,
2259,football,FIFA World Cup,Norway vs England,Norway,England,h2h,England,3.7,0.30447420079579135,0.27206064380469736,0.28941281944750963,0.07082743195578578,0.19,Betfair,2026-07-11T21:01:00Z,6.839622075596655,0755183ef0289eb0063b0411,WON,,,2026-07-11 21:44:55,2026-07-12T04:05:39Z,0.0,0.0,1,2,1-2,the_odds_api_scores,e66e4478b739fa0657a7a11235e1fcee
2300,baseball,baseball_mlb,Washington Nationals vs New York Yankees,Washington Nationals,New York Yankees,h2h,New York Yankees,1.85,0.5090812062796531,0.5090812062796531,0.6140079311421597,0.1359146726129954,1.2,888sport,2026-07-12T17:36:00Z,94.0,259fc44ee08b6f8bc8b2ee37,WON,,,2026-07-12 06:36:09,2026-07-12T06:52:16.088066+00:00,1.02,0.85,,,,,
2320,baseball,baseball_mlb,New York Mets vs Boston Red Sox,New York Mets,Boston Red Sox,h2h,Boston Red Sox,1.86,0.5263369731259288,0.5263369731259288,0.6313278268515223,0.1742697579438317,1.52,BetOnline.ag,2026-07-12T17:41:00Z,95.0,11f0619b50d52c185d6d8000,WON,,,2026-07-12 06:36:09,2026-07-12T06:52:16.088150+00:00,1.3072,0.86,,,,,
2355,baseball,baseball_mlb,Miami Marlins vs Cleveland Guardians,Miami Marlins,Cleveland Guardians,h2h,Cleveland Guardians,1.91,0.49118457493868706,0.49118457493868706,0.5932150925190123,0.13304082671131345,1.1,888sport,2026-07-12T17:41:00Z,94.0,def3a98d764094d20c9aae7b,WON,,,2026-07-12 06:36:10,2026-07-12T06:52:16.088187+00:00,1.001,0.91,,,,,
2467,baseball,baseball_mlb,Texas Rangers vs Houston Astros,Texas Rangers,Houston Astros,h2h,Texas Rangers,1.73,0.5468393608179548,0.5468393608179548,0.6605876124562113,0.1428165695492456,1.47,888sport,2026-07-12T18:36:00Z,95.0,f8a50045e0265f76285ff0c7,WON,,,2026-07-12 06:36:13,2026-07-12T06:52:16.088229+00:00,1.0731,0.73,,,,,
2510,baseball,baseball_mlb,Los Angeles Dodgers vs Arizona Diamondbacks,Los Angeles Dodgers,Arizona Diamondbacks,h2h,Los Angeles Dodgers,1.52,0.655472112028488,0.655472112028488,0.7030346083628907,0.0686126047115938,0.99,1xBet,2026-07-12T20:11:00Z,87.0,18d37816467619ee3ee42f89,LOST,,,2026-07-12 06:36:14,2026-07-12T06:52:16.088277+00:00,-0.99,-1.0,,,,,
2539,basketball,basketball_wnba,Atlanta Dream vs Los Angeles Sparks,Atlanta Dream,Los Angeles Sparks,h2h,Los Angeles Sparks,3.6,0.27062446973082044,0.27062446973082044,0.2957556758034447,0.06472043289240093,0.19,Coolbet,2026-07-13T23:10:00Z,6.4720432892400925,393cc28334bef009175719dc,LOST,,,2026-07-12 06:36:16,2026-07-14T08:15:40.269373+00:00,-0.19,-1.0,,,,,
2663,football,Ligue 1,RC Lens vs Auxerre,RC Lens,Auxerre,h2h,Draw,4.47,0.24713918216724626,0.22688529441871147,0.23788063226218692,0.06332642621197548,0.14,1xBet,2026-08-22T15:15:00Z,6.208075419119415,6521bc8d8b125426dedac288,OPEN,,,2026-07-12 06:37:00,,0.0,0.0,,,,,
3236,football,Eliteserien,Sarpsborg FK vs Viking FK,Sarpsborg FK,Viking FK,h2h,Draw,4.5,0.24934186445510798,0.2300215072953229,0.2405055905734801,0.0822751575806604,0.18,Matchbook,2026-07-12T17:15:00Z,8.082502068396376,31fdce39f64aa5342b03b4cc,LOST,,,2026-07-12 06:54:11,2026-07-12T19:35:24Z,0.0,0.0,1,0,1-0,the_odds_api_scores,2a40455dbc87c617c4e7cd7ebf1f8efd
3504,football,Liga MX,Necaxa vs Atlante FC,Necaxa,Atlante FC,h2h,Atlante FC,3.93,0.2884715798207892,0.25867939853296673,0.27399833765264237,0.07681346697488456,0.18,Pinnacle,2026-07-17T01:00:00Z,7.070136248850338,93f166694b86626b0b86d7ae,LOST,,,2026-07-12 06:54:49,2026-07-17T10:39:02Z,0.0,0.0,2,1,2-1,the_odds_api_scores,4412627f37a1bba21dfaf7e037860b0c
3784,baseball,baseball_npb,Yokohama DeNA BayStars vs Yomiuri Giants,Yokohama DeNA BayStars,Yomiuri Giants,h2h,Yokohama DeNA BayStars,2.11,0.46807443540950516,0.46807443540950516,0.504747315265319,0.06501683520982304,0.44,BetOnline.ag,2026-07-12T09:00:00Z,78.0,77d5987642ee94462f56a25c,OPEN,,,2026-07-12 07:12:10,,0.0,0.0,,,,,
4230,football,Eliteserien,Rosenborg vs Kristiansund BK,Rosenborg,Kristiansund BK,h2h,Draw,4.5,0.24396060206752587,0.22923176842563536,0.23725744202843058,0.06765848912793748,0.14,Betfair,2026-07-12T15:00:00Z,6.670359514633173,7709da5e7c09ec5afd758115,LOST,,,2026-07-12 07:54:30,2026-07-12T17:03:59Z,0.0,0.0,3,0,3-0,the_odds_api_scores,a0ca875539a11221e9cff148ba50fde2
4497,baseball,baseball_npb,Chiba Lotte Marines vs Orix Buffaloes,Chiba Lotte Marines,Orix Buffaloes,h2h,Orix Buffaloes,1.81,0.5843502733918761,0.5843502733918761,0.6221497105117446,0.12609097602625785,1.17,Pinnacle,2026-07-12T08:00:00Z,94.0,3d8715d5dcda4ee88ea21151,OPEN,,,2026-07-12 08:12:03,,0.0,0.0,,,,,
5028,football,MLS,FC Cincinnati vs Vancouver Whitecaps FC,FC Cincinnati,Vancouver Whitecaps FC,h2h,FC Cincinnati,3.6,0.3166902497031967,0.2756371044359693,0.2970516487679488,0.06938593556461581,0.19,1xBet,2026-07-22T23:30:00Z,6.4608219241433185,485c4b4069d6bef2619e4987,WON,,,2026-07-12 08:56:02,2026-07-23T08:37:11Z,0.0,0.0,4,3,4-3,the_odds_api_scores,144587319a3ab8cee3a02a28d815914e
5036,football,MLS,Sporting Kansas City vs Minnesota United FC,Sporting Kansas City,Minnesota United FC,h2h,Sporting Kansas City,3.61,0.31629243028254217,0.27473425394481304,0.29624886490753166,0.06945840231618927,0.19,1xBet,2026-07-23T00:30:00Z,6.4072674880899125,d59f0c1975170be0e005180a,WON,,,2026-07-12 08:56:04,2026-07-23T08:37:11Z,0.0,0.0,2,1,2-1,the_odds_api_scores,9d65fa134ade9d1be96d983d26764ece
5304,baseball,baseball_npb,Yokohama DeNA BayStars vs Yomiuri Giants,Yokohama DeNA BayStars,Yomiuri Giants,h2h,Yomiuri Giants,1.93,0.5195260021158499,0.5195260021158499,0.5524650216292044,0.06625749174436457,0.53,Pinnacle,2026-07-12T09:00:00Z,80.0,84defa48717f0ca54d211c29,OPEN,,,2026-07-12 09:06:05,,0.0,0.0,,,,,
5599,football,MLS,Los Angeles FC vs Real Salt Lake,Los Angeles FC,Real Salt Lake,h2h,Real Salt Lake,4.45,0.2541320146456111,0.22114498237742214,0.23829661107810773,0.060419919297579394,0.12,Betsson,2026-07-23T02:30:00Z,5.638528384348722,6becb0adb302d327ec0ee0c3,LOST,,,2026-07-12 09:08:17,2026-07-23T08:37:11Z,0.0,0.0,3,1,3-1,the_odds_api_scores,a86289ceba2168f9574ec8fccf0305b7
5865,baseball,baseball_npb,Chiba Lotte Marines vs Orix Buffaloes,Chiba Lotte Marines,Orix Buffaloes,h2h,Orix Buffaloes,3.4,0.32275109828667803,0.32275109828667803,0.3434983456807421,0.16789437531452323,0.52,Pinnacle,2026-07-12T08:00:37Z,93.0,746954868004a9a88e1f6290,OPEN,,,2026-07-12 09:25:10,,0.0,0.0,,,,,
6128,baseball,baseball_npb,Hanshin Tigers vs Tokyo Yakult Swallows,Hanshin Tigers,Tokyo Yakult Swallows,h2h,Tokyo Yakult Swallows,3.1,0.3343485809950227,0.3343485809950227,0.3545584073661675,0.09913106283511919,0.35,William Hill,2026-07-12T09:01:00Z,87.0,cf18e379713b067e13c3e947,OPEN,,,2026-07-12 09:48:15,,0.0,0.0,,,,,
6400,baseball,baseball_npb,Hanshin Tigers vs Tokyo Yakult Swallows,Hanshin Tigers,Tokyo Yakult Swallows,h2h,Hanshin Tigers,1.44,0.7019152437126058,0.7019152437126058,0.7531147376587065,0.08448522222853727,1.44,Pinnacle,2026-07-12T09:01:00Z,87.0,685836771aca0c56d0814c72,OPEN,,,2026-07-12 10:29:58,,0.0,0.0,,,,,
6456,baseball,baseball_mlb,Washington Nationals vs New York Yankees,Washington Nationals,New York Yankees,h2h,Washington Nationals,2.04,0.4946419451164728,0.4946419451164728,0.5215582415588589,0.06397881278007223,0.46,Betfair,2026-07-12T17:36:00Z,83.0,5aef108203cc9e3e36d02201,LOST,,,2026-07-12 12:27:55,2026-07-12T13:00:29.701270+00:00,-0.46,-1.0,,,,,
6527,baseball,baseball_mlb,Tampa Bay Rays vs Seattle Mariners,Tampa Bay Rays,Seattle Mariners,h2h,Seattle Mariners,2.27,0.4497060393867991,0.4497060393867991,0.4689195423540622,0.06444736114372107,0.38,GTbets,2026-07-12T17:41:00Z,84.0,1c2744f587ee7d183003237d,LOST,,,2026-07-12 12:27:57,2026-07-12T13:00:29.701330+00:00,-0.38,-1.0,,,,,
6564,baseball,baseball_mlb,Chicago White Sox vs Athletics,Chicago White Sox,Athletics,h2h,Athletics,2.18,0.47015865329147033,0.47015865329147033,0.4919279360771868,0.07240290064826738,0.46,Betfair,2026-07-12T18:11:00Z,87.0,590eedef4c8deea5b2d53c46,LOST,,,2026-07-12 12:27:58,2026-07-12T13:00:29.701379+00:00,-0.46,-1.0,,,,,
6679,football,Allsvenskan,Malmo FF vs IFK Goteborg,Malmo FF,IFK Goteborg,h2h,Malmo FF,1.4,0.7860463942643431,0.8334056750751238,0.8075925629322407,0.13062958810513692,2.45,Pinnacle,2026-07-12T12:00:00Z,13.062955544773988,88bbca62f26e150e23500a5a,WON,,,2026-07-12 12:28:19,2026-07-12T14:02:56Z,0.0,0.0,4,0,4-0,the_odds_api_scores,1dcfff56ca67a294cfc28c1671c8a77c
6959,football,Eliteserien,KFUM vs Bodø/Glimt,KFUM,Bodø/Glimt,h2h,Bodø/Glimt,1.52,0.7087157139064044,0.7560554791480067,0.730254736181907,0.10998719899649867,1.59,Pinnacle,2026-07-12T12:30:00Z,10.998717149969893,65be934425f27d901a38517e,WON,,,2026-07-12 13:00:55,2026-07-12T14:45:56Z,0.0,0.0,0,2,0-2,the_odds_api_scores,8d6fa9efa526ed87c19cf7b498aacb1f
7239,football,Allsvenskan,Västerås SK vs Degerfors IF,Västerås SK,Degerfors IF,h2h,Draw,4.5,0.244351932886937,0.22969860677706275,0.23773434512683927,0.06980455307077671,0.15,Betfair,2026-07-12T12:00:00Z,6.919693235811682,5923bdee8ccb16a08cd11877,LOST,,,2026-07-12 13:08:41,2026-07-12T14:02:56Z,0.0,0.0,2,0,2-0,the_odds_api_scores,6cb0727407c266ebe3839e192bc395ac
7503,football,Premier League,Brentford vs Tottenham Hotspur,Brentford,Tottenham Hotspur,h2h,Tottenham Hotspur,3.15,0.33554655933804856,0.3383530886832559,0.33682175793841296,0.06098853750600086,0.21,1xBet,2026-08-22T16:30:00Z,6.0610204261863005,74604cd44c15e07029cb6c43,OPEN,,,2026-07-12 13:46:52,,0.0,0.0,,,,,
7573,baseball,baseball_mlb,New York Mets vs Boston Red Sox,New York Mets,Boston Red Sox,h2h,New York Mets,2.08,0.4883810106479998,0.4883810106479998,0.5141016484548767,0.06933142878614351,0.48,Pinnacle,2026-07-12T17:41:00Z,86.0,5c5ae6870addee9b2568cfe6,LOST,,,2026-07-12 14:11:34,2026-07-12T14:22:20.979037+00:00,-0.48,-1.0,,,,,
7851,football,Eliteserien,Sandefjord vs HamKam,Sandefjord,HamKam,h2h,Sandefjord,2.0,0.5473456140775138,0.5946406378398046,0.5688682471119926,0.13773649422398515,1.03,Pinnacle,2026-07-12T15:00:00Z,13.780536247109715,3c4330ca5f6386cedcaa08f2,LOST,,,2026-07-12 15:09:44,2026-07-12T17:03:59Z,0.0,0.0,2,2,2-2,the_odds_api_scores,c7193e37e6c591028cf5070cb4812fda
7852,tennis,tennis_atp_wimbledon,Jannik Sinner vs Alexander Zverev,Jannik Sinner,Alexander Zverev,h2h,Alexander Zverev,4.15,0.2561265575882919,0.2561265575882919,0.2571985903118043,0.06737414979398793,0.16,MyBookie.ag,2026-07-12T15:13:38Z,68.0,d197310bcc05f0767fe512f0,OPEN,,,2026-07-12 15:20:03,,0.0,0.0,,,,,
8131,football,Allsvenskan,IF Brommapojkarna vs IK Sirius,IF Brommapojkarna,IK Sirius,h2h,IK Sirius,1.26,0.8512912210562389,0.8986951150644331,0.8728537212348068,0.09979568875585643,2.88,Pinnacle,2026-07-12T14:30:00Z,9.94663629829621,02f1b3299b7b2c220f64be57,WON,,,2026-07-12 15:20:28,2026-07-12T17:03:46Z,0.0,0.0,1,2,1-2,the_odds_api_scores,520fd24b972743419cc85f4ba0b1665f
8134,football,Allsvenskan,IF Elfsborg vs IK Sirius,IF Elfsborg,IK Sirius,h2h,IF Elfsborg,3.45,0.33276586050192514,0.3014867614129456,0.3185352780663477,0.0989467093288996,0.3,Unibet (SE),2026-07-19T14:30:00Z,9.844266885477563,bade1d08df25be1405893702,LOST,,,2026-07-12 15:20:29,2026-07-19T17:02:44Z,0.0,0.0,1,3,1-3,the_odds_api_scores,8f70fce021a03c23c6c8cd2d04d49238
8397,tennis,tennis_atp_wimbledon,Jannik Sinner vs Alexander Zverev,Jannik Sinner,Alexander Zverev,h2h,Alexander Zverev,3.9,0.29177916017714545,0.29177916017714545,0.2926854121240018,0.14147310728360685,0.37,MyBookie.ag,2026-07-12T15:05:00Z,91.0,3ac7ab3af0a0c29d5a55ba07,OPEN,,,2026-07-12 15:29:37,,0.0,0.0,,,,,
8588,baseball,baseball_mlb,St. Louis Cardinals vs Atlanta Braves,St. Louis Cardinals,Atlanta Braves,h2h,Atlanta Braves,2.24,0.4547223013088851,0.4547223013088851,0.47336106576846887,0.06032878732137026,0.36,Betfair,2026-07-12T18:16:00Z,81.0,93b7ebb2c9bc994e2385b894,LOST,,,2026-07-12 15:41:32,2026-07-12T15:50:58.576642+00:00,-0.36,-1.0,,,,,
8829,mma,mma_mixed_martial_arts,Chase Hooper vs Mitch Ramirez,Chase Hooper,Mitch Ramirez,h2h,Mitch Ramirez,4.1,0.2616238792105615,0.2616238792105615,0.26104801663474053,0.07029686820243608,0.17,BetOnline.ag,2026-07-19T00:45:00Z,7.031719894499144,21ae6c79c6e6689395c500c9,LOST,,,2026-07-12 17:03:43,2026-07-19T08:25:43.176844+00:00,-0.17,-1.0,,,,,
8844,baseball,baseball_mlb,Baltimore Orioles vs Kansas City Royals,Baltimore Orioles,Kansas City Royals,h2h,Kansas City Royals,2.58,0.41071177892563104,0.41071177892563104,0.4227519153545548,0.09069994161475137,0.43,Betfair,2026-07-12T17:36:00Z,89.0,ba4de7a01e9c0d4e24f15b24,LOST,,,2026-07-12 18:42:25,2026-07-12T18:54:08.416234+00:00,-0.43,-1.0,,,,,
8877,baseball,baseball_mlb,Miami Marlins vs Cleveland Guardians,Miami Marlins,Cleveland Guardians,h2h,Miami Marlins,2.65,0.3900008024800122,0.3900008024800122,0.4069686673423782,0.07846696845730206,0.36,Winamax (DE),2026-07-12T17:41:00Z,88.0,516c693d6e34d3871e22b54f,LOST,,,2026-07-12 18:42:26,2026-07-12T18:54:08.416269+00:00,-0.36,-1.0,,,,,
8889,baseball,baseball_mlb,Tampa Bay Rays vs Seattle Mariners,Tampa Bay Rays,Seattle Mariners,h2h,Seattle Mariners,1.3,0.7670728457044423,0.7670728457044423,0.8266817784878143,0.07468631203415876,1.87,MyBookie.ag,2026-07-12T17:43:00Z,91.0,951df91211e7ad0c303cdca3,LOST,,,2026-07-12 18:42:27,2026-07-12T18:54:08.416304+00:00,-1.87,-1.0,,,,,
8890,baseball,baseball_mlb,Tampa Bay Rays vs Seattle Mariners,Tampa Bay Rays,Seattle Mariners,h2h,Tampa Bay Rays,3.6,0.23292715429555766,0.23292715429555766,0.30230822151218584,0.08830959744386901,0.25,MyBookie.ag,2026-07-12T17:43:00Z,89.0,b711326ca0eec9c14c4a7840,WON,,,2026-07-12 18:42:27,2026-07-12T18:54:08.416329+00:00,0.65,2.6,,,,,
8891,basketball,basketball_wnba,Atlanta Dream vs Los Angeles Sparks,Atlanta Dream,Los Angeles Sparks,h2h,Los Angeles Sparks,3.8,0.2561576977513612,0.2561576977513612,0.28283893541782323,0.07478795458772813,0.2,BetOnline.ag,2026-07-13T23:00:00Z,7.507962761062028,47786fc0c6f7f9df9068f848,LOST,,,2026-07-12 18:54:10,2026-07-14T08:15:40.269344+00:00,-0.2,-1.0,,,,,
8941,baseball,baseball_mlb,Cincinnati Reds vs Chicago Cubs,Cincinnati Reds,Chicago Cubs,h2h,Chicago Cubs,2.25,0.4645182978314294,0.4645182978314294,0.4831274164766167,0.08703668707238754,0.52,Betclic (FR),2026-07-12T17:42:00Z,92.0,a8228d4263fd8c934b8fe28f,LOST,,,2026-07-12 18:54:17,2026-07-12T19:35:05.604298+00:00,-0.52,-1.0,,,,,
8982,baseball,baseball_mlb,Cincinnati Reds vs Chicago Cubs,Cincinnati Reds,Chicago Cubs,h2h,Cincinnati Reds,2.4,0.3630500468794915,0.3630500468794915,0.45344841898498517,0.08827620556396432,0.47,Betclic (FR),2026-07-12T17:42:00Z,91.0,0294bba809a169dd84027a00,WON,,,2026-07-12 19:35:07,2026-07-12T19:43:17.835749+00:00,0.658,1.4,,,,,
9063,basketball,basketball_wnba,Toronto Tempo vs New York Liberty,Toronto Tempo,New York Liberty,h2h,New York Liberty,1.55,0.6562424852651882,0.6562424852651882,0.6878697396856318,0.06619809651272934,0.9,MyBookie.ag,2026-07-12T19:02:55Z,6.619809651272934,a700b713c8ca370263ee38b3,LOST,,,2026-07-12 19:35:10,2026-07-13T09:35:51.999621+00:00,-0.9,-1.0,,,,,
9154,basketball,basketball_wnba,Toronto Tempo vs New York Liberty,Toronto Tempo,New York Liberty,h2h,Toronto Tempo,3.05,0.4099763764756407,0.4099763764756407,0.3782234635329485,0.15358156377549292,0.56,Betsson,2026-07-12T19:02:55Z,15.350477299360518,8fd12d30674796493193cb64,WON,,,2026-07-12 19:43:22,2026-07-13T09:35:51.999668+00:00,1.148,2.05,,,,,
9156,basketball,basketball_wnba,Washington Mystics vs Seattle Storm,Washington Mystics,Seattle Storm,h2h,Washington Mystics,1.73,0.6396623860666485,0.6396623860666485,0.6504728783864939,0.1253180796086344,1.29,Betsson,2026-07-12T19:03:02Z,12.525542056883006,215adcdf8867cac40cad7cd7,WON,,,2026-07-12 19:43:22,2026-07-13T09:35:51.999706+00:00,0.9417,0.73,,,,,
9157,basketball,basketball_wnba,Washington Mystics vs Seattle Storm,Washington Mystics,Seattle Storm,h2h,Seattle Storm,3.1,0.3603376139333516,0.3603376139333516,0.3509971216135061,0.08809107700186902,0.31,Coolbet,2026-07-12T19:03:02Z,8.813512254036995,a759e6de8caf0a856bb6a560,LOST,,,2026-07-12 19:43:22,2026-07-13T09:35:51.999773+00:00,-0.31,-1.0,,,,,
9202,baseball,baseball_mlb,San Francisco Giants vs Colorado Rockies,San Francisco Giants,Colorado Rockies,h2h,Colorado Rockies,2.34,0.46965574476308836,0.46965574476308836,0.49012971734498434,0.14690353858726324,0.82,BetOnline.ag,2026-07-12T20:06:00Z,93.0,05949a8f71d0dfe6fb035027,LOST,,,2026-07-12 20:10:04,2026-07-12T20:18:54.612044+00:00,-0.82,-1.0,,,,,
9251,baseball,baseball_mlb,San Diego Padres vs Toronto Blue Jays,San Diego Padres,Toronto Blue Jays,h2h,San Diego Padres,2.5,0.42653309132868505,0.42653309132868505,0.44766891874893455,0.11917229687233633,0.6,MyBookie.ag,2026-07-12T20:11:00Z,91.0,b91c0243b17ddad1d677fe68,LOST,,,2026-07-12 20:19:01,2026-07-12T20:30:34.982428+00:00,-0.6,-1.0,,,,,
9328,football,Liga MX,Toluca vs Pumas,Toluca,Pumas,h2h,Pumas,4.34,0.27735053245134533,0.256189965433799,0.2676656843106424,0.16166906990818797,0.36,1xBet,2026-07-22T03:00:00Z,15.793622000199637,dcd85d7268ed4650ec0eadd6,WON,,,2026-07-12 20:40:52,2026-07-22T08:35:59Z,0.0,0.0,1,2,1-2,the_odds_api_scores,651098b236b65d4256d7367e239f2db7
9329,baseball,baseball_mlb,National League vs American League,National League,American League,h2h,American League,2.22,0.4435490389597632,0.4435490389597632,0.4993853807989391,0.10863554537364495,0.67,BetOnline.ag,2026-07-15T00:01:00Z,92.0,a5ac12990dcecd4d6eb7adec,OPEN,,,2026-07-13 09:35:52,,0.0,0.0,,,,,
9330,baseball,baseball_mlb,National League vs American League,National League,American League,h2h,National League,1.75,0.5564509610402367,0.5564509610402367,0.6335646192010609,0.10873808360185655,1.09,BetOnline.ag,2026-07-15T00:01:00Z,93.0,6a5404700ca9b6f4e34844d2,OPEN,,,2026-07-13 09:35:52,,0.0,0.0,,,,,
9349,mma,mma_mixed_martial_arts,Tommy McMillen vs Alberto Montes,Tommy McMillen,Alberto Montes,h2h,Tommy McMillen,2.12,0.4994685000108861,0.4994685000108861,0.5029304221821509,0.06621249502616,0.44,1xBet,2026-07-18T21:00:00Z,6.553231646391364,281a0b18b31c3a997bea241b,WON,,,2026-07-13 09:35:53,2026-07-19T08:25:43.176777+00:00,0.4928,1.12,,,,,
9361,football,Eliteserien,HamKam vs Tromso,HamKam,Tromso,h2h,HamKam,3.55,0.3194274939024768,0.28322598722669023,0.30351428302203143,0.07747570472821153,0.23,Betsson,2026-07-18T12:00:00Z,7.580892434055292,19766604b8d236ab0b226459,LOST,,,2026-07-13 09:36:08,2026-07-18T23:27:54Z,0.0,0.0,1,4,1-4,the_odds_api_scores,eb376f64e72f199c1c5c695ddaddb645
9362,football,Eliteserien,Lillestrom vs KFUM,Lillestrom,KFUM,h2h,KFUM,4.5,0.2619600353588317,0.23720497887651312,0.25094846215148775,0.12926807968169496,0.28,GTbets,2026-07-18T14:00:00Z,12.696795075199633,a885c420876e7c15c1cc165d,LOST,,,2026-07-13 09:36:08,2026-07-18T23:27:54Z,0.0,0.0,2,1,2-1,the_odds_api_scores,634ee5a0e5dd981f76338783253987bc
9364,football,Allsvenskan,Kalmar FF vs Malmo FF,Kalmar FF,Malmo FF,h2h,Kalmar FF,2.9,0.37538715021827707,0.3762160823562774,0.3757663239125163,0.08972233934629714,0.34,Coolbet,2026-07-20T17:00:00Z,8.500360572184501,c59ff0a69d1436f011344c86,LOST,,,2026-07-13 09:36:09,2026-07-21T00:20:52Z,0.0,0.0,2,2,2-2,the_odds_api_scores,79ef628cf011ce8c13f4af361247a729
9365,football,2. Bundesliga,1. FC Heidenheim vs VfL Osnabrück,1. FC Heidenheim,VfL Osnabrück,h2h,Draw,4.4,0.260257068279593,0.252873405912154,0.25690500927727045,0.13038204081999005,0.29,Winamax (DE),2026-08-08T11:00:00Z,12.823073714646021,c475d1726db0acd1efd86486,LOST,,,2026-07-13 09:36:09,2026-08-08T16:18:17Z,0.0,0.0,4,3,4-3,the_odds_api_scores,893e0dc045776057a6fe7cd144f8f476
9366,football,2. Bundesliga,1. FC Magdeburg vs Eintracht Braunschweig,1. FC Magdeburg,Eintracht Braunschweig,h2h,Eintracht Braunschweig,4.3,0.2641068350807714,0.23145805545376363,0.24917506932744884,0.07145279810802996,0.16,Tipico,2026-08-08T11:00:00Z,7.027382693924747,6c9a245abbe91bc970176ef3,WON,,,2026-07-13 09:36:09,2026-08-08T16:18:17Z,0.0,0.0,1,6,1-6,the_odds_api_scores,e1b1e038d38d7e826436b59a1e8996e0
9368,football,2. Bundesliga,FC St. Pauli vs Greuther Fürth,FC St. Pauli,Greuther Fürth,h2h,Draw,4.0,0.2703342106452372,0.2681797031395219,0.2693555724535143,0.0774222898140573,0.19,Tipico,2026-08-09T11:30:00Z,7.614482203212535,ae72ddc26bfef3126b8cb7c6,WON,,,2026-07-13 09:36:10,2026-08-09T16:19:39Z,0.0,0.0,1,1,1-1,the_odds_api_scores,06b55211376bb30fced8f186900f531f
9390,baseball,baseball_npb,Saitama Seibu Lions vs Chiba Lotte Marines,Saitama Seibu Lions,Chiba Lotte Marines,h2h,Chiba Lotte Marines,2.44,0.4157264826845083,0.4157264826845083,0.4441293916670714,0.0836757156676542,0.44,Pinnacle,2026-07-14T09:00:00Z,83.0,a3a3b74bb6a9568b7b75dc33,OPEN,,,2026-07-13 17:58:19,,0.0,0.0,,,,,
9419,football,Liga MX,Atlante FC vs América,Atlante FC,América,h2h,Atlante FC,4.5,0.27460598239895395,0.2278317734708122,0.25317233869017985,0.13927552410580946,0.3,Marathon Bet,2026-07-25T03:00:00Z,13.697747795806361,77fdbdec0652aee7853dd75e,LOST,,,2026-07-13 17:58:43,2026-07-25T08:12:49Z,0.0,0.0,1,1,1-1,the_odds_api_scores,ce98719a96856625554c0cb8e22eddec
9420,football,Liga MX,Pachuca vs Querétaro,Pachuca,Querétaro,h2h,Draw,4.2,0.2568037160801149,0.24955013963097977,0.2535161892229983,0.0647679947365929,0.15,Coolbet,2026-07-27T01:00:00Z,6.369932282343911,0506daf82b86dda831436ef2,LOST,,,2026-07-13 17:58:43,2026-07-27T08:29:16Z,0.0,0.0,1,2,1-2,the_odds_api_scores,84cfc92f937672371f54a59d970e6295
9437,basketball,basketball_wnba,Chicago Sky vs Seattle Storm,Chicago Sky,Seattle Storm,h2h,Chicago Sky,1.58,0.6648172809996928,0.6648172809996928,0.6758967626222938,0.06791688494322434,0.88,Nordic Bet,2026-07-15T16:10:00Z,6.788292650075274,6c4e908ecaecc36cef227ff5,WON,,,2026-07-14 08:15:42,2026-07-18T13:48:41.714430+00:00,0.5104,0.58,,,,,
9442,baseball,baseball_npb,Chunichi Dragons vs Hanshin Tigers,Chunichi Dragons,Hanshin Tigers,h2h,Chunichi Dragons,2.7,0.3649118369259385,0.3649118369259385,0.3941721144329726,0.06426470896902625,0.28,Pinnacle,2026-07-14T09:00:00Z,76.0,94291d053ad6d8ab06ee8803,OPEN,,,2026-07-14 08:15:44,,0.0,0.0,,,,,
9445,mma,mma_mixed_martial_arts,RJ Harris vs Alvin Hines,RJ Harris,Alvin Hines,h2h,RJ Harris,2.2,0.5248427913516317,0.5248427913516317,0.5226985404553869,0.14993678900185126,0.94,BetOnline.ag,2026-07-18T21:35:00Z,14.989051411441789,09e72fbe984390d31f368e3d,WON,,,2026-07-14 08:16:03,2026-07-19T08:25:43.176801+00:00,1.128,1.2,,,,,
9459,football,League One,Leyton Orient vs Sheffield Wednesday,Leyton Orient,Sheffield Wednesday,h2h,Leyton Orient,3.2,0.3429690015477138,0.3186777387283063,0.3318637865062998,0.06196411682015923,0.21,888sport,2026-08-15T14:00:00Z,6.398879433725795,b58601a363e9f4e0d5fc0322,LOST,,,2026-07-14 08:16:23,2026-08-15T16:10:24Z,0.0,0.0,1,2,1-2,the_odds_api_scores,0ef000045cc38c88ef64c0d5f3d21196
9464,football,Danish Superliga,Randers FC vs Silkeborg IF,Randers FC,Silkeborg IF,h2h,Silkeborg IF,4.5,0.25345430718700945,0.21788522511952838,0.23723136725633748,0.06754115265351857,0.14,Codere (IT),2026-07-27T17:00:00Z,6.642672363473551,2bc62f483970678622fd92e7,LOST,,,2026-07-14 08:16:29,2026-07-28T00:19:59Z,0.0,0.0,1,1,1-1,the_odds_api_scores,838b226546560d6500f71ead42a26c72
9470,football,2. Bundesliga,1. FC Nürnberg vs Dynamo Dresden,1. FC Nürnberg,Dynamo Dresden,h2h,Dynamo Dresden,4.05,0.2779800458654045,0.2527784873936608,0.26650926926659957,0.07936254052972824,0.2,Marathon Bet,2026-08-09T11:30:00Z,7.8053058610987724,0afc3d0d3ab85b391a6b0d5b,LOST,,,2026-07-14 08:16:36,2026-08-09T16:19:39Z,0.0,0.0,3,0,3-0,the_odds_api_scores,c4c3f185b50b55ded4ea96351f8523d9
9476,football,Argentina Primera Division,Velez Sarsfield BA vs Instituto de Córdoba,Velez Sarsfield BA,Instituto de Córdoba,h2h,Instituto de Córdoba,4.3,0.26740359639800165,0.23506275842896654,0.25273350135647604,0.08675405583284701,0.2,Unibet (SE),2026-07-24T22:00:00Z,8.498985571734977,98106b3e8887ca1d54edc39b,LOST,,,2026-07-14 08:16:51,2026-07-25T07:42:44Z,0.0,0.0,1,0,1-0,the_odds_api_scores,9628401b7d00130e5b6e6cab15959c04
9493,baseball,baseball_npb,Hiroshima Toyo Carp vs Yokohama DeNA BayStars,Hiroshima Toyo Carp,Yokohama DeNA BayStars,h2h,Hiroshima Toyo Carp,2.35,0.4233071866315519,0.4233071866315519,0.455756533706295,0.0710278542097933,0.39,Pinnacle,2026-07-15T09:00:00Z,80.0,95ab7607d7d3e5968fca56b3,OPEN,,,2026-07-14 17:18:47,,0.0,0.0,,,,,
9494,baseball,baseball_npb,Tokyo Yakult Swallows vs Yomiuri Giants,Tokyo Yakult Swallows,Yomiuri Giants,h2h,Tokyo Yakult Swallows,2.19,0.4531491025516023,0.4531491025516023,0.48491480896473377,0.06196343163276685,0.39,William Hill,2026-07-15T09:00:00Z,77.0,244981552e757ade2d61a877,OPEN,,,2026-07-14 17:18:48,,0.0,0.0,,,,,
9514,football,Eliteserien,Vålerenga vs Aalesund,Vålerenga,Aalesund,h2h,Aalesund,4.4,0.2566905547185237,0.22523172435483102,0.24235079894154438,0.06634351534279537,0.15,Betfair,2026-07-16T17:00:00Z,6.251312629280652,9ffbd0fe9e1a85518c356883,LOST,,,2026-07-14 17:19:19,2026-07-17T00:21:58Z,0.0,0.0,6,1,6-1,the_odds_api_scores,12226d36b36b3a8a7532ed388693aa6d
9531,football,Liga MX,Tijuana vs Tigres,Tijuana,Tigres,h2h,Tijuana,3.7,0.309339270423755,0.26504999351771824,0.2890774035801853,0.06958639324668559,0.19,Betfair,2026-07-17T03:10:00Z,6.587178459218595,eb80f1d3ebbbe132a4fb9409,WON,,,2026-07-14 17:19:37,2026-07-17T10:39:02Z,0.0,0.0,3,1,3-1,the_odds_api_scores,2318afd404921e416ba75ec1b40aee48
9549,football,Belgian Pro League,Charleroi vs Leuven,Charleroi,Leuven,h2h,Leuven,4.18,0.2710850955361709,0.24254819401935163,0.2580920736877661,0.07882486801486221,0.19,1xBet,2026-08-09T14:00:00Z,7.700484516607646,8cb7d9296dfd15103c2c8d04,LOST,,,2026-07-15 08:21:59,2026-08-09T16:19:33Z,0.0,0.0,3,1,3-1,the_odds_api_scores,71d869f64273f53c8190088817aab46a
9550,baseball,baseball_npb,Chunichi Dragons vs Hanshin Tigers,Chunichi Dragons,Hanshin Tigers,h2h,Chunichi Dragons,1.73,0.5866641125387634,0.5866641125387634,0.6287313666548479,0.08770526431288683,0.9,888sport,2026-07-15T09:00:34Z,92.0,e3310a661b407ae08a3a0233,OPEN,,,2026-07-15 11:48:43,,0.0,0.0,,,,,
9555,baseball,baseball_npb,Tohoku Rakuten Golden Eagles vs Orix Buffaloes,Tohoku Rakuten Golden Eagles,Orix Buffaloes,h2h,Tohoku Rakuten Golden Eagles,2.45,0.44234610854868683,0.44234610854868683,0.4752765035824889,0.1644274337770979,0.85,Betsson,2026-07-15T09:01:05Z,94.0,f19f2981ab45667ce36ab707,OPEN,,,2026-07-15 11:48:43,,0.0,0.0,,,,,
9556,baseball,baseball_npb,Tohoku Rakuten Golden Eagles vs Orix Buffaloes,Tohoku Rakuten Golden Eagles,Orix Buffaloes,h2h,Orix Buffaloes,1.8,0.5576538914513132,0.5576538914513132,0.5936134964175112,0.0685042935515201,0.64,MyBookie.ag,2026-07-15T09:01:05Z,79.0,e37921867114ce575f69b34c,OPEN,,,2026-07-15 11:48:43,,0.0,0.0,,,,,
9575,football,Belgian Pro League,SV Zulte-Waregem vs Genk,SV Zulte-Waregem,Genk,h2h,SV Zulte-Waregem,3.5,0.3203413577778742,0.28436684862088196,0.3039233929193744,0.06373187521781043,0.19,Tipico,2026-08-09T14:00:00Z,6.268029927671656,fd77b6fe9f863ae1cd01f97a,WON,,,2026-07-15 11:49:00,2026-08-09T16:19:33Z,0.0,0.0,2,1,2-1,the_odds_api_scores,9fb5371c4008ee7d2ba49336196853ee
9580,football,Eliteserien,Vålerenga vs Aalesund,Vålerenga,Aalesund,h2h,Draw,4.5,0.24423652996872935,0.22955653953693325,0.23760552028738818,0.0692248412932468,0.15,Betfair,2026-07-16T17:00:00Z,6.522809688338545,28dc0e4b9444c45334dc2f90,LOST,,,2026-07-15 11:49:02,2026-07-17T00:21:58Z,0.0,0.0,6,1,6-1,the_odds_api_scores,12226d36b36b3a8a7532ed388693aa6d
9588,football,MLS,Inter Miami CF vs Chicago Fire,Inter Miami CF,Chicago Fire,h2h,Chicago Fire,4.09,0.27281279791331886,0.24867190388402166,0.26178914363417527,0.07071759746377682,0.17,1xBet,2026-07-22T23:30:00Z,6.908476703301682,14dd36c5ce69b4888d0d03ce,LOST,,,2026-07-15 11:49:05,2026-07-23T08:37:11Z,0.0,0.0,3,2,3-2,the_odds_api_scores,e5f7bbee08fb7c01da63faaee4f83b38
9589,football,MLS,FC Cincinnati vs Vancouver Whitecaps FC,FC Cincinnati,Vancouver Whitecaps FC,h2h,Draw,4.4,0.2467834102403953,0.23443307057543955,0.24120668251340094,0.06130940305896426,0.14,Coolbet,2026-07-22T23:30:00Z,6.021941077121031,1fd87407e348ce26241dd8fe,LOST,,,2026-07-15 11:49:05,2026-07-23T08:37:11Z,0.0,0.0,4,3,4-3,the_odds_api_scores,144587319a3ab8cee3a02a28d815914e
9590,baseball,baseball_npb,Chunichi Dragons vs Hanshin Tigers,Chunichi Dragons,Hanshin Tigers,h2h,Hanshin Tigers,3.23,0.3097836668607639,0.3097836668607639,0.3313834234827882,0.07036845784940593,0.24,Pinnacle,2026-07-15T09:00:34Z,77.0,629d45652ce3830bd5abf871,OPEN,,,2026-07-15 11:58:33,,0.0,0.0,,,,,
9598,baseball,baseball_npb,Saitama Seibu Lions vs Chiba Lotte Marines,Saitama Seibu Lions,Chiba Lotte Marines,h2h,Saitama Seibu Lions,1.4,0.7593114349907827,0.7593114349907827,0.8146198049429028,0.14046772692006382,2.63,PMU (FR),2026-07-15T09:01:31Z,96.0,cf129abdb999a45a62971bfc,OPEN,,,2026-07-15 11:58:34,,0.0,0.0,,,,,
9599,basketball,basketball_wnba,Washington Mystics vs Portland Fire,Washington Mystics,Portland Fire,h2h,Portland Fire,2.6,0.4303938046442113,0.4303938046442113,0.4369719353010942,0.1361270317828449,0.64,888sport,2026-07-16T23:10:00Z,14.130858670717226,1e237a9f6e3c8644b70f8415,WON,,,2026-07-15 13:03:33,2026-07-18T13:48:41.714479+00:00,1.024,1.6,,,,,
9609,basketball,basketball_wnba,Indiana Fever vs Golden State Valkyries,Indiana Fever,Golden State Valkyries,h2h,Golden State Valkyries,2.18,0.4651140996397436,0.4651140996397436,0.4884923326844669,0.06491328525213791,0.41,Betfair,2026-07-16T00:10:00Z,6.176880597666757,0137d5574b3c73f502776c33,WON,,,2026-07-15 13:10:56,2026-07-18T13:48:41.714460+00:00,0.4838,1.18,,,,,
9610,baseball,baseball_npb,Hokkaido Nippon-Ham Fighters vs Fukuoka SoftBank Hawks,Hokkaido Nippon-Ham Fighters,Fukuoka SoftBank Hawks,h2h,Fukuoka SoftBank Hawks,2.41,0.41223954654423284,0.41223954654423284,0.44012445083905927,0.06069992652213285,0.32,Pinnacle,2026-07-16T04:00:00Z,76.0,83deb53e8f4f008b17256cde,OPEN,,,2026-07-15 13:25:16,,0.0,0.0,,,,,
9655,football,Liga MX,Querétaro vs América,Querétaro,América,h2h,Querétaro,3.8,0.30573072559533243,0.25981769595183474,0.2847261855161854,0.0819595049615045,0.22,Tipico,2026-07-19T03:10:00Z,8.060717312963968,0a4d5c6521d52e3322f0f7bb,LOST,,,2026-07-15 13:25:40,2026-07-19T08:25:56Z,0.0,0.0,0,1,0-1,the_odds_api_scores,c8e5989a3575c937d1e2dda00fa683ca
9656,hockey,icehockey_nhl,Carolina Hurricanes vs Florida Panthers,Carolina Hurricanes,Florida Panthers,h2h,Carolina Hurricanes,2.2,0.4620155951314993,0.4620155951314993,0.49337384813017704,0.08542246588638958,0.53,Winamax (DE),2026-09-29T21:10:00Z,8.542246588638957,8ba84120ed1cf53747c2cbbb,,,,2026-07-18 13:48:41,,0.0,0.0,,,,,
9657,hockey,icehockey_nhl,Carolina Hurricanes vs Florida Panthers,Carolina Hurricanes,Florida Panthers,h2h,Carolina Hurricanes,2.2,0.4620155951314993,0.4620155951314993,0.49694384813017706,0.0932764658863896,0.58,Unibet (FR),2026-09-29T21:10:00Z,9.32764658863896,3a15f4bcffa1545b402c306f,,,,2026-07-18 13:48:41,,0.0,0.0,,,,,
9658,hockey,icehockey_nhl,Carolina Hurricanes vs Florida Panthers,Carolina Hurricanes,Florida Panthers,h2h,Carolina Hurricanes,2.3,0.4620155951314993,0.4620155951314993,0.49661384813017706,0.14221185069940723,0.82,Betclic (FR),2026-09-29T21:10:00Z,14.221185069940724,47d4d533f9cd3a97a5e1119c,,,,2026-07-18 13:48:41,,0.0,0.0,,,,,
9659,hockey,icehockey_nhl,Toronto Maple Leafs vs Montréal Canadiens,Toronto Maple Leafs,Montréal Canadiens,h2h,Montréal Canadiens,2.47,0.43216810160777297,0.43216810160777297,0.4320576711254411,0.0671824476798395,0.34,Betclic (FR),2026-09-29T23:10:00Z,6.71824476798395,2f7fdb5fca3c93e5b68932ff,,,,2026-07-18 13:48:42,,0.0,0.0,,,,,
9660,hockey,icehockey_nhl,Toronto Maple Leafs vs Montréal Canadiens,Toronto Maple Leafs,Montréal Canadiens,h2h,Montréal Canadiens,2.52,0.43216810160777297,0.43216810160777297,0.4319076711254411,0.08840733123611155,0.44,1xBet,2026-09-29T23:10:00Z,8.840733123611155,b85e42e8f23fb9163990a167,,,,2026-07-18 13:48:42,,0.0,0.0,,,,,
9661,hockey,icehockey_nhl,Toronto Maple Leafs vs Montréal Canadiens,Toronto Maple Leafs,Montréal Canadiens,h2h,Toronto Maple Leafs,2.52,0.44324659935350713,0.44324659935350713,0.444372619547455,0.11981900125958656,0.59,1xBet,2026-09-29T23:10:00Z,11.981900125958656,c2702ba8b07a57e576df970d,,,,2026-07-18 13:48:42,,0.0,0.0,,,,,
9662,hockey,icehockey_nhl,Toronto Maple Leafs vs Montréal Canadiens,Toronto Maple Leafs,Montréal Canadiens,h2h,Montréal Canadiens,2.48,0.43216810160777297,0.43216810160777297,0.4334976711254411,0.07507422439109379,0.38,Marathon Bet,2026-09-29T23:10:00Z,7.507422439109379,b3fd78dccf78fcf89d5d42a1,,,,2026-07-18 13:48:42,,0.0,0.0,,,,,
9663,hockey,icehockey_nhl,Toronto Maple Leafs vs Montréal Canadiens,Toronto Maple Leafs,Montréal Canadiens,h2h,Toronto Maple Leafs,2.48,0.44324659935350713,0.44324659935350713,0.444702619547455,0.1028624964776883,0.52,Marathon Bet,2026-09-29T23:10:00Z,10.28624964776883,9997a582cbfc7304546b75a6,,,,2026-07-18 13:48:42,,0.0,0.0,,,,,
9664,hockey,icehockey_nhl,Boston Bruins vs New York Rangers,Boston Bruins,New York Rangers,h2h,New York Rangers,2.67,0.3999277204429197,0.3999277204429197,0.4010294043100438,0.07074850950781686,0.32,Betclic (FR),2026-09-30T00:10:00Z,7.074850950781686,4f424b8df2d3c81c59f51366,,,,2026-07-18 13:48:42,,0.0,0.0,,,,,
9665,hockey,icehockey_nhl,Boston Bruins vs New York Rangers,Boston Bruins,New York Rangers,h2h,Boston Bruins,2.28,0.4744385357579662,0.4744385357579662,0.4754469750305763,0.08401910306971394,0.49,1xBet,2026-09-30T00:10:00Z,8.401910306971395,abceb8c8f747ee99d66ce9a5,,,,2026-07-18 13:48:42,,0.0,0.0,,,,,
9666,hockey,icehockey_nhl,Boston Bruins vs New York Rangers,Boston Bruins,New York Rangers,h2h,New York Rangers,2.81,0.3999277204429197,0.3999277204429197,0.4018094043100438,0.12908442611122317,0.53,1xBet,2026-09-30T00:10:00Z,12.908442611122318,3dc75b83c449fac82668bae8,,,,2026-07-18 13:48:42,,0.0,0.0,,,,,
9667,hockey,icehockey_nhl,Boston Bruins vs New York Rangers,Boston Bruins,New York Rangers,h2h,Boston Bruins,2.25,0.4744385357579662,0.4744385357579662,0.4741269750305763,0.06678569381879673,0.4,Marathon Bet,2026-09-30T00:10:00Z,6.678569381879673,59bec39c9104718012efefc3,,,,2026-07-18 13:48:42,,0.0,0.0,,,,,
9668,hockey,icehockey_nhl,Boston Bruins vs New York Rangers,Boston Bruins,New York Rangers,h2h,New York Rangers,2.77,0.3999277204429197,0.3999277204429197,0.4012994043100438,0.11159934993882126,0.47,Marathon Bet,2026-09-30T00:10:00Z,11.159934993882125,9b98de0935c3787baa7594f6,,,,2026-07-18 13:48:42,,0.0,0.0,,,,,
9669,hockey,icehockey_nhl,Edmonton Oilers vs Vancouver Canucks,Edmonton Oilers,Vancouver Canucks,h2h,Vancouver Canucks,4.15,0.26694791388602446,0.26694791388602446,0.2669335397202171,0.10777418983890108,0.26,Betclic (FR),2026-09-30T02:10:00Z,10.777418983890108,ac46f19a299d1136f076bf10,,,,2026-07-18 13:48:42,,0.0,0.0,,,,,
9670,hockey,icehockey_nhl,Edmonton Oilers vs Vancouver Canucks,Edmonton Oilers,Vancouver Canucks,h2h,Edmonton Oilers,1.7,0.6218729724057639,0.6218729724057639,0.6239810806840347,0.06076783716285883,0.65,1xBet,2026-09-30T02:10:00Z,6.076783716285883,37019be112d7bae54a9bb572,,,,2026-07-18 13:48:42,,0.0,0.0,,,,,
9671,hockey,icehockey_nhl,Edmonton Oilers vs Vancouver Canucks,Edmonton Oilers,Vancouver Canucks,h2h,Vancouver Canucks,4.32,0.26694791388602446,0.26694791388602446,0.2674435397202171,0.15535609159133812,0.35,1xBet,2026-09-30T02:10:00Z,15.535609159133813,d27c128397413ab068a3ccbb,,,,2026-07-18 13:48:42,,0.0,0.0,,,,,
9672,hockey,icehockey_nhl,Edmonton Oilers vs Vancouver Canucks,Edmonton Oilers,Vancouver Canucks,h2h,Vancouver Canucks,4.25,0.26694791388602446,0.26694791388602446,0.26945353972021713,0.14517754381092285,0.34,Marathon Bet,2026-09-30T02:10:00Z,14.517754381092285,6ce0dcd3fcea367799f24908,,,,2026-07-18 13:48:42,,0.0,0.0,,,,,
9673,hockey,icehockey_nhl,Vegas Golden Knights vs Chicago Blackhawks,Vegas Golden Knights,Chicago Blackhawks,h2h,Chicago Blackhawks,3.8,0.2689702592308658,0.2689702592308658,0.30400211299973356,0.15520802939898748,0.42,Unibet (FR),2026-09-30T02:40:00Z,15.520802939898747,415db6966c86e7d58c0c7fad,,,,2026-07-18 13:48:42,,0.0,0.0,,,,,
9674,hockey,icehockey_nhl,Vegas Golden Knights vs Chicago Blackhawks,Vegas Golden Knights,Chicago Blackhawks,h2h,Draw,4.4,0.21186561162994302,0.21186561162994302,0.24572885967908764,0.08120698258798575,0.18,Betclic (FR),2026-09-30T02:40:00Z,8.120698258798576,da45feff49e7531cce67ccc1,,,,2026-07-18 13:48:42,,0.0,0.0,,,,,
9675,hockey,icehockey_nhl,Vegas Golden Knights vs Chicago Blackhawks,Vegas Golden Knights,Chicago Blackhawks,h2h,Chicago Blackhawks,3.55,0.2689702592308658,0.2689702592308658,0.3033721129997336,0.07697100114905431,0.23,Winamax (FR),2026-09-30T02:40:00Z,7.697100114905431,44f1a69da58c7e25aa4388a7,,,,2026-07-18 13:48:42,,0.0,0.0,,,,,
9676,hockey,icehockey_nhl,Vegas Golden Knights vs Chicago Blackhawks,Vegas Golden Knights,Chicago Blackhawks,h2h,Draw,4.4,0.21186561162994302,0.21186561162994302,0.24443885967908763,0.07553098258798574,0.17,Winamax (DE),2026-09-30T02:40:00Z,7.553098258798574,52fd4cc7de234171328e45df,,,,2026-07-18 13:48:42,,0.0,0.0,,,,,
9677,hockey,icehockey_nhl,Vegas Golden Knights vs Chicago Blackhawks,Vegas Golden Knights,Chicago Blackhawks,h2h,Draw,4.5,0.21186561162994302,0.21186561162994302,0.24746885967908763,0.11360986855589439,0.24,Marathon Bet,2026-09-30T02:40:00Z,11.360986855589438,55be81185a581b6d77dbe4c0,,,,2026-07-18 13:48:42,,0.0,0.0,,,,,
9678,hockey,icehockey_nhl,Philadelphia Flyers vs Pittsburgh Penguins,Philadelphia Flyers,Pittsburgh Penguins,h2h,Pittsburgh Penguins,2.82,0.38178512754663174,0.38178512754663174,0.38424958928264225,0.08358384177705114,0.34,1xBet,2026-09-30T23:40:00Z,8.358384177705114,9838404809d4c81119ad6af0,,,,2026-07-18 13:48:42,,0.0,0.0,,,,,
9679,hockey,icehockey_nhl,Colorado Avalanche vs Los Angeles Kings,Colorado Avalanche,Los Angeles Kings,h2h,Colorado Avalanche,2.01,0.52449018487729,0.52449018487729,0.527823129414103,0.06092449012234691,0.45,1xBet,2026-10-01T02:10:00Z,6.092449012234691,09761daace5505e7ee7a9186,,,,2026-07-18 13:48:43,,0.0,0.0,,,,,
9680,hockey,icehockey_nhl,Colorado Avalanche vs Los Angeles Kings,Colorado Avalanche,Los Angeles Kings,h2h,Los Angeles Kings,3.33,0.32863612552172544,0.32863612552172544,0.3269452878652078,0.08872780859114204,0.29,1xBet,2026-10-01T02:10:00Z,8.872780859114204,8fde8a4f1a94d698bf9dc069,,,,2026-07-18 13:48:43,,0.0,0.0,,,,,
9681,hockey,icehockey_nhl,Colorado Avalanche vs Los Angeles Kings,Colorado Avalanche,Los Angeles Kings,h2h,Los Angeles Kings,3.28,0.32863612552172544,0.32863612552172544,0.3282352878652078,0.07661174419788153,0.25,Marathon Bet,2026-10-01T02:10:00Z,7.661174419788153,c1774353b82ba06a249d68de,,,,2026-07-18 13:48:43,,0.0,0.0,,,,,
9682,hockey,icehockey_nhl,Columbus Blue Jackets vs Buffalo Sabres,Columbus Blue Jackets,Buffalo Sabres,h2h,Buffalo Sabres,2.52,0.42371953279032787,0.42371953279032787,0.4245536729532295,0.06987525584213827,0.34,1xBet,2026-10-01T23:10:00Z,6.987525584213827,f523855fe3a4efdb41ff8156,,,,2026-07-18 13:48:43,,0.0,0.0,,,,,
9683,hockey,icehockey_nhl,Columbus Blue Jackets vs Buffalo Sabres,Columbus Blue Jackets,Buffalo Sabres,h2h,Columbus Blue Jackets,2.52,0.42371953279032787,0.42371953279032787,0.4237736729532295,0.06790965584213837,0.34,1xBet,2026-10-01T23:10:00Z,6.790965584213837,c5561d0399d3eb975425c412,,,,2026-07-18 13:48:43,,0.0,0.0,,,,,
9684,hockey,icehockey_nhl,New Jersey Devils vs Philadelphia Flyers,New Jersey Devils,Philadelphia Flyers,h2h,New Jersey Devils,2.23,0.4754987876848161,0.4754987876848161,0.4767291513793713,0.06310600757599794,0.38,1xBet,2026-10-01T23:10:00Z,6.3106007575997936,6e409d45d740aeab8ac19ece,,,,2026-07-18 13:48:43,,0.0,0.0,,,,,
9685,hockey,icehockey_nhl,New Jersey Devils vs Philadelphia Flyers,New Jersey Devils,Philadelphia Flyers,h2h,Philadelphia Flyers,2.89,0.3749292994794453,0.3749292994794453,0.3727305096356117,0.0771911728469179,0.31,1xBet,2026-10-01T23:10:00Z,7.71911728469179,01ea22affe9222eefb3f1cea,,,,2026-07-18 13:48:43,,0.0,0.0,,,,,
9686,hockey,icehockey_nhl,New Jersey Devils vs Philadelphia Flyers,New Jersey Devils,Philadelphia Flyers,h2h,Philadelphia Flyers,2.85,0.3749292994794453,0.3749292994794453,0.3770505096356117,0.07459395246149336,0.3,Marathon Bet,2026-10-01T23:10:00Z,7.459395246149336,9fb890c605627cac42705c39,,,,2026-07-18 13:48:43,,0.0,0.0,,,,,
9687,hockey,icehockey_nhl,New York Rangers vs Tampa Bay Lightning,New York Rangers,Tampa Bay Lightning,h2h,New York Rangers,2.76,0.3906324284511339,0.3906324284511339,0.3932026999157937,0.08523945176759051,0.36,1xBet,2026-10-01T23:10:00Z,8.523945176759051,053dc0bc1a2a714b79df8abc,,,,2026-07-18 13:48:43,,0.0,0.0,,,,,
9688,hockey,icehockey_nhl,New York Rangers vs Tampa Bay Lightning,New York Rangers,Tampa Bay Lightning,h2h,New York Rangers,2.72,0.3906324284511339,0.3906324284511339,0.39140269991579374,0.06461534377095912,0.28,Marathon Bet,2026-10-01T23:10:00Z,6.461534377095912,be13675ebc1432504331de8b,,,,2026-07-18 13:48:43,,0.0,0.0,,,,,
9689,hockey,icehockey_nhl,Nashville Predators vs Minnesota Wild,Nashville Predators,Minnesota Wild,h2h,Minnesota Wild,2.27,0.46821475042023725,0.46821475042023725,0.46920032529416605,0.06508473841775686,0.38,1xBet,2026-10-02T00:10:00Z,6.508473841775686,b038ca3b1bdfe96efed811ee,,,,2026-07-18 13:48:43,,0.0,0.0,,,,,
9690,hockey,icehockey_nhl,Nashville Predators vs Minnesota Wild,Nashville Predators,Minnesota Wild,h2h,Nashville Predators,2.81,0.3826149383164795,0.3826149383164795,0.3826404568215357,0.07521968366851528,0.31,1xBet,2026-10-02T00:10:00Z,7.521968366851528,ae3eb786b9af6f6f41e4f967,,,,2026-07-18 13:48:43,,0.0,0.0,,,,,
9691,hockey,icehockey_nhl,Nashville Predators vs Minnesota Wild,Nashville Predators,Minnesota Wild,h2h,Nashville Predators,2.77,0.3826149383164795,0.3826149383164795,0.38273045682153567,0.0601633653956537,0.25,Marathon Bet,2026-10-02T00:10:00Z,6.01633653956537,c01ead9accfa7c2f335eb88b,,,,2026-07-18 13:48:43,,0.0,0.0,,,,,
9692,hockey,icehockey_nhl,Calgary Flames vs Seattle Kraken,Calgary Flames,Seattle Kraken,h2h,Calgary Flames,2.5,0.43119648234737556,0.43119648234737556,0.4306575376431629,0.07664384410790714,0.38,1xBet,2026-10-02T01:10:00Z,7.664384410790714,52c3351f489bc7b9c93b9a75,,,,2026-07-18 13:48:43,,0.0,0.0,,,,,
9693,hockey,icehockey_nhl,Calgary Flames vs Seattle Kraken,Calgary Flames,Seattle Kraken,h2h,Seattle Kraken,2.57,0.415573832824492,0.415573832824492,0.4195416829771444,0.07822212525126093,0.37,1xBet,2026-10-02T01:10:00Z,7.822212525126093,489a0e9f5355008813a2f5b5,,,,2026-07-18 13:48:43,,0.0,0.0,,,,,
9694,hockey,icehockey_nhl,Utah Mammoth vs Chicago Blackhawks,Utah Mammoth,Chicago Blackhawks,h2h,Chicago Blackhawks,3.73,0.2979668615399713,0.2979668615399713,0.2990268030779799,0.11536997548086503,0.32,1xBet,2026-10-02T01:10:00Z,11.536997548086504,4d77a70d5099899978d9342b,,,,2026-07-18 13:48:44,,0.0,0.0,,,,,
9695,hockey,icehockey_nhl,Utah Mammoth vs Chicago Blackhawks,Utah Mammoth,Chicago Blackhawks,h2h,Chicago Blackhawks,3.68,0.2979668615399713,0.2979668615399713,0.2966568030779799,0.09169703532696616,0.26,Marathon Bet,2026-10-02T01:10:00Z,9.169703532696616,b85d7ff9dab0233bd5654586,,,,2026-07-18 13:48:44,,0.0,0.0,,,,,
9696,hockey,icehockey_nhl,Vancouver Canucks vs Edmonton Oilers,Vancouver Canucks,Edmonton Oilers,h2h,Vancouver Canucks,3.53,0.31071653187861564,0.31071653187861564,0.311641572315031,0.10009475027205927,0.3,1xBet,2026-10-02T02:10:00Z,10.009475027205927,7daae2aa3184b83a011b53be,,,,2026-07-18 13:48:44,,0.0,0.0,,,,,
9697,hockey,icehockey_nhl,Vancouver Canucks vs Edmonton Oilers,Vancouver Canucks,Edmonton Oilers,h2h,Vancouver Canucks,3.48,0.31071653187861564,0.31071653187861564,0.31005157231503094,0.0789794716563077,0.24,Marathon Bet,2026-10-02T02:10:00Z,7.89794716563077,e579698c746e138eb12ce114,,,,2026-07-18 13:48:44,,0.0,0.0,,,,,
9698,hockey,icehockey_nhl,San Jose Sharks vs Florida Panthers,San Jose Sharks,Florida Panthers,h2h,Florida Panthers,2.26,0.46919414817673755,0.46919414817673755,0.4700359037237163,0.06228114241559868,0.37,1xBet,2026-10-02T02:10:00Z,6.228114241559868,2c2393a5306b6230fe9ec651,,,,2026-07-18 13:48:44,,0.0,0.0,,,,,
9699,hockey,icehockey_nhl,San Jose Sharks vs Florida Panthers,San Jose Sharks,Florida Panthers,h2h,San Jose Sharks,2.8,0.3834561773429437,0.3834561773429437,0.38295932414006056,0.07228610759216947,0.3,1xBet,2026-10-02T02:10:00Z,7.228610759216947,68cc45e3228bf660d78a2788,,,,2026-07-18 13:48:44,,0.0,0.0,,,,,
9700,hockey,icehockey_nhl,Detroit Red Wings vs New York Rangers,Detroit Red Wings,New York Rangers,h2h,Detroit Red Wings,2.27,0.4735641195660668,0.4735641195660668,0.47177488369624676,0.07092898599048025,0.42,1xBet,2026-10-02T22:40:00Z,7.092898599048025,b807cf6b40d2696ba80083d8,,,,2026-07-18 13:48:44,,0.0,0.0,,,,,
9701,hockey,icehockey_nhl,Detroit Red Wings vs New York Rangers,Detroit Red Wings,New York Rangers,h2h,New York Rangers,2.82,0.3773062954988424,0.3773062954988424,0.3781444068491897,0.0663672273147149,0.27,1xBet,2026-10-02T22:40:00Z,6.636722731471489,ba6db3f2250e98a06a7cc260,,,,2026-07-18 13:48:44,,0.0,0.0,,,,,
9702,hockey,icehockey_nhl,Detroit Red Wings vs New York Rangers,Detroit Red Wings,New York Rangers,h2h,Detroit Red Wings,2.24,0.4735641195660668,0.4735641195660668,0.4747448836962468,0.06342853947959282,0.38,Marathon Bet,2026-10-02T22:40:00Z,6.342853947959282,18f1c9cdaed6306462e3004b,,,,2026-07-18 13:48:44,,0.0,0.0,,,,,
9703,hockey,icehockey_nhl,Dallas Stars vs St Louis Blues,Dallas Stars,St Louis Blues,h2h,St Louis Blues,3.81,0.2854877508992175,0.2854877508992175,0.2835414256294523,0.08029283164821321,0.21,1xBet,2026-10-03T01:10:00Z,8.029283164821322,e3fd693f7cb1e9bf055a5836,,,,2026-07-18 13:48:44,,0.0,0.0,,,,,
9704,hockey,icehockey_nhl,Dallas Stars vs St Louis Blues,Dallas Stars,St Louis Blues,h2h,St Louis Blues,3.75,0.2854877508992175,0.2854877508992175,0.28618142562945226,0.07318034611044588,0.2,Marathon Bet,2026-10-03T01:10:00Z,7.318034611044588,fab390dbb86ba35ccb797d68,,,,2026-07-18 13:48:44,,0.0,0.0,,,,,
9705,baseball,baseball_mlb,Cleveland Guardians vs Pittsburgh Pirates,Cleveland Guardians,Pittsburgh Pirates,h2h,Cleveland Guardians,1.8,0.5318831044201563,0.5318831044201563,0.6416699896358021,0.15500598134444377,1.45,Winamax (DE),2026-07-18T17:11:00Z,95.0,6d5b69b51f26372bde41dcb5,LOST,,,2026-07-18 13:48:54,2026-07-19T08:25:27.835531+00:00,-1.45,-1.0,,,,,
9722,baseball,baseball_mlb,Chicago Cubs vs Minnesota Twins,Chicago Cubs,Minnesota Twins,h2h,Chicago Cubs,1.74,0.5653893749432036,0.5653893749432036,0.6504029880197045,0.1317011991542858,1.33,BetOnline.ag,2026-07-18T18:21:00Z,95.0,4d172a4f9f7621c30768f321,LOST,,,2026-07-18 13:48:54,2026-07-19T08:25:27.835564+00:00,-1.33,-1.0,,,,,
9723,baseball,baseball_mlb,Chicago Cubs vs Minnesota Twins,Chicago Cubs,Minnesota Twins,h2h,Minnesota Twins,2.22,0.4346106250567963,0.4346106250567963,0.4813770119802956,0.0686569665962562,0.42,BetOnline.ag,2026-07-18T18:21:00Z,85.0,c321a1d27ac65105ff7f839c,WON,,,2026-07-18 13:48:54,2026-07-19T08:25:27.835584+00:00,0.5124,1.22,,,,,
9758,baseball,baseball_mlb,Toronto Blue Jays vs Chicago White Sox,Toronto Blue Jays,Chicago White Sox,h2h,Chicago White Sox,1.89,0.507910716359272,0.507910716359272,0.5647734590786125,0.06742183765857757,0.57,BetOnline.ag,2026-07-18T19:08:00Z,86.0,68190df218c394500b06723a,WON,,,2026-07-18 13:48:55,2026-07-19T08:25:27.835600+00:00,0.5073,0.89,,,,,
9759,baseball,baseball_mlb,Toronto Blue Jays vs Chicago White Sox,Toronto Blue Jays,Chicago White Sox,h2h,Toronto Blue Jays,2.02,0.49208928364072807,0.49208928364072807,0.5670665409213876,0.1454744126612031,1.07,BetOnline.ag,2026-07-18T19:08:00Z,94.0,b7111a323ad244794bddbb06,LOST,,,2026-07-18 13:48:55,2026-07-19T08:25:27.835615+00:00,-1.07,-1.0,,,,,
9790,baseball,baseball_mlb,Colorado Rockies vs Cincinnati Reds,Colorado Rockies,Cincinnati Reds,h2h,Cincinnati Reds,1.85,0.5074724900088694,0.5074724900088694,0.6114101226913758,0.1311087269790454,1.16,888sport,2026-07-18T19:11:00Z,94.0,0d41290a6f59c3cb0f91e7d5,WON,,,2026-07-18 13:48:55,2026-07-19T08:25:27.835637+00:00,0.986,0.85,,,,,
9806,baseball,baseball_mlb,Philadelphia Phillies vs New York Mets,Philadelphia Phillies,New York Mets,h2h,New York Mets,2.47,0.3965091799894295,0.3965091799894295,0.4334835787310007,0.07070443946557181,0.36,BetOnline.ag,2026-07-18T20:06:00Z,87.0,8440c0f2869aa9d1873bb029,WON,,,2026-07-18 13:48:56,2026-07-19T08:25:27.835645+00:00,0.5292,1.47,,,,,
9807,baseball,baseball_mlb,Philadelphia Phillies vs New York Mets,Philadelphia Phillies,New York Mets,h2h,Philadelphia Phillies,1.61,0.6034908200105704,0.6034908200105704,0.6974564212689994,0.12290483824308907,1.51,BetOnline.ag,2026-07-18T20:06:00Z,95.0,6ea09e75dd451b2fa648e4c7,LOST,,,2026-07-18 13:48:56,2026-07-19T08:25:27.835652+00:00,-1.51,-1.0,,,,,
9835,baseball,baseball_mlb,Arizona Diamondbacks vs St. Louis Cardinals,Arizona Diamondbacks,St. Louis Cardinals,h2h,Arizona Diamondbacks,1.79,0.5233421565633022,0.5233421565633022,0.6041453035575447,0.08142009336800493,0.77,Unibet (FR),2026-07-18T20:11:00Z,92.0,9a31c7c4de7247e4d00cd66f,LOST,,,2026-07-18 13:48:57,2026-07-19T08:25:27.835676+00:00,-0.77,-1.0,,,,,
9842,baseball,baseball_mlb,Arizona Diamondbacks vs St. Louis Cardinals,Arizona Diamondbacks,St. Louis Cardinals,h2h,St. Louis Cardinals,2.05,0.47665784343669776,0.47665784343669776,0.5281746964424553,0.08275812770703328,0.59,1xBet,2026-07-18T20:11:00Z,90.0,a5620790ffa6f2591180f039,WON,,,2026-07-18 13:48:58,2026-07-19T08:25:27.835699+00:00,0.6195,1.05,,,,,
9869,baseball,baseball_mlb,Atlanta Braves vs Texas Rangers,Atlanta Braves,Texas Rangers,h2h,Texas Rangers,2.0,0.4873682029852441,0.4873682029852441,0.5874013976025292,0.17480279520505837,1.31,BetOnline.ag,2026-07-18T20:11:00Z,95.0,d37305c2d07ebf457f475ad8,LOST,,,2026-07-18 13:48:59,2026-07-19T08:25:27.835712+00:00,-1.31,-1.0,,,,,
9888,baseball,baseball_mlb,Houston Astros vs Baltimore Orioles,Houston Astros,Baltimore Orioles,h2h,Baltimore Orioles,1.93,0.5002555287630334,0.5002555287630334,0.6059484977193387,0.1694806005983236,1.37,BetOnline.ag,2026-07-18T20:11:00Z,95.0,98c5a9e152f85ff1c6b7f5fc,WON,,,2026-07-18 13:49:00,2026-07-19T08:25:27.835735+00:00,1.2741,0.93,,,,,
9909,baseball,baseball_mlb,Boston Red Sox vs Tampa Bay Rays,Boston Red Sox,Tampa Bay Rays,h2h,Boston Red Sox,1.91,0.5148943582007323,0.5148943582007323,0.5586090605979792,0.06694330574214025,0.55,BetOnline.ag,2026-07-18T20:11:00Z,86.0,8b856daf19756101bc30d328,WON,,,2026-07-18 13:49:00,2026-07-19T08:25:27.835744+00:00,0.5005,0.91,,,,,
9910,baseball,baseball_mlb,Boston Red Sox vs Tampa Bay Rays,Boston Red Sox,Tampa Bay Rays,h2h,Tampa Bay Rays,2.0,0.4851056417992677,0.4851056417992677,0.5739809394020208,0.14796187880404155,1.11,BetOnline.ag,2026-07-18T20:11:00Z,94.0,5c10a855d3b81736aaa1f735,LOST,,,2026-07-18 13:49:00,2026-07-19T08:25:27.835753+00:00,-1.11,-1.0,,,,,
9938,baseball,baseball_mlb,Kansas City Royals vs San Diego Padres,Kansas City Royals,San Diego Padres,h2h,Kansas City Royals,1.91,0.4922167514135554,0.4922167514135554,0.5709536949125716,0.09052155728301181,0.75,888sport,2026-07-18T20:11:00Z,92.0,625079b8a9847672674219be,WON,,,2026-07-18 13:49:01,2026-07-19T08:25:27.835772+00:00,0.6825,0.91,,,,,
9942,baseball,baseball_mlb,Kansas City Royals vs San Diego Padres,Kansas City Royals,San Diego Padres,h2h,San Diego Padres,1.9,0.5077832485864447,0.5077832485864447,0.5595363050874287,0.06311897966611446,0.53,MyBookie.ag,2026-07-18T20:11:00Z,83.0,9f449f9b01f452de3898805d,LOST,,,2026-07-18 13:49:01,2026-07-19T08:25:27.835791+00:00,-0.53,-1.0,,,,,
9971,baseball,baseball_mlb,Milwaukee Brewers vs Miami Marlins,Milwaukee Brewers,Miami Marlins,h2h,Milwaukee Brewers,1.72,0.5587479989806065,0.5587479989806065,0.6735313141298236,0.15847386030329647,1.65,BetOnline.ag,2026-07-18T20:11:00Z,96.0,b0d874434a39ceeab11bcf22,WON,,,2026-07-18 13:49:01,2026-07-19T08:25:27.835806+00:00,1.188,0.72,,,,,
9993,baseball,baseball_mlb,Cleveland Guardians vs Pittsburgh Pirates,Cleveland Guardians,Pittsburgh Pirates,h2h,Cleveland Guardians,1.91,0.4997398234884556,0.4997398234884556,0.6071696372129998,0.15969400707682957,1.32,888sport,2026-07-18T23:10:00Z,94.0,93290e20b775bb48cf4201ec,LOST,,,2026-07-18 13:49:02,2026-07-19T08:25:27.835833+00:00,-1.32,-1.0,,,,,
10007,baseball,baseball_mlb,New York Yankees vs Los Angeles Dodgers,New York Yankees,Los Angeles Dodgers,h2h,New York Yankees,1.91,0.4886996922653423,0.4886996922653423,0.5930986640878586,0.13281844840780987,1.09,888sport,2026-07-19T00:09:00Z,94.0,80ac9a698987374f3f205377,LOST,,,2026-07-18 13:49:02,2026-07-19T08:25:27.835843+00:00,-1.09,-1.0,,,,,
10022,baseball,baseball_mlb,Seattle Mariners vs San Francisco Giants,Seattle Mariners,San Francisco Giants,h2h,San Francisco Giants,2.15,0.4401072756063943,0.4401072756063943,0.5376592103942776,0.15596730234769662,1.02,888sport,2026-07-19T00:09:00Z,95.0,c06e6ecc4101b1ec961dbd95,WON,,,2026-07-18 13:49:02,2026-07-19T08:25:27.835869+00:00,1.173,1.15,,,,,
10037,baseball,baseball_mlb,Athletics vs Washington Nationals,Athletics,Washington Nationals,h2h,Athletics,1.84,0.5307085176448898,0.5307085176448898,0.6026610528928594,0.1088963373228613,0.97,BetOnline.ag,2026-07-19T02:06:00Z,93.0,1e5906be2efaec3af0e97c6b,LOST,,,2026-07-18 13:49:03,2026-07-19T08:25:27.835896+00:00,-0.97,-1.0,,,,,
10038,baseball,baseball_mlb,Athletics vs Washington Nationals,Athletics,Washington Nationals,h2h,Washington Nationals,2.08,0.4692914823551102,0.4692914823551102,0.5291189471071406,0.10056740998285241,0.7,BetOnline.ag,2026-07-19T02:06:00Z,92.0,9e2a243cfd68e66487451549,WON,,,2026-07-18 13:49:03,2026-07-19T08:25:27.835922+00:00,0.756,1.08,,,,,
10076,baseball,baseball_mlb,Los Angeles Angels vs Detroit Tigers,Los Angeles Angels,Detroit Tigers,h2h,Detroit Tigers,1.53,0.6334053815421777,0.6334053815421777,0.7089556657594478,0.08470216861195512,1.2,BetOnline.ag,2026-07-19T02:08:00Z,93.0,59e6c83875507707daaf934f,WON,,,2026-07-18 13:49:04,2026-07-19T08:25:27.835946+00:00,0.636,0.53,,,,,
10077,baseball,baseball_mlb,Los Angeles Angels vs Detroit Tigers,Los Angeles Angels,Detroit Tigers,h2h,Los Angeles Angels,2.69,0.3665946184578224,0.3665946184578224,0.42027433424055244,0.1305379591070861,0.58,BetOnline.ag,2026-07-19T02:08:00Z,92.0,4c2596c642fe38dc91e56bee,LOST,,,2026-07-18 13:49:04,2026-07-19T08:25:27.835969+00:00,-0.58,-1.0,,,,,
10114,baseball,baseball_npb,Chiba Lotte Marines vs Fukuoka SoftBank Hawks,Chiba Lotte Marines,Fukuoka SoftBank Hawks,h2h,Chiba Lotte Marines,2.27,0.43660934877550533,0.43660934877550533,0.47067919855713913,0.06844178072470575,0.4,Pinnacle,2026-07-19T09:00:00Z,79.0,584120e8c6ab476aaf9644de,OPEN,,,2026-07-18 13:49:11,,0.0,0.0,,,,,
10115,baseball,baseball_kbo,Hanwha Eagles vs Kiwoom Heroes,Hanwha Eagles,Kiwoom Heroes,h2h,Kiwoom Heroes,4.14,0.25075619392972326,0.25075619392972326,0.26679226932588695,0.10451999500917197,0.25,1xBet,2026-07-19T09:00:00Z,88.0,ace0b99d71a9f45dc4dd3445,OPEN,,,2026-07-18 13:49:13,,0.0,0.0,,,,,
10116,baseball,baseball_kbo,Samsung Lions vs Lotte Giants,Samsung Lions,Lotte Giants,h2h,Lotte Giants,3.23,0.3179796696809481,0.3179796696809481,0.33916434565433007,0.09550083646348617,0.32,1xBet,2026-07-19T09:00:00Z,86.0,82ea422e6ca5d5e4d300235a,OPEN,,,2026-07-18 13:49:13,,0.0,0.0,,,,,
10117,football,La Liga,Espanyol vs Levante,Espanyol,Levante,h2h,Levante,4.1,0.2727586580677155,0.2478357653594758,0.2614161908659379,0.07180638255034544,0.17,Betfair,2026-08-16T17:00:00Z,6.797326809182983,caf6e2be8752be8390fd0715,LOST,,,2026-07-18 13:49:16,2026-08-17T00:29:43Z,0.0,0.0,3,0,3-0,the_odds_api_scores,4e24891d0ee382bfda6305eabbc54754
10118,football,La Liga,Celta Vigo vs CA Osasuna,Celta Vigo,CA Osasuna,h2h,CA Osasuna,4.0,0.2778740985121873,0.2553000341064504,0.26760063018516017,0.07040252074064068,0.18,Betfair,2026-08-16T19:30:00Z,6.664434618035436,8880fa446756635ff8db5f8e,OPEN,,,2026-07-18 13:49:16,,0.0,0.0,,,,,
10119,football,Bundesliga,Augsburg vs FC Schalke 04,Augsburg,FC Schalke 04,h2h,Draw,4.0,0.26733158773925403,0.2652469460572731,0.2663907390937235,0.06556295637489407,0.16,Coolbet,2026-08-29T13:30:00Z,6.43973420768352,7564eb1b8bec10a4e3de66bf,OPEN,,,2026-07-18 13:49:17,,0.0,0.0,,,,,
10120,football,Bundesliga,SC Freiburg vs Werder Bremen,SC Freiburg,Werder Bremen,h2h,Draw,3.85,0.2756871715796526,0.2778616749811945,0.27666873514143075,0.06517463029450843,0.17,Coolbet,2026-08-29T13:30:00Z,6.4015919871086,971834fb773b5c2eb585cdab,OPEN,,,2026-07-18 13:49:17,,0.0,0.0,,,,,
10121,football,Serie A,Bologna vs Lazio,Bologna,Lazio,h2h,Lazio,3.85,0.286036016201657,0.26376979217336627,0.27592323489598064,0.06230445434952547,0.16,Betfair,2026-08-24T16:30:00Z,5.897856469577987,96395c9ae12d8fa6b1c9b522,OPEN,,,2026-07-18 13:49:18,,0.0,0.0,,,,,
10133,football,Allsvenskan,AIK vs GAIS,AIK,GAIS,h2h,AIK,3.6,0.31354032695345846,0.2846893402305276,0.3004824790247136,0.08173692448896897,0.24,Betfair,2026-07-18T13:01:00Z,7.677019038734118,f9a36727781df137d64d572f,WON,,,2026-07-18 13:49:25,2026-07-18T20:22:45Z,0.0,0.0,2,0,2-0,the_odds_api_scores,3677975d7ff037fbf66e554f374b7ec0
10141,football,MLS,Philadelphia Union vs New York Red Bulls,Philadelphia Union,New York Red Bulls,h2h,New York Red Bulls,4.5,0.26227122816400794,0.23411709366138952,0.24942506520075214,0.12241279340338451,0.26,LeoVegas (SE),2026-07-22T23:30:00Z,12.039298231222867,c7bb662c7408f8ea47e90f52,LOST,,,2026-07-18 13:49:29,2026-07-23T08:37:11Z,0.0,0.0,3,1,3-1,the_odds_api_scores,b453ea14d7c033045b51018b59635d39
10142,football,MLS,Charlotte FC vs Atlanta United FC,Charlotte FC,Atlanta United FC,h2h,Atlanta United FC,4.5,0.25551359684039887,0.2243984159434958,0.24133069924168116,0.08598814658756515,0.18,LeoVegas (SE),2026-07-23T00:15:00Z,8.456934216887033,45f672374fed596d0bde4e3e,LOST,,,2026-07-18 13:49:29,2026-07-23T08:37:11Z,0.0,0.0,2,2,2-2,the_odds_api_scores,67b300e5936d7a5b4743101895dca07d
10143,football,MLS,Austin FC vs Seattle Sounders FC,Austin FC,Seattle Sounders FC,h2h,Austin FC,3.64,0.3159155897865224,0.27599228032036616,0.2977237577661538,0.08371447826879974,0.24,1xBet,2026-07-23T00:30:00Z,8.17815570085362,ebb92e2a1fc9e7b06b48eb9b,WON,,,2026-07-18 13:49:29,2026-07-23T08:37:11Z,0.0,0.0,3,1,3-1,the_odds_api_scores,fe8b159820312a859ce06a8c062fb6d4
10145,football,MLS,LA Galaxy vs St. Louis City SC,LA Galaxy,St. Louis City SC,h2h,St. Louis City SC,3.75,0.2898764880520162,0.2743743451600093,0.28280680413709824,0.060525515514118444,0.17,LeoVegas (SE),2026-07-23T02:30:00Z,5.95268445081355,a9d1d7a96cd19b2316c46f3e,WON,,,2026-07-18 13:49:29,2026-07-23T08:37:11Z,0.0,0.0,1,3,1-3,the_odds_api_scores,9e3e4c1bff938b8f5076f9aa9cf1dbcf
10148,football,Brazil Serie A,Atletico Paranaense vs Internacional,Atletico Paranaense,Internacional,h2h,Internacional,4.3,0.2662436128539174,0.2335445914336013,0.251375165684637,0.08091321244393912,0.18,Unibet (SE),2026-07-25T21:30:00Z,7.926778967530354,42d50c9f1038e8963d78431b,LOST,,,2026-07-18 13:49:30,2026-07-26T06:57:31Z,0.0,0.0,2,0,2-0,the_odds_api_scores,7cd00c0a66e3927513670c87e3389471
10149,football,Brazil Serie A,Cruzeiro vs Botafogo,Cruzeiro,Botafogo,h2h,Botafogo,4.37,0.26052540271256686,0.224965151683499,0.24433898660672054,0.06776137147136874,0.15,1xBet,2026-07-26T19:00:00Z,6.6196798672849155,939905fee52c5140c80b6cdf,WON,,,2026-07-18 13:49:30,2026-07-27T05:54:12Z,0.0,0.0,0,1,0-1,the_odds_api_scores,6fa9d933a99ec76e420b435e1c7ae86b
10157,football,FIFA World Cup,France vs England,France,England,h2h,England,4.0,0.28204484391747,0.25041366778885477,0.2677491281602667,0.07099651264106677,0.18,Betclic (FR),2026-07-18T21:00:00Z,7.009052066054842,c524a0900078016941bc7a48,WON,,,2026-07-18 13:49:35,2026-07-18T23:08:08Z,0.0,0.0,4,6,4-6,the_odds_api_scores,7a49e7985534a5ff3428740d0b630fd7
10158,football,FIFA World Cup,Spain vs Argentina,Spain,Argentina,h2h,Argentina,3.8,0.29163130345009547,0.26678922154762014,0.280390969740551,0.06548568501409369,0.18,Betfair,2026-07-19T19:00:00Z,6.202097227958057,a8546a5b0ace27a2c7311176,LOST,,,2026-07-18 13:49:35,2026-07-20T03:38:40Z,0.0,0.0,1,0,1-0,the_odds_api_scores,fb30113e43d113f1ace48b8563ba1ee9
10159,basketball,basketball_wnba,Dallas Wings vs New York Liberty,Dallas Wings,New York Liberty,h2h,Dallas Wings,2.21,0.45536316294663287,0.45536316294663287,0.4870731196702097,0.07643159447116354,0.47,1xBet,2026-07-21T00:00:00Z,7.645186932163337,a51d1d98d291e11a7ce23973,LOST,,,2026-07-19 08:25:28,2026-07-21T08:35:37.273333+00:00,-0.47,-1.0,,,,,
10160,basketball,basketball_wnba,Golden State Valkyries vs Washington Mystics,Golden State Valkyries,Washington Mystics,h2h,Golden State Valkyries,1.33,0.7744912091559341,0.7744912091559341,0.8140520021600433,0.08268916287285766,1.88,1xBet,2026-07-21T02:00:00Z,8.271109765551293,98e1a7815573a0743a9111e5,WON,,,2026-07-19 08:25:28,2026-07-19T15:07:17.817196+00:00,0.6204,0.33,,,,,
10164,hockey,icehockey_nhl,Carolina Hurricanes vs Florida Panthers,Carolina Hurricanes,Florida Panthers,h2h,Carolina Hurricanes,2.2,0.4619437446027396,0.4619437446027396,0.49683355276004526,0.0930338160720996,0.58,Betclic (FR),2026-09-29T21:10:00Z,9.30338160720996,211320599e577e71c5d2f4cf,,,,2026-07-19 08:25:29,,0.0,0.0,,,,,
10166,hockey,icehockey_nhl,Toronto Maple Leafs vs Montréal Canadiens,Toronto Maple Leafs,Montréal Canadiens,h2h,Toronto Maple Leafs,2.51,0.4434420176983737,0.4434420176983737,0.4448694123888616,0.11662222509604248,0.58,1xBet,2026-09-29T23:10:00Z,11.662222509604248,9c06343dc252780e26a45ba3,,,,2026-07-19 08:25:29,,0.0,0.0,,,,,
10168,hockey,icehockey_nhl,Toronto Maple Leafs vs Montréal Canadiens,Toronto Maple Leafs,Montréal Canadiens,h2h,Toronto Maple Leafs,2.47,0.4434420176983737,0.4434420176983737,0.4451694123888616,0.09956844860048819,0.51,Marathon Bet,2026-09-29T23:10:00Z,9.956844860048818,334abc82c8d71bac22317272,,,,2026-07-19 08:25:29,,0.0,0.0,,,,,
10173,hockey,icehockey_nhl,Edmonton Oilers vs Vancouver Canucks,Edmonton Oilers,Vancouver Canucks,h2h,Vancouver Canucks,4.36,0.26692150062690573,0.26692150062690573,0.267515050438834,0.16636561991331633,0.37,1xBet,2026-09-30T02:10:00Z,16.636561991331632,24cc08c3295aaaadaf1683fa,,,,2026-07-19 08:25:29,,0.0,0.0,,,,,
10174,hockey,icehockey_nhl,Edmonton Oilers vs Vancouver Canucks,Edmonton Oilers,Vancouver Canucks,h2h,Vancouver Canucks,4.3,0.26692150062690573,0.26692150062690573,0.263795050438834,0.13431871688698616,0.31,Marathon Bet,2026-09-30T02:10:00Z,13.431871688698616,9f08fa572b402c62b462f434,,,,2026-07-19 08:25:30,,0.0,0.0,,,,,
10176,hockey,icehockey_nhl,Vegas Golden Knights vs Chicago Blackhawks,Vegas Golden Knights,Chicago Blackhawks,h2h,Chicago Blackhawks,3.83,0.2698618382398494,0.2698618382398494,0.30342621830602207,0.16212241611206446,0.43,Betclic (FR),2026-09-30T02:40:00Z,16.212241611206444,ddf7e6e4a7c6d3a5020fead6,,,,2026-07-19 08:25:30,,0.0,0.0,,,,,
10178,hockey,icehockey_nhl,Vegas Golden Knights vs Chicago Blackhawks,Vegas Golden Knights,Chicago Blackhawks,h2h,Chicago Blackhawks,3.9,0.2698618382398494,0.2698618382398494,0.3018962183060221,0.17739525139348622,0.46,Winamax (DE),2026-09-30T02:40:00Z,17.739525139348622,44d7212480d466324af86ef4,,,,2026-07-19 08:25:30,,0.0,0.0,,,,,
10180,hockey,icehockey_nhl,Philadelphia Flyers vs Pittsburgh Penguins,Philadelphia Flyers,Pittsburgh Penguins,h2h,Philadelphia Flyers,2.27,0.4678001298036507,0.4678001298036507,0.4686100908625555,0.06374490625800111,0.38,1xBet,2026-09-30T23:40:00Z,6.374490625800111,24ecece519866b0743e3f141,,,,2026-07-19 08:25:30,,0.0,0.0,,,,,
10182,hockey,icehockey_nhl,Philadelphia Flyers vs Pittsburgh Penguins,Philadelphia Flyers,Pittsburgh Penguins,h2h,Pittsburgh Penguins,2.78,0.3819096822640493,0.3819096822640493,0.38289677758483454,0.06445304168583998,0.27,Marathon Bet,2026-09-30T23:40:00Z,6.4453041685839985,8d8be974c63d7aba5100d400,,,,2026-07-19 08:25:30,,0.0,0.0,,,,,
10201,hockey,icehockey_nhl,San Jose Sharks vs Florida Panthers,San Jose Sharks,Florida Panthers,h2h,San Jose Sharks,2.76,0.3835607901342849,0.3835607901342849,0.38483255309399944,0.062137846539438435,0.26,Marathon Bet,2026-10-02T02:10:00Z,6.2137846539438435,f5fd617ca529fed6209d80d9,,,,2026-07-19 08:25:32,,0.0,0.0,,,,,
10206,baseball,baseball_mlb,Toronto Blue Jays vs Chicago White Sox,Toronto Blue Jays,Chicago White Sox,h2h,Chicago White Sox,1.92,0.5112777091760645,0.5112777091760645,0.5826048036039642,0.11860122291961117,0.97,BetOnline.ag,2026-07-19T16:16:00Z,93.0,533d9e8d9d75ac81ed43d1c0,WON,,,2026-07-19 08:25:32,2026-07-19T15:07:17.858751+00:00,0.8924,0.92,,,,,
10207,baseball,baseball_mlb,Toronto Blue Jays vs Chicago White Sox,Toronto Blue Jays,Chicago White Sox,h2h,Toronto Blue Jays,1.99,0.4887222908239354,0.4887222908239354,0.5480051963960358,0.09053034082811129,0.69,BetOnline.ag,2026-07-19T16:16:00Z,92.0,e8d54a0a38c8eeb4fc3b9f41,LOST,,,2026-07-19 08:25:32,2026-07-19T15:07:17.858777+00:00,-0.69,-1.0,,,,,
10245,baseball,baseball_mlb,New York Yankees vs Los Angeles Dodgers,New York Yankees,Los Angeles Dodgers,h2h,New York Yankees,1.98,0.4884124667097806,0.4884124667097806,0.5938498073158536,0.17582261848539016,1.35,MyBookie.ag,2026-07-19T16:36:00Z,95.0,f33d2c6921b7a78a168ce6f2,LOST,,,2026-07-19 08:25:33,2026-07-19T15:07:17.858790+00:00,-1.35,-1.0,,,,,
10262,baseball,baseball_mlb,Atlanta Braves vs Texas Rangers,Atlanta Braves,Texas Rangers,h2h,Texas Rangers,1.8,0.5217086629230835,0.5217086629230835,0.6290989240868363,0.13237806335630542,1.24,888sport,2026-07-19T17:36:00Z,94.0,2e4095a7a293ef95e7fb01f5,LOST,,,2026-07-19 08:25:33,2026-07-19T15:07:17.858803+00:00,-1.24,-1.0,,,,,
10281,baseball,baseball_mlb,Atlanta Braves vs Texas Rangers,Atlanta Braves,Texas Rangers,h2h,Atlanta Braves,2.1,0.47829133707691657,0.47829133707691657,0.5055610759131639,0.061678259417644155,0.42,Everygame,2026-07-19T17:36:00Z,84.0,6334061791006eca9e53daaa,WON,,,2026-07-19 08:25:34,2026-07-19T15:07:17.858817+00:00,0.462,1.1,,,,,
10283,baseball,baseball_mlb,Boston Red Sox vs Tampa Bay Rays,Boston Red Sox,Tampa Bay Rays,h2h,Boston Red Sox,1.81,0.534590562378245,0.534590562378245,0.5962104511047857,0.07914091649966215,0.73,BetOnline.ag,2026-07-19T17:36:00Z,91.0,7bbee2c20769bffc244589c4,WON,,,2026-07-19 08:25:34,2026-07-19T15:07:17.858826+00:00,0.5913,0.81,,,,,
10284,baseball,baseball_mlb,Boston Red Sox vs Tampa Bay Rays,Boston Red Sox,Tampa Bay Rays,h2h,Tampa Bay Rays,2.12,0.465409437621755,0.465409437621755,0.5326595488952146,0.12923824365785497,0.87,BetOnline.ag,2026-07-19T17:36:00Z,93.0,62a566db7218e7ec0c7fce9d,LOST,,,2026-07-19 08:25:34,2026-07-19T15:07:17.858835+00:00,-0.87,-1.0,,,,,
10321,baseball,baseball_mlb,Philadelphia Phillies vs New York Mets,Philadelphia Phillies,New York Mets,h2h,New York Mets,1.8,0.5427230639852071,0.5427230639852071,0.6158204572782761,0.10847682310089701,1.02,BetOnline.ag,2026-07-19T17:36:00Z,94.0,3f90bf3620615a91f52d3a53,WON,,,2026-07-19 08:25:34,2026-07-19T15:07:17.858843+00:00,0.816,0.8,,,,,
10322,baseball,baseball_mlb,Philadelphia Phillies vs New York Mets,Philadelphia Phillies,New York Mets,h2h,Philadelphia Phillies,2.13,0.4572769360147928,0.4572769360147928,0.5161095427217239,0.09931332599727183,0.66,BetOnline.ag,2026-07-19T17:36:00Z,92.0,c6df7dd881e0819bf983dd91,LOST,,,2026-07-19 08:25:34,2026-07-19T15:07:17.858851+00:00,-0.66,-1.0,,,,,
10361,baseball,baseball_mlb,Cleveland Guardians vs Pittsburgh Pirates,Cleveland Guardians,Pittsburgh Pirates,h2h,Cleveland Guardians,2.13,0.4635129217133312,0.4635129217133312,0.5533565175748685,0.1786493824344697,1.19,BetOnline.ag,2026-07-19T17:41:00Z,94.0,5713fcb21e10f2b7e255449a,LOST,,,2026-07-19 08:25:35,2026-07-19T15:07:17.858881+00:00,-1.19,-1.0,,,,,
10382,baseball,baseball_mlb,Cleveland Guardians vs Pittsburgh Pirates,Cleveland Guardians,Pittsburgh Pirates,h2h,Pittsburgh Pirates,1.84,0.5364870782866689,0.5364870782866689,0.5795034824251317,0.06628640766224247,0.59,Betfair,2026-07-19T17:41:00Z,81.0,76b63460eed2117024c5047e,WON,,,2026-07-19 08:25:35,2026-07-19T15:07:17.858910+00:00,0.4956,0.84,,,,,
10383,baseball,baseball_mlb,Houston Astros vs Baltimore Orioles,Houston Astros,Baltimore Orioles,h2h,Baltimore Orioles,1.94,0.4839968464898226,0.4839968464898226,0.5870877775409366,0.13895028842941692,1.11,Unibet (FR),2026-07-19T18:11:00Z,94.0,f753a9d2db17cef0819056ba,WON,,,2026-07-19 08:25:35,2026-07-19T15:07:17.858929+00:00,1.0434,0.94,,,,,
10402,baseball,baseball_mlb,Kansas City Royals vs San Diego Padres,Kansas City Royals,San Diego Padres,h2h,Kansas City Royals,1.73,0.542522030463506,0.542522030463506,0.6383689122486438,0.1043782181901538,1.07,888sport,2026-07-19T18:11:00Z,93.0,46c0f4f992d178141b4a799e,WON,,,2026-07-19 08:25:36,2026-07-19T15:07:17.858950+00:00,0.7811,0.73,,,,,
10424,baseball,baseball_mlb,Kansas City Royals vs San Diego Padres,Kansas City Royals,San Diego Padres,h2h,San Diego Padres,2.17,0.4574779695364941,0.4574779695364941,0.4955710877513565,0.07538926042044358,0.48,Everygame,2026-07-19T18:11:00Z,88.0,69d40ee11e83353536d26070,LOST,,,2026-07-19 08:25:36,2026-07-19T15:07:17.858970+00:00,-0.48,-1.0,,,,,
10426,baseball,baseball_mlb,Milwaukee Brewers vs Miami Marlins,Milwaukee Brewers,Miami Marlins,h2h,Milwaukee Brewers,1.79,0.5438012188356586,0.5438012188356586,0.6575810935837338,0.17707015751488364,1.68,BetOnline.ag,2026-07-19T18:11:00Z,96.0,9fecea38e2da1998576577d8,WON,,,2026-07-19 08:25:36,2026-07-19T15:07:17.858988+00:00,1.3272,0.79,,,,,
10445,baseball,baseball_mlb,Chicago Cubs vs Minnesota Twins,Chicago Cubs,Minnesota Twins,h2h,Chicago Cubs,1.61,0.5995453272579978,0.5995453272579978,0.6728778552764737,0.08333334699512274,1.02,BetOnline.ag,2026-07-19T18:21:00Z,93.0,5f8095a510851df955b50d26,LOST,,,2026-07-19 08:25:37,2026-07-19T15:07:17.859007+00:00,-1.02,-1.0,,,,,
10446,baseball,baseball_mlb,Chicago Cubs vs Minnesota Twins,Chicago Cubs,Minnesota Twins,h2h,Minnesota Twins,2.49,0.4004546727420021,0.4004546727420021,0.4580321447235263,0.1405000403615806,0.71,BetOnline.ag,2026-07-19T18:21:00Z,92.0,3a0b61d98a16699b825abc4f,WON,,,2026-07-19 08:25:37,2026-07-19T15:07:17.859026+00:00,1.0579,1.49,,,,,
10485,baseball,baseball_mlb,Colorado Rockies vs Cincinnati Reds,Colorado Rockies,Cincinnati Reds,h2h,Cincinnati Reds,1.71,0.566284884431358,0.566284884431358,0.6806585098931175,0.16392605191723097,1.73,BetOnline.ag,2026-07-19T19:11:00Z,96.0,2d0cbd11339cc8802797ce2b,WON,,,2026-07-19 08:25:37,2026-07-19T15:07:17.859050+00:00,1.2283,0.71,,,,,
10508,baseball,baseball_mlb,Athletics vs Washington Nationals,Athletics,Washington Nationals,h2h,Athletics,2.2,0.43730253708327,0.43730253708327,0.4829576872553552,0.0625069119617816,0.39,888sport,2026-07-19T20:06:00Z,88.0,9d512cff579167055c53f575,LOST,,,2026-07-19 08:25:38,2026-07-19T15:07:17.859078+00:00,-0.39,-1.0,,,,,
10509,baseball,baseball_mlb,Athletics vs Washington Nationals,Athletics,Washington Nationals,h2h,Washington Nationals,1.67,0.5626974629167301,0.5626974629167301,0.6508623127446449,0.086940062283557,0.97,888sport,2026-07-19T20:06:00Z,93.0,f59e0cf0f4f8d6f7640e9448,WON,,,2026-07-19 08:25:38,2026-07-19T15:07:17.859106+00:00,0.6499,0.67,,,,,
10545,baseball,baseball_mlb,Los Angeles Angels vs Detroit Tigers,Los Angeles Angels,Detroit Tigers,h2h,Detroit Tigers,1.68,0.5797504393496089,0.5797504393496089,0.6605929981407597,0.10979623687647622,1.21,BetOnline.ag,2026-07-19T20:08:00Z,93.0,ef9fbb0418739f5ae07aa52d,WON,,,2026-07-19 08:25:38,2026-07-19T15:07:17.859130+00:00,0.8228,0.68,,,,,
10546,baseball,baseball_mlb,Los Angeles Angels vs Detroit Tigers,Los Angeles Angels,Detroit Tigers,h2h,Los Angeles Angels,2.33,0.42024956065039104,0.42024956065039104,0.4664470018592403,0.08682151433202989,0.49,BetOnline.ag,2026-07-19T20:08:00Z,91.0,cac6c7228bab5dafa52342a0,LOST,,,2026-07-19 08:25:38,2026-07-19T15:07:17.859153+00:00,-0.49,-1.0,,,,,
10579,baseball,baseball_mlb,Arizona Diamondbacks vs St. Louis Cardinals,Arizona Diamondbacks,St. Louis Cardinals,h2h,Arizona Diamondbacks,1.87,0.5222572222945008,0.5222572222945008,0.5857767022052859,0.09540243312388474,0.82,BetOnline.ag,2026-07-19T20:11:00Z,92.0,606917aa5464bcaf046ad561,LOST,,,2026-07-19 08:25:39,2026-07-19T15:07:17.859178+00:00,-0.82,-1.0,,,,,
10580,baseball,baseball_mlb,Arizona Diamondbacks vs St. Louis Cardinals,Arizona Diamondbacks,St. Louis Cardinals,h2h,St. Louis Cardinals,2.04,0.4777427777054992,0.4777427777054992,0.5458832977947142,0.113601927501217,0.82,BetOnline.ag,2026-07-19T20:11:00Z,93.0,5e4236c70e2898f4b1d6eeb8,WON,,,2026-07-19 08:25:39,2026-07-19T15:07:17.859227+00:00,0.8528,1.04,,,,,
10618,baseball,baseball_mlb,Seattle Mariners vs San Francisco Giants,Seattle Mariners,San Francisco Giants,h2h,San Francisco Giants,2.4,0.3833743370157986,0.3833743370157986,0.47164009866233814,0.13193623678961153,0.71,Unibet (FR),2026-07-19T20:11:00Z,92.0,58deabc1c5ae91414646411e,WON,,,2026-07-19 08:25:39,2026-07-19T15:07:17.859262+00:00,0.994,1.4,,,,,
10630,baseball,baseball_npb,Hiroshima Toyo Carp vs Hanshin Tigers,Hiroshima Toyo Carp,Hanshin Tigers,h2h,Hiroshima Toyo Carp,2.84,0.3531018852926429,0.3531018852926429,0.37757845167533505,0.07232280275795144,0.29,Pinnacle,2026-07-19T09:00:00Z,79.0,950ac693f9c48bf667018c38,OPEN,,,2026-07-19 08:25:43,,0.0,0.0,,,,,
10631,mma,mma_mixed_martial_arts,Valter Walker vs Thomas Petersen,Valter Walker,Thomas Petersen,h2h,Thomas Petersen,3.38,0.3210885502327197,0.3210885502327197,0.3217235702451493,0.08742566742860469,0.28,1xBet,2026-07-25T09:00:00Z,8.65275731225145,af6cf5e76423efb569966512,LOST,,,2026-07-19 08:25:45,2026-07-26T08:32:15.981945+00:00,-0.28,-1.0,,,,,
10632,baseball,baseball_kbo,NC Dinos vs Doosan Bears,NC Dinos,Doosan Bears,h2h,Doosan Bears,2.15,0.4621066882737255,0.4621066882737255,0.4938821499707686,0.061846622437152554,0.4,1xBet,2026-07-19T09:00:00Z,76.0,c8800be14bac1a3924aa41ed,OPEN,,,2026-07-19 08:25:45,,0.0,0.0,,,,,
10635,baseball,baseball_kbo,LG Twins vs KT Wiz,LG Twins,KT Wiz,h2h,KT Wiz,2.25,0.4439480756120184,0.4439480756120184,0.4737200182212542,0.0658700409978219,0.4,Pinnacle,2026-07-19T09:00:00Z,77.0,6257732bf33fbca970776e13,OPEN,,,2026-07-19 08:25:46,,0.0,0.0,,,,,
10636,baseball,baseball_kbo,LG Twins vs KT Wiz,LG Twins,KT Wiz,h2h,LG Twins,1.8,0.5560519243879817,0.5560519243879817,0.597689981778746,0.07584196720174274,0.71,1xBet,2026-07-19T09:00:00Z,83.0,718c67d3224e4c3d21d156fc,OPEN,,,2026-07-19 08:25:46,,0.0,0.0,,,,,
10637,baseball,baseball_kbo,SSG Landers vs Kia Tigers,SSG Landers,Kia Tigers,h2h,SSG Landers,2.35,0.4307579081999197,0.4307579081999197,0.4651235893139382,0.09304043488775493,0.52,BetOnline.ag,2026-07-19T09:00:00Z,86.0,f6eeab5d69015eb04af7f0d1,OPEN,,,2026-07-19 08:25:46,,0.0,0.0,,,,,
10639,baseball,baseball_kbo,SSG Landers vs Kia Tigers,SSG Landers,Kia Tigers,h2h,Kia Tigers,1.76,0.5692420918000802,0.5692420918000802,0.6047864106860618,0.0644240828074687,0.64,LeoVegas (SE),2026-07-19T09:00:00Z,79.0,c9ab1604abab88f761d49f05,OPEN,,,2026-07-19 08:25:46,,0.0,0.0,,,,,
10642,baseball,baseball_kbo,Samsung Lions vs Lotte Giants,Samsung Lions,Lotte Giants,h2h,Samsung Lions,1.49,0.6726740194306701,0.6726740194306701,0.719948994961616,0.07272400249280797,1.11,1xBet,2026-07-19T09:00:00Z,82.0,f0be18c37699fb053d995cf1,OPEN,,,2026-07-19 08:25:46,,0.0,0.0,,,,,
10650,football,Ligue 1,Le Havre vs AS Monaco,Le Havre,AS Monaco,h2h,Le Havre,3.65,0.31616023939828564,0.2793229518183984,0.29940754533398395,0.09283754046904136,0.26,1xBet,2026-08-22T19:00:00Z,8.658116012918216,f562bbf95a3dc9ce718bb5d6,OPEN,,,2026-07-19 08:25:51,,0.0,0.0,,,,,
10653,football,League One,Oxford United vs Milton Keynes Dons,Oxford United,Milton Keynes Dons,h2h,Milton Keynes Dons,3.5,0.3091383338217368,0.2979593255781982,0.30403956716519787,0.06413848507819253,0.19,Tipico,2026-08-15T11:30:00Z,6.024973345173492,31fb27cfcd24c4541a9e5a3d,LOST,,,2026-07-19 08:25:53,2026-08-15T16:10:24Z,0.0,0.0,2,2,2-2,the_odds_api_scores,808d86dfd7646411d52eaa0308c0d693
10657,hockey,icehockey_nhl,Toronto Maple Leafs vs Montréal Canadiens,Toronto Maple Leafs,Montréal Canadiens,h2h,Montréal Canadiens,2.53,0.43181114700506773,0.43181114700506773,0.43381780290354743,0.09755904134597482,0.48,1xBet,2026-09-29T23:10:00Z,9.755904134597483,024b2b9685b4f302055906e0,,,,2026-07-19 15:07:18,,0.0,0.0,,,,,
10659,hockey,icehockey_nhl,Toronto Maple Leafs vs Montréal Canadiens,Toronto Maple Leafs,Montréal Canadiens,h2h,Montréal Canadiens,2.49,0.43181114700506773,0.43181114700506773,0.4299778029035474,0.07064472922983311,0.36,Marathon Bet,2026-09-29T23:10:00Z,7.064472922983311,6f2dcbe161b4ada982772a22,,,,2026-07-19 15:07:18,,0.0,0.0,,,,,
10685,hockey,icehockey_nhl,Calgary Flames vs Seattle Kraken,Calgary Flames,Seattle Kraken,h2h,Calgary Flames,2.46,0.430924319576679,0.430924319576679,0.4331970237036753,0.06566467831104128,0.34,Marathon Bet,2026-10-02T01:10:00Z,6.566467831104128,4d99c9789fd081d75d784dec,,,,2026-07-19 15:07:20,,0.0,0.0,,,,,
11074,baseball,baseball_mlb,New York Yankees vs Los Angeles Dodgers,New York Yankees,Los Angeles Dodgers,h2h,New York Yankees,2.0,0.467677489492456,0.467677489492456,0.5685966002619265,0.13719320052385298,1.03,888sport,2026-07-19T23:21:00Z,94.0,ccd3788a6283a35301393715,LOST,,,2026-07-19 15:07:29,2026-07-19T17:02:13.753235+00:00,-1.03,-1.0,,,,,
11106,football,Eliteserien,SK Brann vs Vålerenga,SK Brann,Vålerenga,h2h,Vålerenga,4.3,0.26714924400859597,0.23443413695215837,0.25205397391265444,0.08383208782441409,0.18,Codere (IT),2026-07-26T12:30:00Z,7.262639726850134,0c8452221fb79ad95f269326,WON,,,2026-07-19 15:07:44,2026-07-26T17:07:43Z,0.0,0.0,2,3,2-3,the_odds_api_scores,b47cf822e1c8db4bdc8fa30352303f76
11107,football,Eliteserien,Rosenborg vs Fredrikstad FK,Rosenborg,Fredrikstad FK,h2h,Fredrikstad FK,4.4,0.25602540381322675,0.23183737407174465,0.2452040350159726,0.07889775407027955,0.17,1xBet,2026-07-27T17:00:00Z,7.088396180835664,a133b3d3659f0549d5713673,LOST,,,2026-07-19 15:07:44,2026-07-28T00:22:43Z,0.0,0.0,4,0,4-0,the_odds_api_scores,421873ca92aa69cf48d234352f40f7a5
11109,football,Allsvenskan,Malmo FF vs IF Elfsborg,Malmo FF,IF Elfsborg,h2h,IF Elfsborg,4.3,0.25596366707299845,0.2450550793857982,0.25121386869059525,0.08021963536955945,0.18,Betsson,2026-07-26T14:30:00Z,7.2858674200710976,826ac532d8d154ca84c69b33,WON,,,2026-07-19 15:07:45,2026-07-26T17:07:45Z,0.0,0.0,1,2,1-2,the_odds_api_scores,ec5608b8d60dcae86a5b1bf36aea2acd
11110,football,Allsvenskan,BK Hacken vs AIK,BK Hacken,AIK,h2h,AIK,3.88,0.2893748288948513,0.2675177378480508,0.27916689474384027,0.08316755160610012,0.21,Pinnacle,2026-07-27T17:00:00Z,7.301523770164918,d7e5a31a299ca171999470dd,LOST,,,2026-07-19 15:07:45,2026-07-28T00:21:39Z,0.0,0.0,0,0,0-0,the_odds_api_scores,35e5441b0004bc8a8b8eb128c0d54996
11121,football,MLS,Columbus Crew SC vs FC Cincinnati,Columbus Crew SC,FC Cincinnati,h2h,FC Cincinnati,4.0,0.27753410266576173,0.2564728285064941,0.2679371757842253,0.07174870313690129,0.18,Coolbet,2026-07-25T23:00:00Z,6.599465086682028,8be8bb3eb3fb2fa907b1e9a4,LOST,,,2026-07-19 15:07:48,2026-07-26T08:32:37Z,0.0,0.0,2,1,2-1,the_odds_api_scores,fabf7995a0be90edd0e8a5db4ed9e94f
11122,football,MLS,New England Revolution vs Atlanta United FC,New England Revolution,Atlanta United FC,h2h,Atlanta United FC,3.79,0.2875826825256209,0.27100832793731705,0.28002112701137855,0.061280071373124745,0.16,GTbets,2026-07-25T23:30:00Z,5.655182362611719,6a7093546e787e2607dbd793,LOST,,,2026-07-19 15:07:48,2026-07-26T08:32:37Z,0.0,0.0,4,1,4-1,the_odds_api_scores,9ecd14ec9b83dfd4e0e6e2d18e88e1f8
11123,football,MLS,D.C. United vs Toronto FC,D.C. United,Toronto FC,h2h,Toronto FC,3.95,0.28209655126889055,0.2630927143993104,0.27343524070588265,0.08006920078823643,0.2,GTbets,2026-07-25T23:30:00Z,7.389122139381768,3c480f4b2b3bed04bf52c961,LOST,,,2026-07-19 15:07:48,2026-07-26T08:32:37Z,0.0,0.0,2,1,2-1,the_odds_api_scores,e42d0064f1184cf7b6fb023420e6d6ef
11124,football,MLS,San Jose Earthquakes vs LA Galaxy,San Jose Earthquakes,LA Galaxy,h2h,LA Galaxy,4.5,0.2660192120866835,0.2392469761075933,0.2537893331136756,0.1420519990115401,0.3,Coolbet,2026-07-26T02:30:00Z,13.06598122312119,cb5904d7f732fc47f645a90a,LOST,,,2026-07-19 15:07:48,2026-07-26T08:32:37Z,0.0,0.0,1,1,1-1,the_odds_api_scores,931f88cfa0011414d79e8b8650c5a6cd
11128,hockey,icehockey_nhl,Carolina Hurricanes vs Florida Panthers,Carolina Hurricanes,Florida Panthers,h2h,Carolina Hurricanes,2.38,0.4619437446027396,0.4619437446027396,0.49506355276004527,0.17825125556890775,0.97,Marathon Bet,2026-09-29T21:10:00Z,17.825125556890775,87d4b1be51edd3eabec02318,,,,2026-07-19 17:02:14,,0.0,0.0,,,,,
11179,baseball,baseball_mlb,New York Yankees vs Los Angeles Dodgers,New York Yankees,Los Angeles Dodgers,h2h,New York Yankees,2.1,0.4428054474343463,0.4428054474343463,0.5420930100864023,0.13839532118144482,0.94,Winamax (FR),2026-07-19T16:39:00Z,93.0,9bbaec1001e33f279649ef73,LOST,,,2026-07-19 17:02:17,2026-07-20T09:23:07.746038+00:00,-0.94,-1.0,,,,,
11190,baseball,baseball_mlb,New York Yankees vs Los Angeles Dodgers,New York Yankees,Los Angeles Dodgers,h2h,Los Angeles Dodgers,1.88,0.5571945525656536,0.5571945525656536,0.5899569899135977,0.1091191410375636,0.93,Pinnacle,2026-07-19T16:39:00Z,93.0,15e9e956041fe34644e32b17,WON,,,2026-07-19 17:02:18,2026-07-20T09:23:07.746061+00:00,0.8184,0.88,,,,,
11338,baseball,baseball_mlb,Houston Astros vs Baltimore Orioles,Houston Astros,Baltimore Orioles,h2h,Houston Astros,1.89,0.5299097257662434,0.5299097257662434,0.562526927947208,0.06317589382022315,0.53,Everygame,2026-07-19T18:11:00Z,86.0,e753d68e2cf0710352652370,LOST,,,2026-07-19 17:02:20,2026-07-20T09:23:07.746083+00:00,-0.53,-1.0,,,,,
11520,baseball,baseball_mlb,Seattle Mariners vs San Francisco Giants,Seattle Mariners,San Francisco Giants,h2h,Seattle Mariners,1.54,0.6412273086974317,0.6412273086974317,0.6892686299127843,0.061473690065687814,0.85,1xBet,2026-07-19T20:11:00Z,86.0,aee13753b69f46345a6739db,LOST,,,2026-07-19 17:02:24,2026-07-20T09:23:07.746113+00:00,-0.85,-1.0,,,,,
11578,football,MLS,Houston Dynamo vs Austin FC,Houston Dynamo,Austin FC,h2h,Draw,4.5,0.24457213351183005,0.2311051036541974,0.23847982817081792,0.0731592267686807,0.16,Coolbet,2026-07-26T00:30:00Z,6.729205431174479,a7a5f97adf171199cbeeb4b5,LOST,,,2026-07-19 17:02:46,2026-07-26T08:32:37Z,0.0,0.0,3,0,3-0,the_odds_api_scores,e0e1e45371a0635e6da904554043eaed
11579,football,MLS,St. Louis City SC vs Colorado Rapids,St. Louis City SC,Colorado Rapids,h2h,Colorado Rapids,3.99,0.2821044684665989,0.26295323911621277,0.27335898616237014,0.09070235478785693,0.23,1xBet,2026-07-26T00:30:00Z,8.331967290084123,8dcc55edecbefddf79e72ed1,LOST,,,2026-07-19 17:02:46,2026-07-26T08:32:37Z,0.0,0.0,1,0,1-0,the_odds_api_scores,5758151189675892207fb9eda1f5eea0
11580,football,MLS,Minnesota United FC vs Vancouver Whitecaps FC,Minnesota United FC,Vancouver Whitecaps FC,h2h,Minnesota United FC,3.43,0.3312882495789985,0.2976648128632399,0.31592956266455896,0.08363839993943722,0.26,1xBet,2026-07-26T00:30:00Z,7.6830685831726715,3ee4276b647fe029f0832ded,LOST,,,2026-07-19 17:02:46,2026-07-26T08:32:37Z,0.0,0.0,0,0,0-0,the_odds_api_scores,03ebfb01dd29de67db39a5f05669cb32
11581,football,MLS,San Jose Earthquakes vs LA Galaxy,San Jose Earthquakes,LA Galaxy,h2h,Draw,4.42,0.24709815242246874,0.23490561619468428,0.24158191406011817,0.06779206014572225,0.15,1xBet,2026-07-26T02:30:00Z,6.227415252698525,7a3083ccfcf3a6a7d5492ae4,WON,,,2026-07-19 17:02:46,2026-07-26T08:32:37Z,0.0,0.0,1,1,1-1,the_odds_api_scores,931f88cfa0011414d79e8b8650c5a6cd
11586,baseball,baseball_mlb,Cleveland Guardians vs Minnesota Twins,Cleveland Guardians,Minnesota Twins,h2h,Cleveland Guardians,2.0,0.4753794944899337,0.4753794944899337,0.580071587617829,0.1601431752356579,1.2,888sport,2026-07-20T22:41:00Z,94.0,f9e76d906b5dc9ceb3b01098,WON,,,2026-07-20 09:23:09,2026-07-21T08:35:37.195953+00:00,1.2,1.0,,,,,
11600,baseball,baseball_mlb,New York Yankees vs Pittsburgh Pirates,New York Yankees,Pittsburgh Pirates,h2h,New York Yankees,1.8,0.5241398190295693,0.5241398190295693,0.5900518607079214,0.06209334927425858,0.58,888sport,2026-07-20T23:06:00Z,89.0,95241d43d8d880e5b69df1bd,WON,,,2026-07-20 09:23:09,2026-07-21T08:35:37.196001+00:00,0.464,0.8,,,,,
11601,baseball,baseball_mlb,New York Yankees vs Pittsburgh Pirates,New York Yankees,Pittsburgh Pirates,h2h,Pittsburgh Pirates,2.0,0.47586018097043065,0.47586018097043065,0.5426881392920787,0.08537627858415742,0.64,888sport,2026-07-20T23:06:00Z,92.0,6e99fb6097459082bb16a928,LOST,,,2026-07-20 09:23:09,2026-07-21T08:35:37.196042+00:00,-0.64,-1.0,,,,,
11639,baseball,baseball_mlb,Toronto Blue Jays vs Tampa Bay Rays,Toronto Blue Jays,Tampa Bay Rays,h2h,Tampa Bay Rays,2.25,0.41994947361471036,0.41994947361471036,0.47548508065479456,0.06984143147328781,0.42,888sport,2026-07-20T23:08:00Z,90.0,96b50894b71657d1faeb310a,WON,,,2026-07-20 09:23:10,2026-07-21T08:35:37.196084+00:00,0.525,1.25,,,,,
11640,baseball,baseball_mlb,Toronto Blue Jays vs Tampa Bay Rays,Toronto Blue Jays,Tampa Bay Rays,h2h,Toronto Blue Jays,1.65,0.5800505263852895,0.5800505263852895,0.6571049193452054,0.08422311691958884,0.97,888sport,2026-07-20T23:08:00Z,93.0,5e803a1728345b2b93bd26f5,LOST,,,2026-07-20 09:23:10,2026-07-21T08:35:37.196125+00:00,-0.97,-1.0,,,,,
11678,baseball,baseball_mlb,Boston Red Sox vs Baltimore Orioles,Boston Red Sox,Baltimore Orioles,h2h,Baltimore Orioles,2.15,0.4355996281481457,0.4355996281481457,0.4930909961658488,0.060145641756574886,0.39,888sport,2026-07-20T23:11:00Z,87.0,88cc179222427c0c7f1841d4,LOST,,,2026-07-20 09:23:10,2026-07-21T08:35:37.196167+00:00,-0.39,-1.0,,,,,
11679,baseball,baseball_mlb,Boston Red Sox vs Baltimore Orioles,Boston Red Sox,Baltimore Orioles,h2h,Boston Red Sox,1.71,0.5644003718518543,0.5644003718518543,0.6377590038341513,0.09056789655639874,0.96,888sport,2026-07-20T23:11:00Z,93.0,efd10d03dc0566784e19b99b,WON,,,2026-07-20 09:23:10,2026-07-21T08:35:37.196210+00:00,0.6816,0.71,,,,,
11719,baseball,baseball_mlb,Philadelphia Phillies vs Los Angeles Dodgers,Philadelphia Phillies,Los Angeles Dodgers,h2h,Los Angeles Dodgers,2.15,0.45118586885323625,0.45118586885323625,0.540353525118756,0.1617600790053253,1.05,888sport,2026-07-20T23:11:00Z,93.0,c057c93280347dc9dd8b9139,LOST,,,2026-07-20 09:23:11,2026-07-21T08:35:37.196255+00:00,-1.05,-1.0,,,,,
11731,baseball,baseball_mlb,Philadelphia Phillies vs Los Angeles Dodgers,Philadelphia Phillies,Los Angeles Dodgers,h2h,Philadelphia Phillies,1.8,0.5488141311467637,0.5488141311467637,0.5908564748812442,0.06354165478623952,0.6,Unibet (SE),2026-07-20T23:11:00Z,84.0,a32667dd76c766d85e588cb8,WON,,,2026-07-20 09:23:11,2026-07-21T08:35:37.196297+00:00,0.48,0.8,,,,,
11739,baseball,baseball_mlb,Atlanta Braves vs San Diego Padres,Atlanta Braves,San Diego Padres,h2h,Atlanta Braves,1.67,0.5693748240103953,0.5693748240103953,0.6808494545533433,0.13701858910408338,1.53,888sport,2026-07-20T23:16:00Z,95.0,5b2d1901506211327cca6ca4,WON,,,2026-07-20 09:23:11,2026-07-21T08:35:37.196341+00:00,1.0251,0.67,,,,,
11758,baseball,baseball_mlb,Kansas City Royals vs San Francisco Giants,Kansas City Royals,San Francisco Giants,h2h,San Francisco Giants,1.91,0.48394609481366435,0.48394609481366435,0.5869255724470434,0.12102784337385275,1.0,888sport,2026-07-20T23:41:00Z,93.0,ca9bb639e034d44d0fe4b32d,LOST,,,2026-07-20 09:23:12,2026-07-21T08:35:37.196385+00:00,-1.0,-1.0,,,,,
11776,baseball,baseball_mlb,Milwaukee Brewers vs New York Mets,Milwaukee Brewers,New York Mets,h2h,Milwaukee Brewers,1.47,0.6463594965953402,0.6463594965953402,0.7596669658935794,0.11671043986356167,1.86,888sport,2026-07-20T23:41:00Z,96.0,8a7a627ac6692bd78fa43854,WON,,,2026-07-20 09:23:12,2026-07-21T08:35:37.196432+00:00,0.8742,0.47,,,,,
11798,baseball,baseball_mlb,Milwaukee Brewers vs New York Mets,Milwaukee Brewers,New York Mets,h2h,New York Mets,2.88,0.3536405034046598,0.3536405034046598,0.37799303410642077,0.08861993822649183,0.35,Betfair,2026-07-20T23:41:00Z,86.0,b7f44f8315b721f1eedf52ac,LOST,,,2026-07-20 09:23:13,2026-07-21T08:35:37.196481+00:00,-0.35,-1.0,,,,,
11800,baseball,baseball_mlb,Chicago Cubs vs Detroit Tigers,Chicago Cubs,Detroit Tigers,h2h,Detroit Tigers,1.98,0.4906305254671138,0.4906305254671138,0.5933843449784519,0.1749010030573348,1.34,BetOnline.ag,2026-07-21T00:06:00Z,96.0,16ea651c1d4fb9a6ce3458ac,WON,,,2026-07-20 09:23:13,2026-07-21T08:35:37.196540+00:00,1.3132,0.98,,,,,
11819,baseball,baseball_mlb,Texas Rangers vs Chicago White Sox,Texas Rangers,Chicago White Sox,h2h,Chicago White Sox,2.4,0.39145061385490293,0.39145061385490293,0.47809065636560133,0.14741757527744315,0.79,888sport,2026-07-21T00:06:00Z,94.0,6994e893aa2fa5bdf03168cd,WON,,,2026-07-20 09:23:13,2026-07-21T08:35:37.196594+00:00,1.106,1.4,,,,,
11826,baseball,baseball_mlb,Texas Rangers vs Chicago White Sox,Texas Rangers,Chicago White Sox,h2h,Texas Rangers,1.62,0.6085493861450972,0.6085493861450972,0.6565093436343991,0.06354513668772643,0.77,1xBet,2026-07-21T00:06:00Z,85.0,b122eb01acfe4dcc7e799f30,LOST,,,2026-07-20 09:23:13,2026-07-21T08:35:37.196650+00:00,-0.77,-1.0,,,,,
11834,baseball,baseball_mlb,Houston Astros vs Miami Marlins,Houston Astros,Miami Marlins,h2h,Houston Astros,1.73,0.5462750555038045,0.5462750555038045,0.636553082337385,0.10123683244367587,1.04,888sport,2026-07-21T00:11:00Z,94.0,66c5042279fbeda9ece44e5a,WON,,,2026-07-20 09:23:14,2026-07-21T08:35:37.196705+00:00,0.7592,0.73,,,,,
11841,baseball,baseball_mlb,Houston Astros vs Miami Marlins,Houston Astros,Miami Marlins,h2h,Miami Marlins,2.18,0.4537249444961954,0.4537249444961954,0.49708691766261504,0.08364948050450094,0.53,1xBet,2026-07-21T00:11:00Z,91.0,2ca57c8638496eb509cc599b,LOST,,,2026-07-20 09:23:14,2026-07-21T08:35:37.196769+00:00,-0.53,-1.0,,,,,
11865,baseball,baseball_mlb,Colorado Rockies vs Washington Nationals,Colorado Rockies,Washington Nationals,h2h,Washington Nationals,1.8,0.5275161468511685,0.5275161468511685,0.6054651378809248,0.08983724818566463,0.84,888sport,2026-07-21T00:41:00Z,92.0,7839092f5dc1db773c622aa9,WON,,,2026-07-20 09:23:14,2026-07-21T08:35:37.196828+00:00,0.672,0.8,,,,,
11868,baseball,baseball_mlb,Colorado Rockies vs Washington Nationals,Colorado Rockies,Washington Nationals,h2h,Colorado Rockies,2.03,0.47248385314883146,0.47248385314883146,0.5266448621190754,0.06908907010172283,0.5,MyBookie.ag,2026-07-21T00:41:00Z,86.0,26f4d930bba42d2d6a5e2b46,LOST,,,2026-07-20 09:23:14,2026-07-21T08:35:37.196883+00:00,-0.5,-1.0,,,,,
11899,baseball,baseball_mlb,Arizona Diamondbacks vs Athletics,Arizona Diamondbacks,Athletics,h2h,Arizona Diamondbacks,1.6,0.5923504471115255,0.5923504471115255,0.7140946318179447,0.1425514109087116,1.78,888sport,2026-07-21T01:41:00Z,96.0,339b8755b8cf72374ecb7d8c,LOST,,,2026-07-20 09:23:15,2026-07-21T08:35:37.196938+00:00,-1.78,-1.0,,,,,
11921,baseball,baseball_mlb,Seattle Mariners vs Cincinnati Reds,Seattle Mariners,Cincinnati Reds,h2h,Cincinnati Reds,2.3,0.4163623831815772,0.4163623831815772,0.5062429578537997,0.1643588030637393,0.95,888sport,2026-07-21T01:41:00Z,94.0,debd4b6013f2f3e00b6f09eb,LOST,,,2026-07-20 09:23:15,2026-07-21T08:35:37.196990+00:00,-0.95,-1.0,,,,,
11934,baseball,baseball_mlb,Los Angeles Angels vs St. Louis Cardinals,Los Angeles Angels,St. Louis Cardinals,h2h,St. Louis Cardinals,2.0,0.477332719635381,0.477332719635381,0.5571234720514536,0.11424694410290726,0.86,888sport,2026-07-21T02:11:00Z,93.0,8073398b3c274cb73c1c2b3e,LOST,,,2026-07-20 09:23:16,2026-07-21T08:35:37.197043+00:00,-0.86,-1.0,,,,,
11940,baseball,baseball_mlb,Los Angeles Angels vs St. Louis Cardinals,Los Angeles Angels,St. Louis Cardinals,h2h,Los Angeles Angels,1.88,0.522667280364619,0.522667280364619,0.5766065279485465,0.08402027254326727,0.72,1xBet,2026-07-21T02:11:00Z,91.0,eed911a0ac20475473857004,WON,,,2026-07-20 09:23:16,2026-07-21T08:35:37.197096+00:00,0.6336,0.88,,,,,
12009,baseball,baseball_npb,Tohoku Rakuten Golden Eagles vs Saitama Seibu Lions,Tohoku Rakuten Golden Eagles,Saitama Seibu Lions,h2h,Saitama Seibu Lions,1.68,0.595316369178217,0.595316369178217,0.6341636042672271,0.06539485516894139,0.72,Pinnacle,2026-07-20T06:59:45Z,79.0,2c7b10f99c3a2e7bbaf8d48d,OPEN,,,2026-07-20 09:23:20,,0.0,0.0,,,,,
12010,baseball,baseball_npb,Tohoku Rakuten Golden Eagles vs Saitama Seibu Lions,Tohoku Rakuten Golden Eagles,Saitama Seibu Lions,h2h,Tohoku Rakuten Golden Eagles,2.6,0.4046836308217832,0.4046836308217832,0.43070639573277314,0.11983662890521019,0.56,MyBookie.ag,2026-07-20T06:59:45Z,92.0,62ab232180bf98f1e8698f8f,OPEN,,,2026-07-20 09:23:20,,0.0,0.0,,,,,
12011,baseball,baseball_npb,Chiba Lotte Marines vs Fukuoka SoftBank Hawks,Chiba Lotte Marines,Fukuoka SoftBank Hawks,h2h,Fukuoka SoftBank Hawks,3.25,0.34072362306576165,0.34072362306576165,0.3608171897606365,0.17265586672206856,0.58,Nordic Bet,2026-07-20T08:00:00Z,93.0,1e6b01264cbdd48669e2df18,OPEN,,,2026-07-20 09:23:20,,0.0,0.0,,,,,
12013,baseball,baseball_npb,Yomiuri Giants vs Hiroshima Toyo Carp,Yomiuri Giants,Hiroshima Toyo Carp,h2h,Hiroshima Toyo Carp,1.85,0.5529100400824171,0.5529100400824171,0.5891207308634612,0.08987335209740333,0.79,Pinnacle,2026-07-20T09:00:00Z,86.0,a2a2da2d99f2524b81c6ca12,OPEN,,,2026-07-20 09:23:20,,0.0,0.0,,,,,
12014,baseball,baseball_npb,Yomiuri Giants vs Hiroshima Toyo Carp,Yomiuri Giants,Hiroshima Toyo Carp,h2h,Yomiuri Giants,2.28,0.4470899599175829,0.4470899599175829,0.48165926913653884,0.09818313363130837,0.58,Nordic Bet,2026-07-20T09:00:00Z,89.0,7a679507f8dfcdb36c663019,OPEN,,,2026-07-20 09:23:20,,0.0,0.0,,,,,
12017,baseball,baseball_npb,Tokyo Yakult Swallows vs Chunichi Dragons,Tokyo Yakult Swallows,Chunichi Dragons,h2h,Tokyo Yakult Swallows,2.08,0.49215669742669366,0.49215669742669366,0.5280306570185542,0.09830376659859286,0.68,Nordic Bet,2026-07-20T09:01:00Z,90.0,2b91390b1d42daaa3ea3e6cd,OPEN,,,2026-07-20 09:23:20,,0.0,0.0,,,,,
12018,baseball,baseball_npb,Tokyo Yakult Swallows vs Chunichi Dragons,Tokyo Yakult Swallows,Chunichi Dragons,h2h,Chunichi Dragons,2.0,0.5078433025733062,0.5078433025733062,0.5424493429814459,0.08489868596289174,0.64,Betsson,2026-07-20T09:01:00Z,85.0,1d9ab82621ddfbdbd0c6d3ec,OPEN,,,2026-07-20 09:23:20,,0.0,0.0,,,,,
12038,football,Eliteserien,Lillestrom vs Viking FK,Lillestrom,Viking FK,h2h,Lillestrom,3.2,0.3495307023990527,0.3109464247210798,0.3327846217254211,0.06491078952134766,0.22,Coolbet,2026-07-22T17:00:00Z,5.805360195447743,8b54044b0d36816d28ae4716,LOST,,,2026-07-20 09:23:35,2026-07-23T00:24:57Z,0.0,0.0,1,2,1-2,the_odds_api_scores,be00ba5973e5adb6895e39e42e310525
12045,football,MLS,New England Revolution vs Toronto FC,New England Revolution,Toronto FC,h2h,Toronto FC,4.1,0.27292301134988195,0.2497429224597075,0.26235810394531656,0.07566822617579771,0.18,LeoVegas (SE),2026-07-22T23:30:00Z,6.914562507944395,34041c5f3b3f88c73f8922be,LOST,,,2026-07-20 09:23:38,2026-07-23T08:37:11Z,0.0,0.0,0,0,0-0,the_odds_api_scores,f1915283c0febf8297dbb558666a4690
12047,football,MLS,Houston Dynamo vs D.C. United,Houston Dynamo,D.C. United,h2h,D.C. United,4.5,0.25199759788577514,0.2190631272670501,0.23696084925287242,0.06632382163792583,0.14,Betfair,2026-07-23T00:30:00Z,5.757637280209979,07b41f947d0aefde39a247cf,LOST,,,2026-07-20 09:23:38,2026-07-23T08:37:11Z,0.0,0.0,1,1,1-1,the_odds_api_scores,9b6e52d74e3e078185ecfd02e8198653
12049,football,MLS,Colorado Rapids vs San Diego FC,Colorado Rapids,San Diego FC,h2h,Draw,4.3,0.25153227608694767,0.24172540863045747,0.2471030039956529,0.06254291718130744,0.14,Betfair,2026-07-23T01:30:00Z,5.42941318342648,b60def1d99476eb51bdb7748,LOST,,,2026-07-20 09:23:38,2026-07-23T08:37:11Z,0.0,0.0,1,0,1-0,the_odds_api_scores,624a9c22aabb57ddf913177559b4c7b2
12062,hockey,icehockey_nhl,Toronto Maple Leafs vs Montréal Canadiens,Toronto Maple Leafs,Montréal Canadiens,h2h,Toronto Maple Leafs,2.5,0.44372393482043526,0.44372393482043526,0.44302675437430467,0.10756688593576169,0.54,1xBet,2026-09-29T23:10:00Z,10.756688593576168,6912f22d7ff9bb4b464710e1,,,,2026-07-20 18:08:29,,0.0,0.0,,,,,
12064,hockey,icehockey_nhl,Toronto Maple Leafs vs Montréal Canadiens,Toronto Maple Leafs,Montréal Canadiens,h2h,Toronto Maple Leafs,2.46,0.44372393482043526,0.44372393482043526,0.4424267543743047,0.0883698157607895,0.45,Marathon Bet,2026-09-29T23:10:00Z,8.836981576078951,d4f39309f4c665b12faa358e,,,,2026-07-20 18:08:30,,0.0,0.0,,,,,
12491,baseball,baseball_mlb,Philadelphia Phillies vs Los Angeles Dodgers,Philadelphia Phillies,Los Angeles Dodgers,h2h,Los Angeles Dodgers,2.2,0.4274097813527799,0.4274097813527799,0.5133813307533764,0.12943892765742837,0.81,BetOnline.ag,2026-07-21T22:41:00Z,93.0,87e9d2cbf8d2fa6ea9a659c4,LOST,,,2026-07-20 18:08:56,2026-07-21T08:35:37.197139+00:00,-0.81,-1.0,,,,,
12492,baseball,baseball_mlb,Philadelphia Phillies vs Los Angeles Dodgers,Philadelphia Phillies,Los Angeles Dodgers,h2h,Philadelphia Phillies,1.76,0.57259021864722,0.57259021864722,0.6155186692466237,0.08331285787405762,0.82,BetOnline.ag,2026-07-21T22:41:00Z,92.0,29dd319008ae9c0a1c64b201,WON,,,2026-07-20 18:08:56,2026-07-21T08:35:37.197181+00:00,0.6232,0.76,,,,,
12497,baseball,baseball_mlb,New York Yankees vs Pittsburgh Pirates,New York Yankees,Pittsburgh Pirates,h2h,New York Yankees,1.71,0.574925795716856,0.574925795716856,0.6476454789210689,0.1074737689550278,1.14,BetOnline.ag,2026-07-21T23:06:00Z,94.0,a3486d6a31120d3a4183432d,WON,,,2026-07-20 18:08:57,2026-07-21T08:35:37.197220+00:00,0.8094,0.71,,,,,
12498,baseball,baseball_mlb,New York Yankees vs Pittsburgh Pirates,New York Yankees,Pittsburgh Pirates,h2h,Pittsburgh Pirates,2.27,0.425074204283144,0.425074204283144,0.48452452107893107,0.09987066284917345,0.59,BetOnline.ag,2026-07-21T23:06:00Z,91.0,dc1e59ede41f998b812d2df1,LOST,,,2026-07-20 18:08:57,2026-07-21T08:35:37.197259+00:00,-0.59,-1.0,,,,,
12502,baseball,baseball_mlb,Toronto Blue Jays vs Tampa Bay Rays,Toronto Blue Jays,Tampa Bay Rays,h2h,Tampa Bay Rays,1.91,0.5095696275768417,0.5095696275768417,0.5774932006897029,0.10301201331733245,0.85,BetOnline.ag,2026-07-21T23:08:00Z,93.0,2faf133a56931b4ff2ded986,WON,,,2026-07-20 18:08:57,2026-07-21T08:35:37.197300+00:00,0.7735,0.91,,,,,
12503,baseball,baseball_mlb,Toronto Blue Jays vs Tampa Bay Rays,Toronto Blue Jays,Tampa Bay Rays,h2h,Toronto Blue Jays,2.0,0.49043037242315835,0.49043037242315835,0.5527267993102971,0.10545359862059422,0.79,BetOnline.ag,2026-07-21T23:08:00Z,93.0,ee4917dedc0b0183b3d81738,LOST,,,2026-07-20 18:08:57,2026-07-21T08:35:37.197340+00:00,-0.79,-1.0,,,,,
12508,mma,mma_mixed_martial_arts,Ismael Bonfim vs Axel Sola,Ismael Bonfim,Axel Sola,h2h,Ismael Bonfim,2.6,0.4515125140610402,0.4515125140610402,0.4527657890383966,0.17719105149983116,0.83,BetOnline.ag,2026-07-25T09:00:00Z,18.295992201336784,70125bfa140689a37db0cb94,LOST,,,2026-07-20 18:08:57,2026-07-26T08:32:15.981966+00:00,-0.83,-1.0,,,,,
12516,mma,mma_mixed_martial_arts,Nurullo Aliev vs Mike Davis,Nurullo Aliev,Mike Davis,h2h,Mike Davis,2.6,0.4456310526743781,0.4456310526743781,0.4419452176915239,0.14905756599796227,0.7,BetOnline.ag,2026-07-25T09:00:00Z,15.391048486732178,22cdcf3b3eb143e3cefb5dc0,LOST,,,2026-07-20 18:08:58,2026-07-26T08:32:15.981977+00:00,-0.7,-1.0,,,,,
12524,mma,mma_mixed_martial_arts,Rizvan Kuniev vs Tyrell Fortune,Rizvan Kuniev,Tyrell Fortune,h2h,Tyrell Fortune,3.15,0.3634418454184452,0.3634418454184452,0.36295267226290717,0.14330091762815766,0.5,Nordic Bet,2026-07-25T09:00:00Z,14.272828716131555,ebba21e29eb58691de13a242,LOST,,,2026-07-20 18:08:58,2026-07-26T08:32:15.981999+00:00,-0.5,-1.0,,,,,
12532,baseball,baseball_kbo,Kiwoom Heroes vs Samsung Lions,Kiwoom Heroes,Samsung Lions,h2h,Kiwoom Heroes,2.8,0.3532376343762891,0.3532376343762891,0.3828729784697426,0.07204433971527924,0.3,BetOnline.ag,2026-07-21T09:30:00Z,83.0,9533a993036dbc2c8ab36543,OPEN,,,2026-07-20 18:09:02,,0.0,0.0,,,,,
12533,baseball,baseball_kbo,LG Twins vs NC Dinos,LG Twins,NC Dinos,h2h,NC Dinos,2.3,0.43199307333808684,0.43199307333808684,0.4615746664703269,0.06162173288175188,0.36,BetOnline.ag,2026-07-21T09:30:00Z,79.0,c147a45900fcd0378358d3b7,OPEN,,,2026-07-20 18:09:03,,0.0,0.0,,,,,
12550,football,Danish Superliga,Viborg FF vs OB Odense BK,Viborg FF,OB Odense BK,h2h,OB Odense BK,4.02,0.27695121856719,0.25249225913027734,0.26580833362227574,0.06854950116154845,0.17,Pinnacle,2026-07-24T17:00:00Z,6.214697775305983,b3bff4993aeebabf686eaa94,LOST,,,2026-07-20 18:09:26,2026-07-25T00:20:33Z,0.0,0.0,1,0,1-0,the_odds_api_scores,ca31bdd5793c2da6a331604146878c2e
12563,football,MLS,CF Montreal vs Inter Miami CF,CF Montreal,Inter Miami CF,h2h,CF Montreal,3.65,0.33064817988826245,0.29732971620492304,0.31546597423925715,0.15145080597328864,0.43,LeoVegas (SE),2026-07-25T23:30:00Z,13.730530069538347,1fdc02c1be4286d5124045fc,LOST,,,2026-07-20 18:09:43,2026-07-26T08:32:37Z,0.0,0.0,0,1,0-1,the_odds_api_scores,b7738cc4de1ac068864d1c3091aac8a6
12570,football,Argentina Primera Division,Boca Juniors vs Estudiantes,Boca Juniors,Estudiantes,h2h,Estudiantes,4.0,0.2862793774695019,0.26169136578305857,0.2750771596374403,0.10030863854976113,0.25,Codere (IT),2026-08-05T22:00:00Z,9.093981170921344,d4040ac2b236be8af791e616,LOST,,,2026-07-20 18:09:57,2026-08-06T07:39:37Z,0.0,0.0,1,0,1-0,the_odds_api_scores,46d14ff4067b8a280b7d2d17fdb2111e
12571,football,Liga MX,Querétaro vs Tigres,Querétaro,Tigres,h2h,Querétaro,4.5,0.27178197167619,0.21703416362496855,0.24886277678512217,0.11988249553304975,0.26,Coolbet,2026-08-01T23:00:00Z,10.804487611371965,7cffa759a35260097911d49f,WON,,,2026-07-20 18:09:59,2026-08-02T08:30:06Z,0.0,0.0,3,2,3-2,the_odds_api_scores,08febc867df128c739b60651465298cd
12584,hockey,icehockey_nhl,Edmonton Oilers vs Vancouver Canucks,Edmonton Oilers,Vancouver Canucks,h2h,Vancouver Canucks,4.0,0.2655707171338197,0.2655707171338197,0.26503950199367377,0.06015800797469506,0.15,Winamax (DE),2026-09-30T02:10:00Z,6.015800797469506,9664d02b5ba37edfbb7f5db2,,,,2026-07-21 08:35:38,,0.0,0.0,,,,,
12616,mma,mma_mixed_martial_arts,Magomed Zaynukov vs Damian Rzepecki,Magomed Zaynukov,Damian Rzepecki,h2h,Damian Rzepecki,4.08,0.25952337191740676,0.25952337191740676,0.2601104215662574,0.061250519990330154,0.15,1xBet,2026-07-25T09:00:00Z,6.065803006384783,a47fc73f1155734cd30ee854,LOST,,,2026-07-21 08:35:44,2026-07-26T08:32:15.982021+00:00,-0.15,-1.0,,,,,
12617,baseball,baseball_mlb,Cleveland Guardians vs Minnesota Twins,Cleveland Guardians,Minnesota Twins,h2h,Cleveland Guardians,1.61,0.577441215586926,0.577441215586926,0.6941061148820877,0.1175108449601614,1.44,Unibet (FR),2026-07-21T22:41:00Z,94.0,09a94a8a86a89ca26f692bc1,WON,,,2026-07-21 08:35:45,2026-07-21T17:25:23.837625+00:00,0.8784,0.61,,,,,
12729,baseball,baseball_mlb,Boston Red Sox vs Baltimore Orioles,Boston Red Sox,Baltimore Orioles,h2h,Boston Red Sox,1.71,0.5570504230882044,0.5570504230882044,0.6408677171858287,0.095883796387767,1.01,Coolbet,2026-07-21T23:11:00Z,93.0,01b78e5b910e540a7849ccc7,WON,,,2026-07-21 08:35:47,2026-07-21T17:25:23.837702+00:00,0.7171,0.71,,,,,
12732,baseball,baseball_mlb,Boston Red Sox vs Baltimore Orioles,Boston Red Sox,Baltimore Orioles,h2h,Baltimore Orioles,2.17,0.4429495769117956,0.4429495769117956,0.4893522828141715,0.06189445370675206,0.4,MyBookie.ag,2026-07-21T23:11:00Z,83.0,8b145dc60886e2ca642e8c26,LOST,,,2026-07-21 08:35:47,2026-07-21T17:25:23.837818+00:00,-0.4,-1.0,,,,,
12757,baseball,baseball_mlb,Atlanta Braves vs San Diego Padres,Atlanta Braves,San Diego Padres,h2h,Atlanta Braves,1.67,0.5661222939555275,0.5661222939555275,0.6799232996534168,0.1354719104212061,1.52,888sport,2026-07-21T23:16:00Z,95.0,10dd92a5d63f2f2b9fad9f5b,WON,,,2026-07-21 08:35:47,2026-07-21T17:25:23.837909+00:00,1.0184,0.67,,,,,
12775,baseball,baseball_mlb,Kansas City Royals vs San Francisco Giants,Kansas City Royals,San Francisco Giants,h2h,San Francisco Giants,1.91,0.5021864883977607,0.5021864883977607,0.604524283751578,0.1546413819655139,1.27,888sport,2026-07-21T23:41:00Z,94.0,43dd0b244db4f75cf02ec07b,LOST,,,2026-07-21 08:35:47,2026-07-21T17:25:23.838007+00:00,-1.27,-1.0,,,,,
12796,baseball,baseball_mlb,Milwaukee Brewers vs New York Mets,Milwaukee Brewers,New York Mets,h2h,Milwaukee Brewers,1.71,0.5680758581822417,0.5680758581822417,0.677340192630573,0.1582517293982797,1.67,BetOnline.ag,2026-07-21T23:41:00Z,96.0,909603a448b9f4be209a0924,WON,,,2026-07-21 08:35:48,2026-07-21T17:25:23.838071+00:00,1.1857,0.71,,,,,
12818,baseball,baseball_mlb,Chicago Cubs vs Detroit Tigers,Chicago Cubs,Detroit Tigers,h2h,Detroit Tigers,2.0,0.4795243145941494,0.4795243145941494,0.5808484200164947,0.16169684003298945,1.21,888sport,2026-07-22T00:06:00Z,95.0,0247283e054a091e031afca7,WON,,,2026-07-21 08:35:48,2026-07-21T17:25:23.838162+00:00,1.21,1.0,,,,,
12833,baseball,baseball_mlb,Chicago Cubs vs Detroit Tigers,Chicago Cubs,Detroit Tigers,h2h,Chicago Cubs,1.92,0.5204756854058507,0.5204756854058507,0.5531215799835054,0.061993433568330314,0.51,Pinnacle,2026-07-22T00:06:00Z,84.0,611444b6870ae06c673e311a,LOST,,,2026-07-21 08:35:48,2026-07-21T17:25:23.838250+00:00,-0.51,-1.0,,,,,
12839,baseball,baseball_mlb,Texas Rangers vs Chicago White Sox,Texas Rangers,Chicago White Sox,h2h,Chicago White Sox,2.0,0.4628483716800492,0.4628483716800492,0.562270705889129,0.12454141177825795,0.93,Unibet (FR),2026-07-22T00:06:00Z,94.0,669404a80baf88f75cee4cd1,WON,,,2026-07-21 08:35:49,2026-07-21T17:25:23.838315+00:00,0.93,1.0,,,,,
12855,baseball,baseball_mlb,Houston Astros vs Miami Marlins,Houston Astros,Miami Marlins,h2h,Houston Astros,1.83,0.5347557196666081,0.5347557196666081,0.632041956415418,0.1566367802402151,1.42,BetOnline.ag,2026-07-22T00:11:00Z,94.0,c8a95806163d77e2c29d91c1,WON,,,2026-07-21 08:35:49,2026-07-21T17:25:23.838402+00:00,1.1786,0.83,,,,,
12876,baseball,baseball_mlb,Houston Astros vs Miami Marlins,Houston Astros,Miami Marlins,h2h,Miami Marlins,2.15,0.4652442803333919,0.4652442803333919,0.5032780435845822,0.08204779370685156,0.54,Everygame,2026-07-22T00:11:00Z,91.0,09523fb6d3547cac8f9ca015,LOST,,,2026-07-21 08:35:49,2026-07-21T17:25:23.838486+00:00,-0.54,-1.0,,,,,
12879,baseball,baseball_mlb,Colorado Rockies vs Washington Nationals,Colorado Rockies,Washington Nationals,h2h,Colorado Rockies,1.99,0.500015968108151,0.500015968108151,0.5413785062038639,0.0773432273456891,0.59,BetOnline.ag,2026-07-22T00:41:00Z,92.0,9dcf20039dd9119020b37295,LOST,,,2026-07-21 08:35:49,2026-07-21T17:25:23.838555+00:00,-0.59,-1.0,,,,,
12880,baseball,baseball_mlb,Colorado Rockies vs Washington Nationals,Colorado Rockies,Washington Nationals,h2h,Washington Nationals,1.92,0.4999840318918491,0.4999840318918491,0.5871614937961364,0.12735006808858174,1.04,BetOnline.ag,2026-07-22T00:41:00Z,94.0,5f33316d7b7d37bc2c44f4c9,WON,,,2026-07-21 08:35:49,2026-07-21T17:25:23.838641+00:00,0.9568,0.92,,,,,
12906,baseball,baseball_mlb,Los Angeles Angels vs St. Louis Cardinals,Los Angeles Angels,St. Louis Cardinals,h2h,Los Angeles Angels,1.95,0.49822286730696247,0.49822286730696247,0.5601623902069648,0.09231666090358126,0.73,BetOnline.ag,2026-07-22T01:39:00Z,92.0,ee99e3150d2aa8d08bc903c6,WON,,,2026-07-21 08:35:50,2026-07-21T17:25:23.838730+00:00,0.6935,0.95,,,,,
12907,baseball,baseball_mlb,Los Angeles Angels vs St. Louis Cardinals,Los Angeles Angels,St. Louis Cardinals,h2h,St. Louis Cardinals,1.95,0.5017771326930375,0.5017771326930375,0.5722176097930354,0.11582433909641887,0.91,BetOnline.ag,2026-07-22T01:39:00Z,93.0,4e855ae4c81695bddb5853a6,LOST,,,2026-07-21 08:35:50,2026-07-21T17:25:23.838804+00:00,-0.91,-1.0,,,,,
12945,baseball,baseball_mlb,Arizona Diamondbacks vs Athletics,Arizona Diamondbacks,Athletics,h2h,Arizona Diamondbacks,1.73,0.5503408543274716,0.5503408543274716,0.6647294544587254,0.1499819562135951,1.54,Coolbet,2026-07-22T01:41:00Z,95.0,fd0655e6d5c371a0648d9125,LOST,,,2026-07-21 08:35:50,2026-07-21T17:25:23.838894+00:00,-1.54,-1.0,,,,,
12962,baseball,baseball_mlb,Seattle Mariners vs Cincinnati Reds,Seattle Mariners,Cincinnati Reds,h2h,Cincinnati Reds,1.91,0.4907728724268509,0.4907728724268509,0.5935027207101693,0.13359019655642324,1.1,888sport,2026-07-22T01:41:00Z,94.0,bdd35ca639c33b2c86f2abb2,LOST,,,2026-07-21 08:35:51,2026-07-21T17:25:23.839034+00:00,-1.1,-1.0,,,,,
12983,baseball,baseball_mlb,Seattle Mariners vs Cincinnati Reds,Seattle Mariners,Cincinnati Reds,h2h,Seattle Mariners,1.98,0.5092271275731494,0.5092271275731494,0.5440972792898311,0.07731261299386549,0.59,Betfair,2026-07-22T01:41:00Z,84.0,f09799a421a17396704afef1,WON,,,2026-07-21 08:35:51,2026-07-21T17:25:23.839138+00:00,0.5782,0.98,,,,,
12984,baseball,baseball_npb,Tokyo Yakult Swallows vs Chunichi Dragons,Tokyo Yakult Swallows,Chunichi Dragons,h2h,Chunichi Dragons,2.25,0.44869499676821784,0.44869499676821784,0.47995514751152774,0.07989908190093731,0.48,Pinnacle,2026-07-21T09:00:00Z,83.0,f642077c52e3dec3f9e346d8,OPEN,,,2026-07-21 08:35:51,,0.0,0.0,,,,,
12986,baseball,baseball_npb,Fukuoka SoftBank Hawks vs Orix Buffaloes,Fukuoka SoftBank Hawks,Orix Buffaloes,h2h,Orix Buffaloes,2.5,0.4059431827198259,0.4059431827198259,0.43320625069426594,0.08301562673566476,0.42,Pinnacle,2026-07-21T09:00:00Z,83.0,0ebaf8a3b0866fba6200a4ed,OPEN,,,2026-07-21 08:35:51,,0.0,0.0,,,,,
12988,baseball,baseball_npb,Hanshin Tigers vs Yokohama DeNA BayStars,Hanshin Tigers,Yokohama DeNA BayStars,h2h,Hanshin Tigers,1.78,0.5602032166399472,0.5602032166399472,0.6008564768127593,0.06952452872671167,0.67,Pinnacle,2026-07-21T09:00:00Z,81.0,3975c54510ba72fcec137622,OPEN,,,2026-07-21 08:35:52,,0.0,0.0,,,,,
12989,baseball,baseball_kbo,KT Wiz vs Doosan Bears,KT Wiz,Doosan Bears,h2h,Doosan Bears,1.73,0.5733243066932868,0.5733243066932868,0.6129697161538309,0.060437608946127375,0.62,1xBet,2026-07-21T09:30:00Z,77.0,0c922374660f12e45e1d4737,OPEN,,,2026-07-21 08:35:52,,0.0,0.0,,,,,
12990,baseball,baseball_kbo,Lotte Giants vs SSG Landers,Lotte Giants,SSG Landers,h2h,SSG Landers,2.3,0.4333652790129615,0.4333652790129615,0.46257126483998035,0.06391390913195472,0.37,Tipico,2026-07-21T09:30:00Z,77.0,0dbe3f009858a4b440989d20,OPEN,,,2026-07-21 08:35:53,,0.0,0.0,,,,,
13020,football,MLS,Austin FC vs Seattle Sounders FC,Austin FC,Seattle Sounders FC,h2h,Austin FC,3.6,0.31806647976363145,0.2790232582854698,0.3002662914265168,0.08095864913546036,0.23,LeoVegas (SE),2026-07-23T01:30:00Z,7.339711130620835,79f73cc994ac42a0b20452c4,WON,,,2026-07-21 08:36:07,2026-07-23T08:37:11Z,0.0,0.0,3,1,3-1,the_odds_api_scores,fe8b159820312a859ce06a8c062fb6d4
13027,football,Argentina Primera Division,River Plate vs Barracas Central,River Plate,Barracas Central,h2h,Draw,4.5,0.24704246081236553,0.23413609136665792,0.24121202920717966,0.08545413143230851,0.18,Unibet (SE),2026-07-25T22:15:00Z,7.6403592081850755,aff71449b4e204a833f7563a,LOST,,,2026-07-21 08:36:10,2026-07-26T07:01:58Z,0.0,0.0,0,1,0-1,the_odds_api_scores,fc75af22ab986f3c515b9462745a1135
13030,hockey,icehockey_nhl,Carolina Hurricanes vs Florida Panthers,Carolina Hurricanes,Florida Panthers,h2h,Carolina Hurricanes,2.36,0.45288653217324504,0.45288653217324504,0.48509350405939905,0.1448206695801817,0.8,1xBet,2026-09-29T21:10:00Z,14.48206695801817,0078a4ed1ff42c72e6210c9e,,,,2026-07-21 17:25:25,,0.0,0.0,,,,,
13031,hockey,icehockey_nhl,Carolina Hurricanes vs Florida Panthers,Carolina Hurricanes,Florida Panthers,h2h,Carolina Hurricanes,2.32,0.45288653217324504,0.45288653217324504,0.48692350405939905,0.12966252941780576,0.74,Marathon Bet,2026-09-29T21:10:00Z,12.966252941780576,74c04caa5de7955869ecb153,,,,2026-07-21 17:25:25,,0.0,0.0,,,,,
13032,hockey,icehockey_nhl,Carolina Hurricanes vs Florida Panthers,Carolina Hurricanes,Florida Panthers,h2h,Carolina Hurricanes,2.33,0.45288653217324504,0.45288653217324504,0.48809350405939905,0.13725786445839994,0.77,Unibet (SE),2026-09-29T21:10:00Z,13.725786445839994,abbbd38e9d44fa29a4e23621,,,,2026-07-21 17:25:25,,0.0,0.0,,,,,
13033,hockey,icehockey_nhl,Carolina Hurricanes vs Florida Panthers,Carolina Hurricanes,Florida Panthers,h2h,Carolina Hurricanes,2.33,0.45288653217324504,0.45288653217324504,0.48827350405939907,0.1376772644583999,0.78,LeoVegas (SE),2026-09-29T21:10:00Z,13.76772644583999,a5f158ed4ac30bca9ce1956c,,,,2026-07-21 17:25:25,,0.0,0.0,,,,,
13034,hockey,icehockey_nhl,Carolina Hurricanes vs Florida Panthers,Carolina Hurricanes,Florida Panthers,h2h,Carolina Hurricanes,2.33,0.45288653217324504,0.45288653217324504,0.48518350405939903,0.13047756445839975,0.74,Unibet (NL),2026-09-29T21:10:00Z,13.047756445839976,82b4d2a189916f4955d8ab00,,,,2026-07-21 17:25:25,,0.0,0.0,,,,,
13035,hockey,icehockey_nhl,Toronto Maple Leafs vs Montréal Canadiens,Toronto Maple Leafs,Montréal Canadiens,h2h,Montréal Canadiens,2.54,0.4176687477316347,0.4176687477316347,0.4182781234121443,0.06242643346684651,0.3,1xBet,2026-09-29T23:10:00Z,6.242643346684651,e6bbb9b2dfb3eccfd1998d81,,,,2026-07-21 17:25:25,,0.0,0.0,,,,,
13036,hockey,icehockey_nhl,Toronto Maple Leafs vs Montréal Canadiens,Toronto Maple Leafs,Montréal Canadiens,h2h,Toronto Maple Leafs,2.49,0.4329021833452158,0.4329021833452158,0.4315215283416511,0.07448860557071124,0.37,1xBet,2026-09-29T23:10:00Z,7.448860557071124,7b3787e24d12080cd5ab42b2,,,,2026-07-21 17:25:25,,0.0,0.0,,,,,
13037,hockey,icehockey_nhl,Toronto Maple Leafs vs Montréal Canadiens,Toronto Maple Leafs,Montréal Canadiens,h2h,Montréal Canadiens,2.6,0.4176687477316347,0.4176687477316347,0.4189081234121443,0.08916112087157524,0.42,Unibet (SE),2026-09-29T23:10:00Z,8.916112087157524,94540a552590f2280a2b2648,,,,2026-07-21 17:25:25,,0.0,0.0,,,,,
13038,hockey,icehockey_nhl,Toronto Maple Leafs vs Montréal Canadiens,Toronto Maple Leafs,Montréal Canadiens,h2h,Montréal Canadiens,2.6,0.4176687477316347,0.4176687477316347,0.4188481234121443,0.0890051208715752,0.42,LeoVegas (SE),2026-09-29T23:10:00Z,8.90051208715752,8fd445f9d821c696c3cfe93e,,,,2026-07-21 17:25:25,,0.0,0.0,,,,,
13039,hockey,icehockey_nhl,Toronto Maple Leafs vs Montréal Canadiens,Toronto Maple Leafs,Montréal Canadiens,h2h,Montréal Canadiens,2.6,0.4176687477316347,0.4176687477316347,0.4174381234121443,0.08533912087157525,0.4,Unibet (NL),2026-09-29T23:10:00Z,8.533912087157525,0de50b855b27194fbcf80f52,,,,2026-07-21 17:25:25,,0.0,0.0,,,,,
13040,hockey,icehockey_nhl,Boston Bruins vs New York Rangers,Boston Bruins,New York Rangers,h2h,Boston Bruins,2.35,0.4537164019775099,0.4537164019775099,0.4518514813842569,0.0618509812530037,0.34,1xBet,2026-09-30T00:10:00Z,6.18509812530037,6016a0d893f6ce41006cb7f8,,,,2026-07-21 17:25:25,,0.0,0.0,,,,,
13041,hockey,icehockey_nhl,Boston Bruins vs New York Rangers,Boston Bruins,New York Rangers,h2h,New York Rangers,2.72,0.3941758067104755,0.3941758067104755,0.39274306469733283,0.06826113597674532,0.3,1xBet,2026-09-30T00:10:00Z,6.826113597674532,a869754de9321f9ce8e9c578,,,,2026-07-21 17:25:25,,0.0,0.0,,,,,
13042,hockey,icehockey_nhl,Boston Bruins vs New York Rangers,Boston Bruins,New York Rangers,h2h,Boston Bruins,2.43,0.4537164019775099,0.4537164019775099,0.4547914813842569,0.10514329976374426,0.55,Unibet (SE),2026-09-30T00:10:00Z,10.514329976374427,9606bcb49a6d09b48fec4aec,,,,2026-07-21 17:25:25,,0.0,0.0,,,,,
13043,hockey,icehockey_nhl,Boston Bruins vs New York Rangers,Boston Bruins,New York Rangers,h2h,Boston Bruins,2.43,0.4537164019775099,0.4537164019775099,0.45467148138425695,0.10485169976374453,0.55,LeoVegas (SE),2026-09-30T00:10:00Z,10.485169976374454,a6a07266bc9c21a91d4a11e6,,,,2026-07-21 17:25:25,,0.0,0.0,,,,,
13044,hockey,icehockey_nhl,Boston Bruins vs New York Rangers,Boston Bruins,New York Rangers,h2h,Boston Bruins,2.43,0.4537164019775099,0.4537164019775099,0.4556914813842569,0.10733029976374442,0.56,Unibet (NL),2026-09-30T00:10:00Z,10.733029976374443,fb200ca2fd369c66288da567,,,,2026-07-21 17:25:25,,0.0,0.0,,,,,
13045,hockey,icehockey_nhl,Vegas Golden Knights vs Chicago Blackhawks,Vegas Golden Knights,Chicago Blackhawks,h2h,Chicago Blackhawks,3.85,0.2563128906805093,0.2563128906805093,0.289291955014484,0.11377402680576343,0.3,Unibet (FR),2026-09-30T02:40:00Z,11.377402680576342,a106bf89fe52dca2966f33e3,,,,2026-07-21 17:25:26,,0.0,0.0,,,,,
13046,hockey,icehockey_nhl,Vegas Golden Knights vs Chicago Blackhawks,Vegas Golden Knights,Chicago Blackhawks,h2h,Chicago Blackhawks,3.85,0.2563128906805093,0.2563128906805093,0.287011955014484,0.10499602680576348,0.28,Betclic (FR),2026-09-30T02:40:00Z,10.499602680576348,e23bc9f219cb6adec173bc78,,,,2026-07-21 17:25:26,,0.0,0.0,,,,,
13049,hockey,icehockey_nhl,Vegas Golden Knights vs Chicago Blackhawks,Vegas Golden Knights,Chicago Blackhawks,h2h,Draw,4.4,0.21411015486732407,0.21411015486732407,0.24889003994525435,0.09511617575911924,0.21,Unibet (SE),2026-09-30T02:40:00Z,9.511617575911924,58fec5a42b0d39e14c3ab8ed,,,,2026-07-21 17:25:26,,0.0,0.0,,,,,
13050,hockey,icehockey_nhl,Vegas Golden Knights vs Chicago Blackhawks,Vegas Golden Knights,Chicago Blackhawks,h2h,Draw,4.4,0.21411015486732407,0.21411015486732407,0.24742003994525438,0.08864817575911932,0.2,LeoVegas (SE),2026-09-30T02:40:00Z,8.864817575911932,137b954687f0bc6f7cc19911,,,,2026-07-21 17:25:26,,0.0,0.0,,,,,
13051,hockey,icehockey_nhl,Vegas Golden Knights vs Chicago Blackhawks,Vegas Golden Knights,Chicago Blackhawks,h2h,Draw,4.35,0.21411015486732407,0.21411015486732407,0.24952003994525435,0.08541217376185628,0.19,Unibet (NL),2026-09-30T02:40:00Z,8.541217376185628,66334c812ba85f5bf9e692da,,,,2026-07-21 17:25:26,,0.0,0.0,,,,,
13297,baseball,baseball_mlb,Texas Rangers vs Chicago White Sox,Texas Rangers,Chicago White Sox,h2h,Texas Rangers,1.86,0.5397453717940727,0.5397453717940727,0.5705661861757708,0.0612531062869337,0.53,Matchbook,2026-07-22T00:06:00Z,83.0,e306f9000bb94e34e0bccd7c,LOST,,,2026-07-21 17:25:35,2026-07-22T08:35:24.111272+00:00,-0.53,-1.0,,,,,
13418,baseball,baseball_npb,Hanshin Tigers vs Yokohama DeNA BayStars,Hanshin Tigers,Yokohama DeNA BayStars,h2h,Yokohama DeNA BayStars,2.88,0.3513975183480016,0.3513975183480016,0.37112665433034986,0.06884476447140764,0.27,Pinnacle,2026-07-22T09:00:00Z,77.0,bfe214c9dd870e293fe6d7da,OPEN,,,2026-07-21 17:25:39,,0.0,0.0,,,,,
13419,football,La Liga,Sevilla vs Rayo Vallecano,Sevilla,Rayo Vallecano,h2h,Rayo Vallecano,3.65,0.2980469879791757,0.28477787083471523,0.29201312373829946,0.06584790164479304,0.19,Betfair,2026-08-15T19:30:00Z,5.629995590629804,f31e8578c7a71a499f158e11,LOST,,,2026-07-21 17:25:46,2026-08-16T03:07:00Z,0.0,0.0,2,1,2-1,the_odds_api_scores,90a7c2b1668f47eaf38c10c7b49ac166
13448,football,MLS,Columbus Crew SC vs FC Cincinnati,Columbus Crew SC,FC Cincinnati,h2h,FC Cincinnati,4.25,0.2700910477141455,0.24551306172706902,0.25887676253359404,0.10022624076777475,0.23,1xBet,2026-07-25T23:15:00Z,8.885056244063232,6ed54dde7268e26903a151ee,LOST,,,2026-07-21 17:25:58,2026-07-26T08:32:37Z,0.0,0.0,2,1,2-1,the_odds_api_scores,fabf7995a0be90edd0e8a5db4ed9e94f
13450,football,MLS,CF Montreal vs Inter Miami CF,CF Montreal,Inter Miami CF,h2h,Draw,4.2,0.2566519303195437,0.24944597209640795,0.253402516031341,0.0642905673316323,0.15,Coolbet,2026-07-25T23:30:00Z,5.767056761349412,e63f905b7ea10523f1c54b7a,LOST,,,2026-07-21 17:25:58,2026-07-26T08:32:37Z,0.0,0.0,0,1,0-1,the_odds_api_scores,b7738cc4de1ac068864d1c3091aac8a6
13452,football,Brazil Serie A,Atletico Mineiro vs Bahia,Atletico Mineiro,Bahia,h2h,Bahia,4.1,0.27661033998874895,0.24925145513661812,0.2641947408437787,0.08319843745949251,0.2,Betfair,2026-07-21T22:30:00Z,7.085723883815742,d9dd9246c4b87b92205a0774,LOST,,,2026-07-21 17:25:59,2026-07-22T05:56:23Z,0.0,0.0,1,1,1-1,the_odds_api_scores,f4080730439de4ccf01dadabc9a7ccc6
13455,hockey,icehockey_nhl,Carolina Hurricanes vs Florida Panthers,Carolina Hurricanes,Florida Panthers,h2h,Carolina Hurricanes,2.18,0.45288653217324504,0.45288653217324504,0.48629350405939903,0.060119838849489904,0.38,Betclic (FR),2026-09-29T21:10:00Z,6.01198388494899,caea055bf9addfd2dbe20a9e,,,,2026-07-22 08:35:25,,0.0,0.0,,,,,
13499,baseball,baseball_mlb,New York Yankees vs Pittsburgh Pirates,New York Yankees,Pittsburgh Pirates,h2h,New York Yankees,1.6,0.5977500642387897,0.5977500642387897,0.6960330159109793,0.11365282545756705,1.42,888sport,2026-07-22T17:06:00Z,94.0,02a51c15099dd1778edd258a,WON,,,2026-07-22 08:35:29,2026-07-22T17:24:29.099690+00:00,0.852,0.6,,,,,
13517,baseball,baseball_mlb,New York Yankees vs Pittsburgh Pirates,New York Yankees,Pittsburgh Pirates,h2h,Pittsburgh Pirates,2.44,0.40224993576121026,0.40224993576121026,0.43579378408902086,0.06333683317721084,0.33,GTbets,2026-07-22T17:06:00Z,83.0,81011ecd1176ff24d2016054,LOST,,,2026-07-22 08:35:29,2026-07-22T17:24:29.099740+00:00,-0.33,-1.0,,,,,
13522,baseball,baseball_mlb,Boston Red Sox vs Baltimore Orioles,Boston Red Sox,Baltimore Orioles,h2h,Boston Red Sox,1.71,0.5593442715970526,0.5593442715970526,0.6544951362123025,0.11918668292303725,1.26,888sport,2026-07-22T17:36:00Z,94.0,249586c716fe3909dd8e080d,WON,,,2026-07-22 08:35:29,2026-07-22T17:24:29.099782+00:00,0.8946,0.71,,,,,
13526,baseball,baseball_mlb,Boston Red Sox vs Baltimore Orioles,Boston Red Sox,Baltimore Orioles,h2h,Baltimore Orioles,2.24,0.4406557284029476,0.4406557284029476,0.47661166378769776,0.06761012688444312,0.41,1xBet,2026-07-22T17:36:00Z,83.0,1112db5290d34df2d77c3a1c,LOST,,,2026-07-22 08:35:29,2026-07-22T17:24:29.099825+00:00,-0.41,-1.0,,,,,
13544,baseball,baseball_mlb,Kansas City Royals vs San Francisco Giants,Kansas City Royals,San Francisco Giants,h2h,San Francisco Giants,1.8,0.5213897764148346,0.5213897764148346,0.6254483505904435,0.12580703106279834,1.18,888sport,2026-07-22T18:11:00Z,94.0,db4171637b269ac1a27251c6,LOST,,,2026-07-22 08:35:30,2026-07-22T17:24:29.099872+00:00,-1.18,-1.0,,,,,
13566,baseball,baseball_mlb,Milwaukee Brewers vs New York Mets,Milwaukee Brewers,New York Mets,h2h,Milwaukee Brewers,1.72,0.5664771824467325,0.5664771824467325,0.6821534341339383,0.17330390671037388,1.81,BetOnline.ag,2026-07-22T18:11:00Z,96.0,697adb4e0fe7bb5e28971646,WON,,,2026-07-22 08:35:30,2026-07-22T17:24:29.099920+00:00,1.3032,0.72,,,,,
13589,baseball,baseball_mlb,Colorado Rockies vs Washington Nationals,Colorado Rockies,Washington Nationals,h2h,Washington Nationals,1.75,0.552055343175161,0.552055343175161,0.6577434379215441,0.15105101636270213,1.51,BetOnline.ag,2026-07-22T19:11:00Z,95.0,e3692ff8ca544d06a78595e9,WON,,,2026-07-22 08:35:31,2026-07-22T17:24:29.099973+00:00,1.1325,0.75,,,,,
13612,baseball,baseball_mlb,Arizona Diamondbacks vs Athletics,Arizona Diamondbacks,Athletics,h2h,Arizona Diamondbacks,1.89,0.517563378096109,0.517563378096109,0.6232926818142749,0.1780231686289795,1.5,GTbets,2026-07-22T19:41:00Z,96.0,1d8c60018bff9ecaa766b0db,LOST,,,2026-07-22 08:35:31,2026-07-22T17:24:29.100028+00:00,-1.5,-1.0,,,,,
13632,baseball,baseball_mlb,Seattle Mariners vs Cincinnati Reds,Seattle Mariners,Cincinnati Reds,h2h,Cincinnati Reds,2.2,0.42109509449215843,0.42109509449215843,0.5121801032185197,0.12679622708074345,0.79,Unibet (FR),2026-07-22T19:41:00Z,92.0,859ea8469aafa806afa9461c,LOST,,,2026-07-22 08:35:32,2026-07-22T17:24:29.100084+00:00,-0.79,-1.0,,,,,
13647,baseball,baseball_mlb,Los Angeles Angels vs St. Louis Cardinals,Los Angeles Angels,St. Louis Cardinals,h2h,Los Angeles Angels,1.87,0.5217413248534225,0.5217413248534225,0.5994430517570901,0.12095850678575859,1.04,GTbets,2026-07-22T20:08:00Z,94.0,8e7137d61e267b21eea8f9b3,WON,,,2026-07-22 08:35:32,2026-07-22T17:24:29.100143+00:00,0.9048,0.87,,,,,
13648,baseball,baseball_mlb,Los Angeles Angels vs St. Louis Cardinals,Los Angeles Angels,St. Louis Cardinals,h2h,St. Louis Cardinals,2.05,0.4782586751465776,0.4782586751465776,0.5332837482429102,0.09323168389796588,0.67,GTbets,2026-07-22T20:08:00Z,92.0,bfc7576d50c1074fffff48d0,LOST,,,2026-07-22 08:35:32,2026-07-22T17:24:29.100201+00:00,-0.67,-1.0,,,,,
13685,baseball,baseball_mlb,Philadelphia Phillies vs Los Angeles Dodgers,Philadelphia Phillies,Los Angeles Dodgers,h2h,Los Angeles Dodgers,1.87,0.5210259835416703,0.5210259835416703,0.5890731416300936,0.10156677484827514,0.88,BetOnline.ag,2026-07-22T22:40:00Z,93.0,efdb353781589a5b8a899305,LOST,,,2026-07-22 08:35:33,2026-07-22T17:24:29.100241+00:00,-0.88,-1.0,,,,,
13686,baseball,baseball_mlb,Philadelphia Phillies vs Los Angeles Dodgers,Philadelphia Phillies,Los Angeles Dodgers,h2h,Philadelphia Phillies,2.04,0.4789740164583298,0.4789740164583298,0.5410736583699066,0.10379026307460948,0.75,BetOnline.ag,2026-07-22T22:40:00Z,93.0,c14a70c662a04fc398164a3c,WON,,,2026-07-22 08:35:33,2026-07-22T17:24:29.100280+00:00,0.78,1.04,,,,,
13721,baseball,baseball_mlb,Cleveland Guardians vs Minnesota Twins,Cleveland Guardians,Minnesota Twins,h2h,Cleveland Guardians,1.75,0.5311721646749232,0.5311721646749232,0.641307114599379,0.1222874505489131,1.22,888sport,2026-07-22T22:41:00Z,94.0,0a5df117e96b33146b993a80,WON,,,2026-07-22 08:35:33,2026-07-22T17:24:29.100313+00:00,0.915,0.75,,,,,
13739,baseball,baseball_mlb,New York Yankees vs Pittsburgh Pirates,New York Yankees,Pittsburgh Pirates,h2h,New York Yankees,1.62,0.6218867701891695,0.6218867701891695,0.7245249564099785,0.17373042938416527,2.1,BetOnline.ag,2026-07-22T23:05:00Z,96.0,d5639767b3a00e87dd178962,WON,,,2026-07-22 08:35:34,2026-07-22T17:24:29.100347+00:00,1.302,0.62,,,,,
13756,baseball,baseball_mlb,New York Yankees vs Pittsburgh Pirates,New York Yankees,Pittsburgh Pirates,h2h,Pittsburgh Pirates,2.5,0.3980139261166638,0.3980139261166638,0.4283781637998568,0.07094540949964201,0.35,BetAnything,2026-07-22T23:05:00Z,85.0,e708bea1db5bababb037a244,LOST,,,2026-07-22 08:35:34,2026-07-22T17:24:29.100382+00:00,-0.35,-1.0,,,,,
13758,baseball,baseball_mlb,Toronto Blue Jays vs Tampa Bay Rays,Toronto Blue Jays,Tampa Bay Rays,h2h,Tampa Bay Rays,1.91,0.49375917746256165,0.49375917746256165,0.5842915456114706,0.11599685211790867,0.96,888sport,2026-07-22T23:08:00Z,93.0,41a3bd7c54707c26a7e1415f,WON,,,2026-07-22 08:35:34,2026-07-22T17:24:29.100451+00:00,0.8736,0.91,,,,,
13780,baseball,baseball_mlb,Boston Red Sox vs Baltimore Orioles,Boston Red Sox,Baltimore Orioles,h2h,Baltimore Orioles,2.3,0.43103846251069267,0.43103846251069267,0.46529994090833054,0.07018986408916028,0.4,BetOnline.ag,2026-07-22T23:10:00Z,91.0,85d30e301b2910f7081cef6b,LOST,,,2026-07-22 08:35:34,2026-07-22T17:24:29.100528+00:00,-0.4,-1.0,,,,,
13781,baseball,baseball_mlb,Boston Red Sox vs Baltimore Orioles,Boston Red Sox,Baltimore Orioles,h2h,Boston Red Sox,1.7,0.5689615374893073,0.5689615374893073,0.6667968590916695,0.1335546604558382,1.43,BetOnline.ag,2026-07-22T23:10:00Z,95.0,a5885cf9c49bfde0ca9aaef9,WON,,,2026-07-22 08:35:34,2026-07-22T17:24:29.100569+00:00,1.001,0.7,,,,,
13797,baseball,baseball_mlb,Atlanta Braves vs San Diego Padres,Atlanta Braves,San Diego Padres,h2h,Atlanta Braves,1.8,0.5205230371836518,0.5205230371836518,0.632259011806481,0.1380662212516659,1.29,888sport,2026-07-22T23:16:00Z,95.0,04eb3bed5d2c38ab7552c367,WON,,,2026-07-22 08:35:35,2026-07-22T17:24:29.100606+00:00,1.032,0.8,,,,,
13815,baseball,baseball_mlb,Chicago Cubs vs Detroit Tigers,Chicago Cubs,Detroit Tigers,h2h,Detroit Tigers,2.0,0.4837372815421719,0.4837372815421719,0.5808491594838093,0.16169831896761866,1.21,GTbets,2026-07-23T00:06:00Z,95.0,c1486070ac841f11a93ee562,WON,,,2026-07-22 08:35:35,2026-07-22T17:24:29.100649+00:00,1.21,1.0,,,,,
13833,baseball,baseball_mlb,Texas Rangers vs Chicago White Sox,Texas Rangers,Chicago White Sox,h2h,Chicago White Sox,1.97,0.49537576443595727,0.49537576443595727,0.5960283647335323,0.17417587852505845,1.35,GTbets,2026-07-23T00:06:00Z,95.0,b6ee55fb5c8515fd985696ca,WON,,,2026-07-22 08:35:36,2026-07-22T17:24:29.100690+00:00,1.3095,0.97,,,,,
13842,baseball,baseball_mlb,Texas Rangers vs Chicago White Sox,Texas Rangers,Chicago White Sox,h2h,Texas Rangers,1.99,0.5046242355640428,0.5046242355640428,0.5335184352664678,0.06170168618027083,0.47,Matchbook,2026-07-23T00:06:00Z,83.0,01998a7341ed77dafefbf59b,LOST,,,2026-07-22 08:35:36,2026-07-22T17:24:29.100731+00:00,-0.47,-1.0,,,,,
13856,baseball,baseball_mlb,Houston Astros vs Miami Marlins,Houston Astros,Miami Marlins,h2h,Houston Astros,1.8,0.5220590248116773,0.5220590248116773,0.6248315747556484,0.12469683456016711,1.17,888sport,2026-07-23T00:11:00Z,94.0,bf0e485aa863f137496e56c4,WON,,,2026-07-22 08:35:36,2026-07-22T17:24:29.100772+00:00,0.936,0.8,,,,,
13879,baseball,baseball_npb,Tokyo Yakult Swallows vs Chunichi Dragons,Tokyo Yakult Swallows,Chunichi Dragons,h2h,Tokyo Yakult Swallows,2.03,0.4964056270671694,0.4964056270671694,0.5323978681760371,0.08076767239735516,0.59,BetOnline.ag,2026-07-22T09:00:00Z,89.0,6a2f357681e8a123698794c7,OPEN,,,2026-07-22 08:35:40,,0.0,0.0,,,,,
13881,baseball,baseball_npb,Fukuoka SoftBank Hawks vs Orix Buffaloes,Fukuoka SoftBank Hawks,Orix Buffaloes,h2h,Orix Buffaloes,2.69,0.38526132104600064,0.38526132104600064,0.4078979147710097,0.09724539073401606,0.43,Pinnacle,2026-07-22T09:00:00Z,89.0,7700fa823c1ee75eab068941,OPEN,,,2026-07-22 08:35:41,,0.0,0.0,,,,,
13883,baseball,baseball_kbo,KT Wiz vs Doosan Bears,KT Wiz,Doosan Bears,h2h,KT Wiz,2.3,0.4362781259031869,0.4362781259031869,0.468642288631563,0.07787726385259486,0.45,BetOnline.ag,2026-07-22T09:30:00Z,87.0,133a2564df3ab18b2b99a53c,OPEN,,,2026-07-22 08:35:44,,0.0,0.0,,,,,
13884,baseball,baseball_kbo,Kiwoom Heroes vs Samsung Lions,Kiwoom Heroes,Samsung Lions,h2h,Samsung Lions,1.83,0.5451213652090416,0.5451213652090416,0.5801839643085401,0.06173665468462852,0.56,1xBet,2026-07-22T09:30:00Z,76.0,f023d5d03730274545d6a3dc,OPEN,,,2026-07-22 08:35:45,,0.0,0.0,,,,,
13885,baseball,baseball_kbo,Kiwoom Heroes vs Samsung Lions,Kiwoom Heroes,Samsung Lions,h2h,Kiwoom Heroes,2.2,0.4548786347909584,0.4548786347909584,0.4876460356914599,0.0728212785212119,0.46,BetOnline.ag,2026-07-22T09:30:00Z,85.0,3c63247d4c693a6008a9b959,OPEN,,,2026-07-22 08:35:45,,0.0,0.0,,,,,
13899,hockey,icehockey_nhl,Boston Bruins vs New York Rangers,Boston Bruins,New York Rangers,h2h,New York Rangers,2.71,0.3942362077688709,0.3942362077688709,0.39605534543820964,0.07330998613754813,0.32,1xBet,2026-09-30T00:10:00Z,7.330998613754813,2a3ea3dc7f0ff17d8804cb47,,,,2026-07-22 17:24:31,,0.0,0.0,,,,,
14287,baseball,baseball_npb,Fukuoka SoftBank Hawks vs Orix Buffaloes,Fukuoka SoftBank Hawks,Orix Buffaloes,h2h,Orix Buffaloes,2.84,0.354029302443375,0.354029302443375,0.37474739622483444,0.06428260527852969,0.26,Pinnacle,2026-07-23T09:00:00Z,76.0,6bcca3ae09fcf296e853900d,OPEN,,,2026-07-22 17:24:45,,0.0,0.0,,,,,
14306,football,Eliteserien,Sarpsborg FK vs HamKam,Sarpsborg FK,HamKam,h2h,HamKam,4.39,0.2613431007253591,0.24602227441536711,0.25509158212730676,0.11985204553887652,0.27,1xBet,2026-07-26T15:00:00Z,10.446213201613867,ce750d434fac87dcbbb2e09c,LOST,,,2026-07-22 17:25:01,2026-07-26T17:07:43Z,0.0,0.0,1,0,1-0,the_odds_api_scores,a7d222492041d1b3793328aa919fcd9b
14312,football,MLS,Columbus Crew SC vs New York City FC,Columbus Crew SC,New York City FC,h2h,New York City FC,4.2,0.2725411433782925,0.24930450357690515,0.26196354011676437,0.10024686849041031,0.23,Betfair,2026-07-22T23:30:00Z,8.571107255930082,27bdfcf0b74617575c88f66d,WON,,,2026-07-22 17:25:03,2026-07-23T08:37:11Z,0.0,0.0,1,2,1-2,the_odds_api_scores,91e73da1636862fccf59fbf2e745e7cf
14325,hockey,icehockey_nhl,Boston Bruins vs New York Rangers,Boston Bruins,New York Rangers,h2h,Boston Bruins,2.34,0.45398219090200465,0.45398219090200465,0.45470753363140326,0.06401562869748356,0.36,1xBet,2026-09-30T00:10:00Z,6.401562869748356,4ba3d5e7de321601f097a71e,,,,2026-07-23 08:36:36,,0.0,0.0,,,,,
14326,hockey,icehockey_nhl,Boston Bruins vs New York Rangers,Boston Bruins,New York Rangers,h2h,New York Rangers,2.73,0.3939030996979486,0.3939030996979486,0.39486216978856403,0.07797372352277976,0.34,1xBet,2026-09-30T00:10:00Z,7.797372352277976,896f784c31315e4e52241ee1,,,,2026-07-23 08:36:36,,0.0,0.0,,,,,
14327,hockey,icehockey_nhl,Boston Bruins vs New York Rangers,Boston Bruins,New York Rangers,h2h,New York Rangers,2.69,0.3939030996979486,0.3939030996979486,0.39510216978856405,0.06282483673123718,0.28,Marathon Bet,2026-09-30T00:10:00Z,6.282483673123718,89e1a217fd9c56cc45d1d038,,,,2026-07-23 08:36:36,,0.0,0.0,,,,,
14360,mma,mma_mixed_martial_arts,Dustin Jacoby vs Muhammad Said,Dustin Jacoby,Muhammad Said,h2h,Muhammad Said,2.3,0.46390113221481916,0.46390113221481916,0.46437316830334213,0.06805828709768691,0.39,BetAnything,2026-07-25T15:15:00Z,6.775243301935332,389134156c7fefb0ed32dea9,WON,,,2026-07-23 08:36:40,2026-07-26T08:32:15.982037+00:00,0.507,1.3,,,,,
14368,baseball,baseball_mlb,Atlanta Braves vs San Diego Padres,Atlanta Braves,San Diego Padres,h2h,Atlanta Braves,1.43,0.6894377132860651,0.6894377132860651,0.8206624023686918,0.17354723538722916,3.03,BetOnline.ag,2026-07-23T16:16:00Z,97.0,ddb85fdc3d9a58f93d3df20c,WON,,,2026-07-23 08:36:41,2026-07-23T17:27:00.737347+00:00,1.3029,0.43,,,,,
14391,baseball,baseball_mlb,Cleveland Guardians vs Minnesota Twins,Cleveland Guardians,Minnesota Twins,h2h,Cleveland Guardians,1.74,0.5605474443577102,0.5605474443577102,0.6769372547278718,0.17787082322649694,1.8,BetOnline.ag,2026-07-23T17:11:00Z,97.0,b12f8be9ca3cff56c28f9a12,WON,,,2026-07-23 08:36:41,2026-07-23T17:27:00.737367+00:00,1.332,0.74,,,,,
14409,baseball,baseball_mlb,Toronto Blue Jays vs Tampa Bay Rays,Toronto Blue Jays,Tampa Bay Rays,h2h,Tampa Bay Rays,1.99,0.49276564832308245,0.49276564832308245,0.5914352773279886,0.17695620188269734,1.34,BetOnline.ag,2026-07-23T19:08:00Z,95.0,3eeb20f043a94a9e2801f8e4,WON,,,2026-07-23 08:36:42,2026-07-23T17:27:00.737378+00:00,1.3266,0.99,,,,,
14429,baseball,baseball_mlb,St. Louis Cardinals vs Arizona Diamondbacks,St. Louis Cardinals,Arizona Diamondbacks,h2h,Arizona Diamondbacks,2.08,0.4706048319351473,0.4706048319351473,0.512847546372842,0.06672289645551155,0.46,BetOnline.ag,2026-07-23T21:16:00Z,91.0,5066f8a8ed1e11b9c828b736,WON,,,2026-07-23 08:36:42,2026-07-24T08:33:07.436966+00:00,0.4968,1.08,,,,,
14430,baseball,baseball_mlb,St. Louis Cardinals vs Arizona Diamondbacks,St. Louis Cardinals,Arizona Diamondbacks,h2h,St. Louis Cardinals,1.84,0.5293951680648528,0.5293951680648528,0.622532453627158,0.1454597146739709,1.3,BetOnline.ag,2026-07-23T21:16:00Z,94.0,e1965399b10efa3f98cdee04,LOST,,,2026-07-23 08:36:42,2026-07-24T08:33:07.437032+00:00,-1.3,-1.0,,,,,
14456,baseball,baseball_mlb,Detroit Tigers vs Kansas City Royals,Detroit Tigers,Kansas City Royals,h2h,Detroit Tigers,1.51,0.6466617209110689,0.6466617209110689,0.774979887109645,0.17021962953556402,2.5,BetOnline.ag,2026-07-23T22:41:00Z,96.0,761c415544570139a9c139ac,WON,,,2026-07-23 08:36:42,2026-07-24T08:33:07.437086+00:00,1.275,0.51,,,,,
14478,baseball,baseball_npb,Chiba Lotte Marines vs Tohoku Rakuten Golden Eagles,Chiba Lotte Marines,Tohoku Rakuten Golden Eagles,h2h,Chiba Lotte Marines,2.12,0.4711053918090869,0.4711053918090869,0.505371151692997,0.07138684158915365,0.48,BetOnline.ag,2026-07-23T09:00:00Z,86.0,3c33fa84317df7ce3e9207c7,OPEN,,,2026-07-23 08:36:46,,0.0,0.0,,,,,
14479,baseball,baseball_npb,Saitama Seibu Lions vs Hokkaido Nippon-Ham Fighters,Saitama Seibu Lions,Hokkaido Nippon-Ham Fighters,h2h,Saitama Seibu Lions,2.19,0.4538442706728838,0.4538442706728838,0.48701008841812055,0.06655209363568404,0.42,Pinnacle,2026-07-23T09:00:00Z,77.0,9184368394471ca3c30dd8be,OPEN,,,2026-07-23 08:36:47,,0.0,0.0,,,,,
14481,baseball,baseball_npb,Saitama Seibu Lions vs Hokkaido Nippon-Ham Fighters,Saitama Seibu Lions,Hokkaido Nippon-Ham Fighters,h2h,Hokkaido Nippon-Ham Fighters,1.85,0.5461557293271161,0.5461557293271161,0.5818499115818794,0.07642233642647689,0.67,William Hill,2026-07-23T09:00:00Z,82.0,e9ee6b803a70893482fd4404,OPEN,,,2026-07-23 08:36:47,,0.0,0.0,,,,,
14482,baseball,baseball_kbo,Kia Tigers vs Hanwha Eagles,Kia Tigers,Hanwha Eagles,h2h,Kia Tigers,2.1,0.49277414925446134,0.49277414925446134,0.5279060949259353,0.10860279934446426,0.74,BetOnline.ag,2026-07-23T09:30:00Z,92.0,ed6fb803668a663242b86abb,OPEN,,,2026-07-23 08:36:48,,0.0,0.0,,,,,
14483,baseball,baseball_kbo,Kiwoom Heroes vs Samsung Lions,Kiwoom Heroes,Samsung Lions,h2h,Kiwoom Heroes,2.8,0.3616834938386101,0.3616834938386101,0.3897662902557298,0.09134561271604325,0.38,BetOnline.ag,2026-07-23T09:30:00Z,89.0,4849e0b89dd9447aa6fdd904,OPEN,,,2026-07-23 08:36:48,,0.0,0.0,,,,,
14484,baseball,baseball_kbo,Lotte Giants vs SSG Landers,Lotte Giants,SSG Landers,h2h,SSG Landers,2.49,0.40093934067647297,0.40093934067647297,0.43004329232088423,0.07080779787900182,0.36,BetOnline.ag,2026-07-23T09:30:00Z,84.0,7f9ba5c8ff462b51164bc760,OPEN,,,2026-07-23 08:36:48,,0.0,0.0,,,,,
14485,football,La Liga,Real Racing Club de Santander vs Villarreal,Real Racing Club de Santander,Villarreal,h2h,Real Racing Club de Santander,3.45,0.32439141556144757,0.2893245751929404,0.3084092736304749,0.06401199402513846,0.2,Betfair,2026-08-16T15:00:00Z,5.473025489149339,880526ba52b696c94fa867e2,LOST,,,2026-07-23 08:36:51,2026-08-17T00:29:43Z,0.0,0.0,2,2,2-2,the_odds_api_scores,f32c9c00fd77e4ec1abd5e34d67a6817
14509,football,MLS,Orlando City SC vs Nashville SC,Orlando City SC,Nashville SC,h2h,Orlando City SC,3.45,0.3268109029178543,0.2916249620994187,0.31076131556802017,0.07212653870966967,0.22,BetOnline.ag,2026-07-25T23:30:00Z,6.815957908063784,d1624818cf7e9661650b1d33,WON,,,2026-07-23 08:37:03,2026-07-26T08:32:37Z,0.0,0.0,1,0,1-0,the_odds_api_scores,30205c4070997541340bcb1cf407d90f
14510,basketball,basketball_wnba,Washington Mystics vs Connecticut Sun,Washington Mystics,Connecticut Sun,h2h,Connecticut Sun,3.13,0.3380813204176596,0.3380813204176596,0.34101099792783984,0.06736442351413863,0.24,1xBet,2026-07-28T23:30:00Z,6.689968362722628,ddb59f208c1709a9d525b2bf,LOST,,,2026-07-23 17:27:00,2026-07-29T08:47:11.986069+00:00,-0.24,-1.0,,,,,
14521,hockey,icehockey_nhl,Toronto Maple Leafs vs Montréal Canadiens,Toronto Maple Leafs,Montréal Canadiens,h2h,Toronto Maple Leafs,2.45,0.4329021833452158,0.4329021833452158,0.43305152834165106,0.06097624443704519,0.32,Marathon Bet,2026-09-29T23:10:00Z,6.097624443704519,6fff09b47e0f58b405f18367,,,,2026-07-23 17:27:02,,0.0,0.0,,,,,
14639,baseball,baseball_npb,Chunichi Dragons vs Yokohama DeNA BayStars,Chunichi Dragons,Yokohama DeNA BayStars,h2h,Chunichi Dragons,2.21,0.448821571036355,0.448821571036355,0.4815826096979934,0.06429756743256543,0.4,Pinnacle,2026-07-24T09:00:00Z,78.0,7a7375fde3d3caeb3784d44c,OPEN,,,2026-07-23 17:27:14,,0.0,0.0,,,,,
14640,baseball,baseball_npb,Hanshin Tigers vs Yomiuri Giants,Hanshin Tigers,Yomiuri Giants,h2h,Yomiuri Giants,2.49,0.4011209293468693,0.4011209293468693,0.4272731155970894,0.06391005783675263,0.32,Pinnacle,2026-07-24T09:00:00Z,76.0,fb04d3630c8fcd761127d793,OPEN,,,2026-07-23 17:27:15,,0.0,0.0,,,,,
14641,baseball,baseball_kbo,Doosan Bears vs Samsung Lions,Doosan Bears,Samsung Lions,h2h,Doosan Bears,2.4,0.4151389732400376,0.4151389732400376,0.451057009394829,0.08253682254758954,0.44,BetOnline.ag,2026-07-24T09:30:00Z,89.0,47fb9fad46f14f54c88cd143,OPEN,,,2026-07-23 17:27:15,,0.0,0.0,,,,,
14642,baseball,baseball_kbo,Hanwha Eagles vs LG Twins,Hanwha Eagles,LG Twins,h2h,Hanwha Eagles,2.49,0.3973836400925359,0.3973836400925359,0.4273054028712527,0.06399045314941931,0.32,1xBet,2026-07-24T09:30:00Z,76.0,6b2328c24ac546aaf0cbacc8,OPEN,,,2026-07-23 17:27:16,,0.0,0.0,,,,,
14644,baseball,baseball_kbo,Lotte Giants vs KT Wiz,Lotte Giants,KT Wiz,h2h,Lotte Giants,2.57,0.3900435071693791,0.3900435071693791,0.4177835005204219,0.07370359633748413,0.35,BetOnline.ag,2026-07-24T09:30:00Z,85.0,845d02ae098531303970018e,OPEN,,,2026-07-23 17:27:16,,0.0,0.0,,,,,
14645,baseball,baseball_kbo,SSG Landers vs NC Dinos,SSG Landers,NC Dinos,h2h,SSG Landers,2.49,0.40157971246137564,0.40157971246137564,0.43161637859525925,0.07472478270219574,0.38,BetOnline.ag,2026-07-24T09:30:00Z,86.0,7e4ebbd72d65f739aa5f77c5,OPEN,,,2026-07-23 17:27:16,,0.0,0.0,,,,,
14667,football,Brazil Serie A,Fluminense vs Bahia,Fluminense,Bahia,h2h,Bahia,4.45,0.25935683053324,0.22082027993077719,0.2425690692907253,0.07943235834372775,0.17,Nordic Bet,2026-07-30T00:30:00Z,7.083142258226892,9b34bf1218197a208a6569a5,LOST,,,2026-07-23 17:27:31,2026-07-30T07:57:42Z,0.0,0.0,0,0,0-0,the_odds_api_scores,0c616d7c1ac3c60aa0d87b53ecdb76eb
14668,football,Brazil Serie A,Corinthians vs Atletico Paranaense,Corinthians,Atletico Paranaense,h2h,Atletico Paranaense,4.37,0.2610937760574037,0.22410454232149374,0.2439436592219017,0.06603379079971039,0.15,1xBet,2026-07-30T22:30:00Z,5.660844900924626,4d3ff9a7465ad8c37810e631,LOST,,,2026-07-23 17:27:32,2026-07-31T08:02:25Z,0.0,0.0,0,0,0-0,the_odds_api_scores,4f68110ae33722f386ddcd2aa17cc01c
14693,hockey,icehockey_nhl,Colorado Avalanche vs Los Angeles Kings,Colorado Avalanche,Los Angeles Kings,h2h,Los Angeles Kings,3.29,0.32180450305767483,0.32180450305767483,0.3230931521403724,0.0629764705418252,0.21,1xBet,2026-10-01T02:10:00Z,6.29764705418252,da9623f0f868816c31c6f8a9,,,,2026-07-24 08:33:09,,0.0,0.0,,,,,
14697,hockey,icehockey_nhl,New Jersey Devils vs Philadelphia Flyers,New Jersey Devils,Philadelphia Flyers,h2h,Philadelphia Flyers,2.9,0.3732269133912473,0.3732269133912473,0.3719588393738731,0.07868063418423188,0.31,1xBet,2026-10-01T23:10:00Z,7.868063418423188,6613e4f860103c92527ed936,,,,2026-07-24 08:33:09,,0.0,0.0,,,,,
14698,hockey,icehockey_nhl,New Jersey Devils vs Philadelphia Flyers,New Jersey Devils,Philadelphia Flyers,h2h,Philadelphia Flyers,2.86,0.3732269133912473,0.3732269133912473,0.3724088393738731,0.0650892806092771,0.26,Marathon Bet,2026-10-01T23:10:00Z,6.50892806092771,bac66c7f31c1baa18c8ff9ac,,,,2026-07-24 08:33:09,,0.0,0.0,,,,,
14716,baseball,baseball_mlb,Milwaukee Brewers vs Colorado Rockies,Milwaukee Brewers,Colorado Rockies,h2h,Milwaukee Brewers,1.42,0.681217140464485,0.681217140464485,0.8131961740102659,0.15473856709457756,2.76,BetOnline.ag,2026-07-24T20:11:00Z,97.0,5ec635692b6f64762091de36,LOST,,,2026-07-24 08:33:12,2026-07-25T08:12:16.403741+00:00,-2.76,-1.0,,,,,
14739,baseball,baseball_mlb,Pittsburgh Pirates vs Chicago Cubs,Pittsburgh Pirates,Chicago Cubs,h2h,Pittsburgh Pirates,1.83,0.5283222034784385,0.5283222034784385,0.6377487444126695,0.16708020227518516,1.51,BetOnline.ag,2026-07-24T22:41:00Z,95.0,bfdbeb249d9ddbeaeaa8c86d,LOST,,,2026-07-24 08:33:12,2026-07-25T08:12:16.403795+00:00,-1.51,-1.0,,,,,
14759,baseball,baseball_mlb,Detroit Tigers vs Kansas City Royals,Detroit Tigers,Kansas City Royals,h2h,Detroit Tigers,1.32,0.7118630895071343,0.7118630895071343,0.8472013452341329,0.11830577570905554,2.77,Unibet (FR),2026-07-24T22:41:00Z,96.0,471cb12dd81099a65a3815b5,WON,,,2026-07-24 08:33:13,2026-07-24T17:41:12.837091+00:00,0.8864,0.32,,,,,
14781,baseball,baseball_mlb,Washington Nationals vs Arizona Diamondbacks,Washington Nationals,Arizona Diamondbacks,h2h,Arizona Diamondbacks,1.8,0.5267950621501339,0.5267950621501339,0.6354887736840515,0.1438797926312929,1.35,888sport,2026-07-24T22:46:00Z,94.0,83325d2c6ea0aba83e7d4c12,WON,,,2026-07-24 08:33:13,2026-07-25T08:12:16.403842+00:00,1.08,0.8,,,,,
14800,baseball,baseball_mlb,Philadelphia Phillies vs New York Yankees,Philadelphia Phillies,New York Yankees,h2h,New York Yankees,2.1,0.4539642491852938,0.4539642491852938,0.5521826696224904,0.15958360620723,1.09,888sport,2026-07-24T22:46:00Z,94.0,887bdf89c16eee57c52ae916,WON,,,2026-07-24 08:33:14,2026-07-25T08:12:16.403890+00:00,1.199,1.1,,,,,
14816,baseball,baseball_mlb,Baltimore Orioles vs Atlanta Braves,Baltimore Orioles,Atlanta Braves,h2h,Baltimore Orioles,1.8,0.5208793038057759,0.5208793038057759,0.6305992290448833,0.13507861228078988,1.27,888sport,2026-07-24T23:06:00Z,94.0,5fc5edba1d9336efcdc54339,LOST,,,2026-07-24 08:33:14,2026-07-25T08:12:16.403940+00:00,-1.27,-1.0,,,,,
14834,baseball,baseball_mlb,Tampa Bay Rays vs Cleveland Guardians,Tampa Bay Rays,Cleveland Guardians,h2h,Tampa Bay Rays,1.74,0.5544282509986587,0.5544282509986587,0.6566174259940074,0.14251432122957297,1.44,BetOnline.ag,2026-07-24T23:11:00Z,94.0,17bbb51ef4b9a503b16463fa,WON,,,2026-07-24 08:33:15,2026-07-25T08:12:16.403989+00:00,1.0656,0.74,,,,,
14843,baseball,baseball_mlb,Tampa Bay Rays vs Cleveland Guardians,Tampa Bay Rays,Cleveland Guardians,h2h,Cleveland Guardians,2.25,0.4455717490013414,0.4455717490013414,0.4755525740059928,0.06999329151348377,0.42,GTbets,2026-07-24T23:11:00Z,87.0,e5d71dd6d8517dad2c0e7a16,LOST,,,2026-07-24 08:33:15,2026-07-25T08:12:16.404038+00:00,-0.42,-1.0,,,,,
14859,baseball,baseball_mlb,New York Mets vs Los Angeles Dodgers,New York Mets,Los Angeles Dodgers,h2h,Los Angeles Dodgers,1.69,0.5752224782086798,0.5752224782086798,0.6519280344421932,0.10175837820730638,1.11,BetOnline.ag,2026-07-24T23:11:00Z,93.0,265119531c1c5931f738e304,WON,,,2026-07-24 08:33:15,2026-07-25T08:12:16.404088+00:00,0.7659,0.69,,,,,
14860,baseball,baseball_mlb,New York Mets vs Los Angeles Dodgers,New York Mets,Los Angeles Dodgers,h2h,New York Mets,2.31,0.4247775217913203,0.4247775217913203,0.477361965557807,0.10270614043853432,0.59,BetOnline.ag,2026-07-24T23:11:00Z,91.0,061375d2e4d44bdfc79a7177,LOST,,,2026-07-24 08:33:15,2026-07-25T08:12:16.404138+00:00,-0.59,-1.0,,,,,
14895,baseball,baseball_mlb,Miami Marlins vs San Diego Padres,Miami Marlins,San Diego Padres,h2h,Miami Marlins,1.71,0.5512644509262118,0.5512644509262118,0.6247940356452318,0.06839780095334635,0.72,888sport,2026-07-24T23:11:00Z,92.0,c2b297c3ef26dc347a5e72bb,LOST,,,2026-07-24 08:33:16,2026-07-25T08:12:16.404190+00:00,-0.72,-1.0,,,,,
14896,baseball,baseball_mlb,Miami Marlins vs San Diego Padres,Miami Marlins,San Diego Padres,h2h,San Diego Padres,2.15,0.4487355490737884,0.4487355490737884,0.5068959643547684,0.08982632336275187,0.59,888sport,2026-07-24T23:11:00Z,92.0,fb333fe3be6b199ec6c37e84,WON,,,2026-07-24 08:33:16,2026-07-25T08:12:16.404241+00:00,0.6785,1.15,,,,,
14922,baseball,baseball_mlb,Boston Red Sox vs Toronto Blue Jays,Boston Red Sox,Toronto Blue Jays,h2h,Boston Red Sox,1.75,0.5317116869663524,0.5317116869663524,0.6449174388812187,0.1286055180421326,1.29,888sport,2026-07-24T23:16:00Z,94.0,79ea799b185ac52dfc8bfd3a,WON,,,2026-07-24 08:33:16,2026-07-25T08:12:16.404295+00:00,0.9675,0.75,,,,,
14940,baseball,baseball_mlb,Boston Red Sox vs Toronto Blue Jays,Boston Red Sox,Toronto Blue Jays,h2h,Toronto Blue Jays,2.16,0.4682883130336476,0.4682883130336476,0.4910025611187813,0.06056553201656767,0.39,Betfair,2026-07-24T23:16:00Z,79.0,5754445b5e4435dc14fa93fc,LOST,,,2026-07-24 08:33:17,2026-07-25T08:12:16.404348+00:00,-0.39,-1.0,,,,,
14942,baseball,baseball_mlb,Chicago White Sox vs Houston Astros,Chicago White Sox,Houston Astros,h2h,Chicago White Sox,1.68,0.5473669448534224,0.5473669448534224,0.6606063513401063,0.10981867025137837,1.21,Unibet (FR),2026-07-24T23:41:00Z,94.0,76f8fdb2cf04f637235cffc5,LOST,,,2026-07-24 08:33:17,2026-07-25T08:12:16.404408+00:00,-1.21,-1.0,,,,,
14962,baseball,baseball_mlb,Texas Rangers vs Seattle Mariners,Texas Rangers,Seattle Mariners,h2h,Texas Rangers,2.0,0.4775297609069878,0.4775297609069878,0.5836897491702511,0.16737949834050214,1.26,888sport,2026-07-25T00:06:00Z,95.0,0f93db881839e08ea1264926,WON,,,2026-07-24 08:33:17,2026-07-25T08:12:16.404469+00:00,1.26,1.0,,,,,
14976,baseball,baseball_mlb,Minnesota Twins vs Athletics,Minnesota Twins,Athletics,h2h,Athletics,2.25,0.43949451594796957,0.43949451594796957,0.49862429649027556,0.12190466710312009,0.73,BetOnline.ag,2026-07-25T00:11:00Z,92.0,0c084539d7743d0fe8bd78f5,WON,,,2026-07-24 08:33:18,2026-07-25T08:12:16.404529+00:00,0.9125,1.25,,,,,
14977,baseball,baseball_mlb,Minnesota Twins vs Athletics,Minnesota Twins,Athletics,h2h,Minnesota Twins,1.72,0.5605054840520303,0.5605054840520303,0.6323757035097244,0.08768621003672594,0.91,BetOnline.ag,2026-07-25T00:11:00Z,93.0,8eb435ba40e6baec9a9a5950,LOST,,,2026-07-24 08:33:18,2026-07-25T08:12:16.404588+00:00,-0.91,-1.0,,,,,
15010,baseball,baseball_mlb,St. Louis Cardinals vs Cincinnati Reds,St. Louis Cardinals,Cincinnati Reds,h2h,Cincinnati Reds,2.45,0.4020253277188509,0.4020253277188509,0.443852908825226,0.08743962662180382,0.45,BetOnline.ag,2026-07-25T00:16:00Z,91.0,f641172092dbe1df55206a09,WON,,,2026-07-24 08:33:18,2026-07-25T08:12:16.404663+00:00,0.6525,1.45,,,,,
15011,baseball,baseball_mlb,St. Louis Cardinals vs Cincinnati Reds,St. Louis Cardinals,Cincinnati Reds,h2h,St. Louis Cardinals,1.62,0.5979746722811489,0.5979746722811489,0.688647091174774,0.11560828770313392,1.4,BetOnline.ag,2026-07-25T00:16:00Z,94.0,3a7ad5cee1ca45994f1df611,LOST,,,2026-07-24 08:33:18,2026-07-25T08:12:16.404726+00:00,-1.4,-1.0,,,,,
15043,baseball,baseball_mlb,San Francisco Giants vs Los Angeles Angels,San Francisco Giants,Los Angeles Angels,h2h,Los Angeles Angels,2.45,0.3956324055733105,0.3956324055733105,0.4761534520027861,0.16657595740682596,0.86,888sport,2026-07-25T02:16:00Z,93.0,89ddbbc50fa491b50cf48780,LOST,,,2026-07-24 08:33:19,2026-07-25T08:12:16.404787+00:00,-0.86,-1.0,,,,,
15051,baseball,baseball_mlb,San Francisco Giants vs Los Angeles Angels,San Francisco Giants,Los Angeles Angels,h2h,San Francisco Giants,1.63,0.6043675944266895,0.6043675944266895,0.655446547997214,0.06837787323545874,0.81,1xBet,2026-07-25T02:16:00Z,86.0,14b03a46bb1474772f8cff20,WON,,,2026-07-24 08:33:19,2026-07-25T08:12:16.404848+00:00,0.5103,0.63,,,,,
15065,baseball,baseball_npb,Orix Buffaloes vs Chiba Lotte Marines,Orix Buffaloes,Chiba Lotte Marines,h2h,Orix Buffaloes,1.85,0.5387429248229784,0.5387429248229784,0.5780320521136935,0.0693592964103329,0.61,Pinnacle,2026-07-24T09:00:00Z,79.0,31e67dfd5bfb2e8c92af866d,OPEN,,,2026-07-24 08:33:19,,0.0,0.0,,,,,
15066,baseball,baseball_npb,Orix Buffaloes vs Chiba Lotte Marines,Orix Buffaloes,Chiba Lotte Marines,h2h,Chiba Lotte Marines,2.17,0.4612570751770216,0.4612570751770216,0.4901079478863067,0.06353424691328557,0.41,Coolbet,2026-07-24T09:00:00Z,76.0,76415d9866b031f09de0be44,OPEN,,,2026-07-24 08:33:19,,0.0,0.0,,,,,
15070,baseball,baseball_npb,Saitama Seibu Lions vs Fukuoka SoftBank Hawks,Saitama Seibu Lions,Fukuoka SoftBank Hawks,h2h,Saitama Seibu Lions,2.3,0.43724870989811876,0.43724870989811876,0.4679315066215515,0.07624246522956835,0.44,BetOnline.ag,2026-07-24T09:00:00Z,86.0,f78209a9701e6e0c7e1d4f4d,OPEN,,,2026-07-24 08:33:20,,0.0,0.0,,,,,
15071,mma,mma_mixed_martial_arts,Magomed Zaynukov vs Damian Rzepecki,Magomed Zaynukov,Damian Rzepecki,h2h,Damian Rzepecki,3.8,0.2787870151576691,0.2787870151576691,0.27996108757156934,0.06385213277196344,0.17,Nordic Bet,2026-07-25T17:15:00Z,6.3596979649406675,17c3e5a56777103b87cb3163,LOST,,,2026-07-24 08:33:22,2026-07-26T08:32:15.982078+00:00,-0.17,-1.0,,,,,
15072,mma,mma_mixed_martial_arts,Aleksandar Rakic vs Marcin Tybura,Aleksandar Rakic,Marcin Tybura,h2h,Marcin Tybura,3.5,0.309205705160311,0.309205705160311,0.30737908341374326,0.07582679194810149,0.23,BetOnline.ag,2026-08-01T22:00:00Z,7.929997749185073,e631c79473dc04fdf406fcb1,OPEN,,,2026-07-24 08:33:23,,0.0,0.0,,,,,
15077,baseball,baseball_kbo,Kia Tigers vs Kiwoom Heroes,Kia Tigers,Kiwoom Heroes,h2h,Kiwoom Heroes,2.55,0.4016373260072687,0.4016373260072687,0.42785074102559695,0.09101938961527223,0.44,BetOnline.ag,2026-07-24T09:30:00Z,91.0,916c072f67b309c8affe550c,OPEN,,,2026-07-24 08:33:24,,0.0,0.0,,,,,
15092,football,Swiss Super League,FC Luzern vs FC Thun,FC Luzern,FC Thun,h2h,Draw,4.3,0.2516317195708275,0.24030334543387102,0.2465201202131587,0.060036516916582405,0.14,Betfair,2026-07-25T18:30:00Z,5.133122196367796,e7079a089518d1fd37c3c920,LOST,,,2026-07-24 08:33:37,2026-07-26T01:51:58Z,0.0,0.0,1,3,1-3,the_odds_api_scores,5b93a87a89559b47c82d146bd93bbfed
15105,football,Brazil Serie A,Vasco da Gama vs Mirassol,Vasco da Gama,Mirassol,h2h,Mirassol,3.9,0.2847284480167103,0.2586140904757898,0.272857879751666,0.06414573103149723,0.17,Matchbook,2026-07-25T23:30:00Z,5.643433615925624,fecc12286d7c889bf3b579bb,LOST,,,2026-07-24 08:33:42,2026-07-26T06:57:31Z,0.0,0.0,1,1,1-1,the_odds_api_scores,804d263820352f697b38f35c8c9286d0
15110,football,Argentina Primera Division,Estudiantes vs Independiente,Estudiantes,Independiente,h2h,Independiente,4.0,0.2778732435088167,0.2501848323314882,0.26528114913353307,0.06112459653413227,0.15,Unibet (SE),2026-07-26T20:15:00Z,5.429697910126969,b2e792534d30344628abeca3,WON,,,2026-07-24 08:33:44,2026-07-27T05:51:58Z,0.0,0.0,0,2,0-2,the_odds_api_scores,53848ad999255023d153784e0a936f3b
15111,football,Argentina Primera Division,Banfield vs Sarmiento de Junin,Banfield,Sarmiento de Junin,h2h,Sarmiento de Junin,3.95,0.28538469507368097,0.26083661344509035,0.27421295115183697,0.083141157049756,0.21,Nordic Bet,2026-07-28T22:00:00Z,7.482704134478039,3e921f1b86987fc29bb22aff,LOST,,,2026-07-24 08:33:45,2026-07-29T07:02:08Z,0.0,0.0,3,2,3-2,the_odds_api_scores,5746af78ef429ff259802e90e744590b
15113,football,Liga MX,Atlante FC vs América,Atlante FC,América,h2h,Draw,4.4,0.2522585218909982,0.24415608084056484,0.24883538864539773,0.09487571003975015,0.21,Betfair,2026-07-25T03:00:00Z,8.0907823380568,09264565f51184b6b937ff41,WON,,,2026-07-24 08:33:46,2026-07-25T08:12:49Z,0.0,0.0,1,1,1-1,the_odds_api_scores,ce98719a96856625554c0cb8e22eddec
15542,baseball,baseball_npb,Orix Buffaloes vs Chiba Lotte Marines,Orix Buffaloes,Chiba Lotte Marines,h2h,Chiba Lotte Marines,2.41,0.41432120155555263,0.41432120155555263,0.44187732519777556,0.06492435372663907,0.35,Pinnacle,2026-07-25T05:00:00Z,76.0,6101734b1a17b9d380af333d,OPEN,,,2026-07-24 17:41:29,,0.0,0.0,,,,,
15543,baseball,baseball_npb,Hokkaido Nippon-Ham Fighters vs Tohoku Rakuten Golden Eagles,Hokkaido Nippon-Ham Fighters,Tohoku Rakuten Golden Eagles,h2h,Tohoku Rakuten Golden Eagles,2.4,0.4133929674974084,0.4133929674974084,0.4416725849730045,0.06001420393521073,0.32,BetOnline.ag,2026-07-25T05:00:00Z,80.0,11421575425702f34bfbe1fb,OPEN,,,2026-07-24 17:41:29,,0.0,0.0,,,,,
15551,football,Eredivisie,Go Ahead Eagles vs Willem II,Go Ahead Eagles,Willem II,h2h,Draw,4.4,0.2487566915289372,0.23752238077539997,0.24367788478339686,0.07218269304694624,0.16,Tipico,2026-08-08T16:45:00Z,6.48799699913867,9da05fd45448689cff09592a,LOST,,,2026-07-24 17:41:39,2026-08-09T02:20:11Z,0.0,0.0,4,1,4-1,the_odds_api_scores,2b7bb544e99581a9a45a09cc1dc45b19
15574,football,Argentina Primera Division,Platense vs Union Santa Fe,Platense,Union Santa Fe,h2h,Union Santa Fe,3.6,0.30238758088399087,0.286617013696697,0.29523627829259436,0.06285060185333968,0.18,Betfair,2026-07-25T00:15:00Z,5.371039595231313,cc85af6433136fed3634981e,LOST,,,2026-07-24 17:41:51,2026-07-25T07:42:44Z,0.0,0.0,2,2,2-2,the_odds_api_scores,40c8ae2b4ebc393c954f62a3621ea377
15628,baseball,baseball_mlb,Detroit Tigers vs Kansas City Royals,Detroit Tigers,Kansas City Royals,h2h,Detroit Tigers,1.53,0.6199608831081926,0.6199608831081926,0.7427554703927731,0.136415869700943,1.93,888sport,2026-07-25T17:11:00Z,95.0,0b0a626249eed3a7acc9f63e,WON,,,2026-07-25 08:12:26,2026-07-25T11:25:59.725744+00:00,1.0229,0.53,,,,,
15649,baseball,baseball_mlb,Washington Nationals vs Arizona Diamondbacks,Washington Nationals,Arizona Diamondbacks,h2h,Arizona Diamondbacks,2.2,0.43066175230421044,0.43066175230421044,0.5253943132161815,0.15586748907559933,0.97,888sport,2026-07-25T20:06:00Z,93.0,1e4a5203eb91205e70c399de,WON,,,2026-07-25 08:12:27,2026-07-25T11:25:59.725800+00:00,1.164,1.2,,,,,
15662,baseball,baseball_mlb,San Francisco Giants vs Los Angeles Angels,San Francisco Giants,Los Angeles Angels,h2h,Los Angeles Angels,2.05,0.46037114896342185,0.46037114896342185,0.5308501713711736,0.08824285131090592,0.63,888sport,2026-07-25T20:06:00Z,92.0,589a99bc648ed326fb5a50e6,LOST,,,2026-07-25 08:12:27,2026-07-25T11:25:59.725864+00:00,-0.63,-1.0,,,,,
15665,baseball,baseball_mlb,San Francisco Giants vs Los Angeles Angels,San Francisco Giants,Los Angeles Angels,h2h,San Francisco Giants,1.77,0.5396288510365781,0.5396288510365781,0.5997898286288265,0.06162799667302288,0.6,MyBookie.ag,2026-07-25T20:06:00Z,83.0,509596fa3e19a3cf2a3fb0c1,WON,,,2026-07-25 08:12:27,2026-07-25T11:25:59.725924+00:00,0.462,0.77,,,,,
15701,baseball,baseball_mlb,Boston Red Sox vs Toronto Blue Jays,Boston Red Sox,Toronto Blue Jays,h2h,Boston Red Sox,1.8,0.5191699222084935,0.5191699222084935,0.6279777073085833,0.13035987315544983,1.22,888sport,2026-07-25T20:11:00Z,94.0,33cb65e0919cc4280ec641e2,WON,,,2026-07-25 08:12:28,2026-07-25T11:25:59.725977+00:00,0.976,0.8,,,,,
15718,baseball,baseball_mlb,Miami Marlins vs San Diego Padres,Miami Marlins,San Diego Padres,h2h,San Diego Padres,2.1,0.4465710932300593,0.4465710932300593,0.5179030988209605,0.08759650752401726,0.6,888sport,2026-07-25T20:11:00Z,92.0,0abd58c9385dfc85c75f368f,WON,,,2026-07-25 08:12:28,2026-07-25T11:25:59.726028+00:00,0.66,1.1,,,,,
15723,baseball,baseball_mlb,Miami Marlins vs San Diego Padres,Miami Marlins,San Diego Padres,h2h,Miami Marlins,1.76,0.5534289067699407,0.5534289067699407,0.6136669011790397,0.08005374607510984,0.79,1xBet,2026-07-25T20:11:00Z,89.0,e96955e286bfe7ba6e3e3efb,LOST,,,2026-07-25 08:12:29,2026-07-25T11:25:59.726078+00:00,-0.79,-1.0,,,,,
15753,baseball,baseball_mlb,Philadelphia Phillies vs New York Yankees,Philadelphia Phillies,New York Yankees,h2h,New York Yankees,1.8,0.5190883722247075,0.5190883722247075,0.6247898903420669,0.12462180261572042,1.17,888sport,2026-07-25T22:06:00Z,94.0,8c1a0ce96a3eeb734bcee41c,WON,,,2026-07-25 08:12:29,2026-07-25T11:25:59.726165+00:00,0.936,0.8,,,,,
15768,baseball,baseball_mlb,Tampa Bay Rays vs Cleveland Guardians,Tampa Bay Rays,Cleveland Guardians,h2h,Tampa Bay Rays,1.73,0.5483585621294161,0.5483585621294161,0.6602383981519893,0.14221242880294138,1.46,888sport,2026-07-25T22:11:00Z,94.0,5aacb926cccafe5cb9ce6e11,WON,,,2026-07-25 08:12:29,2026-07-25T11:25:59.726230+00:00,1.0658,0.73,,,,,
15787,baseball,baseball_mlb,Pittsburgh Pirates vs Chicago Cubs,Pittsburgh Pirates,Chicago Cubs,h2h,Pittsburgh Pirates,1.73,0.5493885780367448,0.5493885780367448,0.665407541495357,0.15115504678696756,1.55,888sport,2026-07-25T22:41:00Z,95.0,4cc0ed0f6797e5aec5c0e9ac,LOST,,,2026-07-25 08:12:30,2026-07-25T11:25:59.726273+00:00,-1.55,-1.0,,,,,
15808,baseball,baseball_mlb,Baltimore Orioles vs Atlanta Braves,Baltimore Orioles,Atlanta Braves,h2h,Baltimore Orioles,1.91,0.5058153797880697,0.5058153797880697,0.6139620698317588,0.17266755337865924,1.42,888sport,2026-07-25T23:06:00Z,95.0,2a591c4cb6c95a0aa4ff12a4,LOST,,,2026-07-25 08:12:30,2026-07-25T11:25:59.726319+00:00,-1.42,-1.0,,,,,
15825,baseball,baseball_mlb,Minnesota Twins vs Athletics,Minnesota Twins,Athletics,h2h,Athletics,2.35,0.40368056939344393,0.40368056939344393,0.46924566269195944,0.1027273073261048,0.57,888sport,2026-07-25T23:11:00Z,91.0,ed0122a8158ece0170691530,WON,,,2026-07-25 08:12:31,2026-07-25T11:25:59.726374+00:00,0.7695,1.35,,,,,
15829,baseball,baseball_mlb,Minnesota Twins vs Athletics,Minnesota Twins,Athletics,h2h,Minnesota Twins,1.61,0.5963194306065562,0.5963194306065562,0.6609443373080408,0.06412038306594581,0.79,MyBookie.ag,2026-07-25T23:11:00Z,84.0,e20276d6bcdaad4fb399d8df,LOST,,,2026-07-25 08:12:31,2026-07-25T11:25:59.726429+00:00,-0.79,-1.0,,,,,
15852,baseball,baseball_mlb,Chicago White Sox vs Houston Astros,Chicago White Sox,Houston Astros,h2h,Chicago White Sox,1.74,0.5355301940757435,0.5355301940757435,0.6463529093933884,0.12465406234449583,1.26,Unibet (FR),2026-07-25T23:11:00Z,94.0,a33d2b5ad667b216917f1a5b,LOST,,,2026-07-25 08:12:31,2026-07-25T11:25:59.726483+00:00,-1.26,-1.0,,,,,
15873,baseball,baseball_mlb,Milwaukee Brewers vs Colorado Rockies,Milwaukee Brewers,Colorado Rockies,h2h,Milwaukee Brewers,1.45,0.6588714830142834,0.6588714830142834,0.7864835252746782,0.1404011116482835,2.34,888sport,2026-07-25T23:11:00Z,96.0,fef12c47b2b940e58c80ad41,LOST,,,2026-07-25 08:12:32,2026-07-25T11:25:59.726521+00:00,-2.34,-1.0,,,,,
15896,baseball,baseball_mlb,St. Louis Cardinals vs Cincinnati Reds,St. Louis Cardinals,Cincinnati Reds,h2h,Cincinnati Reds,2.0,0.4767569321620609,0.4767569321620609,0.5444891407400366,0.08897828148007325,0.67,888sport,2026-07-25T23:16:00Z,92.0,58a7a1638f1c2dc2c35f625d,WON,,,2026-07-25 08:12:32,2026-07-25T11:25:59.726578+00:00,0.67,1.0,,,,,
15902,baseball,baseball_mlb,St. Louis Cardinals vs Cincinnati Reds,St. Louis Cardinals,Cincinnati Reds,h2h,St. Louis Cardinals,1.89,0.5232430678379391,0.5232430678379391,0.5861508592599634,0.1078251240013306,0.91,1xBet,2026-07-25T23:16:00Z,93.0,205864a7927738bf385bb081,LOST,,,2026-07-25 08:12:32,2026-07-25T11:25:59.726634+00:00,-0.91,-1.0,,,,,
15933,baseball,baseball_mlb,New York Mets vs Los Angeles Dodgers,New York Mets,Los Angeles Dodgers,h2h,Los Angeles Dodgers,1.6,0.593908240686083,0.593908240686083,0.6862385501997396,0.09798168031958343,1.22,888sport,2026-07-25T23:16:00Z,94.0,84c3e7b6098f82615097541e,WON,,,2026-07-25 08:12:33,2026-07-25T11:25:59.726684+00:00,0.732,0.6,,,,,
15940,baseball,baseball_mlb,New York Mets vs Los Angeles Dodgers,New York Mets,Los Angeles Dodgers,h2h,New York Mets,2.43,0.40609175931391683,0.40609175931391683,0.44470144980026044,0.08062452301463297,0.42,1xBet,2026-07-25T23:16:00Z,88.0,98e66e536807266e9c58b4c0,LOST,,,2026-07-25 08:12:33,2026-07-25T11:25:59.726744+00:00,-0.42,-1.0,,,,,
15962,baseball,baseball_mlb,Texas Rangers vs Seattle Mariners,Texas Rangers,Seattle Mariners,h2h,Texas Rangers,1.91,0.49626094577322755,0.49626094577322755,0.6032266025050161,0.15216281078458072,1.25,888sport,2026-07-25T23:16:00Z,95.0,bd5d0499b4c29dd2f9d1560c,WON,,,2026-07-25 08:12:33,2026-07-25T11:25:59.726818+00:00,1.1375,0.91,,,,,
15977,baseball,baseball_npb,Hokkaido Nippon-Ham Fighters vs Tohoku Rakuten Golden Eagles,Hokkaido Nippon-Ham Fighters,Tohoku Rakuten Golden Eagles,h2h,Tohoku Rakuten Golden Eagles,3.9,0.2793566072987929,0.2793566072987929,0.2974845876200706,0.16018989171827513,0.41,Betsson,2026-07-25T05:00:51Z,91.0,6cee27038695661938a10525,OPEN,,,2026-07-25 08:12:34,,0.0,0.0,,,,,
15982,baseball,baseball_npb,Hokkaido Nippon-Ham Fighters vs Tohoku Rakuten Golden Eagles,Hokkaido Nippon-Ham Fighters,Tohoku Rakuten Golden Eagles,h2h,Hokkaido Nippon-Ham Fighters,1.41,0.720643392701207,0.720643392701207,0.7714654123799295,0.08776623145570062,1.61,Unibet (SE),2026-07-25T05:00:51Z,87.0,cdf2ec8316a5b573c4987413,OPEN,,,2026-07-25 08:12:34,,0.0,0.0,,,,,
15983,baseball,baseball_npb,Saitama Seibu Lions vs Fukuoka SoftBank Hawks,Saitama Seibu Lions,Fukuoka SoftBank Hawks,h2h,Saitama Seibu Lions,2.34,0.42857276310827597,0.42857276310827597,0.45957102759337254,0.07539620456849172,0.42,William Hill,2026-07-25T09:00:00Z,82.0,a3580e1846af5e151d9e0a0e,OPEN,,,2026-07-25 08:12:34,,0.0,0.0,,,,,
15984,baseball,baseball_npb,Tokyo Yakult Swallows vs Hiroshima Toyo Carp,Tokyo Yakult Swallows,Hiroshima Toyo Carp,h2h,Tokyo Yakult Swallows,2.45,0.40799230221186567,0.40799230221186567,0.44054407270313656,0.07933297812268458,0.41,Pinnacle,2026-07-25T09:00:00Z,82.0,844d063d1b10b085a1775d84,OPEN,,,2026-07-25 08:12:34,,0.0,0.0,,,,,
15985,baseball,baseball_kbo,Hanwha Eagles vs LG Twins,Hanwha Eagles,LG Twins,h2h,LG Twins,2.25,0.466375938001423,0.466375938001423,0.49683947226109576,0.11788881258746553,0.71,BetOnline.ag,2026-07-25T09:00:00Z,92.0,4e6033c9e3eb4bff1de2e242,OPEN,,,2026-07-25 08:12:36,,0.0,0.0,,,,,
15986,baseball,baseball_kbo,Lotte Giants vs KT Wiz,Lotte Giants,KT Wiz,h2h,Lotte Giants,2.49,0.4018596795923212,0.4018596795923212,0.4326419532860874,0.0772784636823578,0.39,BetOnline.ag,2026-07-25T09:00:00Z,86.0,007f2c8eab46b4ceb02eb116,OPEN,,,2026-07-25 08:12:36,,0.0,0.0,,,,,
16003,football,Swiss Super League,FC Lausanne-Sport vs Grasshopper Zürich,FC Lausanne-Sport,Grasshopper Zürich,h2h,Grasshopper Zürich,4.3,0.2692919963521306,0.24066952621216348,0.2562931696399054,0.10206062945159311,0.23,Betfair,2026-07-25T16:00:00Z,8.72618381811121,0cab2322dba66741bb86b6af,LOST,,,2026-07-25 08:12:48,2026-07-26T01:51:58Z,0.0,0.0,1,1,1-1,the_odds_api_scores,7c80d07c72b6905f359ab637b313b120
16019,football,Argentina Primera Division,San Lorenzo vs Gimnasia Mendoza,San Lorenzo,Gimnasia Mendoza,h2h,Gimnasia Mendoza,4.1,0.28694939729408075,0.26307505926801117,0.27608821145979723,0.13196166698516865,0.32,Unibet (SE),2026-07-28T22:00:00Z,11.716293800853386,5ae3d6cf481a98c3646f1d1a,LOST,,,2026-07-25 08:12:55,2026-07-29T07:02:08Z,0.0,0.0,1,0,1-0,the_odds_api_scores,d76fbce4908a1f1eb91618c8895b43a2
16020,football,Argentina Primera Division,Defensa y Justicia vs Deportivo Riestra,Defensa y Justicia,Deportivo Riestra,h2h,Deportivo Riestra,3.9,0.2865954521384486,0.26278046162900043,0.27574637167490396,0.07541084953212551,0.2,Unibet (SE),2026-07-29T20:00:00Z,6.695396391056739,9b69ba77e6f45d28cf76bac5,LOST,,,2026-07-25 08:12:55,2026-07-30T07:02:02Z,0.0,0.0,2,1,2-1,the_odds_api_scores,4e3e1685317d5e99b4551c16848d126e
16021,football,Argentina Primera Division,Gimnasia La Plata vs River Plate,Gimnasia La Plata,River Plate,h2h,Gimnasia La Plata,3.85,0.30487724506050695,0.2634592933420069,0.2859949314531881,0.10108048609477427,0.27,1xBet,2026-07-29T22:15:00Z,8.959941777806252,76abc121252f51f5f33c2348,WON,,,2026-07-25 08:12:55,2026-07-30T07:02:02Z,0.0,0.0,1,0,1-0,the_odds_api_scores,45031d060fac9fea2ac8b49457a6b298
16022,football,Argentina Primera Division,Lanus vs Instituto de Córdoba,Lanus,Instituto de Córdoba,h2h,Instituto de Córdoba,3.75,0.30180200775408017,0.2847535103522841,0.2940268786697403,0.10260079501152619,0.28,1xBet,2026-08-03T00:30:00Z,9.094704479339018,5311385489e8ce18f2cfc01e,WON,,,2026-07-25 08:12:56,2026-08-03T05:47:54Z,0.0,0.0,0,1,0-1,the_odds_api_scores,25b07fc0e2e55cde958ac42fb345cda3
16395,mma,mma_mixed_martial_arts,Rizvan Kuniev vs Tyrell Fortune,Rizvan Kuniev,Tyrell Fortune,h2h,Tyrell Fortune,4.13,0.258310044254447,0.258310044254447,0.25782448612232434,0.06481512768519959,0.16,Pinnacle,2026-07-25T16:45:00Z,6.358778453844499,ab598178bbe9c014b66da621,LOST,,,2026-07-25 11:26:16,2026-07-26T08:32:15.982057+00:00,-0.16,-1.0,,,,,
16396,baseball,baseball_npb,Tokyo Yakult Swallows vs Hiroshima Toyo Carp,Tokyo Yakult Swallows,Hiroshima Toyo Carp,h2h,Tokyo Yakult Swallows,1.18,0.8472208149349137,0.8472208149349137,0.9087700274998837,0.07234863244986278,3.01,Pinnacle,2026-07-25T09:00:52Z,83.0,4f9801fe28af799868ef152e,OPEN,,,2026-07-25 11:26:18,,0.0,0.0,,,,,
16397,baseball,baseball_kbo,Hanwha Eagles vs LG Twins,Hanwha Eagles,LG Twins,h2h,LG Twins,1.18,0.8517788419580229,0.8517788419580229,0.9100897083076778,0.07390585580305964,3.08,MyBookie.ag,2026-07-25T09:00:43Z,84.0,771ad8c844d0408dc4be16a1,OPEN,,,2026-07-25 11:26:18,,0.0,0.0,,,,,
16431,football,Argentina Primera Division,Union Santa Fe vs Lanus,Union Santa Fe,Lanus,h2h,Lanus,3.65,0.2991656808126357,0.2799667659429409,0.2905753042727395,0.060599860595499155,0.17,Codere (IT),2026-08-06T22:00:00Z,5.417445737655838,4e70c8ff3c9283aca3616ecb,LOST,,,2026-07-25 11:26:42,2026-08-07T05:12:59Z,0.0,0.0,2,1,2-1,the_odds_api_scores,32896c1b8de6efecb2c7213469dbaa88
16804,baseball,baseball_npb,Saitama Seibu Lions vs Fukuoka SoftBank Hawks,Saitama Seibu Lions,Fukuoka SoftBank Hawks,h2h,Saitama Seibu Lions,1.12,0.8859569911766121,0.8859569911766121,0.9491568832059913,0.06305570919071046,3.94,Pinnacle,2026-07-25T09:00:32Z,81.0,e83bd3213b1440c95babc869,OPEN,,,2026-07-25 11:36:29,,0.0,0.0,,,,,
16885,baseball,baseball_mlb,Washington Nationals vs Arizona Diamondbacks,Washington Nationals,Arizona Diamondbacks,h2h,Washington Nationals,1.73,0.5745672794278264,0.5745672794278264,0.6127441495721805,0.060047378759872316,0.62,1xBet,2026-07-25T20:06:00Z,82.0,d18830c868d0849fc522d7fe,LOST,,,2026-07-25 11:59:59,2026-07-25T17:03:36.283946+00:00,-0.62,-1.0,,,,,
17189,baseball,baseball_npb,Tokyo Yakult Swallows vs Hiroshima Toyo Carp,Tokyo Yakult Swallows,Hiroshima Toyo Carp,h2h,Hiroshima Toyo Carp,2.25,0.4555496443522762,0.4555496443522762,0.4873332261512527,0.09649975884031847,0.58,Unibet (SE),2026-07-25T09:00:52Z,87.0,334dbaac9b33434918f0f5db,OPEN,,,2026-07-25 12:00:06,,0.0,0.0,,,,,
17207,football,Danish Superliga,Silkeborg IF vs FC Copenhagen,Silkeborg IF,FC Copenhagen,h2h,Silkeborg IF,4.5,0.26206369240403726,0.21445291808247008,0.24031906855587104,0.08143580850141974,0.17,Codere (IT),2026-08-02T16:00:00Z,7.325558153745214,c488cfcc22a27fc6b43144db,LOST,,,2026-07-25 12:00:25,2026-08-02T23:32:13Z,0.0,0.0,1,3,1-3,the_odds_api_scores,4f9650822cbd8cff1a72231bd04a1f1c
17225,baseball,baseball_mlb,Detroit Tigers vs Kansas City Royals,Detroit Tigers,Kansas City Royals,h2h,Kansas City Royals,2.58,0.39992080853123096,0.39992080853123096,0.4122181443745717,0.06352281248639513,0.3,BetOnline.ag,2026-07-25T17:11:00Z,88.0,411b5a099b5e041bfbcacb0e,LOST,,,2026-07-25 17:03:38,2026-07-26T08:32:14.974550+00:00,-0.3,-1.0,,,,,
17473,baseball,baseball_mlb,Milwaukee Brewers vs Colorado Rockies,Milwaukee Brewers,Colorado Rockies,h2h,Colorado Rockies,3.1,0.3323847359657877,0.3323847359657877,0.3432895119746936,0.06419748712155027,0.23,Betfair,2026-07-25T23:11:00Z,78.0,cdf3813efb4eca51ce1bcf00,WON,,,2026-07-25 17:03:43,2026-07-26T08:32:14.974584+00:00,0.483,2.1,,,,,
17592,mma,mma_mixed_martial_arts,Uros Medic vs Daniel Rodriguez,Uros Medic,Daniel Rodriguez,h2h,Daniel Rodriguez,4.12,0.26220573508168,0.26220573508168,0.2608705726750055,0.07478675942102275,0.18,1xBet,2026-08-01T22:00:00Z,7.249908429251531,089be701763a40ee73b3a531,OPEN,,,2026-07-25 17:03:50,,0.0,0.0,,,,,
17593,baseball,baseball_npb,Saitama Seibu Lions vs Fukuoka SoftBank Hawks,Saitama Seibu Lions,Fukuoka SoftBank Hawks,h2h,Saitama Seibu Lions,2.32,0.43437755757648455,0.43437755757648455,0.4670107193338931,0.083464868854632,0.47,Unibet (SE),2026-07-26T08:00:00Z,82.0,011c9f22b4fba4936e100abe,OPEN,,,2026-07-25 17:03:52,,0.0,0.0,,,,,
17610,football,Swiss Super League,Servette vs FC Basel,Servette,FC Basel,h2h,FC Basel,4.2,0.2742254201674459,0.24783734896301068,0.26223551887127594,0.10138917925935909,0.24,Betfair,2026-07-25T16:00:00Z,8.668774826675202,2cf02023068811630c8e6f2a,WON,,,2026-07-25 17:04:10,2026-07-26T01:51:58Z,0.0,0.0,0,1,0-1,the_odds_api_scores,ae0fa84044b18819fd1bd22f708f651d
17611,football,Swiss Super League,FC St Gallen vs FC Zurich,FC St Gallen,FC Zurich,h2h,FC Zurich,4.5,0.2537436523548878,0.2176861740259012,0.23734215272611472,0.06803968726751619,0.15,Coolbet,2026-07-26T14:30:00Z,6.053763134939985,3870f139d5e8b893b90a0475,LOST,,,2026-07-25 17:04:11,2026-07-26T17:07:30Z,0.0,0.0,2,1,2-1,the_odds_api_scores,b22cc136768a48957b7fe3819a40d0c6
17614,football,Danish Superliga,FC Nordsjaelland vs Randers FC,FC Nordsjaelland,Randers FC,h2h,Randers FC,4.0,0.28337381635734815,0.26112090895892226,0.27320006849631884,0.09280027398527535,0.23,Codere (IT),2026-08-02T12:00:00Z,8.347848646345446,59e684fd6a38ef0f74c81de1,LOST,,,2026-07-25 17:04:11,2026-08-02T15:51:20Z,0.0,0.0,1,0,1-0,the_odds_api_scores,249c6d92b76244c86c0ed2e9c4f32338
17615,football,Danish Superliga,Brondby IF vs Viborg FF,Brondby IF,Viborg FF,h2h,Viborg FF,3.95,0.2897238755256372,0.26712685944570613,0.2792722688251952,0.10312546185952098,0.25,Codere (IT),2026-08-02T14:00:00Z,9.083536544238035,0b99a0c261595830319918ed,LOST,,,2026-07-25 17:04:11,2026-08-02T16:12:47Z,0.0,0.0,1,0,1-0,the_odds_api_scores,67896cfae491bc60c2119972384cfed0
17637,football,Liga MX,Necaxa vs Monterrey,Necaxa,Monterrey,h2h,Necaxa,3.25,0.34596843459976434,0.30843898835425043,0.3293514266257231,0.07039213653359999,0.23,Matchbook,2026-07-26T23:00:00Z,6.252496353111814,e7af5962049d9e4329cf6e1b,WON,,,2026-07-25 17:04:20,2026-07-27T08:29:16Z,0.0,0.0,2,1,2-1,the_odds_api_scores,6c4afed1c376e65b1551ccff489c3574
17665,hockey,icehockey_nhl,New York Rangers vs Tampa Bay Lightning,New York Rangers,Tampa Bay Lightning,h2h,Tampa Bay Lightning,2.3,0.4586431677795124,0.4586431677795124,0.4611502174456587,0.06064550012501502,0.35,1xBet,2026-10-01T23:10:00Z,6.064550012501502,e80d41b38802fa0df84631b1,,,,2026-07-26 08:32:18,,0.0,0.0,,,,,
17681,baseball,baseball_mlb,Tampa Bay Rays vs Cleveland Guardians,Tampa Bay Rays,Cleveland Guardians,h2h,Tampa Bay Rays,1.74,0.5516441425230878,0.5516441425230878,0.6626932689221998,0.15308628792462775,1.55,BetOnline.ag,2026-07-26T16:16:00Z,96.0,4c9092038e8a1e1f8da2e8c9,WON,,,2026-07-26 08:32:24,2026-07-26T17:07:08.733694+00:00,1.147,0.74,,,,,
17701,baseball,baseball_mlb,Washington Nationals vs Arizona Diamondbacks,Washington Nationals,Arizona Diamondbacks,h2h,Arizona Diamondbacks,1.8,0.5215109292357991,0.5215109292357991,0.6279144887524906,0.1302460797544831,1.22,888sport,2026-07-26T17:36:00Z,94.0,f7354e4b20133b46009f700f,WON,,,2026-07-26 08:32:24,2026-07-26T17:07:08.733722+00:00,0.976,0.8,,,,,
17718,baseball,baseball_mlb,Baltimore Orioles vs Atlanta Braves,Baltimore Orioles,Atlanta Braves,h2h,Baltimore Orioles,1.91,0.5016794281924171,0.5016794281924171,0.6100726124848141,0.165238689845995,1.36,888sport,2026-07-26T17:36:00Z,95.0,172f55c2f2bee03f39067b66,LOST,,,2026-07-26 08:32:25,2026-07-26T17:07:08.733745+00:00,-1.36,-1.0,,,,,
17735,baseball,baseball_mlb,Boston Red Sox vs Toronto Blue Jays,Boston Red Sox,Toronto Blue Jays,h2h,Boston Red Sox,1.71,0.5616592183962014,0.5616592183962014,0.6772018060182812,0.15801508829126076,1.67,888sport,2026-07-26T17:36:00Z,95.0,14c7f1a5dea163084e3a0619,WON,,,2026-07-26 08:32:25,2026-07-26T17:07:08.733773+00:00,1.1857,0.71,,,,,
17755,baseball,baseball_mlb,Pittsburgh Pirates vs Chicago Cubs,Pittsburgh Pirates,Chicago Cubs,h2h,Pittsburgh Pirates,1.74,0.5375467860063585,0.5375467860063585,0.6487799072428879,0.128877038602625,1.31,Unibet (FR),2026-07-26T17:36:00Z,94.0,63bce2274142bbec3b280bcb,LOST,,,2026-07-26 08:32:26,2026-07-26T17:07:08.733787+00:00,-1.31,-1.0,,,,,
17772,baseball,baseball_mlb,Detroit Tigers vs Kansas City Royals,Detroit Tigers,Kansas City Royals,h2h,Detroit Tigers,1.5,0.6263590092533241,0.6263590092533241,0.7501461520950644,0.12521922814259656,1.88,888sport,2026-07-26T17:41:00Z,96.0,6b5ea522644337a2b22857be,WON,,,2026-07-26 08:32:26,2026-07-26T17:07:08.733799+00:00,0.94,0.5,,,,,
17794,baseball,baseball_mlb,New York Mets vs Los Angeles Dodgers,New York Mets,Los Angeles Dodgers,h2h,Los Angeles Dodgers,1.65,0.5942573828790481,0.5942573828790481,0.698684520187591,0.1528294583095251,1.76,BetOnline.ag,2026-07-26T17:41:00Z,96.0,44ea64b8839f2cd9080fbe1c,WON,,,2026-07-26 08:32:27,2026-07-26T17:07:08.733822+00:00,1.144,0.65,,,,,
17816,baseball,baseball_mlb,Miami Marlins vs San Diego Padres,Miami Marlins,San Diego Padres,h2h,Miami Marlins,1.82,0.5388852218527949,0.5388852218527949,0.583367356549037,0.061728588919247374,0.56,BetOnline.ag,2026-07-26T17:41:00Z,89.0,a878fa15932c9c6809406485,LOST,,,2026-07-26 08:32:27,2026-07-26T17:07:08.733847+00:00,-0.56,-1.0,,,,,
17817,baseball,baseball_mlb,Miami Marlins vs San Diego Padres,Miami Marlins,San Diego Padres,h2h,San Diego Padres,2.11,0.46111477814720514,0.46111477814720514,0.5480226434509631,0.15632777768153194,1.06,BetOnline.ag,2026-07-26T17:41:00Z,94.0,aee422ec9b292b04f0cc44d5,WON,,,2026-07-26 08:32:27,2026-07-26T17:07:08.733871+00:00,1.1766,1.11,,,,,
17844,baseball,baseball_mlb,Minnesota Twins vs Athletics,Minnesota Twins,Athletics,h2h,Athletics,2.22,0.44031699594660995,0.44031699594660995,0.5233992993966177,0.16194644466049124,1.0,BetOnline.ag,2026-07-26T18:11:00Z,94.0,77de103f22f096af69cc73af,WON,,,2026-07-26 08:32:28,2026-07-26T17:07:08.733901+00:00,1.22,1.22,,,,,
17850,baseball,baseball_mlb,Minnesota Twins vs Athletics,Minnesota Twins,Athletics,h2h,Minnesota Twins,1.76,0.55968300405339,0.55968300405339,0.6049607006033824,0.06473083306195293,0.64,1xBet,2026-07-26T18:11:00Z,82.0,ec95a319b8a8dfc5f977b99f,LOST,,,2026-07-26 08:32:28,2026-07-26T17:07:08.733930+00:00,-0.64,-1.0,,,,,
17871,baseball,baseball_mlb,Chicago White Sox vs Houston Astros,Chicago White Sox,Houston Astros,h2h,Chicago White Sox,1.91,0.5019659015123275,0.5019659015123275,0.6106108436976517,0.1662667114625147,1.37,888sport,2026-07-26T18:11:00Z,95.0,fc1baa5a4beb139aeda67ca0,LOST,,,2026-07-26 08:32:28,2026-07-26T17:07:08.733958+00:00,-1.37,-1.0,,,,,
17889,baseball,baseball_mlb,Milwaukee Brewers vs Colorado Rockies,Milwaukee Brewers,Colorado Rockies,h2h,Milwaukee Brewers,1.31,0.7390961279783654,0.7390961279783654,0.859615538576196,0.1260963555348169,3.05,BetOnline.ag,2026-07-26T18:11:00Z,97.0,16f10c471f2955e50dd13a92,LOST,,,2026-07-26 08:32:29,2026-07-26T17:07:08.733971+00:00,-3.05,-1.0,,,,,
17909,baseball,baseball_mlb,Milwaukee Brewers vs Colorado Rockies,Milwaukee Brewers,Colorado Rockies,h2h,Colorado Rockies,3.95,0.26090387202163434,0.26090387202163434,0.2697344614238039,0.06545112262402553,0.17,Betfair,2026-07-26T18:11:00Z,77.0,b81f7f384939e58a288ec6ea,WON,,,2026-07-26 08:32:29,2026-07-26T17:07:08.733985+00:00,0.5015,2.95,,,,,
17913,baseball,baseball_mlb,St. Louis Cardinals vs Cincinnati Reds,St. Louis Cardinals,Cincinnati Reds,h2h,Cincinnati Reds,2.18,0.4499466654535367,0.4499466654535367,0.5281309733894949,0.151325521989099,0.96,BetOnline.ag,2026-07-26T18:16:00Z,94.0,742dfb4b3aac36fb645fcd7b,WON,,,2026-07-26 08:32:29,2026-07-26T17:07:08.734019+00:00,1.1328,1.18,,,,,
17914,baseball,baseball_mlb,St. Louis Cardinals vs Cincinnati Reds,St. Louis Cardinals,Cincinnati Reds,h2h,St. Louis Cardinals,1.77,0.5500533345464633,0.5500533345464633,0.6036190266105054,0.06840567710059453,0.67,BetOnline.ag,2026-07-26T18:16:00Z,91.0,ed41cf3ef077563626fca0ad,LOST,,,2026-07-26 08:32:29,2026-07-26T17:07:08.734053+00:00,-0.67,-1.0,,,,,
17943,baseball,baseball_mlb,Texas Rangers vs Seattle Mariners,Texas Rangers,Seattle Mariners,h2h,Texas Rangers,1.92,0.5039029833536458,0.5039029833536458,0.6073617209568919,0.16613450423723242,1.35,BetOnline.ag,2026-07-26T18:36:00Z,95.0,c6fb6147e48eae05792563e6,WON,,,2026-07-26 08:32:30,2026-07-26T17:07:08.734084+00:00,1.242,0.92,,,,,
17962,baseball,baseball_mlb,San Francisco Giants vs Los Angeles Angels,San Francisco Giants,Los Angeles Angels,h2h,Los Angeles Angels,2.02,0.48263591014666646,0.48263591014666646,0.5438590352639152,0.09859525123310875,0.72,BetOnline.ag,2026-07-26T20:06:00Z,93.0,413e7b8dd13236a70441f604,LOST,,,2026-07-26 08:32:30,2026-07-26T17:07:08.734119+00:00,-0.72,-1.0,,,,,
17963,baseball,baseball_mlb,San Francisco Giants vs Los Angeles Angels,San Francisco Giants,Los Angeles Angels,h2h,San Francisco Giants,1.89,0.5173640898533336,0.5173640898533336,0.5856109647360849,0.10680472335120039,0.9,BetOnline.ag,2026-07-26T20:06:00Z,94.0,4a3c670d08997a37ec101a13,WON,,,2026-07-26 08:32:30,2026-07-26T17:07:08.734153+00:00,0.801,0.89,,,,,
18002,baseball,baseball_mlb,Philadelphia Phillies vs New York Yankees,Philadelphia Phillies,New York Yankees,h2h,New York Yankees,2.35,0.3960695313906106,0.3960695313906106,0.4851374223044318,0.1400729424154148,0.78,Unibet (FR),2026-07-26T23:21:00Z,93.0,e7c1e7caea58e23066948d8b,WON,,,2026-07-26 08:32:31,2026-07-26T17:07:08.734173+00:00,1.053,1.35,,,,,
18016,baseball,baseball_npb,Saitama Seibu Lions vs Fukuoka SoftBank Hawks,Saitama Seibu Lions,Fukuoka SoftBank Hawks,h2h,Saitama Seibu Lions,2.34,0.4474333797763481,0.4474333797763481,0.4849237024277881,0.1347214636810241,0.75,William Hill,2026-07-26T08:01:00Z,92.0,31a712ab0df93321a03342e9,OPEN,,,2026-07-26 08:32:31,,0.0,0.0,,,,,
18017,baseball,baseball_kbo,Doosan Bears vs Samsung Lions,Doosan Bears,Samsung Lions,h2h,Samsung Lions,2.18,0.46005818355561756,0.46005818355561756,0.4888248013378256,0.06563806691645979,0.42,BetOnline.ag,2026-07-26T09:00:00Z,83.0,29670d181a480f0a18d519a3,OPEN,,,2026-07-26 08:32:32,,0.0,0.0,,,,,
18018,baseball,baseball_kbo,Kia Tigers vs Kiwoom Heroes,Kia Tigers,Kiwoom Heroes,h2h,Kiwoom Heroes,3.19,0.32406308073919826,0.32406308073919826,0.3449585721691827,0.10041784521969266,0.34,BetOnline.ag,2026-07-26T09:00:00Z,90.0,a131996561e1b078e2aea975,OPEN,,,2026-07-26 08:32:33,,0.0,0.0,,,,,
18020,baseball,baseball_kbo,SSG Landers vs NC Dinos,SSG Landers,NC Dinos,h2h,NC Dinos,1.53,0.6608975595656166,0.6608975595656166,0.7041611208655248,0.07736651492425306,1.09,1xBet,2026-07-26T09:00:00Z,81.0,893d5c14984f386c80b8fd91,OPEN,,,2026-07-26 08:32:34,,0.0,0.0,,,,,
18021,baseball,baseball_kbo,SSG Landers vs NC Dinos,SSG Landers,NC Dinos,h2h,SSG Landers,3.0,0.33910244043438326,0.33910244043438326,0.3668888791344751,0.1006666374034253,0.38,William Hill,2026-07-26T09:00:00Z,89.0,b6af1312d2a68d28bdf33e4c,OPEN,,,2026-07-26 08:32:34,,0.0,0.0,,,,,
18044,football,MLS,Inter Miami CF vs Columbus Crew SC,Inter Miami CF,Columbus Crew SC,h2h,Columbus Crew SC,4.05,0.27624204886927295,0.26876072875628704,0.27293744774237216,0.10539666335660725,0.26,Pinnacle,2026-08-01T23:30:00Z,9.266798210069412,09982c47ff2fdcb009f12f70,LOST,,,2026-07-26 08:32:52,2026-08-02T08:30:10Z,0.0,0.0,2,2,2-2,the_odds_api_scores,342542a85f8eb3b680b060c75c1e3de9
18045,football,MLS,Vancouver Whitecaps FC vs Los Angeles FC,Vancouver Whitecaps FC,Los Angeles FC,h2h,Los Angeles FC,4.25,0.26916381493821995,0.2312240301547608,0.25050116343670703,0.0646299446060048,0.13,Nordic Bet,2026-08-01T23:30:00Z,5.019944378424277,8c7a4975a9400175aa915844,LOST,,,2026-07-26 08:32:52,2026-08-02T08:30:10Z,0.0,0.0,1,1,1-1,the_odds_api_scores,fcc87e269a14b4dac2663040c6c888e2
18046,football,MLS,Sporting Kansas City vs Houston Dynamo,Sporting Kansas City,Houston Dynamo,h2h,Sporting Kansas City,3.41,0.34197607984868666,0.3014117562279623,0.3242925635180005,0.10583764159638176,0.33,1xBet,2026-08-02T00:30:00Z,9.138353522427668,0eb70fed07cdb05eaa3575ef,LOST,,,2026-07-26 08:32:52,2026-08-02T08:30:10Z,0.0,0.0,0,2,0-2,the_odds_api_scores,04f8a42e5a50e8de1ed45ba161c91861
18047,football,MLS,Colorado Rapids vs Austin FC,Colorado Rapids,Austin FC,h2h,Austin FC,4.26,0.2731241071287172,0.2450807821239481,0.26106145726811847,0.11212180796218463,0.26,1xBet,2026-08-02T01:30:00Z,9.680948132230643,c710d8aee1c4491b9c429b33,LOST,,,2026-07-26 08:32:52,2026-08-02T08:30:10Z,0.0,0.0,1,0,1-0,the_odds_api_scores,ec70fce48546b95090c486776e21fa79
18050,football,Brazil Serie A,Chapecoense vs Vasco da Gama,Chapecoense,Vasco da Gama,h2h,Chapecoense,3.51,0.3237196924217055,0.2897042727269399,0.30822106825360457,0.08185594957015208,0.24,Pinnacle,2026-07-31T00:00:00Z,7.189769854043557,6b329be62c4dd88f8717b057,OPEN,,,2026-07-26 08:32:54,,0.0,0.0,,,,,
18059,football,Liga MX,Puebla vs Guadalajara,Puebla,Guadalajara,h2h,Puebla,4.16,0.2852366475731887,0.23840359657875856,0.2638603225576335,0.09765894183975532,0.23,Pinnacle,2026-08-01T01:00:00Z,8.630627051992617,574a2f22a705da96f66e3e95,LOST,,,2026-07-26 08:32:56,2026-08-01T08:27:33Z,0.0,0.0,1,1,1-1,the_odds_api_scores,c48b3f4c59b1778723509354afa588c5
18104,baseball,baseball_mlb,Tampa Bay Rays vs Cleveland Guardians,Tampa Bay Rays,Cleveland Guardians,h2h,Cleveland Guardians,2.3,0.46045437019439694,0.46045437019439694,0.4777678542536606,0.0988660647834192,0.57,MyBookie.ag,2026-07-26T16:16:00Z,91.0,0adb47ffca2c540465c01a55,LOST,,,2026-07-26 17:07:14,2026-07-27T09:59:15.695232+00:00,-0.57,-1.0,,,,,
18177,baseball,baseball_mlb,Pittsburgh Pirates vs Chicago Cubs,Pittsburgh Pirates,Chicago Cubs,h2h,Chicago Cubs,2.27,0.44927468576014357,0.44927468576014357,0.46724082867813543,0.060636681099367484,0.36,GTbets,2026-07-26T17:36:00Z,82.0,4cdcc4877f384f2af0f427f8,WON,,,2026-07-26 17:07:16,2026-07-27T09:59:15.695252+00:00,0.4572,1.27,,,,,
18389,baseball,baseball_mlb,Philadelphia Phillies vs New York Yankees,Philadelphia Phillies,New York Yankees,h2h,Philadelphia Phillies,1.59,0.6297049066293406,0.6297049066293406,0.6749466003529597,0.07316509456120612,0.93,1xBet,2026-07-26T23:21:00Z,84.0,fa177d77563daa66355fe86f,LOST,,,2026-07-26 17:07:21,2026-07-27T09:59:15.695269+00:00,-0.93,-1.0,,,,,
18410,football,Swiss Super League,FC Zurich vs Servette,FC Zurich,Servette,h2h,FC Zurich,4.3,0.28885575312423184,0.23861096945991475,0.26652455906685524,0.1460556039874774,0.33,Coolbet,2026-08-01T16:00:00Z,12.734078377610238,465a6459f255f9b8a579ed45,WON,,,2026-07-26 17:07:38,2026-08-02T01:47:14Z,0.0,0.0,2,1,2-1,the_odds_api_scores,191b7f4013972da25d42c4f5130c3a9f
18411,football,Swiss Super League,Grasshopper Zürich vs FC Lugano,Grasshopper Zürich,FC Lugano,h2h,Grasshopper Zürich,3.89,0.29395701447012024,0.24903850351628268,0.27380283450115883,0.06509302620950796,0.17,Pinnacle,2026-08-02T14:30:00Z,5.735496572235857,1223ccf8c513783bfc377470,LOST,,,2026-07-26 17:07:38,2026-08-02T17:05:26Z,0.0,0.0,1,4,1-4,the_odds_api_scores,da3fa5bb246be607cd763d81dd8311ee
18412,football,Danish Superliga,Lyngby vs AGF Aarhus,Lyngby,AGF Aarhus,h2h,Lyngby,3.9,0.29860299175637206,0.2533039416874246,0.2779760394755371,0.08410655395459465,0.22,Tipico,2026-08-01T16:00:00Z,7.555969514406283,b7f19a641c057c3b92c07bbc,LOST,,,2026-07-26 17:07:38,2026-08-01T23:26:17Z,0.0,0.0,2,2,2-2,the_odds_api_scores,f31f4b6fa7e6aba2783914a7caeb6a3a
18414,football,Eliteserien,Molde vs Sarpsborg FK,Molde,Sarpsborg FK,h2h,Sarpsborg FK,4.43,0.2566027662072556,0.22118288528657787,0.24030902685041972,0.0645689889473593,0.13,1xBet,2026-08-02T15:00:00Z,5.185552535894293,c6825468803a28e4ad68c92f,LOST,,,2026-07-26 17:07:39,2026-08-02T17:05:39Z,0.0,0.0,3,3,3-3,the_odds_api_scores,d85a617363c033f20c2054de2c3ae370
18424,football,Brazil Serie A,Grêmio vs Fluminense,Grêmio,Fluminense,h2h,Grêmio,3.35,0.33312493335186844,0.3128687863699657,0.32420361137490583,0.08608209810593448,0.27,Matchbook,2026-07-26T21:30:00Z,7.509822743517493,bb71f19658c6b7b318c9c71f,LOST,,,2026-07-26 17:07:44,2026-07-27T05:54:12Z,0.0,0.0,1,1,1-1,the_odds_api_scores,b2ae0c5388431d8a811f3ead9312fed1
18425,football,Brazil Serie A,Internacional vs Flamengo,Internacional,Flamengo,h2h,Internacional,3.8,0.29697227936091686,0.2645778962507089,0.2822604835638938,0.07258983754279646,0.19,BetOnline.ag,2026-07-29T22:30:00Z,6.72810330281809,6cb61a6300e3041165b5b866,LOST,,,2026-07-26 17:07:45,2026-07-30T07:57:42Z,0.0,0.0,1,1,1-1,the_odds_api_scores,b819c817f44cbe053c1de60d0a53ee3a
18461,hockey,icehockey_nhl,Calgary Flames vs Seattle Kraken,Calgary Flames,Seattle Kraken,h2h,Seattle Kraken,2.53,0.41558486133972106,0.41558486133972106,0.41900940293780475,0.06009378943264587,0.29,Marathon Bet,2026-10-02T01:10:00Z,6.009378943264587,324a1da7eadb4908562f1f2a,,,,2026-07-27 09:59:18,,0.0,0.0,,,,,
18474,baseball,baseball_mlb,Texas Rangers vs Seattle Mariners,Texas Rangers,Seattle Mariners,h2h,Texas Rangers,2.1,0.44604095296210106,0.44604095296210106,0.5468236564832833,0.1483296786148951,1.01,Unibet (FR),2026-07-27T18:35:00Z,94.0,e8b4613047a6e61b4f3c8a39,WON,,,2026-07-27 09:59:19,2026-07-27T17:46:01.777344+00:00,1.111,1.1,,,,,
18489,baseball,baseball_mlb,Pittsburgh Pirates vs Arizona Diamondbacks,Pittsburgh Pirates,Arizona Diamondbacks,h2h,Arizona Diamondbacks,1.94,0.4762981344438428,0.4762981344438428,0.5770855286034997,0.11954592549078935,0.95,Unibet (FR),2026-07-27T22:40:00Z,93.0,6670f1f45d8ce09aa5c1526c,LOST,,,2026-07-27 09:59:20,2026-07-28T08:41:14.811025+00:00,-0.95,-1.0,,,,,
18507,baseball,baseball_mlb,Detroit Tigers vs Baltimore Orioles,Detroit Tigers,Baltimore Orioles,h2h,Detroit Tigers,1.8,0.5175901487097078,0.5175901487097078,0.6250739676669931,0.12513314180058766,1.17,Unibet (FR),2026-07-27T22:40:00Z,94.0,7321c3a6b72b5a060b608e72,LOST,,,2026-07-27 09:59:20,2026-07-28T08:41:14.811092+00:00,-1.17,-1.0,,,,,
18524,baseball,baseball_mlb,Miami Marlins vs Philadelphia Phillies,Miami Marlins,Philadelphia Phillies,h2h,Philadelphia Phillies,1.53,0.6100918063609818,0.6100918063609818,0.7279483461697925,0.11376096963978255,1.61,888sport,2026-07-27T22:41:00Z,95.0,f4d4438cd649af989270ecd7,LOST,,,2026-07-27 09:59:21,2026-07-28T08:41:14.811150+00:00,-1.61,-1.0,,,,,
18545,baseball,baseball_mlb,Washington Nationals vs Toronto Blue Jays,Washington Nationals,Toronto Blue Jays,h2h,Toronto Blue Jays,2.1,0.4569769281253144,0.4569769281253144,0.5548080134290115,0.1650968282009242,1.13,888sport,2026-07-27T22:46:00Z,94.0,01fecfbbbd8b6946058a5b77,WON,,,2026-07-27 09:59:21,2026-07-28T08:41:14.811210+00:00,1.243,1.1,,,,,
18559,baseball,baseball_mlb,New York Mets vs Atlanta Braves,New York Mets,Atlanta Braves,h2h,Atlanta Braves,1.8,0.5151424691038274,0.5151424691038274,0.619228477306743,0.11461125915213755,1.07,Unibet (FR),2026-07-27T23:10:00Z,94.0,b13b780d8d506acb7a2d2bd0,LOST,,,2026-07-27 09:59:22,2026-07-28T08:41:14.811272+00:00,-1.07,-1.0,,,,,
18576,baseball,baseball_mlb,Cincinnati Reds vs Cleveland Guardians,Cincinnati Reds,Cleveland Guardians,h2h,Cincinnati Reds,1.6,0.607853421073593,0.607853421073593,0.7120005322746374,0.13920085163941986,1.74,GTbets,2026-07-27T23:10:00Z,95.0,b14c06d86c3e9e8324d4adb4,LOST,,,2026-07-27 09:59:22,2026-07-29T08:47:11.856277+00:00,-1.74,-1.0,,,,,
18577,baseball,baseball_mlb,Cincinnati Reds vs Cleveland Guardians,Cincinnati Reds,Cleveland Guardians,h2h,Cleveland Guardians,2.53,0.392146578926407,0.392146578926407,0.42199946772536273,0.06765865334516752,0.33,GTbets,2026-07-27T23:10:00Z,84.0,5e2676ad2d812ae89de22035,WON,,,2026-07-27 09:59:22,2026-07-29T08:47:11.856322+00:00,0.5049,1.53,,,,,
18605,baseball,baseball_mlb,Chicago White Sox vs New York Yankees,Chicago White Sox,New York Yankees,h2h,Chicago White Sox,2.34,0.42932851839329744,0.42932851839329744,0.502229982813793,0.17521815978427568,0.98,GTbets,2026-07-27T23:40:00Z,93.0,173284de64dde12eb0ef1fea,LOST,,,2026-07-27 09:59:23,2026-07-28T08:41:14.811468+00:00,-0.98,-1.0,,,,,
18606,baseball,baseball_mlb,Chicago White Sox vs New York Yankees,Chicago White Sox,New York Yankees,h2h,New York Yankees,1.68,0.5706714816067027,0.5706714816067027,0.6320100171862072,0.06177682887282798,0.68,GTbets,2026-07-27T23:40:00Z,84.0,4a60334e0f8cf65533dcc0c8,WON,,,2026-07-27 09:59:23,2026-07-28T08:41:14.811532+00:00,0.4624,0.68,,,,,
18640,baseball,baseball_mlb,St. Louis Cardinals vs Chicago Cubs,St. Louis Cardinals,Chicago Cubs,h2h,St. Louis Cardinals,1.91,0.48359462057965225,0.48359462057965225,0.5908032864740389,0.12843427716541433,1.06,888sport,2026-07-27T23:46:00Z,94.0,ede58093c4286c6b04230927,LOST,,,2026-07-27 09:59:23,2026-07-28T08:41:14.811601+00:00,-1.06,-1.0,,,,,
18655,baseball,baseball_mlb,Los Angeles Angels vs Houston Astros,Los Angeles Angels,Houston Astros,h2h,Los Angeles Angels,1.92,0.48348517858115264,0.48348517858115264,0.5894822745080865,0.13180596705552605,1.07,Unibet (FR),2026-07-28T01:38:00Z,93.0,4229a00a85dcc56ab4fda614,LOST,,,2026-07-27 09:59:24,2026-07-28T08:41:14.811697+00:00,-1.07,-1.0,,,,,
18674,baseball,baseball_mlb,Athletics vs Boston Red Sox,Athletics,Boston Red Sox,h2h,Boston Red Sox,1.6,0.6088061665730811,0.6088061665730811,0.7270292081221743,0.16324673299547898,2.04,GTbets,2026-07-28T01:40:00Z,96.0,e73d7e26bab9bbe958f03fd8,WON,,,2026-07-27 09:59:24,2026-07-28T08:41:14.811768+00:00,1.224,0.6,,,,,
18693,baseball,baseball_mlb,Athletics vs Boston Red Sox,Athletics,Boston Red Sox,h2h,Athletics,2.62,0.3911938334269189,0.3911938334269189,0.4055607918778258,0.06256927471990359,0.29,Betfair,2026-07-28T01:40:00Z,77.0,61230fd0119f0844796bf942,LOST,,,2026-07-27 09:59:24,2026-07-28T08:41:14.811834+00:00,-0.29,-1.0,,,,,
18697,baseball,baseball_mlb,San Francisco Giants vs Milwaukee Brewers,San Francisco Giants,Milwaukee Brewers,h2h,San Francisco Giants,2.1,0.4469720899298039,0.4469720899298039,0.546457989985625,0.14756177896981248,1.01,Unibet (FR),2026-07-28T01:45:00Z,94.0,2ca05d5023272149d39180e7,WON,,,2026-07-27 09:59:25,2026-07-28T08:41:14.811904+00:00,1.111,1.1,,,,,
18702,baseball,baseball_mlb,San Francisco Giants vs Milwaukee Brewers,San Francisco Giants,Milwaukee Brewers,h2h,Milwaukee Brewers,1.83,0.5530279100701959,0.5530279100701959,0.5817520100143749,0.06460617832630611,0.58,1xBet,2026-07-28T01:45:00Z,80.0,99f8a21ef1c01e6777e6330f,LOST,,,2026-07-27 09:59:25,2026-07-28T08:41:14.812010+00:00,-0.58,-1.0,,,,,
18722,football,Turkish Super Lig,Kasimpasa SK vs Trabzonspor,Kasimpasa SK,Trabzonspor,h2h,Kasimpasa SK,3.45,0.325977944173228,0.29284356537271355,0.31089607184732004,0.07259144787325411,0.22,1xBet,2026-08-15T16:00:00Z,6.2065687931632265,400f29a9c16e3c87109e1f5f,LOST,,,2026-07-27 09:59:46,2026-08-16T01:53:59Z,0.0,0.0,1,1,1-1,the_odds_api_scores,ee24e0a4e57e00f6243aa50b0fe379f7
18723,football,Austrian Bundesliga,LASK vs Grazer AK,LASK,Grazer AK,h2h,LASK,2.1,0.5066832482972743,0.5542969698175789,0.5283224597295404,0.10947716543203478,0.75,BetOnline.ag,2026-07-31T17:30:00Z,10.345592133327287,aa8304edea28741198a4ba19,WON,,,2026-07-27 09:59:48,2026-08-01T00:51:41Z,0.0,0.0,3,0,3-0,the_odds_api_scores,5cbad3a33c6ca6e8e943b42326028478
18726,football,Swiss Super League,FC Sion vs FC Luzern,FC Sion,FC Luzern,h2h,FC Luzern,4.2,0.26705267637746793,0.24227280178373586,0.2560511454802811,0.07541481101718062,0.18,Coolbet,2026-08-02T14:30:00Z,6.524779607534222,59b0a0f005190a1648abddbc,LOST,,,2026-07-27 09:59:49,2026-08-02T17:05:26Z,0.0,0.0,3,0,3-0,the_odds_api_scores,71c389f15d960e817660cd85c03c0001
18737,football,Brazil Serie A,Chapecoense vs Vasco da Gama,Chapecoense,Vasco da Gama,h2h,Chapecoense,3.6,0.3149149416866719,0.27327830755693167,0.2964546406669058,0.06723670640086099,0.19,Unibet (SE),2026-07-29T00:00:00Z,5.7890193231190255,79ec558f14d00a8423ea3dec,OPEN,,,2026-07-27 09:59:55,,0.0,0.0,,,,,
18739,football,Brazil Serie A,Vitoria vs Palmeiras,Vitoria,Palmeiras,h2h,Vitoria,4.13,0.28071300006711675,0.24394497964106052,0.26381663515531095,0.08956270319143411,0.21,Pinnacle,2026-07-30T00:30:00Z,7.653610358768896,36fc32a63694315e798b5e02,LOST,,,2026-07-27 09:59:56,2026-07-30T07:57:42Z,0.0,0.0,0,4,0-4,the_odds_api_scores,ec1db1ae59afdc3fb045803d003445c5
18761,hockey,icehockey_nhl,Columbus Blue Jackets vs Buffalo Sabres,Columbus Blue Jackets,Buffalo Sabres,h2h,Buffalo Sabres,2.53,0.4194711268123774,0.4194711268123774,0.4194197887686642,0.061132065584720285,0.3,1xBet,2026-10-01T23:10:00Z,6.1132065584720285,e6966e8511bab104509d631a,,,,2026-07-27 17:46:05,,0.0,0.0,,,,,
18762,hockey,icehockey_nhl,Columbus Blue Jackets vs Buffalo Sabres,Columbus Blue Jackets,Buffalo Sabres,h2h,Columbus Blue Jackets,2.51,0.4272657880909899,0.4272657880909899,0.4276660516636929,0.07344178967586923,0.36,1xBet,2026-10-01T23:10:00Z,7.344178967586923,1ae71c1fa570bb27337f44ad,,,,2026-07-27 17:46:05,,0.0,0.0,,,,,
19009,baseball,baseball_mlb,Pittsburgh Pirates vs Arizona Diamondbacks,Pittsburgh Pirates,Arizona Diamondbacks,h2h,Arizona Diamondbacks,1.84,0.4913794136101495,0.4913794136101495,0.5941571203582003,0.0932491014590886,0.83,Winamax (FR),2026-07-28T22:41:00Z,93.0,cb0abea8848a7731bd6aa956,LOST,,,2026-07-27 17:46:13,2026-07-28T08:41:14.812069+00:00,-0.83,-1.0,,,,,
19014,baseball,baseball_mlb,Detroit Tigers vs Baltimore Orioles,Detroit Tigers,Baltimore Orioles,h2h,Detroit Tigers,1.71,0.5627655108303745,0.5627655108303745,0.6749417988065396,0.15415047595918274,1.63,BetOnline.ag,2026-07-28T22:41:00Z,95.0,af50141c913518a4ec2de766,LOST,,,2026-07-27 17:46:14,2026-07-28T08:41:14.812123+00:00,-1.63,-1.0,,,,,
19020,baseball,baseball_mlb,Miami Marlins vs Philadelphia Phillies,Miami Marlins,Philadelphia Phillies,h2h,Philadelphia Phillies,1.8,0.5,0.5,0.6014460000000001,0.08260280000000031,0.77,Winamax (FR),2026-07-28T22:41:00Z,91.0,384d7362010e1711014ae31c,LOST,,,2026-07-27 17:46:14,2026-07-28T08:41:14.812178+00:00,-0.77,-1.0,,,,,
19027,baseball,baseball_mlb,Washington Nationals vs Toronto Blue Jays,Washington Nationals,Toronto Blue Jays,h2h,Toronto Blue Jays,2.05,0.4419776988113996,0.4419776988113996,0.53984465433156,0.10668154137969799,0.76,Unibet (FR),2026-07-28T22:46:00Z,92.0,ae66501b54e002dec564dcba,WON,,,2026-07-27 17:46:14,2026-07-28T08:41:14.812236+00:00,0.798,1.05,,,,,
19031,baseball,baseball_mlb,Cincinnati Reds vs Cleveland Guardians,Cincinnati Reds,Cleveland Guardians,h2h,Cincinnati Reds,1.96,0.46843010030736026,0.46843010030736026,0.5525860987254383,0.08306875350185905,0.65,Winamax (FR),2026-07-28T23:11:00Z,90.0,6d36e8c2e04c67cb199bcb3e,LOST,,,2026-07-27 17:46:14,2026-07-29T08:47:11.856537+00:00,-0.65,-1.0,,,,,
19034,baseball,baseball_mlb,Cincinnati Reds vs Cleveland Guardians,Cincinnati Reds,Cleveland Guardians,h2h,Cleveland Guardians,1.91,0.5315698996926397,0.5315698996926397,0.5815039012745618,0.11067245143441284,0.91,BetOnline.ag,2026-07-28T23:11:00Z,93.0,9e0b908ef02bd79abdea8ea5,WON,,,2026-07-27 17:46:14,2026-07-29T08:47:11.856576+00:00,0.8281,0.91,,,,,
19036,mma,mma_mixed_martial_arts,Nina Milošević vs Hailey Cowan,Nina Milošević,Hailey Cowan,h2h,Hailey Cowan,3.45,0.333639503721422,0.333639503721422,0.321033729441048,0.10756636657161578,0.33,BetAnything,2026-08-01T14:00:00Z,10.17106428922622,252fc67d69f072e4d9fe4810,OPEN,,,2026-07-27 17:46:17,,0.0,0.0,,,,,
19037,mma,mma_mixed_martial_arts,Dennis Buzukja vs Bogdan Grad,Dennis Buzukja,Bogdan Grad,h2h,Dennis Buzukja,2.7,0.42900672078162494,0.42900672078162494,0.41337664496787135,0.1161169414132528,0.51,BetOnline.ag,2026-08-01T22:00:00Z,11.528552646295882,e01477406f94b16bf3cf06a6,OPEN,,,2026-07-27 17:46:18,,0.0,0.0,,,,,
19046,mma,mma_mixed_martial_arts,Oban Elliott vs Michael Oliveira,Oban Elliott,Michael Oliveira,h2h,Oban Elliott,3.46,0.3413892217074977,0.3413892217074977,0.3269732153259402,0.13132732502775313,0.4,1xBet,2026-08-01T22:00:00Z,11.79691917598676,3e37112dbef76cd933056ca9,OPEN,,,2026-07-27 17:46:19,,0.0,0.0,,,,,
19048,baseball,baseball_kbo,LG Twins vs Kiwoom Heroes,LG Twins,Kiwoom Heroes,h2h,Kiwoom Heroes,4.26,0.24737715011540531,0.24737715011540531,0.2630504055888621,0.12059472780855263,0.28,1xBet,2026-07-28T09:30:00Z,89.0,726d187c42f275076c673bad,OPEN,,,2026-07-27 17:46:20,,0.0,0.0,,,,,
19064,football,Eliteserien,SK Brann vs Rosenborg,SK Brann,Rosenborg,h2h,Rosenborg,4.5,0.2634050422167348,0.22340504221673477,0.24288169362527146,0.0929676213137216,0.17,GTbets,2026-08-02T17:15:00Z,6.827518247408746,b96361c5e7022ad9d568888b,LOST,,,2026-07-27 17:46:36,2026-08-03T00:38:38Z,0.0,0.0,3,2,3-2,the_odds_api_scores,c697e676abd3caeb609cf7f064a58b3d
19065,football,Allsvenskan,BK Hacken vs Kalmar FF,BK Hacken,Kalmar FF,h2h,Kalmar FF,4.5,0.26528058454497444,0.23699600720673286,0.25272339387330434,0.13725527242986946,0.29,Coolbet,2026-08-01T13:00:00Z,11.610704538738483,f13fb980f596077ddc49ccc4,LOST,,,2026-07-27 17:46:36,2026-08-01T17:05:17Z,0.0,0.0,1,1,1-1,the_odds_api_scores,132d6238b5bf5325de4fc9f6fb73dcb7
19069,football,MLS,New York City FC vs Toronto FC,New York City FC,Toronto FC,h2h,Draw,4.37,0.24700253660452376,0.23687565009039194,0.24272689662370556,0.0607165382455932,0.14,1xBet,2026-07-31T23:30:00Z,4.897957602868319,2075b2522ac192beb3be53ec,WON,,,2026-07-27 17:46:38,2026-08-01T07:11:28Z,0.0,0.0,1,1,1-1,the_odds_api_scores,52ee1a586957d4579ee0448ba6dab22f
19070,football,MLS,Philadelphia Union vs Atlanta United FC,Philadelphia Union,Atlanta United FC,h2h,Draw,4.42,0.24624737058111018,0.2362967066815444,0.24204451385716635,0.06983675124867528,0.15,1xBet,2026-08-01T23:30:00Z,5.633678345667198,ace09b2aff63c58ffc182ff6,LOST,,,2026-07-27 17:46:38,2026-08-02T08:30:10Z,0.0,0.0,3,2,3-2,the_odds_api_scores,93ddba19940f2ffe67b51881c567ab2c
19071,football,MLS,Vancouver Whitecaps FC vs Los Angeles FC,Vancouver Whitecaps FC,Los Angeles FC,h2h,Draw,4.49,0.24423402876064854,0.23176926997095612,0.2390921342991475,0.07352368300317225,0.16,1xBet,2026-08-01T23:30:00Z,5.931100365103652,29f9787e6096e17a941dbd5a,WON,,,2026-07-27 17:46:38,2026-08-02T08:30:10Z,0.0,0.0,1,1,1-1,the_odds_api_scores,fcc87e269a14b4dac2663040c6c888e2
19073,football,MLS,Sporting Kansas City vs Houston Dynamo,Sporting Kansas City,Houston Dynamo,h2h,Draw,4.12,0.2676499408274413,0.26578660973477236,0.2668660351809907,0.09948806494568174,0.24,1xBet,2026-08-02T00:30:00Z,8.025627583119437,e929124d145d6ae62a7974be,LOST,,,2026-07-27 17:46:38,2026-08-02T08:30:10Z,0.0,0.0,0,2,0-2,the_odds_api_scores,04f8a42e5a50e8de1ed45ba161c91861
19075,football,MLS,Minnesota United FC vs San Diego FC,Minnesota United FC,San Diego FC,h2h,Draw,4.34,0.251660811690572,0.2409106313525554,0.2471267928762679,0.07253028108300263,0.16,1xBet,2026-08-02T00:30:00Z,5.85096337725501,90d6c203183bd1540b2d954a,WON,,,2026-07-27 17:46:39,2026-08-02T08:30:10Z,0.0,0.0,1,1,1-1,the_odds_api_scores,e5a88fa5f4b4d21a924bcba317e28219
19077,football,MLS,Portland Timbers vs Seattle Sounders FC,Portland Timbers,Seattle Sounders FC,h2h,Draw,4.29,0.2513219445707077,0.24265049575489872,0.24758179050175005,0.06212588125250784,0.14,1xBet,2026-08-02T02:30:00Z,5.0116482462288685,411377a7459027482b7c362b,LOST,,,2026-07-27 17:46:39,2026-08-02T08:30:10Z,0.0,0.0,2,1,2-1,the_odds_api_scores,69d9622e5cdec39cbbbde051e0ebaa50
19078,football,MLS,Houston Dynamo vs LA Galaxy,Houston Dynamo,LA Galaxy,h2h,Draw,4.44,0.24476755104842407,0.23181722741941893,0.2395508630788007,0.06360583206987513,0.14,1xBet,2026-08-16T00:30:00Z,5.131034768702774,c23f2b9a10850d962129c188,LOST,,,2026-07-27 17:46:39,2026-08-16T06:19:24Z,0.0,0.0,1,0,1-0,the_odds_api_scores,91d4e94bde30d52438d3cd07b52d0e9f
19079,football,MLS,Real Salt Lake vs Minnesota United FC,Real Salt Lake,Minnesota United FC,h2h,Minnesota United FC,4.42,0.2554291101142496,0.2195297675347252,0.23992226813642112,0.06045642516298133,0.13,1xBet,2026-08-16T01:30:00Z,4.876974475578831,feec423deb0b2d9457d0de0f,LOST,,,2026-07-27 17:46:40,2026-08-16T06:19:24Z,0.0,0.0,1,1,1-1,the_odds_api_scores,ffbec045e6bd26649f263200a7d3bbe0
19083,football,Brazil Serie A,Bahia vs Vasco da Gama,Bahia,Vasco da Gama,h2h,Vasco da Gama,4.47,0.26972898786562294,0.2370578801926469,0.25548223302248807,0.14200558161052168,0.31,1xBet,2026-08-09T19:00:00Z,11.89864768314561,b9b56d78d4582554720934e5,LOST,,,2026-07-27 17:46:41,2026-08-10T05:54:05Z,0.0,0.0,0,0,0-0,the_odds_api_scores,4204e2b2947477d251548f1c02e632d3
19085,football,Argentina Primera Division,Rosario Central vs Racing Club,Rosario Central,Racing Club,h2h,Racing Club,3.9,0.28585895278968243,0.2627620124158409,0.2753713009709582,0.07394807378673685,0.19,Betfair,2026-07-29T00:15:00Z,6.263760497894477,21c1dc6f8bbc2e072e8d0ae4,LOST,,,2026-07-27 17:46:42,2026-07-29T07:02:08Z,0.0,0.0,0,0,0-0,the_odds_api_scores,a3e52d844b8ee93cb2fbaac1d2bdb966
19130,baseball,baseball_mlb,Cincinnati Reds vs Cleveland Guardians,Cincinnati Reds,Cleveland Guardians,h2h,Cincinnati Reds,1.59,0.5922774647670563,0.5922774647670563,0.6943675670101216,0.10404443154609333,1.32,Unibet (FR),2026-07-28T17:41:00Z,94.0,61259d413ed0083942602a99,LOST,,,2026-07-28 08:41:20,2026-07-29T08:47:11.856356+00:00,-1.32,-1.0,,,,,
19143,baseball,baseball_mlb,Cincinnati Reds vs Cleveland Guardians,Cincinnati Reds,Cleveland Guardians,h2h,Cleveland Guardians,2.43,0.40772253523294366,0.40772253523294366,0.4367224329898786,0.061235512165405126,0.32,GTbets,2026-07-28T17:41:00Z,82.0,844deef55e13ed4904b38473,WON,,,2026-07-28 08:41:20,2026-07-29T08:47:11.856390+00:00,0.4576,1.43,,,,,
19210,baseball,baseball_mlb,Miami Marlins vs Philadelphia Phillies,Miami Marlins,Philadelphia Phillies,h2h,Miami Marlins,1.96,0.5079708414025214,0.5079708414025214,0.5417193507872606,0.06176992754303079,0.48,Betfair,2026-07-28T22:41:00Z,79.0,e2cfa2bd69f2abde406d1ccd,WON,,,2026-07-28 08:41:22,2026-07-28T17:38:26.134255+00:00,0.4608,0.96,,,,,
19212,baseball,baseball_mlb,Tampa Bay Rays vs Texas Rangers,Tampa Bay Rays,Texas Rangers,h2h,Tampa Bay Rays,1.53,0.6116604395745416,0.6116604395745416,0.7331228215501889,0.12167791697178898,1.72,888sport,2026-07-28T22:41:00Z,95.0,9b7a8b9f6b05c562d1007c12,LOST,,,2026-07-28 08:41:22,2026-07-29T08:47:11.856428+00:00,-1.72,-1.0,,,,,
19245,baseball,baseball_mlb,Cincinnati Reds vs Cleveland Guardians,Cincinnati Reds,Cleveland Guardians,h2h,Cincinnati Reds,2.0,0.48692574548418693,0.48692574548418693,0.5752570772544873,0.15051415450897454,1.13,Winamax (FR),2026-07-28T23:10:00Z,94.0,2a6494b5f6b2bcf5ed6d011f,LOST,,,2026-07-28 08:41:23,2026-07-29T08:47:11.856464+00:00,-1.13,-1.0,,,,,
19247,baseball,baseball_mlb,Cincinnati Reds vs Cleveland Guardians,Cincinnati Reds,Cleveland Guardians,h2h,Cleveland Guardians,1.8,0.5432550930167431,0.5432550930167431,0.5921813080428863,0.0659263544771953,0.62,BetOnline.ag,2026-07-28T23:10:00Z,91.0,a5e62cd4fb44548d5fd4337f,WON,,,2026-07-28 08:41:23,2026-07-29T08:47:11.856498+00:00,0.496,0.8,,,,,
19252,baseball,baseball_mlb,New York Mets vs Atlanta Braves,New York Mets,Atlanta Braves,h2h,Atlanta Braves,1.62,0.5935327659851312,0.5935327659851312,0.7082078481932351,0.147296714073041,1.78,BetOnline.ag,2026-07-28T23:11:00Z,95.0,b66aaa8e5aeb3a10e6ca5fe9,LOST,,,2026-07-28 08:41:23,2026-07-28T17:38:26.134659+00:00,-1.78,-1.0,,,,,
19272,baseball,baseball_mlb,Chicago White Sox vs New York Yankees,Chicago White Sox,New York Yankees,h2h,Chicago White Sox,2.15,0.4500697775007603,0.4500697775007603,0.5076831983480824,0.0915188764483772,0.6,BetOnline.ag,2026-07-28T23:41:00Z,92.0,478046aae53a589746446a9f,LOST,,,2026-07-28 08:41:24,2026-07-28T17:38:26.134720+00:00,-0.6,-1.0,,,,,
19273,baseball,baseball_mlb,Chicago White Sox vs New York Yankees,Chicago White Sox,New York Yankees,h2h,New York Yankees,1.79,0.5499302224992397,0.5499302224992397,0.6241568016519177,0.11724067495693258,1.11,BetOnline.ag,2026-07-28T23:41:00Z,93.0,9107c6afa109b040cce01633,WON,,,2026-07-28 08:41:24,2026-07-28T17:38:26.134779+00:00,0.8769,0.79,,,,,
19310,baseball,baseball_mlb,Minnesota Twins vs Kansas City Royals,Minnesota Twins,Kansas City Royals,h2h,Kansas City Royals,2.25,0.4095043447747509,0.4095043447747509,0.5007198131146829,0.1266195795080367,0.76,Unibet (FR),2026-07-28T23:41:00Z,93.0,db24e43b72a042b3139d4ffd,LOST,,,2026-07-28 08:41:24,2026-07-29T08:47:11.856644+00:00,-0.76,-1.0,,,,,
19315,baseball,baseball_mlb,Minnesota Twins vs Kansas City Royals,Minnesota Twins,Kansas City Royals,h2h,Minnesota Twins,1.69,0.590495655225249,0.590495655225249,0.6312401868853172,0.06679591583618616,0.73,1xBet,2026-07-28T23:41:00Z,82.0,4e77c79772972359da5daed3,WON,,,2026-07-28 08:41:24,2026-07-29T08:47:11.856694+00:00,0.5037,0.69,,,,,
19327,baseball,baseball_mlb,St. Louis Cardinals vs Chicago Cubs,St. Louis Cardinals,Chicago Cubs,h2h,St. Louis Cardinals,1.91,0.4948120194504151,0.4948120194504151,0.6030716753749652,0.1518668999661834,1.25,888sport,2026-07-28T23:46:00Z,95.0,e97bed36bdd3f0e9820721d4,LOST,,,2026-07-28 08:41:24,2026-07-28T17:38:26.134950+00:00,-1.25,-1.0,,,,,
19341,baseball,baseball_mlb,Los Angeles Angels vs Houston Astros,Los Angeles Angels,Houston Astros,h2h,Los Angeles Angels,1.91,0.4975777211842207,0.4975777211842207,0.604141632936798,0.1539105189092842,1.27,888sport,2026-07-29T01:39:00Z,94.0,ee190c7ecd6815e368c8b555,LOST,,,2026-07-28 08:41:25,2026-07-28T17:38:26.135010+00:00,-1.27,-1.0,,,,,
19357,baseball,baseball_mlb,Athletics vs Boston Red Sox,Athletics,Boston Red Sox,h2h,Boston Red Sox,1.71,0.5736598033852006,0.5736598033852006,0.688201492495133,0.17682455216667736,1.87,GTbets,2026-07-29T01:41:00Z,96.0,4b1c16aafc644a1d27b46c8e,WON,,,2026-07-28 08:41:25,2026-07-28T17:38:26.135071+00:00,1.3277,0.71,,,,,
19374,baseball,baseball_mlb,Athletics vs Boston Red Sox,Athletics,Boston Red Sox,h2h,Athletics,2.4,0.4263401966147993,0.4263401966147993,0.4457085075048672,0.06970041801168114,0.37,Everygame,2026-07-29T01:41:00Z,86.0,ce7fcccd6e64958f68c8ec7a,LOST,,,2026-07-28 08:41:26,2026-07-28T17:38:26.135132+00:00,-0.37,-1.0,,,,,
19376,baseball,baseball_mlb,San Diego Padres vs Colorado Rockies,San Diego Padres,Colorado Rockies,h2h,Colorado Rockies,2.6,0.3742380202334298,0.3742380202334298,0.4376800646069458,0.1379681679780591,0.65,GTbets,2026-07-29T01:41:00Z,92.0,45e61c3491e13e1cea6a87e9,LOST,,,2026-07-28 08:41:26,2026-07-29T08:47:11.856747+00:00,-0.65,-1.0,,,,,
19377,baseball,baseball_mlb,San Diego Padres vs Colorado Rockies,San Diego Padres,Colorado Rockies,h2h,San Diego Padres,1.56,0.6257619797665702,0.6257619797665702,0.6945799353930543,0.08354469921316476,1.12,GTbets,2026-07-29T01:41:00Z,92.0,4b80f072dc7577aaafc39f28,WON,,,2026-07-28 08:41:26,2026-07-29T08:47:11.856800+00:00,0.6272,0.56,,,,,
19407,baseball,baseball_mlb,San Francisco Giants vs Milwaukee Brewers,San Francisco Giants,Milwaukee Brewers,h2h,San Francisco Giants,2.17,0.43490873577722156,0.43490873577722156,0.5339661046723375,0.1587064471389723,1.02,Betclic (FR),2026-07-29T01:46:00Z,94.0,fc5a656933f3dafd61d205b0,WON,,,2026-07-28 08:41:26,2026-07-28T17:38:26.135308+00:00,1.1934,1.17,,,,,
19420,baseball,baseball_mlb,Los Angeles Dodgers vs Seattle Mariners,Los Angeles Dodgers,Seattle Mariners,h2h,Seattle Mariners,2.55,0.37646126533710833,0.37646126533710833,0.43693716146957323,0.11418976174741169,0.55,888sport,2026-07-29T02:11:00Z,92.0,dae434c6c05eb236bc944c57,WON,,,2026-07-28 08:41:27,2026-07-29T08:47:11.856855+00:00,0.8525,1.55,,,,,
19422,baseball,baseball_mlb,Los Angeles Dodgers vs Seattle Mariners,Los Angeles Dodgers,Seattle Mariners,h2h,Los Angeles Dodgers,1.53,0.6235387346628918,0.6235387346628918,0.696492838530427,0.0656340429515534,0.93,Marathon Bet,2026-07-29T02:11:00Z,87.0,a744adf5b8912b34eb45c7e6,LOST,,,2026-07-28 08:41:27,2026-07-29T08:47:11.856910+00:00,-0.93,-1.0,,,,,
19445,baseball,baseball_kbo,Hanwha Eagles vs Lotte Giants,Hanwha Eagles,Lotte Giants,h2h,Hanwha Eagles,1.71,0.5912892639892351,0.5912892639892351,0.6333427332717111,0.08301607389462595,0.88,1xBet,2026-07-28T09:30:00Z,81.0,effd2fdccbf05893e6a2a434,OPEN,,,2026-07-28 08:41:29,,0.0,0.0,,,,,
19446,baseball,baseball_kbo,NC Dinos vs KT Wiz,NC Dinos,KT Wiz,h2h,NC Dinos,2.45,0.4124724677819414,0.4124724677819414,0.44276380019209494,0.08477131047063269,0.44,BetOnline.ag,2026-07-28T09:30:00Z,89.0,6b7b5155402f14df1dbebc8d,OPEN,,,2026-07-28 08:41:30,,0.0,0.0,,,,,
19460,football,Eliteserien,Aalesund vs Tromso,Aalesund,Tromso,h2h,Aalesund,4.1,0.2765533027053094,0.24789697110079634,0.2624515898807861,0.07605151851122294,0.16,Tipico,2026-08-02T15:00:00Z,5.776615588608969,87d542a6f3b816dbb523d9c6,LOST,,,2026-07-28 08:41:49,2026-08-02T17:05:39Z,0.0,0.0,2,6,2-6,the_odds_api_scores,82dd629264999ca4ff163c6264aadbe7
19475,football,MLS,New York City FC vs Philadelphia Union,New York City FC,Philadelphia Union,h2h,Philadelphia Union,4.45,0.2579802890718654,0.2247797797130218,0.2433923771062163,0.08309607812266262,0.18,1xBet,2026-08-16T22:00:00Z,6.703298300096601,79526ffd7a48740434fd1c5f,WON,,,2026-07-28 08:41:54,2026-08-17T06:28:38Z,0.0,0.0,2,3,2-3,the_odds_api_scores,c3be3958beef3c35ea4a9dac6e028863
19491,hockey,icehockey_nhl,Edmonton Oilers vs Vancouver Canucks,Edmonton Oilers,Vancouver Canucks,h2h,Vancouver Canucks,4.5,0.24146105767667586,0.24146105767667586,0.2406027403736731,0.08271233168152903,0.18,Marathon Bet,2026-09-30T02:10:00Z,8.271233168152904,857d9738a000d3e2f5e48dda,,,,2026-07-28 17:38:28,,0.0,0.0,,,,,
19494,hockey,icehockey_nhl,Vegas Golden Knights vs Chicago Blackhawks,Vegas Golden Knights,Chicago Blackhawks,h2h,Chicago Blackhawks,3.95,0.25298989757121343,0.25298989757121343,0.2869058598379769,0.1332781463600088,0.34,Winamax (DE),2026-09-30T02:40:00Z,13.327814636000879,29c5fa24e1bbe99fa27dfcdd,,,,2026-07-28 17:38:28,,0.0,0.0,,,,,
19874,baseball,baseball_kbo,LG Twins vs Kiwoom Heroes,LG Twins,Kiwoom Heroes,h2h,Kiwoom Heroes,3.8,0.28109202725358506,0.28109202725358506,0.2948913966493708,0.12058730726760891,0.32,BetOnline.ag,2026-07-29T09:30:00Z,90.0,c04381f4bede59b8ec947c97,OPEN,,,2026-07-28 17:38:45,,0.0,0.0,,,,,
19879,football,Championship,Watford vs Southampton,Watford,Southampton,h2h,Watford,3.95,0.31194718923803344,0.2745816641804571,0.29498511250102233,0.1651911943790383,0.42,LeoVegas (SE),2026-08-16T12:30:00Z,14.798818339640524,862033c06c0f6101d2084066,WON,,,2026-07-28 17:38:52,2026-08-16T16:10:40Z,0.0,0.0,2,1,2-1,the_odds_api_scores,0e01068c7b15cd9fdddf8ad5237d2170
19885,football,Turkish Super Lig,Amed SK vs Erzurum BB,Amed SK,Erzurum BB,h2h,Erzurum BB,3.3,0.32406979410950887,0.3221820256020736,0.3232066067176087,0.0665818021681086,0.22,Coolbet,2026-08-16T18:30:00Z,5.7454768726904275,d6492f0212c8cb5a21bdfa35,LOST,,,2026-07-28 17:38:57,2026-08-18T11:47:33Z,0.0,0.0,3,0,3-0,the_odds_api_scores,668f6bfdf1a0fb65f8e1b55691fc63f0
19898,football,MLS,St. Louis City SC vs Real Salt Lake,St. Louis City SC,Real Salt Lake,h2h,Draw,4.21,0.255097179321319,0.25079740379284654,0.2532784795225513,0.06630239878994093,0.15,1xBet,2026-08-02T00:30:00Z,5.348564783585442,dfd457e7496e7b6728589bb4,WON,,,2026-07-28 17:39:02,2026-08-02T08:30:10Z,0.0,0.0,1,1,1-1,the_odds_api_scores,13074a89e3bc188847251a495d8cfd7f
19900,football,MLS,Colorado Rapids vs Austin FC,Colorado Rapids,Austin FC,h2h,Draw,4.4,0.24791786198361807,0.2341554363263337,0.24239166980592736,0.06652334714608044,0.15,1xBet,2026-08-02T01:30:00Z,5.366388521763949,ae842f9fa53e8fd38df948ab,LOST,,,2026-07-28 17:39:02,2026-08-02T08:30:10Z,0.0,0.0,1,0,1-0,the_odds_api_scores,ec70fce48546b95090c486776e21fa79
19904,football,MLS,San Jose Earthquakes vs St. Louis City SC,San Jose Earthquakes,St. Louis City SC,h2h,St. Louis City SC,4.5,0.2607741814151047,0.22051508356864358,0.24192878248125202,0.08867952116563416,0.17,Coolbet,2026-08-16T02:30:00Z,6.519482249120689,bb19a61eb14273d7517521cc,WON,,,2026-07-28 17:39:03,2026-08-16T06:19:24Z,0.0,0.0,1,3,1-3,the_odds_api_scores,762af8fa5bf4befb1e6aee416452e3ad
19908,football,Brazil Serie A,Coritiba vs Cruzeiro,Coritiba,Cruzeiro,h2h,Coritiba,3.55,0.32041253095289823,0.2879187226583658,0.30624065905131875,0.08715433963218144,0.26,Betfair,2026-07-31T00:30:00Z,7.302662117780484,b6c9442615322eb4effa92dd,LOST,,,2026-07-28 17:39:04,2026-07-31T08:02:25Z,0.0,0.0,0,1,0-1,the_odds_api_scores,778e839e022a74281964ba60cb664d06
19924,hockey,icehockey_nhl,Edmonton Oilers vs Vancouver Canucks,Edmonton Oilers,Vancouver Canucks,h2h,Vancouver Canucks,4.45,0.24298323569273944,0.24298323569273944,0.2429582649849176,0.08116427918288327,0.18,Marathon Bet,2026-09-30T02:10:00Z,8.116427918288327,83f722f214162245e142901c,,,,2026-07-29 08:47:14,,0.0,0.0,,,,,
19942,hockey,icehockey_nhl,Utah Mammoth vs Chicago Blackhawks,Utah Mammoth,Chicago Blackhawks,h2h,Chicago Blackhawks,3.9,0.295834273465487,0.295834273465487,0.2974139914258409,0.15991456656077951,0.41,1xBet,2026-10-02T01:10:00Z,15.99145665607795,1f9d96adcc5d0fd19d4f2b8e,,,,2026-07-29 08:47:20,,0.0,0.0,,,,,
19943,hockey,icehockey_nhl,Utah Mammoth vs Chicago Blackhawks,Utah Mammoth,Chicago Blackhawks,h2h,Chicago Blackhawks,3.84,0.295834273465487,0.295834273465487,0.29633399142584094,0.13792252707522912,0.36,Marathon Bet,2026-10-02T01:10:00Z,13.792252707522913,b0fce731ab866652ac0f657d,,,,2026-07-29 08:47:20,,0.0,0.0,,,,,
19946,hockey,icehockey_nhl,San Jose Sharks vs Florida Panthers,San Jose Sharks,Florida Panthers,h2h,San Jose Sharks,2.78,0.38999419013476716,0.38999419013476716,0.388495933094337,0.0800186940022567,0.34,1xBet,2026-10-02T02:10:00Z,8.001869400225669,b8a8121290e351b25aac47c2,,,,2026-07-29 08:47:21,,0.0,0.0,,,,,
19947,hockey,icehockey_nhl,San Jose Sharks vs Florida Panthers,San Jose Sharks,Florida Panthers,h2h,San Jose Sharks,2.74,0.38999419013476716,0.38999419013476716,0.387325933094337,0.06127305667848337,0.26,Marathon Bet,2026-10-02T02:10:00Z,6.127305667848337,3261445172642aa6b1e9243e,,,,2026-07-29 08:47:21,,0.0,0.0,,,,,
19952,baseball,baseball_mlb,Miami Marlins vs Philadelphia Phillies,Miami Marlins,Philadelphia Phillies,h2h,Philadelphia Phillies,1.57,0.6075441326684797,0.6075441326684797,0.691351452994103,0.08542178120074184,1.12,888sport,2026-07-29T16:11:00Z,94.0,4c8b82c205ce9b66be67ba3d,LOST,,,2026-07-29 08:47:22,2026-07-29T17:19:41.842912+00:00,-1.12,-1.0,,,,,
19960,baseball,baseball_mlb,Miami Marlins vs Philadelphia Phillies,Miami Marlins,Philadelphia Phillies,h2h,Miami Marlins,2.62,0.3924558673315202,0.3924558673315202,0.4100171550058969,0.07424494611544996,0.34,Matchbook,2026-07-29T16:11:00Z,82.0,ee5ca1b773ed223a14831857,WON,,,2026-07-29 08:47:22,2026-07-29T17:19:41.842979+00:00,0.5508,1.62,,,,,
19976,baseball,baseball_mlb,Pittsburgh Pirates vs Arizona Diamondbacks,Pittsburgh Pirates,Arizona Diamondbacks,h2h,Arizona Diamondbacks,2.22,0.4492880105215996,0.4492880105215996,0.5282054239533565,0.17261604117645146,1.06,BetOnline.ag,2026-07-29T16:36:00Z,95.0,8f0fcddc091f1c3dccdae68f,LOST,,,2026-07-29 08:47:23,2026-07-29T17:19:41.843020+00:00,-1.06,-1.0,,,,,
19998,baseball,baseball_mlb,Washington Nationals vs Toronto Blue Jays,Washington Nationals,Toronto Blue Jays,h2h,Toronto Blue Jays,1.85,0.5245793303869084,0.5245793303869084,0.6156825683153423,0.1390127513833832,1.23,BetOnline.ag,2026-07-29T17:06:00Z,94.0,c7408f65db6407523f25b13c,WON,,,2026-07-29 08:47:24,2026-07-29T17:19:41.843060+00:00,1.0455,0.85,,,,,
20021,baseball,baseball_mlb,New York Mets vs Atlanta Braves,New York Mets,Atlanta Braves,h2h,Atlanta Braves,1.85,0.5084760981142199,0.5084760981142199,0.5984748998665363,0.10717856475309229,0.95,888sport,2026-07-29T17:11:00Z,93.0,f4ad8ee72783170fbde7ed65,LOST,,,2026-07-29 08:47:25,2026-07-29T17:19:41.843101+00:00,-0.95,-1.0,,,,,
20042,baseball,baseball_mlb,Detroit Tigers vs Baltimore Orioles,Detroit Tigers,Baltimore Orioles,h2h,Detroit Tigers,1.58,0.6109255267006375,0.6109255267006375,0.7095341019974452,0.12106388115596345,1.57,BetOnline.ag,2026-07-29T17:11:00Z,95.0,607f1785bda4d5037465f5b2,LOST,,,2026-07-29 08:47:25,2026-07-29T17:19:41.843135+00:00,-1.57,-1.0,,,,,
20065,baseball,baseball_mlb,San Francisco Giants vs Milwaukee Brewers,San Francisco Giants,Milwaukee Brewers,h2h,San Francisco Giants,2.1,0.4680463579912444,0.4680463579912444,0.5551530272128862,0.16582135714706103,1.13,BetOnline.ag,2026-07-29T19:46:00Z,95.0,e47b6c04f725185e0c5d30ff,WON,,,2026-07-29 08:47:26,2026-07-29T17:19:41.843183+00:00,1.243,1.1,,,,,
20088,baseball,baseball_mlb,San Diego Padres vs Colorado Rockies,San Diego Padres,Colorado Rockies,h2h,San Diego Padres,1.71,0.5660427810629955,0.5660427810629955,0.6253216541216887,0.06930002854808759,0.73,MyBookie.ag,2026-07-29T20:11:00Z,81.0,2dcc1e3e364a19aaf76fbe73,WON,,,2026-07-29 08:47:26,2026-07-29T17:19:41.843254+00:00,0.5183,0.71,,,,,
20089,baseball,baseball_mlb,San Diego Padres vs Colorado Rockies,San Diego Padres,Colorado Rockies,h2h,Colorado Rockies,2.24,0.43395721893700434,0.43395721893700434,0.48243695387831126,0.08065877668741739,0.49,1xBet,2026-07-29T20:11:00Z,81.0,fb147828c45a8faf7da0b6ea,LOST,,,2026-07-29 08:47:26,2026-07-29T17:19:41.843323+00:00,-0.49,-1.0,,,,,
20102,baseball,baseball_mlb,Tampa Bay Rays vs Texas Rangers,Tampa Bay Rays,Texas Rangers,h2h,Tampa Bay Rays,1.71,0.5605035849788154,0.5605035849788154,0.6560202368573158,0.12179460502600992,1.29,888sport,2026-07-29T22:41:00Z,94.0,6d207a7927ee771bb3a05097,LOST,,,2026-07-29 08:47:27,2026-07-29T17:19:41.843381+00:00,-1.29,-1.0,,,,,
20125,baseball,baseball_mlb,New York Mets vs Atlanta Braves,New York Mets,Atlanta Braves,h2h,Atlanta Braves,1.57,0.5972049594375128,0.5972049594375128,0.6959012943322805,0.09256503210168043,1.22,Unibet (FR),2026-07-29T23:11:00Z,94.0,e75dc0e40eb4580c1341d7fa,LOST,,,2026-07-29 08:47:28,2026-07-29T17:19:41.843421+00:00,-1.22,-1.0,,,,,
20142,baseball,baseball_mlb,Cincinnati Reds vs Cleveland Guardians,Cincinnati Reds,Cleveland Guardians,h2h,Cleveland Guardians,1.73,0.5472460421621146,0.5472460421621146,0.6382483204862032,0.10416959444113139,1.07,888sport,2026-07-29T23:11:00Z,94.0,0e3b78f347cb4c9326653a83,WON,,,2026-07-29 08:47:28,2026-07-29T17:19:41.843470+00:00,0.7811,0.73,,,,,
20165,baseball,baseball_mlb,Chicago White Sox vs New York Yankees,Chicago White Sox,New York Yankees,h2h,New York Yankees,1.72,0.5702129640297705,0.5702129640297705,0.6448032785596757,0.10906163912264222,1.14,BetOnline.ag,2026-07-29T23:41:00Z,93.0,70d3e6979048dac7c9bb7a7a,WON,,,2026-07-29 08:47:29,2026-07-29T17:19:41.843510+00:00,0.8208,0.72,,,,,
20183,baseball,baseball_mlb,Chicago White Sox vs New York Yankees,Chicago White Sox,New York Yankees,h2h,Chicago White Sox,2.33,0.42978703597022944,0.42978703597022944,0.4600453294403243,0.0719056175959556,0.41,Everygame,2026-07-29T23:41:00Z,82.0,63088c32065cbfab9dc502e1,LOST,,,2026-07-29 08:47:29,2026-07-29T17:19:41.843546+00:00,-0.41,-1.0,,,,,
20186,baseball,baseball_mlb,Minnesota Twins vs Kansas City Royals,Minnesota Twins,Kansas City Royals,h2h,Kansas City Royals,2.4,0.38330745153521556,0.38330745153521556,0.4492880117423998,0.07829122818175938,0.42,Unibet (FR),2026-07-29T23:41:00Z,87.0,f87140dd6531f37e91e468f2,LOST,,,2026-07-29 08:47:29,2026-07-29T17:19:41.843599+00:00,-0.42,-1.0,,,,,
20207,baseball,baseball_mlb,St. Louis Cardinals vs Chicago Cubs,St. Louis Cardinals,Chicago Cubs,h2h,St. Louis Cardinals,1.95,0.4767620054227911,0.4767620054227911,0.565534533137343,0.10279233961781897,0.81,Unibet (FR),2026-07-29T23:46:00Z,92.0,19c86d586caf46081a6befc6,LOST,,,2026-07-29 08:47:31,2026-07-29T17:19:41.843636+00:00,-0.81,-1.0,,,,,
20230,baseball,baseball_mlb,Los Angeles Angels vs Houston Astros,Los Angeles Angels,Houston Astros,h2h,Los Angeles Angels,2.15,0.4502200417718335,0.4502200417718335,0.5345831376822313,0.1493537460167973,0.97,888sport,2026-07-30T01:39:00Z,93.0,fa492ebde05769b4b08c069c,LOST,,,2026-07-29 08:47:31,2026-07-29T17:19:41.843677+00:00,-0.97,-1.0,,,,,
20250,baseball,baseball_mlb,Athletics vs Boston Red Sox,Athletics,Boston Red Sox,h2h,Boston Red Sox,1.69,0.57956515145721,0.57956515145721,0.6747310177212539,0.14029541994891903,1.52,BetOnline.ag,2026-07-30T01:41:00Z,95.0,257000dd148989520853b850,WON,,,2026-07-29 08:47:32,2026-07-29T17:19:41.843721+00:00,1.0488,0.69,,,,,
20273,baseball,baseball_mlb,Los Angeles Dodgers vs Seattle Mariners,Los Angeles Dodgers,Seattle Mariners,h2h,Seattle Mariners,2.15,0.42656383758809624,0.42656383758809624,0.4951289111023947,0.0645271588701486,0.42,Unibet (FR),2026-07-30T02:11:00Z,83.0,9e244ffbea7655c2250a102f,WON,,,2026-07-29 08:47:34,2026-07-29T17:19:41.843790+00:00,0.483,1.15,,,,,
20294,basketball,basketball_wnba,Dallas Wings vs Atlanta Dream,Dallas Wings,Atlanta Dream,h2h,Dallas Wings,1.89,0.5300539707582967,0.5300539707582967,0.5713389903407747,0.0798306917440641,0.67,Betfair,2026-07-30T00:00:00Z,7.643185609626476,1edf4b021cdc5fc5bad245b0,LOST,,,2026-07-29 08:47:36,2026-07-30T08:33:50.488218+00:00,-0.67,-1.0,,,,,
20307,football,Swiss Super League,FC Basel vs FC Lausanne-Sport,FC Basel,FC Lausanne-Sport,h2h,FC Lausanne-Sport,3.75,0.28919194018240735,0.2777876929662615,0.2842257118929575,0.06584641959859061,0.18,Betfair,2026-08-01T16:00:00Z,5.611290308389755,9010cfd2396c3491ea9fd214,WON,,,2026-07-29 08:48:25,2026-08-02T01:47:14Z,0.0,0.0,0,1,0-1,the_odds_api_scores,b89a0e7a714b79d338ce276adfb9c9a3
20309,football,Swiss Super League,FC Thun vs BSC Young Boys,FC Thun,BSC Young Boys,h2h,FC Thun,2.78,0.390280858265983,0.37945169578006316,0.38544856278093387,0.07154700453099605,0.3,Betfair,2026-08-01T18:30:00Z,6.097081900071742,7116d1be36c3b6b1fe08a547,LOST,,,2026-07-29 08:48:25,2026-08-02T01:47:14Z,0.0,0.0,0,6,0-6,the_odds_api_scores,7212326fe5966b805452fd7f8b0a12eb
20333,football,Argentina Primera Division,Racing Club vs CA Tigre BA,Racing Club,CA Tigre BA,h2h,CA Tigre BA,4.4,0.26339439309106183,0.2337553681212339,0.25026484316907577,0.10116530994393358,0.22,Betfair,2026-08-01T23:30:00Z,8.5691924040044,6f3af70e6a041bd531d08aed,WON,,,2026-07-29 08:48:39,2026-08-02T06:52:27Z,0.0,0.0,1,3,1-3,the_odds_api_scores,72b0772a204648d83a9b900c35fba65d
20334,football,Argentina Primera Division,Newells Old Boys vs Boca Juniors,Newells Old Boys,Boca Juniors,h2h,Newells Old Boys,3.7,0.31942502998611844,0.276749067410205,0.30032633550470733,0.11120744136741711,0.31,Nordic Bet,2026-08-02T20:00:00Z,9.882867650630692,87ee8eb507a5ab9739ca2a45,LOST,,,2026-07-29 08:48:39,2026-08-03T05:47:54Z,0.0,0.0,2,2,2-2,the_odds_api_scores,8a3786e66aceeb0f8257b273904f77af
20342,hockey,icehockey_nhl,Toronto Maple Leafs vs Montréal Canadiens,Toronto Maple Leafs,Montréal Canadiens,h2h,Toronto Maple Leafs,2.48,0.4303474092247464,0.4303474092247464,0.4301231864573225,0.06670550241415985,0.34,1xBet,2026-09-29T23:10:00Z,6.6705502414159845,b84875d473d89e3d2275665f,,,,2026-07-29 17:19:43,,0.0,0.0,,,,,
20379,baseball,baseball_mlb,Pittsburgh Pirates vs Arizona Diamondbacks,Pittsburgh Pirates,Arizona Diamondbacks,h2h,Pittsburgh Pirates,3.0,0.360899070378243,0.360899070378243,0.36821363554410796,0.10464090663232395,0.39,888sport,2026-07-29T16:36:00Z,90.0,3986b0e677f07f47057689b1,WON,,,2026-07-29 17:19:46,2026-07-30T08:33:50.473258+00:00,0.78,2.0,,,,,
20402,baseball,baseball_mlb,New York Mets vs Atlanta Braves,New York Mets,Atlanta Braves,h2h,New York Mets,1.91,0.5334165443705858,0.5334165443705858,0.5599305316354536,0.0694673154237162,0.57,Unibet (FR),2026-07-29T17:11:00Z,83.0,6fddd5297e259f9241d001a6,WON,,,2026-07-29 17:19:47,2026-07-30T08:33:50.473286+00:00,0.5187,0.91,,,,,
20426,baseball,baseball_mlb,Detroit Tigers vs Baltimore Orioles,Detroit Tigers,Baltimore Orioles,h2h,Baltimore Orioles,3.0,0.35491747816974234,0.35491747816974234,0.35952496823623786,0.07857490470871364,0.29,Betfair,2026-07-29T17:11:00Z,78.0,5cc16de10f28f9632e4e9820,WON,,,2026-07-29 17:19:48,2026-07-30T08:33:50.473297+00:00,0.58,2.0,,,,,
20687,football,MLS,Portland Timbers vs Seattle Sounders FC,Portland Timbers,Seattle Sounders FC,h2h,Draw,4.3,0.2508539688741492,0.2419372832093822,0.24700803967833884,0.06213457061685701,0.14,1xBet,2026-08-02T02:45:00Z,5.012349210733892,5c63a932444233464ee248f5,LOST,,,2026-07-29 17:20:17,2026-08-02T08:30:10Z,0.0,0.0,2,1,2-1,the_odds_api_scores,69d9622e5cdec39cbbbde051e0ebaa50
20696,football,Argentina Primera Division,Barracas Central vs Aldosivi Mar del Plata,Barracas Central,Aldosivi Mar del Plata,h2h,Aldosivi Mar del Plata,4.1,0.2760390710767689,0.25371852189596156,0.26613993901649247,0.09117374996761907,0.22,Betfair,2026-07-29T17:30:00Z,7.619960120731223,5f5338dbe51c3eb5a497daad,LOST,,,2026-07-29 17:20:20,2026-07-30T07:02:02Z,0.0,0.0,1,0,1-0,the_odds_api_scores,0506b4013ba38a55326f6eb05eaa1acf
20698,football,Argentina Primera Division,Talleres vs Velez Sarsfield BA,Talleres,Velez Sarsfield BA,h2h,Velez Sarsfield BA,3.69,0.29952731148824596,0.27961423078898706,0.2905175753138831,0.0720098529082287,0.2,Pinnacle,2026-07-30T22:00:00Z,6.178590659404265,a2a7195f26d3ad283bc4918b,WON,,,2026-07-29 17:20:20,2026-07-31T07:01:40Z,0.0,0.0,1,3,1-3,the_odds_api_scores,605f4ec390b2ef0687e4732e14b75a13
20699,basketball,basketball_wnba,Portland Fire vs Indiana Fever,Portland Fire,Indiana Fever,h2h,Portland Fire,3.8,0.25406783726088744,0.25406783726088744,0.27947813391417436,0.062016908873862464,0.17,Coolbet,2026-08-01T02:00:00Z,5.946181222825933,bb861264ec85b85a8d09ce29,LOST,,,2026-07-30 08:33:51,2026-08-01T08:26:49.922378+00:00,-0.17,-1.0,,,,,
20728,hockey,icehockey_nhl,New York Rangers vs Tampa Bay Lightning,New York Rangers,Tampa Bay Lightning,h2h,New York Rangers,2.79,0.3830912982171577,0.3830912982171577,0.3848939087520104,0.07385400541810894,0.31,1xBet,2026-10-01T23:10:00Z,7.385400541810894,e9622edcc1e94e74797d9e4b,,,,2026-07-30 08:33:54,,0.0,0.0,,,,,
20729,hockey,icehockey_nhl,New York Rangers vs Tampa Bay Lightning,New York Rangers,Tampa Bay Lightning,h2h,Tampa Bay Lightning,2.28,0.4665393209276376,0.4665393209276376,0.46508752464934633,0.06039955620050952,0.35,1xBet,2026-10-01T23:10:00Z,6.039955620050952,5e836b4eded8875613252baf,,,,2026-07-30 08:33:54,,0.0,0.0,,,,,
20746,baseball,baseball_mlb,Tampa Bay Rays vs Texas Rangers,Tampa Bay Rays,Texas Rangers,h2h,Tampa Bay Rays,1.67,0.572127995836736,0.572127995836736,0.6407879797666451,0.07011592621029727,0.78,888sport,2026-07-30T16:11:00Z,85.0,ea50ebb3ab6c51532c0c9085,LOST,,,2026-07-30 08:33:58,2026-07-30T17:40:11.336231+00:00,-0.78,-1.0,,,,,
20765,baseball,baseball_mlb,Minnesota Twins vs Kansas City Royals,Minnesota Twins,Kansas City Royals,h2h,Kansas City Royals,2.24,0.43961548934923284,0.43961548934923284,0.48429698203978633,0.08482523976912137,0.51,1xBet,2026-07-30T17:41:00Z,79.0,3d62a33cf58130889ce4946c,LOST,,,2026-07-30 08:33:58,2026-07-30T17:40:11.336281+00:00,-0.51,-1.0,,,,,
20775,baseball,baseball_mlb,Chicago White Sox vs New York Yankees,Chicago White Sox,New York Yankees,h2h,New York Yankees,1.95,0.48858389472943864,0.48858389472943864,0.5474301764051285,0.06748884399000055,0.53,Betsson,2026-07-30T18:11:00Z,78.0,1a116a9cd208ec5613b195c2,WON,,,2026-07-30 08:33:59,2026-07-30T17:40:11.336302+00:00,0.5035,0.95,,,,,
20790,baseball,baseball_mlb,St. Louis Cardinals vs Chicago Cubs,St. Louis Cardinals,Chicago Cubs,h2h,St. Louis Cardinals,1.83,0.5227396877721212,0.5227396877721212,0.5964964462255443,0.09158849659274604,0.83,Betsson,2026-07-30T18:16:00Z,87.0,ef5cb74b2ac313ccabbcc07a,LOST,,,2026-07-30 08:33:59,2026-07-30T17:40:11.336322+00:00,-0.83,-1.0,,,,,
20812,baseball,baseball_mlb,Cincinnati Reds vs Pittsburgh Pirates,Cincinnati Reds,Pittsburgh Pirates,h2h,Cincinnati Reds,1.98,0.4886997343662111,0.4886997343662111,0.5368057165502782,0.06287531876955077,0.48,1xBet,2026-07-30T23:11:00Z,73.0,d1a996be569681d6eda11b2f,WON,,,2026-07-30 08:34:00,2026-07-31T08:55:50.285373+00:00,0.4704,0.98,,,,,
20821,baseball,baseball_mlb,New York Mets vs Miami Marlins,New York Mets,Miami Marlins,h2h,New York Mets,1.76,0.5433179109017274,0.5433179109017274,0.6062838218531639,0.06705952646156832,0.66,Betsson,2026-07-30T23:11:00Z,79.0,9a120dcb990afac0da969c94,WON,,,2026-07-30 08:34:00,2026-07-31T08:55:50.285443+00:00,0.5016,0.76,,,,,
20837,baseball,baseball_mlb,Atlanta Braves vs Washington Nationals,Atlanta Braves,Washington Nationals,h2h,Washington Nationals,2.35,0.42835837744003485,0.42835837744003485,0.45318593837300014,0.06498695517655029,0.36,Everygame,2026-07-30T23:16:00Z,77.0,37233e5c149f40f5796d9d70,LOST,,,2026-07-30 08:34:01,2026-07-31T08:55:50.285529+00:00,-0.36,-1.0,,,,,
20838,baseball,baseball_mlb,Athletics vs Boston Red Sox,Athletics,Boston Red Sox,h2h,Boston Red Sox,1.62,0.5902748855213157,0.5902748855213157,0.6663357662477092,0.07946394132128898,0.96,888sport,2026-07-31T01:41:00Z,88.0,c48c12a27ef348e0a0de204f,WON,,,2026-07-30 08:34:01,2026-07-30T17:40:11.336554+00:00,0.5952,0.62,,,,,
20852,baseball,baseball_mlb,San Diego Padres vs San Francisco Giants,San Diego Padres,San Francisco Giants,h2h,San Francisco Giants,2.05,0.4596401089505879,0.4596401089505879,0.5244720096699194,0.07516761982333464,0.54,888sport,2026-07-31T01:41:00Z,86.0,c287fdc3806350ef742fcd4b,WON,,,2026-07-30 08:34:01,2026-07-31T08:55:50.285675+00:00,0.567,1.05,,,,,
20869,baseball,baseball_mlb,Los Angeles Dodgers vs Seattle Mariners,Los Angeles Dodgers,Seattle Mariners,h2h,Seattle Mariners,2.31,0.41430325295571996,0.41430325295571996,0.47065768684499043,0.08721925661192786,0.5,MyBookie.ag,2026-07-31T02:11:00Z,82.0,2f145aea90289a47ad4427e1,WON,,,2026-07-30 08:34:02,2026-07-30T17:40:11.336661+00:00,0.655,1.31,,,,,
20894,football,Primeira Liga,Gil Vicente vs Rio Ave FC,Gil Vicente,Rio Ave FC,h2h,Rio Ave FC,4.5,0.25296768867040265,0.2165898112517609,0.23640216510651482,0.06380974297931674,0.14,Coolbet,2026-08-09T19:30:00Z,5.5062703411712,6b19816ecb33be049107aade,LOST,,,2026-07-30 08:34:18,2026-08-10T02:58:57Z,0.0,0.0,1,0,1-0,the_odds_api_scores,9e4982aee8921f2f7854b2fa9f69ac2a
20895,football,Primeira Liga,Santa Clara vs Nacional,Santa Clara,Nacional,h2h,Nacional,4.3,0.27002738227288453,0.24168736075015707,0.25712318781278326,0.10562970759496793,0.24,Tipico,2026-08-10T19:15:00Z,9.475301660391407,ec32ed741cc2527218d4c040,LOST,,,2026-07-30 08:34:18,2026-08-11T02:40:34Z,0.0,0.0,2,2,2-2,the_odds_api_scores,abbf3c5f0a0beb14f04044e30eca207a
20900,football,Allsvenskan,BK Hacken vs Kalmar FF,BK Hacken,Kalmar FF,h2h,Draw,4.4,0.2504838338757967,0.23796844080113666,0.2450868200852563,0.07838200837512788,0.17,Matchbook,2026-08-01T13:00:00Z,6.7734954171318735,d3d3092dd3f64998b0177cc3,WON,,,2026-07-30 08:34:23,2026-08-01T17:05:17Z,0.0,0.0,1,1,1-1,the_odds_api_scores,132d6238b5bf5325de4fc9f6fb73dcb7
20917,football,Argentina Primera Division,Deportivo Riestra vs Barracas Central,Deportivo Riestra,Barracas Central,h2h,Barracas Central,4.4,0.26352875139455667,0.22879116511113823,0.24855916757705998,0.09366033733906409,0.21,Betfair,2026-08-02T17:30:00Z,7.827779768533956,929291d80ae7c585dcd205ff,WON,,,2026-07-30 08:34:29,2026-08-03T05:47:54Z,0.0,0.0,0,1,0-1,the_odds_api_scores,9fac342c72a9c67dbb60ed5a96d962b2
20919,football,Argentina Primera Division,River Plate vs Rosario Central,River Plate,Rosario Central,h2h,Rosario Central,4.4,0.2703265080048543,0.2366176020535109,0.2554483538702085,0.1239727570289173,0.27,Betfair,2026-08-02T22:15:00Z,10.361178134638049,68be68aff6f4ab25842c67ee,WON,,,2026-07-30 08:34:29,2026-08-03T05:47:54Z,0.0,0.0,0,1,0-1,the_odds_api_scores,77b44c5d9fdd22f42eae3e03f3e3de40
21069,baseball,baseball_mlb,Atlanta Braves vs Washington Nationals,Atlanta Braves,Washington Nationals,h2h,Atlanta Braves,1.68,0.580526926414685,0.580526926414685,0.6349178799010908,0.06666203823383254,0.74,Pinnacle,2026-07-30T23:16:00Z,78.0,90ca2ab40778afba04924ec9,WON,,,2026-07-30 17:40:25,2026-07-31T08:55:50.285598+00:00,0.5032,0.68,,,,,
21151,football,Primeira Liga,Estoril vs Famalicão,Estoril,Famalicão,h2h,Estoril,3.49,0.3243469609885967,0.29047245908641994,0.3089157876186348,0.07811609878903547,0.24,Pinnacle,2026-08-07T19:15:00Z,6.819535424282797,ca5aa2e2a9809b1b50580a7f,LOST,,,2026-07-30 17:40:39,2026-08-08T02:34:54Z,0.0,0.0,1,1,1-1,the_odds_api_scores,fe01f0849f3af49029c2faf03f09bc62
21158,football,Eliteserien,Molde vs Sarpsborg FK,Molde,Sarpsborg FK,h2h,Draw,4.5,0.24367298074765364,0.22834739493584788,0.23721284544008778,0.06745780448039507,0.14,Betfair,2026-08-02T15:00:00Z,5.57788685196065,bfc0a2187e963b8549e9f307,WON,,,2026-07-30 17:40:44,2026-08-02T17:05:39Z,0.0,0.0,3,3,3-3,the_odds_api_scores,d85a617363c033f20c2054de2c3ae370
21161,football,MLS,D.C. United vs Nashville SC,D.C. United,Nashville SC,h2h,D.C. United,3.1,0.35791587560155336,0.3211043387845905,0.3422252547587157,0.06089828975201872,0.22,Betfair,2026-08-01T23:30:00Z,4.912619360578036,d1de1f6a60e08a9462f88d79,LOST,,,2026-07-30 17:40:46,2026-08-02T08:30:10Z,0.0,0.0,2,2,2-2,the_odds_api_scores,f6dd6b30348fe872243ce2f04c1bea77
21168,football,MLS,LA Galaxy vs FC Dallas,LA Galaxy,FC Dallas,h2h,Draw,4.22,0.25602987228977564,0.247820671468912,0.25257956479249427,0.06588576342432573,0.15,1xBet,2026-08-02T02:30:00Z,5.314955121117788,875064ad35d35f106465333b,WON,,,2026-07-30 17:40:47,2026-08-02T08:30:10Z,0.0,0.0,0,0,0-0,the_odds_api_scores,1f719e76d1985b289e56d1dda6b8d40a
21177,football,Argentina Primera Division,Central Córdoba vs Atlético Tucuman,Central Córdoba,Atlético Tucuman,h2h,Central Córdoba,3.5,0.3170090069740168,0.29054425030123643,0.30504726638654145,0.06766543235289513,0.2,Betfair,2026-07-31T00:15:00Z,5.611832632187357,c033a226a1f2bd48e9abab8a,LOST,,,2026-07-30 17:40:49,2026-07-31T07:01:40Z,0.0,0.0,0,2,0-2,the_odds_api_scores,7dfcff5d0f15654cdf2c8af007091a70
21183,football,Argentina Primera Division,CA Tigre BA vs River Plate,CA Tigre BA,River Plate,h2h,CA Tigre BA,3.4,0.32801817159627655,0.29406582203016607,0.3134671412446587,0.06578828023183947,0.21,1xBet,2026-08-09T20:00:00Z,5.4561510210276065,6576b80b503993a609884c54,WON,,,2026-07-30 17:40:51,2026-08-09T18:14:54Z,0.0,0.0,1,0,1-0,the_odds_api_scores,452b411f57f64eb9ae4faf275f7634f4
21184,football,Liga MX,Puebla vs Guadalajara,Puebla,Guadalajara,h2h,Draw,4.4,0.2482751235698582,0.23683322974813012,0.243102291760803,0.06965008374753334,0.15,Matchbook,2026-08-01T01:00:00Z,6.149745960603617,e67eb209dc4df6309cf9dd19,WON,,,2026-07-30 17:40:51,2026-08-01T08:27:33Z,0.0,0.0,1,1,1-1,the_odds_api_scores,c48b3f4c59b1778723509354afa588c5
21187,hockey,icehockey_nhl,Carolina Hurricanes vs Florida Panthers,Carolina Hurricanes,Florida Panthers,h2h,Carolina Hurricanes,2.3,0.44755484724422145,0.44755484724422145,0.48043132460908256,0.10499204660088979,0.61,Coolbet,2026-09-29T21:10:00Z,10.499204660088978,ff35a512816f229b5ebf7afa,,,,2026-07-31 08:55:50,,0.0,0.0,,,,,
21202,hockey,icehockey_nhl,Vegas Golden Knights vs Chicago Blackhawks,Vegas Golden Knights,Chicago Blackhawks,h2h,Draw,4.5,0.21398586004987752,0.21398586004987752,0.24958303357304176,0.12312365107868795,0.26,Coolbet,2026-09-30T02:40:00Z,12.312365107868795,d4b29f412578aca185962212,,,,2026-07-31 08:55:51,,0.0,0.0,,,,,
21230,basketball,basketball_wnba,Chicago Sky vs Las Vegas Aces,Chicago Sky,Las Vegas Aces,h2h,Chicago Sky,4.17,0.2894467515054356,0.2894467515054356,0.263307214538248,0.09799108462449424,0.23,1xBet,2026-08-01T17:00:00Z,9.229266449428438,46c6a45d53df09514dd6120e,WON,,,2026-07-31 08:55:55,2026-08-02T08:29:33.069876+00:00,0.7291,3.17,,,,,
21231,baseball,baseball_mlb,Chicago Cubs vs New York Yankees,Chicago Cubs,New York Yankees,h2h,New York Yankees,2.38,0.41527549726583957,0.41527549726583957,0.4851655971386592,0.1546941211900088,0.84,BetOnline.ag,2026-07-31T18:21:00Z,93.0,1d8048cd2cabe33e7a6aaa8f,WON,,,2026-07-31 08:56:00,2026-08-01T08:26:49.935048+00:00,1.1592,1.38,,,,,
21250,baseball,baseball_mlb,Cincinnati Reds vs Pittsburgh Pirates,Cincinnati Reds,Pittsburgh Pirates,h2h,Cincinnati Reds,2.18,0.4528870238362894,0.4528870238362894,0.5115114248591768,0.11509490619300555,0.73,BetOnline.ag,2026-07-31T22:11:00Z,92.0,b0e1c5130a339ea5de33b84e,WON,,,2026-07-31 08:56:01,2026-07-31T17:43:12.027585+00:00,0.8614,1.18,,,,,
21268,baseball,baseball_mlb,Baltimore Orioles vs Philadelphia Phillies,Baltimore Orioles,Philadelphia Phillies,h2h,Baltimore Orioles,1.74,0.530913450924341,0.530913450924341,0.6131045442613051,0.06680190701467081,0.68,Unibet (FR),2026-07-31T23:06:00Z,81.0,a847184ce929e7ae0a5cb3e9,WON,,,2026-07-31 08:56:01,2026-08-01T08:26:49.935106+00:00,0.5032,0.74,,,,,
21286,baseball,baseball_mlb,Toronto Blue Jays vs St. Louis Cardinals,Toronto Blue Jays,St. Louis Cardinals,h2h,Toronto Blue Jays,1.6,0.6059200781898292,0.6059200781898292,0.68350854911688,0.09361367858700809,1.17,GTbets,2026-07-31T23:08:00Z,92.0,15a469482065379387f34d46,WON,,,2026-07-31 08:56:02,2026-08-01T08:26:49.935158+00:00,0.702,0.6,,,,,
21306,baseball,baseball_mlb,Cleveland Guardians vs Arizona Diamondbacks,Cleveland Guardians,Arizona Diamondbacks,h2h,Cleveland Guardians,1.76,0.5495839794077878,0.5495839794077878,0.6288997314383016,0.10686352733141069,1.05,GTbets,2026-07-31T23:11:00Z,94.0,2052259d815a24e9b98e8f22,LOST,,,2026-07-31 08:56:02,2026-08-01T08:26:49.935212+00:00,-1.05,-1.0,,,,,
21328,baseball,baseball_mlb,Tampa Bay Rays vs Chicago White Sox,Tampa Bay Rays,Chicago White Sox,h2h,Tampa Bay Rays,1.67,0.5730996099287061,0.5730996099287061,0.643814973389194,0.07517100555995393,0.84,GTbets,2026-07-31T23:11:00Z,84.0,72502e563050d0705632c74d,LOST,,,2026-07-31 08:56:03,2026-08-01T08:26:49.935267+00:00,-0.84,-1.0,,,,,
21349,baseball,baseball_mlb,New York Mets vs Miami Marlins,New York Mets,Miami Marlins,h2h,New York Mets,1.78,0.5428061095213232,0.5428061095213232,0.6170908780604425,0.09842176294758764,0.95,BetOnline.ag,2026-07-31T23:11:00Z,93.0,bf460400fde1b87f7ef5a35d,WON,,,2026-07-31 08:56:03,2026-07-31T17:43:12.028227+00:00,0.741,0.78,,,,,
21370,baseball,baseball_mlb,Atlanta Braves vs Washington Nationals,Atlanta Braves,Washington Nationals,h2h,Atlanta Braves,1.86,0.5323981339391718,0.5323981339391718,0.5916602379475826,0.10048804258250366,0.88,BetOnline.ag,2026-07-31T23:16:00Z,93.0,90af92df40b26919c71dc53b,WON,,,2026-07-31 08:56:04,2026-07-31T17:43:12.028348+00:00,0.7568,0.86,,,,,
21380,baseball,baseball_mlb,Houston Astros vs Texas Rangers,Houston Astros,Texas Rangers,h2h,Texas Rangers,2.08,0.46544933531846294,0.46544933531846294,0.5385976406980388,0.12028309265192072,0.84,BetOnline.ag,2026-08-01T00:16:00Z,93.0,6c7729bdaec8de3ea084f452,LOST,,,2026-07-31 08:56:04,2026-08-01T08:26:49.935324+00:00,-0.84,-1.0,,,,,
21403,baseball,baseball_mlb,Colorado Rockies vs Kansas City Royals,Colorado Rockies,Kansas City Royals,h2h,Kansas City Royals,1.95,0.5015312506143025,0.5015312506143025,0.5535314883833518,0.07938640234753591,0.63,BetOnline.ag,2026-08-01T00:41:00Z,89.0,87ff1a19ce08eee839a09fee,LOST,,,2026-07-31 08:56:05,2026-08-01T08:26:49.935385+00:00,-0.63,-1.0,,,,,
21408,baseball,baseball_mlb,Colorado Rockies vs Kansas City Royals,Colorado Rockies,Kansas City Royals,h2h,Colorado Rockies,2.02,0.49846874938569746,0.49846874938569746,0.5253046846166483,0.061115462925629416,0.45,Matchbook,2026-08-01T00:41:00Z,76.0,0920e67adb4456a838e6c185,WON,,,2026-07-31 08:56:05,2026-08-01T08:26:49.935449+00:00,0.459,1.02,,,,,
21412,baseball,baseball_mlb,Los Angeles Angels vs Milwaukee Brewers,Los Angeles Angels,Milwaukee Brewers,h2h,Los Angeles Angels,2.45,0.39960911349088685,0.39960911349088685,0.4723781505000232,0.15732646872505684,0.81,BetOnline.ag,2026-08-01T01:39:00Z,93.0,be2068c5dead82d6176181e2,LOST,,,2026-07-31 08:56:05,2026-08-01T08:26:49.935507+00:00,-0.81,-1.0,,,,,
21432,baseball,baseball_mlb,Athletics vs Detroit Tigers,Athletics,Detroit Tigers,h2h,Detroit Tigers,1.65,0.5891928313352607,0.5891928313352607,0.6704721824229871,0.1062791009979287,1.23,GTbets,2026-08-01T01:41:00Z,94.0,eda25d4307dabb183484a762,WON,,,2026-07-31 08:56:06,2026-08-01T08:26:49.935565+00:00,0.7995,0.65,,,,,
21451,baseball,baseball_mlb,Los Angeles Dodgers vs Boston Red Sox,Los Angeles Dodgers,Boston Red Sox,h2h,Boston Red Sox,1.91,0.4878141009334063,0.4878141009334063,0.5604060008705698,0.0703754616627883,0.58,888sport,2026-08-01T02:11:00Z,85.0,2256bafd6e9ceba5ccafc662,WON,,,2026-07-31 08:56:06,2026-08-01T08:26:49.935671+00:00,0.5278,0.91,,,,,
21466,baseball,baseball_mlb,Seattle Mariners vs Minnesota Twins,Seattle Mariners,Minnesota Twins,h2h,Seattle Mariners,1.54,0.6234638523411311,0.6234638523411311,0.7117728493490967,0.09613018799760886,1.34,GTbets,2026-08-01T02:11:00Z,92.0,58d5c204739b42c4b961cf05,LOST,,,2026-07-31 08:56:07,2026-08-01T08:26:49.935735+00:00,-1.34,-1.0,,,,,
21495,football,Scottish Premiership,Falkirk F.C. vs St Mirren,Falkirk F.C.,St Mirren,h2h,St Mirren,3.9,0.28386323914127043,0.26187482448337945,0.2738639307990796,0.06806933011641036,0.18,Matchbook,2026-08-01T14:00:00Z,6.031282994964541,96cece64777715abe4e9cc46,WON,,,2026-07-31 08:56:20,2026-08-01T17:04:44Z,0.0,0.0,0,2,0-2,the_odds_api_scores,fc03687b90721ca242d2c147796ec56e
21498,football,Belgian Pro League,Gent vs KV Mechelen,Gent,KV Mechelen,h2h,KV Mechelen,3.8,0.2894154554890478,0.2700242969605256,0.2806007568992691,0.06628287621722251,0.18,Tipico,2026-08-09T11:30:00Z,5.9457728453135115,6bb94b771ba718ed623594a4,LOST,,,2026-07-31 08:56:22,2026-08-09T16:19:33Z,0.0,0.0,2,0,2-0,the_odds_api_scores,9975a639726d04cf12c2eb6af525e84b
21537,hockey,icehockey_nhl,San Jose Sharks vs Florida Panthers,San Jose Sharks,Florida Panthers,h2h,Florida Panthers,2.29,0.46264917486688023,0.46264917486688023,0.46293442240681615,0.06011982731160903,0.35,1xBet,2026-10-02T02:10:00Z,6.011982731160903,15d47c8e913b17bff96e2fd5,,,,2026-07-31 17:43:15,,0.0,0.0,,,,,
21806,baseball,baseball_mlb,San Diego Padres vs San Francisco Giants,San Diego Padres,San Francisco Giants,h2h,San Francisco Giants,2.32,0.4277112381949518,0.4277112381949518,0.5046377489166377,0.1707595774865993,0.97,Betfair,2026-08-01T01:46:00Z,93.0,91003a92c594be1a6dbafa25,WON,,,2026-07-31 17:43:25,2026-08-01T08:26:49.935607+00:00,1.2804,1.32,,,,,
21873,baseball,baseball_mlb,Toronto Blue Jays vs St. Louis Cardinals,Toronto Blue Jays,St. Louis Cardinals,h2h,Toronto Blue Jays,1.73,0.5514591328554425,0.5514591328554425,0.6303323269996911,0.09047492570946569,0.93,888sport,2026-08-01T19:08:00Z,93.0,e2484faaf3c088bc06307e66,WON,,,2026-07-31 17:43:27,2026-08-01T08:26:49.935787+00:00,0.6789,0.73,,,,,
21882,baseball,baseball_mlb,Tampa Bay Rays vs Chicago White Sox,Tampa Bay Rays,Chicago White Sox,h2h,Tampa Bay Rays,1.57,0.6011697994770799,0.6011697994770799,0.6798245786680459,0.06732458850883205,0.89,888sport,2026-08-01T20:11:00Z,88.0,fd4bdfeb89dd3243ec9dc6c6,LOST,,,2026-07-31 17:43:27,2026-08-01T08:26:49.935848+00:00,-0.89,-1.0,,,,,
21891,baseball,baseball_mlb,New York Mets vs Miami Marlins,New York Mets,Miami Marlins,h2h,New York Mets,1.73,0.5450567187126522,0.5450567187126522,0.6332700874076659,0.09555725121526204,0.98,Betclic (FR),2026-08-01T20:11:00Z,93.0,4c31efc0843cfbc5af658fcf,WON,,,2026-07-31 17:43:27,2026-08-01T08:26:49.935893+00:00,0.7154,0.73,,,,,
21900,baseball,baseball_mlb,Seattle Mariners vs Minnesota Twins,Seattle Mariners,Minnesota Twins,h2h,Seattle Mariners,1.6,0.5925470138414886,0.5925470138414886,0.6872860344991023,0.09965765519856373,1.25,888sport,2026-08-01T20:11:00Z,94.0,b2b21f4545ed5327b8e2d5e2,LOST,,,2026-07-31 17:43:27,2026-08-01T08:26:49.935965+00:00,-1.25,-1.0,,,,,
21910,baseball,baseball_mlb,Cincinnati Reds vs Pittsburgh Pirates,Cincinnati Reds,Pittsburgh Pirates,h2h,Cincinnati Reds,2.0,0.4790691918006507,0.4790691918006507,0.5510640955417699,0.10212819108353988,0.77,888sport,2026-08-01T22:41:00Z,93.0,52f45bdd9f9c2b940c0bb4c7,WON,,,2026-07-31 17:43:28,2026-08-01T08:26:49.936034+00:00,0.77,1.0,,,,,
21919,baseball,baseball_mlb,Baltimore Orioles vs Philadelphia Phillies,Baltimore Orioles,Philadelphia Phillies,h2h,Baltimore Orioles,2.15,0.43833991581570353,0.43833991581570353,0.5191671728288324,0.11620942158198955,0.76,Betclic (FR),2026-08-01T23:06:00Z,93.0,ebd01414bc02b6fa42c3d25f,WON,,,2026-07-31 17:43:28,2026-08-01T08:26:49.936092+00:00,0.874,1.15,,,,,
21925,baseball,baseball_mlb,Houston Astros vs Texas Rangers,Houston Astros,Texas Rangers,h2h,Texas Rangers,1.75,0.5358168848009199,0.5358168848009199,0.6195710807242122,0.08424939126737141,0.84,888sport,2026-08-01T23:11:00Z,92.0,f4e97994d79bc8c247be135a,LOST,,,2026-07-31 17:43:28,2026-08-01T08:26:49.936155+00:00,-0.84,-1.0,,,,,
21931,baseball,baseball_mlb,Cleveland Guardians vs Arizona Diamondbacks,Cleveland Guardians,Arizona Diamondbacks,h2h,Cleveland Guardians,1.6,0.5886185237008339,0.5886185237008339,0.6828792591675622,0.09260681466809961,1.16,888sport,2026-08-01T23:16:00Z,94.0,529b3bc1461d031b1e32475b,LOST,,,2026-07-31 17:43:28,2026-08-01T08:26:49.936210+00:00,-1.16,-1.0,,,,,
21937,baseball,baseball_mlb,Atlanta Braves vs Washington Nationals,Atlanta Braves,Washington Nationals,h2h,Atlanta Braves,1.5,0.6306002219965333,0.6306002219965333,0.7101275121987165,0.06519126829807487,0.98,Betclic (FR),2026-08-01T23:16:00Z,83.0,722189c531afdd1074458757,WON,,,2026-07-31 17:43:28,2026-08-01T08:26:49.936252+00:00,0.49,0.5,,,,,
21942,baseball,baseball_mlb,Chicago Cubs vs New York Yankees,Chicago Cubs,New York Yankees,h2h,New York Yankees,1.73,0.5412523605957251,0.5412523605957251,0.6277716364239869,0.08604493101349742,0.88,888sport,2026-08-01T23:16:00Z,93.0,b73260002398d38a141d03af,WON,,,2026-07-31 17:43:29,2026-08-01T08:26:49.936302+00:00,0.6424,0.73,,,,,
21949,baseball,baseball_mlb,Colorado Rockies vs Kansas City Royals,Colorado Rockies,Kansas City Royals,h2h,Kansas City Royals,2.0,0.48329266065879123,0.48329266065879123,0.54325931358182,0.08651862716364,0.65,888sport,2026-08-02T00:11:00Z,92.0,b236e3748c28d4f2cc3918d1,LOST,,,2026-07-31 17:43:29,2026-08-01T08:26:49.936367+00:00,-0.65,-1.0,,,,,
21952,baseball,baseball_mlb,Colorado Rockies vs Kansas City Royals,Colorado Rockies,Kansas City Royals,h2h,Colorado Rockies,1.99,0.5167073393412086,0.5167073393412086,0.54995202041818,0.09440452063217819,0.72,BetOnline.ag,2026-08-02T00:11:00Z,92.0,4d0fd8d90b485d7b5637b77d,WON,,,2026-07-31 17:43:29,2026-08-01T08:26:49.936433+00:00,0.7128,0.99,,,,,
21953,baseball,baseball_mlb,Los Angeles Dodgers vs Boston Red Sox,Los Angeles Dodgers,Boston Red Sox,h2h,Boston Red Sox,2.35,0.4068525349341352,0.4068525349341352,0.47985431507116943,0.12765764041724825,0.71,888sport,2026-08-02T01:11:00Z,93.0,eff4342044c6d54f53151b23,WON,,,2026-07-31 17:43:29,2026-08-01T08:26:49.936500+00:00,0.9585,1.35,,,,,
21959,baseball,baseball_mlb,Los Angeles Angels vs Milwaukee Brewers,Los Angeles Angels,Milwaukee Brewers,h2h,Los Angeles Angels,2.0,0.47359143802494547,0.47359143802494547,0.5571082242263152,0.11421644845263046,0.86,888sport,2026-08-02T01:39:00Z,93.0,07e3ae22786c92217d601aa0,LOST,,,2026-07-31 17:43:29,2026-08-01T08:26:49.936557+00:00,-0.86,-1.0,,,,,
21964,baseball,baseball_mlb,Athletics vs Detroit Tigers,Athletics,Detroit Tigers,h2h,Detroit Tigers,1.74,0.5533996768850319,0.5533996768850319,0.6391826092766063,0.11217774014129489,1.14,BetOnline.ag,2026-08-02T01:41:00Z,93.0,04d177be4ebb368533a233ff,WON,,,2026-07-31 17:43:29,2026-08-01T08:26:49.936616+00:00,0.8436,0.74,,,,,
21983,football,Eliteserien,SK Brann vs Rosenborg,SK Brann,Rosenborg,h2h,Draw,4.3,0.25247217412151357,0.24394069434288765,0.248859166500277,0.07009441595119115,0.16,Betfair,2026-08-02T17:15:00Z,5.795900476476939,75f85e56092c51f54c4be21e,LOST,,,2026-07-31 17:43:54,2026-08-03T00:38:38Z,0.0,0.0,3,2,3-2,the_odds_api_scores,c697e676abd3caeb609cf7f064a58b3d
21985,football,Allsvenskan,IF Brommapojkarna vs Malmo FF,IF Brommapojkarna,Malmo FF,h2h,IF Brommapojkarna,3.5,0.30849674800690907,0.29551625151262645,0.3030075693284744,0.06052649264966048,0.17,Unibet (SE),2026-08-02T12:00:00Z,4.8365598350186385,f1cd364b2b4a59ec146cc941,LOST,,,2026-07-31 17:43:54,2026-08-02T15:51:16Z,0.0,0.0,1,2,1-2,the_odds_api_scores,d67ac47453d8f4c63f1ccf2d22603223
21987,football,MLS,CF Montreal vs New England Revolution,CF Montreal,New England Revolution,h2h,Draw,4.04,0.2638090986535323,0.2612356622460733,0.26274862548937983,0.06150444697709445,0.15,1xBet,2026-08-01T23:30:00Z,4.961517609306976,ab27b2700eb838a10d7b8739,WON,,,2026-07-31 17:43:56,2026-08-02T08:30:10Z,0.0,0.0,2,2,2-2,the_odds_api_scores,53cfe86a940626e2850c65c057989f9b
22000,football,Argentina Primera Division,Gimnasia Mendoza vs Union Santa Fe,Gimnasia Mendoza,Union Santa Fe,h2h,Gimnasia Mendoza,3.3,0.3366920184600287,0.3056247584463389,0.3235550980553831,0.06773182358276397,0.22,Betfair,2026-08-01T18:30:00Z,5.6045984328206115,8e1b5eeaf496b84cfb34e9ea,WON,,,2026-07-31 17:43:59,2026-08-02T06:52:27Z,0.0,0.0,2,0,2-0,the_odds_api_scores,e063d803254430b4608fb5797cf52ad6
22004,football,Argentina Primera Division,Atlético Huracán vs Atlético Tucuman,Atlético Huracán,Atlético Tucuman,h2h,Atlético Tucuman,4.2,0.268491027471447,0.23511007352567884,0.252957009841728,0.06241944133525745,0.15,Betfair,2026-08-04T00:15:00Z,5.018903468694562,7cbe4ab25e690e4208e696d3,LOST,,,2026-07-31 17:44:00,2026-08-04T04:11:05Z,0.0,0.0,0,0,0-0,the_odds_api_scores,004b0d634351d34f62dc5ebb339f8f50
22006,football,Liga MX,Atlético San Luis vs Tijuana,Atlético San Luis,Tijuana,h2h,Tijuana,3.5,0.31580440664018694,0.2947484965452009,0.3054127015691046,0.06894445549186612,0.18,Betfair,2026-08-01T03:00:00Z,5.093777803378657,713334026d841bd9adc766c3,LOST,,,2026-07-31 17:44:02,2026-08-01T08:27:33Z,0.0,0.0,0,0,0-0,the_odds_api_scores,5629f086d5573f97abc5dcd002d14baf
22008,football,J-League,Yokohama F Marinos vs Kashima Antlers,Yokohama F Marinos,Kashima Antlers,h2h,Yokohama F Marinos,3.9,0.29662865634775565,0.2498585082586937,0.27528906410372794,0.07362735000453902,0.19,Tipico,2026-08-07T10:25:00Z,6.604594177457164,6c3f8231d08a866117cd46b8,LOST,,,2026-07-31 17:44:03,2026-08-08T06:30:46Z,0.0,0.0,3,4,3-4,the_odds_api_scores,0b3dd009fc9f5bbb0f9a4466558b1edc
22086,baseball,baseball_mlb,Tampa Bay Rays vs Chicago White Sox,Tampa Bay Rays,Chicago White Sox,h2h,Chicago White Sox,2.54,0.39479651370029467,0.39479651370029467,0.4274983912227402,0.08584591370576011,0.42,Matchbook,2026-08-01T20:11:00Z,86.0,b23bf03d2c326dc5a6966fec,WON,,,2026-08-01 08:27:02,2026-08-01T17:04:38.242965+00:00,0.6468,1.54,,,,,
22144,baseball,baseball_mlb,Seattle Mariners vs Minnesota Twins,Seattle Mariners,Minnesota Twins,h2h,Minnesota Twins,2.5,0.4045905086028291,0.4045905086028291,0.42428195636235705,0.060704890905892706,0.3,Everygame,2026-08-01T20:11:00Z,78.0,d5e453ec8f1afa7e8f85f51f,WON,,,2026-08-01 08:27:03,2026-08-01T17:04:38.243056+00:00,0.45,1.5,,,,,
22246,baseball,baseball_mlb,Atlanta Braves vs Washington Nationals,Atlanta Braves,Washington Nationals,h2h,Washington Nationals,2.75,0.3724172111644222,0.3724172111644222,0.3858468957663823,0.06107896335755125,0.26,Unibet (SE),2026-08-01T23:16:00Z,76.0,cda4607d394d4c161d693e95,LOST,,,2026-08-01 08:27:05,2026-08-01T17:04:38.243090+00:00,-0.26,-1.0,,,,,
22280,baseball,baseball_mlb,Colorado Rockies vs Kansas City Royals,Colorado Rockies,Kansas City Royals,h2h,Colorado Rockies,1.83,0.5195174041456058,0.5195174041456058,0.5866755119422385,0.0736161868542966,0.67,MyBookie.ag,2026-08-02T00:10:00Z,84.0,1a05fce1a3d498c8d88d58c0,WON,,,2026-08-01 08:27:06,2026-08-01T17:04:38.243143+00:00,0.5561,0.83,,,,,
22284,baseball,baseball_mlb,Colorado Rockies vs Kansas City Royals,Colorado Rockies,Kansas City Royals,h2h,Kansas City Royals,2.05,0.4804825958543941,0.4804825958543941,0.5192089860577614,0.06437842141841088,0.46,GTbets,2026-08-02T00:10:00Z,83.0,a2878567fb384293a0189588,LOST,,,2026-08-01 08:27:06,2026-08-01T17:04:38.243195+00:00,-0.46,-1.0,,,,,
22300,baseball,baseball_mlb,San Diego Padres vs San Francisco Giants,San Diego Padres,San Francisco Giants,h2h,San Francisco Giants,2.15,0.44413820034800877,0.44413820034800877,0.5265819324539637,0.1321511547760219,0.86,888sport,2026-08-02T00:41:00Z,93.0,dbb7b1ccb54e452face286ce,WON,,,2026-08-01 08:27:06,2026-08-01T17:04:38.243231+00:00,0.989,1.15,,,,,
22386,baseball,baseball_kbo,KT Wiz vs Hanwha Eagles,KT Wiz,Hanwha Eagles,h2h,KT Wiz,2.08,0.4879002190784242,0.4879002190784242,0.5158484666111464,0.07296481055118442,0.51,BetOnline.ag,2026-08-01T09:00:00Z,84.0,437aaa9df891493675c97a38,OPEN,,,2026-08-01 08:27:10,,0.0,0.0,,,,,
22409,football,MLS,CF Montreal vs New England Revolution,CF Montreal,New England Revolution,h2h,New England Revolution,3.7,0.30358349386371164,0.2785801508445139,0.2919161780193472,0.0800898586715848,0.2,Betfair,2026-08-01T23:30:00Z,5.860091613064725,ec3e4eb0c1bc49a9f80063ee,LOST,,,2026-08-01 08:27:29,2026-08-02T08:30:10Z,0.0,0.0,2,2,2-2,the_odds_api_scores,53cfe86a940626e2850c65c057989f9b
22425,football,Argentina Primera Division,Velez Sarsfield BA vs Independiente,Velez Sarsfield BA,Independiente,h2h,Independiente,3.45,0.31237895467403637,0.3011022599726772,0.3075907151396514,0.061187967231797424,0.19,Unibet (SE),2026-08-03T22:00:00Z,5.140393723399266,f3240f774afc64c3940b7d5c,LOST,,,2026-08-01 08:27:33,2026-08-04T04:11:05Z,0.0,0.0,1,0,1-0,the_odds_api_scores,3d9a2a8a3acc0e687e45dc523d3b3422
22636,baseball,baseball_mlb,Cleveland Guardians vs Arizona Diamondbacks,Cleveland Guardians,Arizona Diamondbacks,h2h,Arizona Diamondbacks,2.58,0.38662136098759264,0.38662136098759264,0.4111468433547219,0.06075885585518259,0.29,GTbets,2026-08-01T23:16:00Z,83.0,e890ae0a78fed9c9fe2e3f90,WON,,,2026-08-01 17:04:52,2026-08-02T08:29:33.082378+00:00,0.4582,1.58,,,,,
22809,football,Allsvenskan,Mjällby AIF vs IF Elfsborg,Mjällby AIF,IF Elfsborg,h2h,IF Elfsborg,3.85,0.2968974926334571,0.2827858169534778,0.29104713200746135,0.12053145822872624,0.32,Unibet (SE),2026-08-08T15:30:00Z,10.20430372072543,9436cf644262c5d12b414bd0,WON,,,2026-08-01 17:05:16,2026-08-08T22:49:53Z,0.0,0.0,0,1,0-1,the_odds_api_scores,e410c4c9a7b8d0f8d6949a50ccbf1d17
22811,football,2. Bundesliga,FC St. Pauli vs Greuther Fürth,FC St. Pauli,Greuther Fürth,h2h,Greuther Fürth,4.2,0.2696435565704096,0.24089448613358863,0.25655438221452764,0.07752840530101612,0.18,Tipico,2026-08-09T11:30:00Z,6.954530540717049,6bd7ca039d3254ed23f2d9e4,LOST,,,2026-08-01 17:05:17,2026-08-09T16:19:39Z,0.0,0.0,1,1,1-1,the_odds_api_scores,06b55211376bb30fced8f186900f531f
22812,football,Ligue 2,Sochaux vs Saint Etienne,Sochaux,Saint Etienne,h2h,Sochaux,4.25,0.2739814562231895,0.225825083983495,0.2519918880859034,0.07096552436508952,0.16,Marathon Bet,2026-08-08T18:45:00Z,6.3754007779109125,9c822596f408329ce11ae4eb,LOST,,,2026-08-01 17:05:19,2026-08-09T02:06:28Z,0.0,0.0,0,3,0-3,the_odds_api_scores,7053cfa77396dc9566311c9a731dd998
22815,football,MLS,FC Cincinnati vs San Jose Earthquakes,FC Cincinnati,San Jose Earthquakes,h2h,San Jose Earthquakes,3.85,0.28536182505914254,0.2681104148286216,0.2785840195841046,0.07254847539880283,0.19,Matchbook,2026-08-01T23:30:00Z,6.126161705725092,254a3690f4b86bd10585db57,LOST,,,2026-08-01 17:05:19,2026-08-02T08:30:10Z,0.0,0.0,4,2,4-2,the_odds_api_scores,2b5acb70b8a93847d573feb3ab5d53b2
22836,football,J-League,Avispa Fukuoka vs Vissel Kobe,Avispa Fukuoka,Vissel Kobe,h2h,Avispa Fukuoka,4.2,0.2879410757951331,0.2402024992217026,0.2661735718576115,0.1179290018019683,0.28,Coolbet,2026-08-08T10:00:00Z,10.113709123538603,f10c903c4c1b45d2aa07e9b3,LOST,,,2026-08-01 17:05:25,2026-08-08T16:18:05Z,0.0,0.0,0,1,0-1,the_odds_api_scores,ea43f51f4e074342dccb8a0a5b9060cc
22881,baseball,baseball_mlb,Atlanta Braves vs Washington Nationals,Atlanta Braves,Washington Nationals,h2h,Atlanta Braves,1.75,0.5344166013535984,0.5344166013535984,0.6295951499916397,0.10179151248536944,1.02,888sport,2026-08-02T17:36:00Z,93.0,29aacaf22568005fe74d0604,WON,,,2026-08-02 08:29:38,2026-08-02T15:50:40.860075+00:00,0.765,0.75,,,,,
22899,baseball,baseball_mlb,Baltimore Orioles vs Philadelphia Phillies,Baltimore Orioles,Philadelphia Phillies,h2h,Baltimore Orioles,2.15,0.44270788918269705,0.44270788918269705,0.5358618701660437,0.152103020856994,0.99,888sport,2026-08-02T17:36:00Z,94.0,141824bf044b789979d96a79,WON,,,2026-08-02 08:29:39,2026-08-02T15:50:40.860114+00:00,1.1385,1.15,,,,,
22914,baseball,baseball_mlb,Toronto Blue Jays vs St. Louis Cardinals,Toronto Blue Jays,St. Louis Cardinals,h2h,Toronto Blue Jays,1.91,0.5142405908898008,0.5142405908898008,0.6143372295956502,0.1733841085276917,1.43,BetOnline.ag,2026-08-02T17:38:00Z,95.0,7672753e4bb7f7b938ff585b,WON,,,2026-08-02 08:29:39,2026-08-02T15:50:40.860144+00:00,1.3013,0.91,,,,,
22936,baseball,baseball_mlb,Cleveland Guardians vs Arizona Diamondbacks,Cleveland Guardians,Arizona Diamondbacks,h2h,Arizona Diamondbacks,2.29,0.4278032624581623,0.4278032624581623,0.46916009449003526,0.07437661638218085,0.43,BetOnline.ag,2026-08-02T17:41:00Z,90.0,2baf1c7ed566c3a6cedeedf3,WON,,,2026-08-02 08:29:40,2026-08-02T15:50:40.860173+00:00,0.5547,1.29,,,,,
22937,baseball,baseball_mlb,Cleveland Guardians vs Arizona Diamondbacks,Cleveland Guardians,Arizona Diamondbacks,h2h,Cleveland Guardians,1.7,0.5721967375418376,0.5721967375418376,0.6527907055099648,0.10974419936694013,1.18,BetOnline.ag,2026-08-02T17:41:00Z,94.0,283563a4c46f01bfd644cf49,LOST,,,2026-08-02 08:29:40,2026-08-02T15:50:40.860204+00:00,-1.18,-1.0,,,,,
22969,baseball,baseball_mlb,Tampa Bay Rays vs Chicago White Sox,Tampa Bay Rays,Chicago White Sox,h2h,Chicago White Sox,2.34,0.4253580112151267,0.4253580112151267,0.4740754760133707,0.10933661387128724,0.61,BetOnline.ag,2026-08-02T17:41:00Z,92.0,698aa76059a8228e0bbdb598,WON,,,2026-08-02 08:29:40,2026-08-02T15:50:40.860237+00:00,0.8174,1.34,,,,,
22970,baseball,baseball_mlb,Tampa Bay Rays vs Chicago White Sox,Tampa Bay Rays,Chicago White Sox,h2h,Tampa Bay Rays,1.68,0.5746419887848733,0.5746419887848733,0.6431353239866293,0.08046734429753721,0.89,BetOnline.ag,2026-08-02T17:41:00Z,92.0,6d5c9a77c73b3bab75123a0c,LOST,,,2026-08-02 08:29:40,2026-08-02T15:50:40.860268+00:00,-0.89,-1.0,,,,,
23001,baseball,baseball_mlb,Cincinnati Reds vs Pittsburgh Pirates,Cincinnati Reds,Pittsburgh Pirates,h2h,Cincinnati Reds,1.67,0.5797608073531348,0.5797608073531348,0.678149997416245,0.13251049568512907,1.48,BetOnline.ag,2026-08-02T17:41:00Z,95.0,41bda28c753b70bfd40f9712,WON,,,2026-08-02 08:29:41,2026-08-02T15:50:40.860282+00:00,0.9916,0.67,,,,,
23024,baseball,baseball_mlb,New York Mets vs Miami Marlins,New York Mets,Miami Marlins,h2h,New York Mets,2.0,0.47389205877909396,0.47389205877909396,0.5723744944566338,0.1447489889132676,1.09,888sport,2026-08-02T17:41:00Z,94.0,dd64a649561ba075380c170c,WON,,,2026-08-02 08:29:41,2026-08-02T15:50:40.860298+00:00,1.09,1.0,,,,,
23043,baseball,baseball_mlb,Houston Astros vs Texas Rangers,Houston Astros,Texas Rangers,h2h,Texas Rangers,2.05,0.46131176223556547,0.46131176223556547,0.5546056306723114,0.13694154287823834,0.98,888sport,2026-08-02T18:11:00Z,93.0,c857840a74b5981519f692c0,LOST,,,2026-08-02 08:29:42,2026-08-02T15:50:40.860333+00:00,-0.98,-1.0,,,,,
23061,baseball,baseball_mlb,Chicago Cubs vs New York Yankees,Chicago Cubs,New York Yankees,h2h,New York Yankees,1.83,0.5389768636850172,0.5389768636850172,0.6383865136500102,0.1682473199795187,1.52,BetOnline.ag,2026-08-02T18:21:00Z,95.0,dfde7bcce1ce9fb9dd5b0d0e,WON,,,2026-08-02 08:29:42,2026-08-02T15:50:40.860356+00:00,1.2616,0.83,,,,,
23083,baseball,baseball_mlb,Colorado Rockies vs Kansas City Royals,Colorado Rockies,Kansas City Royals,h2h,Colorado Rockies,1.89,0.5114162301331738,0.5114162301331738,0.5968168131502417,0.12798377685395668,1.08,BetOnline.ag,2026-08-02T19:11:00Z,94.0,7668dd6504767eaf3b52a1ea,WON,,,2026-08-02 08:29:43,2026-08-02T15:50:40.860396+00:00,0.9612,0.89,,,,,
23094,baseball,baseball_mlb,Colorado Rockies vs Kansas City Royals,Colorado Rockies,Kansas City Royals,h2h,Kansas City Royals,2.04,0.4885837698668261,0.4885837698668261,0.5260039868497582,0.07304813317350689,0.53,Matchbook,2026-08-02T19:11:00Z,86.0,442b64994acf4c909a0be72d,LOST,,,2026-08-02 08:29:43,2026-08-02T15:50:40.860436+00:00,-0.53,-1.0,,,,,
23109,baseball,baseball_mlb,Los Angeles Angels vs Milwaukee Brewers,Los Angeles Angels,Milwaukee Brewers,h2h,Los Angeles Angels,2.8,0.3266295998417731,0.3266295998417731,0.4068389211819766,0.1391489793095344,0.58,Unibet (FR),2026-08-02T19:16:00Z,92.0,164dcf7b7a336b9f47f34bb0,LOST,,,2026-08-02 08:29:43,2026-08-02T15:50:40.860471+00:00,-0.58,-1.0,,,,,
23119,baseball,baseball_mlb,Athletics vs Detroit Tigers,Athletics,Detroit Tigers,h2h,Detroit Tigers,1.89,0.5107431475015068,0.5107431475015068,0.6112524668959283,0.1552671624333044,1.31,BetOnline.ag,2026-08-02T20:06:00Z,94.0,5cc44b42945a9bc0920a8523,WON,,,2026-08-02 08:29:44,2026-08-02T15:50:40.860508+00:00,1.1659,0.89,,,,,
23140,baseball,baseball_mlb,Seattle Mariners vs Minnesota Twins,Seattle Mariners,Minnesota Twins,h2h,Seattle Mariners,1.75,0.5596317106558443,0.5596317106558443,0.6423957593850743,0.12419257892388003,1.24,BetOnline.ag,2026-08-02T20:11:00Z,94.0,6e3a2eb2cbb827f27e7396f5,LOST,,,2026-08-02 08:29:44,2026-08-02T15:50:40.860550+00:00,-1.24,-1.0,,,,,
23144,baseball,baseball_mlb,Seattle Mariners vs Minnesota Twins,Seattle Mariners,Minnesota Twins,h2h,Minnesota Twins,2.23,0.44036828934415573,0.44036828934415573,0.48036504061492585,0.07121404057128466,0.43,GTbets,2026-08-02T20:11:00Z,87.0,3a504a9115c9404eea188405,WON,,,2026-08-02 08:29:44,2026-08-02T15:50:40.860589+00:00,0.5289,1.23,,,,,
23169,baseball,baseball_mlb,San Diego Padres vs San Francisco Giants,San Diego Padres,San Francisco Giants,h2h,San Francisco Giants,2.28,0.42859093128624026,0.42859093128624026,0.5170297649760148,0.1788278641453136,1.05,BetOnline.ag,2026-08-02T20:11:00Z,95.0,6e3abefc7611d507109ec03d,WON,,,2026-08-02 08:29:45,2026-08-02T15:50:40.860631+00:00,1.344,1.28,,,,,
23186,baseball,baseball_mlb,Los Angeles Dodgers vs Boston Red Sox,Los Angeles Dodgers,Boston Red Sox,h2h,Boston Red Sox,2.4,0.4045659779548316,0.4045659779548316,0.49088577076169654,0.17812584982807156,0.95,BetOnline.ag,2026-08-02T23:21:00Z,94.0,70d4d9ac5532c3329fe5622f,WON,,,2026-08-02 08:29:45,2026-08-02T15:50:40.860671+00:00,1.33,1.4,,,,,
23203,baseball,baseball_kbo,Doosan Bears vs LG Twins,Doosan Bears,LG Twins,h2h,Doosan Bears,2.1,0.4777671121933329,0.4777671121933329,0.5058500158258616,0.06228503323430945,0.42,1xBet,2026-08-02T09:00:00Z,72.0,c4c79afe147e2d3c582add6d,OPEN,,,2026-08-02 08:29:51,,0.0,0.0,,,,,
23213,football,Danish Superliga,Silkeborg IF vs FC Copenhagen,Silkeborg IF,FC Copenhagen,h2h,Draw,4.4,0.24781281307477915,0.23452517338682874,0.2419518929717049,0.0645883290755016,0.14,Betfair,2026-08-02T16:00:00Z,5.50076515762516,fdc4c56c2b2445ea43f19145,LOST,,,2026-08-02 08:30:06,2026-08-02T23:32:13Z,0.0,0.0,1,3,1-3,the_odds_api_scores,4f9650822cbd8cff1a72231bd04a1f1c
23220,football,Ligue 2,Clermont vs Stade de Reims,Clermont,Stade de Reims,h2h,Clermont,4.0,0.289381878152731,0.24174293847900924,0.26768273721238056,0.07073094884952225,0.18,Tipico,2026-08-08T18:45:00Z,6.3447783046486945,0c9be266a50b03c75ea6e142,LOST,,,2026-08-02 08:30:09,2026-08-09T02:06:28Z,0.0,0.0,0,0,0-0,the_odds_api_scores,420acdea012feca22d669c74886bd71d
23221,football,MLS,Real Salt Lake vs Minnesota United FC,Real Salt Lake,Minnesota United FC,h2h,Draw,4.42,0.24629011037496085,0.23253031478478553,0.24048391742642927,0.06293891502481741,0.14,1xBet,2026-08-16T01:30:00Z,5.103065201591937,f54a9df8edc32eedd49bb9dc,WON,,,2026-08-02 08:30:10,2026-08-16T06:19:24Z,0.0,0.0,1,1,1-1,the_odds_api_scores,ffbec045e6bd26649f263200a7d3bbe0
23227,football,Argentina Primera Division,Sarmiento de Junin vs Independiente Rivadavia,Sarmiento de Junin,Independiente Rivadavia,h2h,Sarmiento de Junin,3.7,0.3025124605084848,0.270429995855836,0.28836354281751997,0.06694510842482404,0.19,Betfair,2026-08-03T19:45:00Z,5.539500192318072,266d80bc6c5b1e0b2b27c91e,WON,,,2026-08-02 08:30:12,2026-08-04T04:11:05Z,0.0,0.0,2,1,2-1,the_odds_api_scores,1f1ce8636a7ac55020beee5757c5236b
23269,tennis,tennis_atp_canadian_open,Jaume Munar vs Rinky Hijikata,,,,Rinky Hijikata,1.89,,,,,0.53,Unibet (SE),,,,OPEN,,,2026-08-02 15:50:45,,0.0,0.0,,,,,
23442,baseball,baseball_mlb,Houston Astros vs Texas Rangers,Houston Astros,Texas Rangers,h2h,Houston Astros,1.79,0.5564834935211822,0.5564834935211822,0.5973856369353959,0.0693202901143588,0.66,Matchbook,2026-08-02T18:11:00Z,85.0,28252c58d626a836f19d4b5c,WON,,,2026-08-02 15:50:50,2026-08-02T16:12:15.830271+00:00,0.5214,0.79,,,,,
23599,football,La Liga,Rayo Vallecano vs Alavés,Rayo Vallecano,Alavés,h2h,Alavés,4.42,0.2713470506499498,0.24526480205995757,0.2594866724970219,0.14693109243683677,0.32,1xBet,2026-08-20T19:00:00Z,12.562608403349545,265232d54a41cb545a5f079f,OPEN,,,2026-08-02 15:51:03,,0.0,0.0,,,,,
23600,football,La Liga,Real Betis vs Real Sociedad,Real Betis,Real Sociedad,h2h,Real Sociedad,3.71,0.29717363996855395,0.2830722475634158,0.2907607014275866,0.0787222022963463,0.22,1xBet,2026-08-21T19:00:00Z,6.730748296337609,acd95db2872f04d8620e386b,OPEN,,,2026-08-02 15:51:03,,0.0,0.0,,,,,
23606,football,Austrian Bundesliga,Austria Lustenau vs Ried,Austria Lustenau,Ried,h2h,Austria Lustenau,4.1,0.29561396566179343,0.24911363557195237,0.27446280416718055,0.12529749708544013,0.3,Betfair,2026-08-02T15:00:00Z,10.712936000805131,07aaaf8bfacced7be5bbb13d,LOST,,,2026-08-02 15:51:13,2026-08-02T17:05:23Z,0.0,0.0,1,1,1-1,the_odds_api_scores,524023fb163d291b39d88056f6c2c1f3
23607,football,Austrian Bundesliga,Wolfsberger AC vs Austria Wien,Wolfsberger AC,Austria Wien,h2h,Draw,4.5,0.24714362923485358,0.23363876849066886,0.24104299466007895,0.08469347597035526,0.18,Betfair,2026-08-02T15:00:00Z,7.241292195465375,87b8c4528ae41a4eaeb89686,LOST,,,2026-08-02 15:51:13,2026-08-02T17:05:23Z,0.0,0.0,3,0,3-0,the_odds_api_scores,d4e2d407a0fc75fb044f074d0cf70925
23608,football,Austrian Bundesliga,Rheindorf Altach vs WSG Tirol,Rheindorf Altach,WSG Tirol,h2h,WSG Tirol,3.98,0.28503399524439443,0.26346641811540156,0.27542094224121444,0.09617535012003353,0.24,1xBet,2026-08-07T17:30:00Z,8.222992435262867,840d422355217d1843fbe5bc,LOST,,,2026-08-02 15:51:13,2026-08-08T06:30:48Z,0.0,0.0,3,1,3-1,the_odds_api_scores,750926d3a981cf743dd107b9dd27f235
23609,football,Eliteserien,Kristiansund BK vs Molde,Kristiansund BK,Molde,h2h,Kristiansund BK,4.25,0.2795631267398408,0.23649182076676167,0.25932597715547895,0.10213540291078549,0.23,1xBet,2026-08-09T17:15:00Z,8.124458642883853,bf37eb86d051f4037302b07d,WON,,,2026-08-02 15:51:15,2026-08-10T00:38:03Z,0.0,0.0,2,1,2-1,the_odds_api_scores,584a9940c0c25ef3841b212d9923a4d9
23610,football,Allsvenskan,Örgryte IS vs AIK,Örgryte IS,AIK,h2h,Örgryte IS,4.1,0.29616022459106933,0.25436651266094895,0.2777737208889848,0.1388722556448374,0.34,Unibet (SE),2026-08-08T13:00:00Z,11.663603507038724,d294e4c02d7b7c4b0d2cbea8,LOST,,,2026-08-02 15:51:15,2026-08-08T16:18:02Z,0.0,0.0,3,4,3-4,the_odds_api_scores,25223167676ce2bbaf95ac0e5eed8d5d
23612,football,Allsvenskan,Halmstads BK vs GAIS,Halmstads BK,GAIS,h2h,Halmstads BK,4.45,0.2866216897380886,0.23531775121358542,0.26422875227265585,0.1758179476133186,0.38,Unibet (FR),2026-08-09T14:30:00Z,15.548975554751879,1b1999d21c500829bbfc4a88,LOST,,,2026-08-02 15:51:16,2026-08-09T21:49:15Z,0.0,0.0,0,2,0-2,the_odds_api_scores,c15258beaa3fd8925bf8e9caf676961c
23613,football,Allsvenskan,Västerås SK vs Djurgardens IF,Västerås SK,Djurgardens IF,h2h,Västerås SK,3.77,0.30546229377523515,0.25084902982813245,0.28221799467557496,0.06396183992691751,0.17,1xBet,2026-08-10T17:00:00Z,5.322722027474284,0c69be21c77077ef84c99653,WON,,,2026-08-02 15:51:16,2026-08-11T00:22:04Z,0.0,0.0,1,0,1-0,the_odds_api_scores,eb0eab99af00644a4a9f9818f065f3dc
23618,football,MLS,Nashville SC vs Inter Miami CF,Nashville SC,Inter Miami CF,h2h,Draw,4.32,0.25131701984468896,0.24030983335763884,0.24700122073497094,0.06704527357507462,0.15,1xBet,2026-08-16T00:30:00Z,5.27378121941537,675bb2f64f5426e925dc3fc1,LOST,,,2026-08-02 15:51:18,2026-08-16T06:19:24Z,0.0,0.0,4,1,4-1,the_odds_api_scores,58973bb6280506fad9ae370deb9de85a
23623,football,MLS,Orlando City SC vs Chicago Fire,Orlando City SC,Chicago Fire,h2h,Orlando City SC,3.22,0.35110807525695875,0.31216751738716975,0.3339281013182494,0.0752484862447631,0.25,Marathon Bet,2026-08-19T23:30:00Z,6.219359626676466,df06d1f22199b825120003d6,OPEN,,,2026-08-02 15:51:19,,0.0,0.0,,,,,
23624,football,MLS,Real Salt Lake vs FC Dallas,Real Salt Lake,FC Dallas,h2h,FC Dallas,3.72,0.2967606587903908,0.27962324485236273,0.28934880943598984,0.07637757110188237,0.21,Marathon Bet,2026-08-20T01:30:00Z,6.312679574038836,925926b5a789ae0f20e3ea36,OPEN,,,2026-08-02 15:51:19,,0.0,0.0,,,,,
23626,football,Brazil Serie A,Mirassol vs Flamengo,Mirassol,Flamengo,h2h,Mirassol,4.03,0.29525474069768964,0.24046983847311526,0.272023034593063,0.09625282941004398,0.24,1xBet,2026-08-16T21:30:00Z,7.842001957883042,36f78783b6094d8e584052b2,LOST,,,2026-08-02 15:51:21,2026-08-17T05:55:57Z,0.0,0.0,1,5,1-5,the_odds_api_scores,5694b6f3539310601f64e1845bbdbd4b
23634,football,Argentina Primera Division,CA Tigre BA vs River Plate,CA Tigre BA,River Plate,h2h,CA Tigre BA,3.4,0.3387883684331557,0.29625187807124753,0.32096386948998235,0.09127715626594002,0.29,1xBet,2026-08-08T20:00:00Z,7.613774457335869,644a4236e46aa8e3fbd27636,WON,,,2026-08-02 15:51:22,2026-08-09T06:34:47Z,0.0,0.0,1,0,1-0,the_odds_api_scores,452b411f57f64eb9ae4faf275f7634f4
23657,hockey,icehockey_nhl,Columbus Blue Jackets vs Buffalo Sabres,Columbus Blue Jackets,Buffalo Sabres,h2h,Columbus Blue Jackets,2.47,0.4272657880909899,0.4272657880909899,0.4298860516636929,0.061818547609321595,0.32,Marathon Bet,2026-10-01T23:10:00Z,6.1818547609321595,cd66166b97e8ae36a62cb11c,,,,2026-08-02 16:12:18,,0.0,0.0,,,,,
23663,hockey,icehockey_nhl,New York Rangers vs Tampa Bay Lightning,New York Rangers,Tampa Bay Lightning,h2h,New York Rangers,2.75,0.3830912982171577,0.3830912982171577,0.38552390875201037,0.06019074906802846,0.26,Marathon Bet,2026-10-01T23:10:00Z,6.019074906802846,e952783c72da892b052c4ff3,,,,2026-08-02 16:12:18,,0.0,0.0,,,,,
23692,baseball,baseball_mlb,Atlanta Braves vs Washington Nationals,Atlanta Braves,Washington Nationals,h2h,Washington Nationals,2.18,0.46471434290960195,0.46471434290960195,0.4924717009859533,0.07358830814937822,0.47,BetOnline.ag,2026-08-02T17:36:00Z,90.0,1548a7056bd9cd7f30886d68,LOST,,,2026-08-02 16:12:22,2026-08-02T16:28:14.843439+00:00,-0.47,-1.0,,,,,
23861,baseball,baseball_mlb,New York Mets vs Miami Marlins,New York Mets,Miami Marlins,h2h,Miami Marlins,1.93,0.5218362045150964,0.5218362045150964,0.5495129876747542,0.06056006621227561,0.49,1xBet,2026-08-02T17:41:00Z,79.0,9e9ef2cd68a51e29184aec93,LOST,,,2026-08-02 16:12:25,2026-08-02T16:28:14.843462+00:00,-0.49,-1.0,,,,,
23938,baseball,baseball_mlb,Los Angeles Angels vs Milwaukee Brewers,Los Angeles Angels,Milwaukee Brewers,h2h,Milwaukee Brewers,1.48,0.6699767951804988,0.6699767951804988,0.7164167028721029,0.06029672025071231,0.94,Betfair,2026-08-02T19:16:00Z,80.0,b449d4d0188ec2fef382e52e,WON,,,2026-08-02 16:12:27,2026-08-02T16:28:14.843499+00:00,0.4512,0.48,,,,,
24319,baseball,baseball_mlb,Los Angeles Dodgers vs Boston Red Sox,Los Angeles Dodgers,Boston Red Sox,h2h,Los Angeles Dodgers,1.59,0.6206630290501831,0.6206630290501831,0.6678473749581324,0.06187732618343067,0.79,Matchbook,2026-08-02T23:21:00Z,85.0,0787a38a51bb1327b7a2d615,LOST,,,2026-08-02 16:28:32,2026-08-02T17:04:57.930343+00:00,-0.79,-1.0,,,,,
24333,football,Austrian Bundesliga,Austria Lustenau vs Ried,Austria Lustenau,Ried,h2h,Draw,2.44,0.46076358129640255,0.5101950465494887,0.4830604347332674,0.17866746074917228,0.93,Pinnacle,2026-08-02T15:00:00Z,15.436868608728485,736dee19d591c9b693fb3a45,WON,,,2026-08-02 16:28:46,2026-08-02T17:05:23Z,0.0,0.0,1,1,1-1,the_odds_api_scores,524023fb163d291b39d88056f6c2c1f3
24335,football,Austrian Bundesliga,Grazer AK vs Austria Lustenau,Grazer AK,Austria Lustenau,h2h,Austria Lustenau,3.6,0.30847940159672005,0.29313941461429144,0.301321343256214,0.08475683572237047,0.23,BetOnline.ag,2026-08-08T15:00:00Z,7.770559077051809,d459f915e5f437165e042b62,LOST,,,2026-08-02 16:28:47,2026-08-09T00:51:11Z,0.0,0.0,2,1,2-1,the_odds_api_scores,96eeececd0e89110835293c17ca72948
24354,hockey,icehockey_nhl,Vegas Golden Knights vs Chicago Blackhawks,Vegas Golden Knights,Chicago Blackhawks,h2h,Chicago Blackhawks,4.2,0.2507281400424526,0.2507281400424526,0.2808226295678443,0.1794550441849463,0.42,Marathon Bet,2026-09-30T02:40:00Z,17.94550441849463,78e10243f6b2c63496818d98,,,,2026-08-02 17:05:00,,0.0,0.0,,,,,
24698,baseball,baseball_mlb,San Diego Padres vs San Francisco Giants,San Diego Padres,San Francisco Giants,h2h,San Diego Padres,1.79,0.5733295469501188,0.5733295469501188,0.6113548512437188,0.09432518372625665,0.9,Matchbook,2026-08-02T20:11:00Z,93.0,b8e73f2b539c959b281cde0c,WON,,,2026-08-02 17:05:11,2026-08-03T05:47:19.365535+00:00,0.711,0.79,,,,,
24727,football,Scottish Premiership,Hibernian vs Motherwell,Hibernian,Motherwell,h2h,Hibernian,3.7,0.3150376851717574,0.278266125095206,0.29833402605770387,0.10383589641350444,0.29,Matchbook,2026-08-02T15:30:00Z,9.318986652809189,9978052117cff28d62f4bf40,LOST,,,2026-08-02 17:05:27,2026-08-02T22:51:26Z,0.0,0.0,1,2,1-2,the_odds_api_scores,fc30bc2a17e440c68526c3b960cf75e5
24782,baseball,baseball_mlb,Philadelphia Phillies vs Washington Nationals,Philadelphia Phillies,Washington Nationals,h2h,Washington Nationals,2.25,0.4223196237768998,0.4223196237768998,0.49062232844381015,0.10390023899857281,0.62,888sport,2026-08-03T22:41:00Z,92.0,e72d67222db25ba35bf6dbc7,LOST,,,2026-08-03 05:47:24,2026-08-04T04:10:40.897467+00:00,-0.62,-1.0,,,,,
24785,baseball,baseball_mlb,Philadelphia Phillies vs Washington Nationals,Philadelphia Phillies,Washington Nationals,h2h,Philadelphia Phillies,1.66,0.5776803762231004,0.5776803762231004,0.6413376715561903,0.06462053478327578,0.73,Betsson,2026-08-03T22:41:00Z,86.0,766a4c21dca26307cf19f2fa,WON,,,2026-08-03 05:47:24,2026-08-04T04:10:40.897565+00:00,0.4818,0.66,,,,,
24804,baseball,baseball_mlb,New York Yankees vs St. Louis Cardinals,New York Yankees,St. Louis Cardinals,h2h,New York Yankees,1.52,0.6374294220899676,0.6374294220899676,0.7628623074100171,0.15955070726322607,2.3,BetOnline.ag,2026-08-03T23:06:00Z,97.0,ffb1defcfb8fa724caedda09,LOST,,,2026-08-03 05:47:25,2026-08-04T04:10:40.897634+00:00,-2.3,-1.0,,,,,
24827,baseball,baseball_mlb,Milwaukee Brewers vs Pittsburgh Pirates,Milwaukee Brewers,Pittsburgh Pirates,h2h,Milwaukee Brewers,1.72,0.5694998246147687,0.5694998246147687,0.6189727347839622,0.06463310382841492,0.67,BetOnline.ag,2026-08-03T23:41:00Z,91.0,d971e16f58680ee35ac3aba3,LOST,,,2026-08-03 05:47:25,2026-08-04T04:10:40.897679+00:00,-0.67,-1.0,,,,,
24828,baseball,baseball_mlb,Milwaukee Brewers vs Pittsburgh Pirates,Milwaukee Brewers,Pittsburgh Pirates,h2h,Pittsburgh Pirates,2.25,0.4305001753852312,0.4305001753852312,0.5087872652160378,0.14477134673608494,0.87,BetOnline.ag,2026-08-03T23:41:00Z,92.0,e334710a2a8ef2d43cad39e5,WON,,,2026-08-03 05:47:25,2026-08-04T04:10:40.897722+00:00,1.0875,1.25,,,,,
24854,baseball,baseball_mlb,Chicago Cubs vs Los Angeles Dodgers,Chicago Cubs,Los Angeles Dodgers,h2h,Chicago Cubs,2.05,0.46410685544097474,0.46410685544097474,0.550576590384375,0.12868201028796866,0.92,888sport,2026-08-04T00:06:00Z,93.0,0b1151246d01be2560039abe,WON,,,2026-08-03 05:47:26,2026-08-04T04:10:40.897764+00:00,0.966,1.05,,,,,
24864,baseball,baseball_mlb,Chicago Cubs vs Los Angeles Dodgers,Chicago Cubs,Los Angeles Dodgers,h2h,Los Angeles Dodgers,1.85,0.5358931445590253,0.5358931445590253,0.5815634096156251,0.07589230778890665,0.67,1xBet,2026-08-04T00:06:00Z,85.0,228ddf60a34476c55e12a691,LOST,,,2026-08-03 05:47:26,2026-08-04T04:10:40.897802+00:00,-0.67,-1.0,,,,,
24872,baseball,baseball_mlb,Texas Rangers vs San Francisco Giants,Texas Rangers,San Francisco Giants,h2h,San Francisco Giants,1.85,0.49633251634774683,0.49633251634774683,0.5920701374928455,0.09532975436176438,0.84,Unibet (FR),2026-08-04T00:06:00Z,92.0,66d9423351680c351b194615,WON,,,2026-08-03 05:47:26,2026-08-04T04:10:40.897843+00:00,0.714,0.85,,,,,
24890,baseball,baseball_mlb,Houston Astros vs Toronto Blue Jays,Houston Astros,Toronto Blue Jays,h2h,Toronto Blue Jays,2.17,0.45416959936063644,0.45416959936063644,0.5431297677594658,0.17859159603804065,1.14,BetOnline.ag,2026-08-04T00:10:00Z,94.0,2063e616b99c21aa67d06185,WON,,,2026-08-03 05:47:26,2026-08-04T04:10:40.897925+00:00,1.3338,1.17,,,,,
24899,baseball,baseball_mlb,Houston Astros vs Toronto Blue Jays,Houston Astros,Toronto Blue Jays,h2h,Houston Astros,1.82,0.5458304006393634,0.5458304006393634,0.5904202322405342,0.0745648226777722,0.68,1xBet,2026-08-04T00:10:00Z,83.0,95e0bdaf036f272114815b6f,LOST,,,2026-08-03 05:47:27,2026-08-04T04:10:40.897965+00:00,-0.68,-1.0,,,,,
24910,baseball,baseball_mlb,Colorado Rockies vs Tampa Bay Rays,Colorado Rockies,Tampa Bay Rays,h2h,Tampa Bay Rays,1.65,0.5937146763919203,0.5937146763919203,0.709529124887521,0.17072305606440952,1.97,BetOnline.ag,2026-08-04T00:41:00Z,96.0,d8a2516b8542a32a5365428d,WON,,,2026-08-03 05:47:27,2026-08-04T04:10:40.898010+00:00,1.2805,0.65,,,,,
24932,baseball,baseball_mlb,Arizona Diamondbacks vs San Diego Padres,Arizona Diamondbacks,San Diego Padres,h2h,Arizona Diamondbacks,1.91,0.5073040156676712,0.5073040156676712,0.6155900194292354,0.17577693710983966,1.45,888sport,2026-08-04T01:41:00Z,96.0,7bf21fe205f948760c5c635b,WON,,,2026-08-03 05:47:27,2026-08-04T04:41:44.570712+00:00,1.3195,0.91,,,,,
24957,football,Primeira Liga,Vitória SC vs Arouca,Vitória SC,Arouca,h2h,Arouca,4.3,0.26433373721639486,0.23335909294794396,0.25020798234639124,0.07589432408948227,0.17,Betfair,2026-08-08T17:00:00Z,6.497844345569204,22c139e228d5cb7292503b20,WON,,,2026-08-03 05:47:44,2026-08-09T02:50:59Z,0.0,0.0,0,1,0-1,the_odds_api_scores,1bb1dc592ae4f1017aae3a36901b536b
24959,football,Austrian Bundesliga,Wolfsberger AC vs RB Salzburg,Wolfsberger AC,RB Salzburg,h2h,Wolfsberger AC,3.8,0.30969617879480343,0.2617358307969792,0.28812870738823554,0.09488908807529506,0.25,Tipico,2026-08-09T15:00:00Z,8.456458975373803,53fff980728842aa4d3e8913,LOST,,,2026-08-03 05:47:46,2026-08-10T00:25:41Z,0.0,0.0,1,1,1-1,the_odds_api_scores,8c2b68167fc053df8b2114f97dda2f16
24960,football,Danish Superliga,Randers FC vs Lyngby,Randers FC,Lyngby,h2h,Lyngby,3.7,0.29545873874691075,0.2747630889194665,0.2865501337825886,0.0602354949955779,0.17,Codere (IT),2026-08-09T14:00:00Z,5.332481471448977,c44ad85a3468048bcc404fd0,LOST,,,2026-08-03 05:47:47,2026-08-09T16:19:32Z,0.0,0.0,2,0,2-0,the_odds_api_scores,88a691bd4846347b2e874950c5d9a173
24970,football,MLS,New York City FC vs Philadelphia Union,New York City FC,Philadelphia Union,h2h,Draw,4.37,0.2481482605231876,0.23499917692949637,0.24274303470824393,0.0607870616750259,0.14,1xBet,2026-08-16T22:00:00Z,4.781510271357537,00e22dc9dfc96e62fb66f452,LOST,,,2026-08-03 05:47:51,2026-08-17T06:28:38Z,0.0,0.0,2,3,2-3,the_odds_api_scores,c3be3958beef3c35ea4a9dac6e028863
24973,football,MLS,FC Cincinnati vs New York City FC,FC Cincinnati,New York City FC,h2h,Draw,4.36,0.24934914875686554,0.2339423647977947,0.24345513299175503,0.06146437984405195,0.14,1xBet,2026-08-19T23:30:00Z,4.834788118533127,5aa88e2d3751b54fb7932354,OPEN,,,2026-08-03 05:47:51,,0.0,0.0,,,,,
24981,football,Argentina Primera Division,Belgrano de Cordoba vs Independiente Rivadavia,Belgrano de Cordoba,Independiente Rivadavia,h2h,Independiente Rivadavia,4.3,0.27758514835032266,0.24994644213329945,0.2649925111663629,0.13946779801536047,0.32,Codere (IT),2026-08-15T22:00:00Z,12.213991377544664,e5e612e10cf4705624ada75d,LOST,,,2026-08-03 05:47:54,2026-08-16T06:19:22Z,0.0,0.0,2,0,2-0,the_odds_api_scores,002bd0412d3980d55752833c9075fdf5
24982,football,Argentina Primera Division,Newells Old Boys vs Deportivo Riestra,Newells Old Boys,Deportivo Riestra,h2h,Deportivo Riestra,4.3,0.27881993064498395,0.24902640932892728,0.26574701237327536,0.1427121532050839,0.32,Codere (IT),2026-08-15T22:00:00Z,12.498118085479138,b5a1d01c857017a1abc5de49,LOST,,,2026-08-03 05:47:54,2026-08-16T06:19:22Z,0.0,0.0,2,0,2-0,the_odds_api_scores,a560e570529cbf9737af1c4a4c8f1c4e
24983,football,Argentina Primera Division,Platense vs Boca Juniors,Platense,Boca Juniors,h2h,Platense,3.34,0.33586728842510527,0.2976157955045728,0.3191400729168098,0.06592784354214465,0.21,1xBet,2026-08-16T00:15:00Z,5.499291955655746,69832bd7ee814f244d6bf2cf,LOST,,,2026-08-03 05:47:54,2026-08-16T06:19:22Z,0.0,0.0,1,1,1-1,the_odds_api_scores,3954c7cfc1a9f084e51b2a1d250caba7
24984,football,Argentina Primera Division,Barracas Central vs Rosario Central,Barracas Central,Rosario Central,h2h,Barracas Central,3.55,0.3294485411079666,0.28492074625771474,0.3103248443228961,0.10165319734628109,0.3,Codere (IT),2026-08-16T23:15:00Z,8.902350890709403,b7b6e448ad1239657f2240d0,LOST,,,2026-08-03 05:47:54,2026-08-17T06:28:33Z,0.0,0.0,0,1,0-1,the_odds_api_scores,adf9ce634a25d0600abd06da037144fd
25137,baseball,baseball_mlb,Texas Rangers vs San Francisco Giants,Texas Rangers,San Francisco Giants,h2h,Texas Rangers,1.97,0.5026307227657452,0.5026307227657452,0.5389976921539344,0.06182545354325075,0.48,GTbets,2026-08-04T00:06:00Z,87.0,934ccecc9339ac3cbb00f9a6,LOST,,,2026-08-03 06:10:02,2026-08-04T04:10:40.897884+00:00,-0.48,-1.0,,,,,
25185,basketball,basketball_wnba,Atlanta Dream vs Las Vegas Aces,Atlanta Dream,Las Vegas Aces,h2h,Las Vegas Aces,2.2,0.458400170562119,0.458400170562119,0.4846026898256902,0.06612591761651854,0.41,BetOnline.ag,2026-08-03T23:30:00Z,6.87949063188065,bac5dd0696cbc86b78ff1699,WON,,,2026-08-03 13:55:04,2026-08-04T04:10:40.942725+00:00,0.492,1.2,,,,,
25411,mma,mma_mixed_martial_arts,Louie Sutherland vs Jose Montanha,Louie Sutherland,Jose Montanha,h2h,Jose Montanha,2.4,0.5039808241610553,0.5039808241610553,0.4859814965699846,0.16635559176796288,0.89,Pinnacle,2026-08-08T18:00:00Z,15.070863766877613,2a8e18b6fbb08ffebc85272c,WON,,,2026-08-03 13:55:13,2026-08-09T16:19:13.199452+00:00,1.246,1.4,,,,,
25416,mma,mma_mixed_martial_arts,Ty Miller vs Billy Goff,Ty Miller,Billy Goff,h2h,Billy Goff,3.68,0.32580142141662116,0.32580142141662116,0.3128757558116414,0.15138278138684047,0.42,1xBet,2026-08-09T00:00:00Z,13.59846807417443,13eb2980be7aa72dac87c102,OPEN,,,2026-08-03 13:55:13,,0.0,0.0,,,,,
25425,mma,mma_mixed_martial_arts,Diyar Nurgozhay vs Bruno Lopes,Diyar Nurgozhay,Bruno Lopes,h2h,Bruno Lopes,2.3,0.49474073224732007,0.49474073224732007,0.4740755422692253,0.09037374721921809,0.52,1xBet,2026-08-09T00:00:00Z,8.118126150447901,02f90b5b293f11a12c14eb8a,LOST,,,2026-08-03 13:55:14,2026-08-09T16:19:13.199505+00:00,-0.52,-1.0,,,,,
25430,mma,mma_mixed_martial_arts,Steven Asplund vs Guilherme Pat,Steven Asplund,Guilherme Pat,h2h,Guilherme Pat,2.98,0.3883216636596883,0.3883216636596883,0.37357748101532806,0.11326089342567758,0.43,1xBet,2026-08-09T00:00:00Z,10.174041124041832,a5ad9103a63d98dc0fc53258,LOST,,,2026-08-03 13:55:14,2026-08-09T16:19:13.199522+00:00,-0.43,-1.0,,,,,
25436,mma,mma_mixed_martial_arts,Juliana Miller vs Ravena Oliveira,Juliana Miller,Ravena Oliveira,h2h,Ravena Oliveira,3.15,0.3897340201490847,0.3897340201490847,0.37427231021683083,0.17895777718301709,0.62,BetOnline.ag,2026-08-09T00:00:00Z,17.767641229680457,4d88e6f3995feae27a464d3b,LOST,,,2026-08-03 13:55:14,2026-08-09T16:19:13.199534+00:00,-0.62,-1.0,,,,,
25444,baseball,baseball_npb,Chiba Lotte Marines vs Saitama Seibu Lions,Chiba Lotte Marines,Saitama Seibu Lions,h2h,Chiba Lotte Marines,2.29,0.4334262642447971,0.4334262642447971,0.46612822346849375,0.06743363174285077,0.39,Pinnacle,2026-08-04T09:00:00Z,75.0,655b6f5fe8ef70e2072d4d2b,OPEN,,,2026-08-03 13:55:18,,0.0,0.0,,,,,
25467,football,MLS,San Jose Earthquakes vs St. Louis City SC,San Jose Earthquakes,St. Louis City SC,h2h,Draw,4.5,0.2485644806332205,0.2359378758406435,0.2436156328004398,0.09627034760197906,0.21,1xBet,2026-08-16T02:30:00Z,7.572625542371673,7ae8ad188e44f34a48ff3c73,LOST,,,2026-08-03 13:55:33,2026-08-16T06:19:24Z,0.0,0.0,1,3,1-3,the_odds_api_scores,762af8fa5bf4befb1e6aee416452e3ad
25470,football,MLS,Austin FC vs FC Dallas,Austin FC,FC Dallas,h2h,Draw,4.11,0.2615181467550891,0.25389367719304107,0.25853037036081233,0.06255982218293887,0.15,1xBet,2026-08-17T00:30:00Z,4.920955612909972,4cd0e582829fb8dafc39cd19,LOST,,,2026-08-03 13:55:33,2026-08-17T06:28:38Z,0.0,0.0,1,2,1-2,the_odds_api_scores,0198abf59a592bb8855ebf7430656607
25709,baseball,baseball_mlb,Chicago Cubs vs Los Angeles Dodgers,Chicago Cubs,Los Angeles Dodgers,h2h,Chicago Cubs,2.55,0.3555413045534548,0.3555413045534548,0.42471347826631345,0.08301936957909928,0.4,Unibet (FR),2026-08-05T00:06:00Z,89.0,233219e24cf2ae006db01774,WON,,,2026-08-03 17:45:55,2026-08-04T04:10:40.898087+00:00,0.62,1.55,,,,,
25748,mma,mma_mixed_martial_arts,Manoel Sousa vs Richie Miranda,Manoel Sousa,Richie Miranda,h2h,Richie Miranda,2.82,0.404194982330568,0.404194982330568,0.38744392321296256,0.09259186346055426,0.38,Betfair,2026-08-09T00:00:00Z,8.32875758296574,80a02d482f072de58e50226d,LOST,,,2026-08-03 17:45:56,2026-08-09T16:19:13.199547+00:00,-0.38,-1.0,,,,,
25749,baseball,baseball_npb,Yokohama DeNA BayStars vs Hanshin Tigers,Yokohama DeNA BayStars,Hanshin Tigers,h2h,Yokohama DeNA BayStars,2.45,0.4004445814485593,0.4004445814485593,0.4340123277153907,0.06333020290270741,0.33,BetOnline.ag,2026-08-04T08:45:00Z,82.0,bc53c0be7b34445e2ed3ca24,OPEN,,,2026-08-03 17:45:57,,0.0,0.0,,,,,
25750,baseball,baseball_kbo,SSG Landers vs LG Twins,SSG Landers,LG Twins,h2h,SSG Landers,3.29,0.30117400404208206,0.30117400404208206,0.3246639831124032,0.06814450443980657,0.22,1xBet,2026-08-04T09:30:00Z,72.0,6379794dc179c1115360fbe8,OPEN,,,2026-08-03 17:45:58,,0.0,0.0,,,,,
25762,football,Turkish Super Lig,Basaksehir vs Kocaelispor,Basaksehir,Kocaelispor,h2h,Draw,4.4,0.24702696453186257,0.23351188140822707,0.2409145432746861,0.06002399040861883,0.13,Tipico,2026-08-16T16:00:00Z,5.3405745226164525,ee4fb310df71cdd1dced9acb,LOST,,,2026-08-03 17:46:08,2026-08-17T01:53:06Z,0.0,0.0,2,0,2-0,the_odds_api_scores,daae0078ca1b2407dc487b77fa421070
25765,football,Eliteserien,Sandefjord vs KFUM,Sandefjord,KFUM,h2h,KFUM,3.63,0.2957031361327831,0.28859721890291506,0.292762756207581,0.06272880503351907,0.18,Coolbet,2026-08-07T17:00:00Z,5.07583926265827,ff2b00b5720aecd6652b5329,WON,,,2026-08-03 17:46:10,2026-08-08T06:30:42Z,0.0,0.0,0,1,0-1,the_odds_api_scores,7dfb30db1e0d18adef07c0d5190af58c
25769,football,Segunda Division,Real Sociedad B vs CD Castellón,Real Sociedad B,CD Castellón,h2h,Real Sociedad B,4.1,0.2807522645562886,0.23277052845842766,0.2588953021708402,0.061470738900444744,0.15,Tipico,2026-08-14T18:30:00Z,5.469297522928171,f1277af11eecbac41b931b71,LOST,,,2026-08-03 17:46:12,2026-08-15T01:52:30Z,0.0,0.0,0,1,0-1,the_odds_api_scores,9b2eb6f40c4bf684651dd6bc6234389a
25771,football,Ligue 2,Nantes vs Red Star,Nantes,Red Star,h2h,Red Star,4.3,0.26324112510921627,0.22806973957602608,0.2472406945723549,0.06313498666112594,0.14,Tipico,2026-08-08T18:45:00Z,5.61737230318702,b3dd0321f9fd8cfafe9a7c7d,WON,,,2026-08-03 17:46:13,2026-08-09T02:06:28Z,0.0,0.0,0,1,0-1,the_odds_api_scores,e8485048330d0ff661de0ab2858e857a
25793,hockey,icehockey_nhl,Philadelphia Flyers vs Pittsburgh Penguins,Philadelphia Flyers,Pittsburgh Penguins,h2h,Pittsburgh Penguins,2.83,0.371948537831736,0.371948537831736,0.3751439764822152,0.061657453444669,0.25,1xBet,2026-09-30T23:40:00Z,6.1657453444669,e4355a5b0db2dbd36f077696,,,,2026-08-04 04:10:43,,0.0,0.0,,,,,
25812,baseball,baseball_mlb,Baltimore Orioles vs Los Angeles Angels,Baltimore Orioles,Los Angeles Angels,h2h,Baltimore Orioles,1.71,0.5569603780770486,0.5569603780770486,0.6651925345228997,0.1374792340341584,1.45,888sport,2026-08-04T22:36:00Z,95.0,5bf8e01fbf6b79d75cca5587,WON,,,2026-08-04 04:10:46,2026-08-05T12:37:15.973764+00:00,1.0295,0.71,,,,,
25828,baseball,baseball_mlb,Cincinnati Reds vs Athletics,Cincinnati Reds,Athletics,h2h,Cincinnati Reds,1.74,0.5548276426920457,0.5548276426920457,0.6681306676627052,0.16254736173310702,1.65,BetOnline.ag,2026-08-04T22:40:00Z,96.0,890d9a01fb03fb26d49a78f8,WON,,,2026-08-04 04:10:46,2026-08-05T12:37:15.973839+00:00,1.221,0.74,,,,,
25848,baseball,baseball_mlb,Cleveland Guardians vs New York Mets,Cleveland Guardians,New York Mets,h2h,Cleveland Guardians,1.69,0.5722315640595038,0.5722315640595038,0.6896537686718834,0.16551486905548307,1.8,GTbets,2026-08-04T22:40:00Z,95.0,53ac5d074295daf1b8b79f8e,LOST,,,2026-08-04 04:10:47,2026-08-05T12:37:15.973871+00:00,-1.8,-1.0,,,,,
25868,baseball,baseball_mlb,Philadelphia Phillies vs Washington Nationals,Philadelphia Phillies,Washington Nationals,h2h,Philadelphia Phillies,1.42,0.6840266080944671,0.6840266080944671,0.772819026140393,0.09740301711935806,1.74,GTbets,2026-08-04T22:40:00Z,94.0,d21092658448e0fb7dbeb9e0,WON,,,2026-08-04 04:10:47,2026-08-04T04:41:44.570883+00:00,0.7308,0.42,,,,,
25869,baseball,baseball_mlb,Philadelphia Phillies vs Washington Nationals,Philadelphia Phillies,Washington Nationals,h2h,Washington Nationals,3.05,0.3159733919055328,0.3159733919055328,0.35608097385960713,0.08604697027180164,0.31,GTbets,2026-08-04T22:40:00Z,89.0,23fe3a115e85f53a47af4e9e,LOST,,,2026-08-04 04:10:47,2026-08-04T04:41:44.570922+00:00,-0.31,-1.0,,,,,
25899,baseball,baseball_mlb,New York Yankees vs St. Louis Cardinals,New York Yankees,St. Louis Cardinals,h2h,New York Yankees,1.57,0.6050012460938948,0.6050012460938948,0.728755036251683,0.14414540691514244,1.9,888sport,2026-08-04T23:06:00Z,95.0,02b5f6150ce66e27651f74c8,LOST,,,2026-08-04 04:10:48,2026-08-04T04:41:44.570962+00:00,-1.9,-1.0,,,,,
25916,baseball,baseball_mlb,Boston Red Sox vs Chicago White Sox,Boston Red Sox,Chicago White Sox,h2h,Boston Red Sox,1.75,0.5281389349811395,0.5281389349811395,0.6258481901942518,0.09523433283994054,0.95,888sport,2026-08-04T23:11:00Z,93.0,15ffed2077da470b0b5c9eac,WON,,,2026-08-04 04:10:48,2026-08-05T12:37:15.973906+00:00,0.7125,0.75,,,,,
25931,baseball,baseball_mlb,Atlanta Braves vs Miami Marlins,Atlanta Braves,Miami Marlins,h2h,Atlanta Braves,1.71,0.5563972346064375,0.5563972346064375,0.6691959402987135,0.1443250579108002,1.52,888sport,2026-08-04T23:16:00Z,95.0,f8e12b0ae7c5a28a7265b999,WON,,,2026-08-04 04:10:48,2026-08-05T12:37:15.973980+00:00,1.0792,0.71,,,,,
25947,baseball,baseball_mlb,Atlanta Braves vs Miami Marlins,Atlanta Braves,Miami Marlins,h2h,Miami Marlins,2.3,0.4436027653935626,0.4436027653935626,0.4636040597012867,0.06628933731295938,0.38,GTbets,2026-08-04T23:16:00Z,88.0,aca7aee8d9f5ae153cff93ec,LOST,,,2026-08-04 04:10:49,2026-08-05T12:37:15.974019+00:00,-0.38,-1.0,,,,,
25948,baseball,baseball_mlb,Milwaukee Brewers vs Pittsburgh Pirates,Milwaukee Brewers,Pittsburgh Pirates,h2h,Pittsburgh Pirates,2.29,0.41104884703005257,0.41104884703005257,0.4986913040387801,0.14200308624880642,0.83,Betclic (FR),2026-08-04T23:40:00Z,93.0,38a9be7df1260a6c85b68e75,WON,,,2026-08-04 04:10:49,2026-08-04T04:41:44.571118+00:00,1.0707,1.29,,,,,
25964,baseball,baseball_mlb,Kansas City Royals vs Minnesota Twins,Kansas City Royals,Minnesota Twins,h2h,Minnesota Twins,1.67,0.5693352000988486,0.5693352000988486,0.6765746904526405,0.1298797330559096,1.45,888sport,2026-08-04T23:41:00Z,95.0,a709b7d25eba7b67c7e27f4b,LOST,,,2026-08-04 04:10:49,2026-08-05T12:37:15.974058+00:00,-1.45,-1.0,,,,,
25995,baseball,baseball_mlb,Texas Rangers vs San Francisco Giants,Texas Rangers,San Francisco Giants,h2h,San Francisco Giants,2.45,0.3671983187804224,0.3671983187804224,0.45242812189779935,0.10844889864960838,0.56,Unibet (FR),2026-08-05T00:06:00Z,92.0,59f4074399fe7be9da9259f3,WON,,,2026-08-04 04:10:50,2026-08-04T04:41:44.571199+00:00,0.812,1.45,,,,,
26004,baseball,baseball_mlb,Houston Astros vs Toronto Blue Jays,Houston Astros,Toronto Blue Jays,h2h,Toronto Blue Jays,2.0,0.4570115011555059,0.4570115011555059,0.5536067643609187,0.10721352872183743,0.8,Winamax (FR),2026-08-05T00:10:00Z,93.0,b2904249add2673ee829362b,WON,,,2026-08-04 04:10:50,2026-08-04T04:41:44.571240+00:00,0.8,1.0,,,,,
26019,baseball,baseball_mlb,Colorado Rockies vs Tampa Bay Rays,Colorado Rockies,Tampa Bay Rays,h2h,Tampa Bay Rays,1.71,0.555387105198343,0.555387105198343,0.6680859166829421,0.142426917527831,1.5,888sport,2026-08-05T00:41:00Z,95.0,620bfb7a54ea048ca9a86769,WON,,,2026-08-04 04:10:50,2026-08-04T04:41:44.571284+00:00,1.065,0.71,,,,,
26028,baseball,baseball_mlb,Colorado Rockies vs Tampa Bay Rays,Colorado Rockies,Tampa Bay Rays,h2h,Colorado Rockies,2.28,0.44461289480165694,0.44461289480165694,0.466214083317058,0.06296810996289204,0.37,GTbets,2026-08-05T00:41:00Z,87.0,cea220da0f21980e5ac3b616,LOST,,,2026-08-04 04:10:51,2026-08-04T04:41:44.571329+00:00,-0.37,-1.0,,,,,
26038,baseball,baseball_mlb,Arizona Diamondbacks vs San Diego Padres,Arizona Diamondbacks,San Diego Padres,h2h,Arizona Diamondbacks,1.73,0.5399377093086208,0.5399377093086208,0.6523581990610492,0.12857968437561507,1.32,888sport,2026-08-05T01:41:00Z,95.0,aff111225bb154f485a39122,WON,,,2026-08-04 04:10:51,2026-08-04T04:41:44.571398+00:00,0.9636,0.73,,,,,
26049,baseball,baseball_mlb,Seattle Mariners vs Detroit Tigers,Seattle Mariners,Detroit Tigers,h2h,Detroit Tigers,2.1,0.4283253323988068,0.4283253323988068,0.5251313464228478,0.10277582748798042,0.7,Unibet (FR),2026-08-05T01:41:00Z,92.0,304f860bad78af172f178d99,WON,,,2026-08-04 04:10:51,2026-08-05T12:37:15.974143+00:00,0.77,1.1,,,,,
26060,baseball,baseball_npb,Chunichi Dragons vs Tokyo Yakult Swallows,Chunichi Dragons,Tokyo Yakult Swallows,h2h,Tokyo Yakult Swallows,2.49,0.4009745212107445,0.4009745212107445,0.4272803813322733,0.0639281495173607,0.32,BetOnline.ag,2026-08-04T09:00:00Z,82.0,48c5cb8b958a64c47927bd93,OPEN,,,2026-08-04 04:10:55,,0.0,0.0,,,,,
26074,baseball,baseball_kbo,Doosan Bears vs NC Dinos,Doosan Bears,NC Dinos,h2h,Doosan Bears,2.57,0.3885876042032461,0.3885876042032461,0.4180424552364995,0.07436910995780366,0.36,BetOnline.ag,2026-08-04T09:30:00Z,85.0,e60be80f5bee1d2d217299be,OPEN,,,2026-08-04 04:10:58,,0.0,0.0,,,,,
26075,baseball,baseball_kbo,Lotte Giants vs Kiwoom Heroes,Lotte Giants,Kiwoom Heroes,h2h,Kiwoom Heroes,2.53,0.3980442840205777,0.3980442840205777,0.42469409869584485,0.07447606970048737,0.37,BetOnline.ag,2026-08-04T09:30:00Z,85.0,d30358a8ab61bd361d5256a5,OPEN,,,2026-08-04 04:10:58,,0.0,0.0,,,,,
26076,baseball,baseball_kbo,SSG Landers vs LG Twins,SSG Landers,LG Twins,h2h,LG Twins,1.51,0.6683115152252099,0.6683115152252099,0.7143398667234117,0.07865319875235155,1.16,1xBet,2026-08-04T09:30:00Z,79.0,c27a38f160c9e03e7fd2bb35,OPEN,,,2026-08-04 04:10:59,,0.0,0.0,,,,,
26091,football,Greek Super League,Kalamata FC vs Aris Thessaloniki,Kalamata FC,Aris Thessaloniki,h2h,Kalamata FC,4.04,0.2844747768292405,0.23692413093300288,0.2627730494139437,0.06160311963233256,0.15,1xBet,2026-08-22T17:00:00Z,5.2670667285644335,985fa9d7ccc407c5595dbe3b,OPEN,,,2026-08-04 04:11:08,,0.0,0.0,,,,,
26107,football,MLS,New York Red Bulls vs Nashville SC,New York Red Bulls,Nashville SC,h2h,Draw,4.22,0.2565400504025674,0.24799185569726162,0.2529314438848095,0.06737069319389599,0.16,1xBet,2026-08-19T23:30:00Z,5.2993787266318595,46d6a9ebe4c2e228dcdbba77,OPEN,,,2026-08-04 04:11:14,,0.0,0.0,,,,,
26108,football,MLS,Sporting Kansas City vs St. Louis City SC,Sporting Kansas City,St. Louis City SC,h2h,Draw,4.33,0.2508025137826271,0.23878829339696037,0.24607818799676423,0.06551855402598905,0.15,1xBet,2026-08-20T00:00:00Z,5.153689459684299,a82b5f88a7f6d1585b478799,OPEN,,,2026-08-04 04:11:14,,0.0,0.0,,,,,
26161,baseball,baseball_mlb,Baltimore Orioles vs Los Angeles Angels,Baltimore Orioles,Los Angeles Angels,h2h,Los Angeles Angels,2.32,0.43802730539886503,0.43802730539886503,0.46139922305567005,0.07044619748915437,0.4,BetOnline.ag,2026-08-04T22:36:00Z,91.0,ba549e619758226bd6860bb0,LOST,,,2026-08-04 04:41:50,2026-08-05T12:37:15.973805+00:00,-0.4,-1.0,,,,,
26328,baseball,baseball_mlb,Chicago Cubs vs Los Angeles Dodgers,Chicago Cubs,Los Angeles Dodgers,h2h,Los Angeles Dodgers,1.54,0.6444453385821926,0.6444453385821926,0.6895018055327636,0.06183278052045593,0.86,1xBet,2026-08-05T00:06:00Z,80.0,92f62f21f7995d07301b1875,LOST,,,2026-08-04 04:41:54,2026-08-04T08:27:11.815253+00:00,-0.86,-1.0,,,,,
26339,baseball,baseball_mlb,Texas Rangers vs San Francisco Giants,Texas Rangers,San Francisco Giants,h2h,Texas Rangers,1.56,0.6347764778635893,0.6347764778635893,0.6803041189913608,0.061274425626522966,0.82,1xBet,2026-08-05T00:06:00Z,81.0,a3d09557da4129f6e3aa43c9,LOST,,,2026-08-04 04:41:54,2026-08-04T08:27:11.815302+00:00,-0.82,-1.0,,,,,
26512,baseball,baseball_mlb,Boston Red Sox vs Chicago White Sox,Boston Red Sox,Chicago White Sox,h2h,Chicago White Sox,2.17,0.459206508943192,0.459206508943192,0.4899482809732224,0.06318776971189255,0.41,GTbets,2026-08-04T23:11:00Z,85.0,f0dd0e172877438f0d63b5be,LOST,,,2026-08-04 08:27:22,2026-08-05T12:37:15.973943+00:00,-0.41,-1.0,,,,,
26662,baseball,baseball_npb,Yokohama DeNA BayStars vs Hanshin Tigers,Yokohama DeNA BayStars,Hanshin Tigers,h2h,Hanshin Tigers,1.78,0.5621823798160662,0.5621823798160662,0.598690432458371,0.06566896977590031,0.63,Pinnacle,2026-08-04T08:45:00Z,75.0,06643736da3255de03da29af,OPEN,,,2026-08-04 08:27:26,,0.0,0.0,,,,,
26665,baseball,baseball_npb,Chunichi Dragons vs Tokyo Yakult Swallows,Chunichi Dragons,Tokyo Yakult Swallows,h2h,Chunichi Dragons,1.63,0.60778149666253,0.60778149666253,0.6523717524301481,0.06336595646114129,0.75,William Hill,2026-08-04T09:00:00Z,80.0,afba47052d36fa3a68c888c9,OPEN,,,2026-08-04 08:27:26,,0.0,0.0,,,,,
26667,baseball,baseball_npb,Fukuoka SoftBank Hawks vs Hokkaido Nippon-Ham Fighters,Fukuoka SoftBank Hawks,Hokkaido Nippon-Ham Fighters,h2h,Fukuoka SoftBank Hawks,1.74,0.5694879778380663,0.5694879778380663,0.6138857429353111,0.06816119270744125,0.69,Pinnacle,2026-08-04T09:00:00Z,76.0,8595eabd76470d930613725f,OPEN,,,2026-08-04 08:27:26,,0.0,0.0,,,,,
26668,baseball,baseball_npb,Hiroshima Toyo Carp vs Yomiuri Giants,Hiroshima Toyo Carp,Yomiuri Giants,h2h,Hiroshima Toyo Carp,1.85,0.5323432633520543,0.5323432633520543,0.5731343127810818,0.060298478645001374,0.53,BetOnline.ag,2026-08-04T09:00:00Z,82.0,e4420045ac6b9437c6c8d040,OPEN,,,2026-08-04 08:27:27,,0.0,0.0,,,,,
26917,baseball,baseball_mlb,Kansas City Royals vs Minnesota Twins,Kansas City Royals,Minnesota Twins,h2h,Kansas City Royals,2.34,0.42940313372841366,0.42940313372841366,0.454456107958111,0.06342729262197966,0.36,Matchbook,2026-08-04T23:41:00Z,83.0,8ad41dbbcf3ff808bdc00d49,WON,,,2026-08-04 17:39:18,2026-08-05T12:37:15.974098+00:00,0.4824,1.34,,,,,
27008,baseball,baseball_mlb,Seattle Mariners vs Detroit Tigers,Seattle Mariners,Detroit Tigers,h2h,Seattle Mariners,1.88,0.5365374806719602,0.5365374806719602,0.5696285689268021,0.07090170958238806,0.6,Matchbook,2026-08-05T01:41:00Z,86.0,54d361b37bf5ec93ab3a6fb9,LOST,,,2026-08-04 17:39:21,2026-08-05T12:37:15.974225+00:00,-0.6,-1.0,,,,,
27023,football,League Two,Newport County vs Rochdale,Newport County,Rochdale,h2h,Newport County,3.17,0.34546116169078467,0.32335969410351967,0.3354078800060091,0.06324297961904879,0.22,Pinnacle,2026-08-15T11:30:00Z,5.453378889570958,4c15c711a05a1139c2792914,WON,,,2026-08-04 17:39:30,2026-08-15T16:10:25Z,0.0,0.0,3,0,3-0,the_odds_api_scores,885f4c5e430d8bf7994fe0e4cbd5acad
27051,hockey,icehockey_nhl,New York Rangers vs Tampa Bay Lightning,New York Rangers,Tampa Bay Lightning,h2h,Tampa Bay Lightning,2.25,0.47080486341307537,0.47080486341307537,0.4716134043891528,0.06113015987559378,0.37,Marathon Bet,2026-10-01T23:10:00Z,6.113015987559378,6024c07ffcef405e6d185cf2,,,,2026-08-05 12:37:18,,0.0,0.0,,,,,
27072,baseball,baseball_mlb,Houston Astros vs Toronto Blue Jays,Houston Astros,Toronto Blue Jays,h2h,Toronto Blue Jays,2.55,0.376247602379147,0.376247602379147,0.46235350613849874,0.1790014406531717,0.87,888sport,2026-08-05T18:10:00Z,93.0,c97368c581e498e053590dc9,WON,,,2026-08-05 12:37:21,2026-08-05T17:23:55.523310+00:00,1.3485,1.55,,,,,
27084,baseball,baseball_mlb,Houston Astros vs Toronto Blue Jays,Houston Astros,Toronto Blue Jays,h2h,Houston Astros,1.58,0.6237523976208531,0.6237523976208531,0.6711964938615014,0.06049046030117222,0.78,Betfair,2026-08-05T18:10:00Z,80.0,fc0283d71b3099dd378eb5f9,LOST,,,2026-08-05 12:37:21,2026-08-05T17:23:55.523360+00:00,-0.78,-1.0,,,,,
27085,baseball,baseball_mlb,Chicago Cubs vs Los Angeles Dodgers,Chicago Cubs,Los Angeles Dodgers,h2h,Chicago Cubs,1.75,0.531273946776511,0.531273946776511,0.6432820905763084,0.12574365850853964,1.26,888sport,2026-08-05T18:21:00Z,94.0,2c69cf4b2056cd596642072d,WON,,,2026-08-05 12:37:21,2026-08-05T17:23:55.523392+00:00,0.945,0.75,,,,,
27103,baseball,baseball_mlb,Texas Rangers vs San Francisco Giants,Texas Rangers,San Francisco Giants,h2h,San Francisco Giants,2.42,0.3861692518795396,0.3861692518795396,0.47279434986302515,0.1441623266685208,0.76,Betclic (FR),2026-08-05T18:36:00Z,93.0,b9b325ca58f8b027fbde5a0b,WON,,,2026-08-05 12:37:22,2026-08-05T17:23:55.523424+00:00,1.0792,1.42,,,,,
27110,baseball,baseball_mlb,Texas Rangers vs San Francisco Giants,Texas Rangers,San Francisco Giants,h2h,Texas Rangers,1.62,0.6138307481204605,0.6138307481204605,0.6574556501369749,0.06507815322189936,0.79,Matchbook,2026-08-05T18:36:00Z,85.0,93faeacbe0ff1ebfb64215e4,LOST,,,2026-08-05 12:37:22,2026-08-05T17:23:55.523457+00:00,-0.79,-1.0,,,,,
27117,baseball,baseball_mlb,Colorado Rockies vs Tampa Bay Rays,Colorado Rockies,Tampa Bay Rays,h2h,Tampa Bay Rays,1.61,0.598856027471724,0.598856027471724,0.7160546724454857,0.15284802263723196,1.88,BetOnline.ag,2026-08-05T19:11:00Z,96.0,e51d4793fb1a37b403240863,WON,,,2026-08-05 12:37:22,2026-08-05T17:23:55.523495+00:00,1.1468,0.61,,,,,
27136,baseball,baseball_mlb,Baltimore Orioles vs Los Angeles Angels,Baltimore Orioles,Los Angeles Angels,h2h,Baltimore Orioles,1.73,0.538418784237874,0.538418784237874,0.6508550609722161,0.1259792554819339,1.29,888sport,2026-08-05T22:36:00Z,94.0,4d57f4094497269625da8f56,WON,,,2026-08-05 12:37:22,2026-08-05T17:23:55.523534+00:00,0.9417,0.73,,,,,
27145,baseball,baseball_mlb,Baltimore Orioles vs Los Angeles Angels,Baltimore Orioles,Los Angeles Angels,h2h,Los Angeles Angels,2.22,0.46158121576212585,0.46158121576212585,0.4809249390277838,0.06765336464168015,0.42,1xBet,2026-08-05T22:36:00Z,80.0,a18a5424aaf683ff313b5f76,LOST,,,2026-08-05 12:37:23,2026-08-05T17:23:55.523575+00:00,-0.42,-1.0,,,,,
27153,baseball,baseball_mlb,Cincinnati Reds vs Athletics,Cincinnati Reds,Athletics,h2h,Cincinnati Reds,1.69,0.5555494555819928,0.5555494555819928,0.6681909272619853,0.1292426670727551,1.4,Betsson,2026-08-05T22:40:00Z,95.0,1a4363d1bd20ce7d60a9cb9d,WON,,,2026-08-05 12:37:23,2026-08-05T17:23:55.523614+00:00,0.966,0.69,,,,,
27170,baseball,baseball_mlb,Cleveland Guardians vs New York Mets,Cleveland Guardians,New York Mets,h2h,Cleveland Guardians,1.91,0.5010571974235896,0.5010571974235896,0.6081751653774572,0.16161456587094314,1.33,888sport,2026-08-05T22:40:00Z,95.0,a5e14172d3547733e26be26b,LOST,,,2026-08-05 12:37:23,2026-08-05T17:23:55.523657+00:00,-1.33,-1.0,,,,,
27184,baseball,baseball_mlb,Philadelphia Phillies vs Washington Nationals,Philadelphia Phillies,Washington Nationals,h2h,Philadelphia Phillies,1.59,0.6100640800307167,0.6100640800307167,0.7012009235948475,0.11490946851580763,1.46,BetOnline.ag,2026-08-05T22:41:00Z,95.0,4c012223734971762e986263,WON,,,2026-08-05 12:37:24,2026-08-05T17:23:55.523684+00:00,0.8614,0.59,,,,,
27185,baseball,baseball_mlb,Philadelphia Phillies vs Washington Nationals,Philadelphia Phillies,Washington Nationals,h2h,Washington Nationals,2.54,0.38993591996928334,0.38993591996928334,0.4309690764051526,0.09466145406908755,0.46,BetOnline.ag,2026-08-05T22:41:00Z,91.0,594efeb27254d6466e9551ad,LOST,,,2026-08-05 12:37:24,2026-08-05T17:23:55.523711+00:00,-0.46,-1.0,,,,,
27214,baseball,baseball_mlb,New York Yankees vs St. Louis Cardinals,New York Yankees,St. Louis Cardinals,h2h,New York Yankees,1.66,0.5828911920218267,0.5828911920218267,0.7008283152853512,0.16337500337368294,1.86,BetOnline.ag,2026-08-05T23:06:00Z,96.0,0ab1ccd4356cf25740d80c8b,LOST,,,2026-08-05 12:37:24,2026-08-05T17:23:55.523739+00:00,-1.86,-1.0,,,,,
27234,baseball,baseball_mlb,Boston Red Sox vs Chicago White Sox,Boston Red Sox,Chicago White Sox,h2h,Boston Red Sox,1.79,0.539649717432795,0.539649717432795,0.6507162747542816,0.1647821318101641,1.56,BetOnline.ag,2026-08-05T23:11:00Z,96.0,0bc35dae6818d09755367f3e,WON,,,2026-08-05 12:37:24,2026-08-05T17:23:55.523783+00:00,1.2324,0.79,,,,,
27253,baseball,baseball_mlb,Atlanta Braves vs Miami Marlins,Atlanta Braves,Miami Marlins,h2h,Atlanta Braves,1.8,0.5432274798053967,0.5432274798053967,0.654763972206168,0.17857514997110235,1.67,BetOnline.ag,2026-08-05T23:16:00Z,96.0,1a3a746ae9861c09cd8d817f,WON,,,2026-08-05 12:37:25,2026-08-05T17:23:55.523829+00:00,1.336,0.8,,,,,
27271,baseball,baseball_mlb,Milwaukee Brewers vs Pittsburgh Pirates,Milwaukee Brewers,Pittsburgh Pirates,h2h,Pittsburgh Pirates,2.17,0.4451990876836194,0.4451990876836194,0.5429735613176979,0.17825262805940434,1.14,MyBookie.ag,2026-08-05T23:40:00Z,95.0,70438b029ad18d654955ee97,WON,,,2026-08-05 12:37:25,2026-08-05T17:23:55.523858+00:00,1.3338,1.17,,,,,
27277,baseball,baseball_mlb,Milwaukee Brewers vs Pittsburgh Pirates,Milwaukee Brewers,Pittsburgh Pirates,h2h,Milwaukee Brewers,1.8,0.5548009123163806,0.5548009123163806,0.5899164386823021,0.06184958962814391,0.58,1xBet,2026-08-05T23:40:00Z,79.0,396f8c8b73371bfbe42c3d86,LOST,,,2026-08-05 12:37:25,2026-08-05T17:23:55.523887+00:00,-0.58,-1.0,,,,,
27287,baseball,baseball_mlb,Kansas City Royals vs Minnesota Twins,Kansas City Royals,Minnesota Twins,h2h,Kansas City Royals,1.83,0.5306475810925061,0.5306475810925061,0.5851950762087789,0.0709069894620653,0.64,BetOnline.ag,2026-08-05T23:41:00Z,92.0,1876f71b6a3d478a9114dc72,WON,,,2026-08-05 12:37:26,2026-08-05T17:23:55.523934+00:00,0.5312,0.83,,,,,
27288,baseball,baseball_mlb,Kansas City Royals vs Minnesota Twins,Kansas City Royals,Minnesota Twins,h2h,Minnesota Twins,2.09,0.4693524189074939,0.4693524189074939,0.5488949237912213,0.14719039072365248,1.01,BetOnline.ag,2026-08-05T23:41:00Z,94.0,479d6a623554a6adc0892b01,LOST,,,2026-08-05 12:37:26,2026-08-05T17:23:55.523999+00:00,-1.01,-1.0,,,,,
27317,baseball,baseball_mlb,Arizona Diamondbacks vs San Diego Padres,Arizona Diamondbacks,San Diego Padres,h2h,Arizona Diamondbacks,2.0,0.4737081050943879,0.4737081050943879,0.576491660196493,0.152983320392986,1.15,888sport,2026-08-06T01:41:00Z,95.0,c831a1b70b521bc521b6edc5,WON,,,2026-08-05 12:37:26,2026-08-05T17:23:55.524037+00:00,1.15,1.0,,,,,
27324,baseball,baseball_mlb,Arizona Diamondbacks vs San Diego Padres,Arizona Diamondbacks,San Diego Padres,h2h,San Diego Padres,1.95,0.5262918949056121,0.5262918949056121,0.5528583398035071,0.07807376261683885,0.62,1xBet,2026-08-06T01:41:00Z,84.0,065186ac4facfca88f38c28d,LOST,,,2026-08-05 12:37:26,2026-08-05T17:23:55.524068+00:00,-0.62,-1.0,,,,,
27335,baseball,baseball_mlb,Seattle Mariners vs Detroit Tigers,Seattle Mariners,Detroit Tigers,h2h,Detroit Tigers,2.2,0.4155213291460834,0.4155213291460834,0.5096835373178831,0.12130378209934278,0.76,Unibet (FR),2026-08-06T01:41:00Z,93.0,f3f98de7d88cdd0ff1ba8d12,WON,,,2026-08-05 12:37:26,2026-08-05T17:23:55.524116+00:00,0.912,1.2,,,,,
27349,football,Premier League,Everton vs Crystal Palace,Everton,Crystal Palace,h2h,Crystal Palace,3.8,0.2927162079478812,0.2757709740854285,0.2850168270234854,0.08306394268924455,0.22,Unibet (SE),2026-08-22T14:00:00Z,7.101967099930409,34a15e6ee8fc1b69dfbccabb,OPEN,,,2026-08-05 12:37:34,,0.0,0.0,,,,,
27359,football,Scottish Premiership,Motherwell vs Falkirk F.C.,Motherwell,Falkirk F.C.,h2h,Falkirk F.C.,4.5,0.2454953037707057,0.2239644402908485,0.23593044650722947,0.06168700928253257,0.13,Betfair,2026-08-09T14:00:00Z,5.288322567418457,4c0178b377cf9c1758d062d9,LOST,,,2026-08-05 12:37:40,2026-08-09T16:19:39Z,0.0,0.0,0,0,0-0,the_odds_api_scores,07572b2914bdfb5f89386566c93da3e4
27367,football,Ligue 2,Montpellier vs Dijon,Montpellier,Dijon,h2h,Dijon,4.1,0.2753753138315591,0.24608776750038158,0.2620606119880091,0.07444850915083734,0.18,Betfair,2026-08-08T18:45:00Z,6.374058007967241,ae4e4906bef6f57c40212578,LOST,,,2026-08-05 12:37:46,2026-08-09T02:06:28Z,0.0,0.0,1,1,1-1,the_odds_api_scores,0d143c1353ace750064be6cb70c7f125
27381,football,Argentina Primera Division,Deportivo Riestra vs Estudiantes,Deportivo Riestra,Estudiantes,h2h,Deportivo Riestra,3.45,0.3307000837465076,0.28794173562498965,0.3128545869647206,0.07934832502828626,0.24,Betsson,2026-08-08T17:45:00Z,7.026720456326466,885813a4ee34a59c27bed983,WON,,,2026-08-05 12:37:49,2026-08-09T06:34:47Z,0.0,0.0,2,0,2-0,the_odds_api_scores,4771d2e678ec0d1b331b421cae8cb368
27432,baseball,baseball_mlb,Baltimore Orioles vs Los Angeles Angels,Baltimore Orioles,Los Angeles Angels,h2h,Baltimore Orioles,1.5,0.6310909452286484,0.6310909452286484,0.7568112300521441,0.13521684507821607,2.03,888sport,2026-08-06T16:36:00Z,96.0,d8373ebf3df11e012976d4a8,WON,,,2026-08-06 08:23:11,2026-08-06T11:50:39.396329+00:00,1.015,0.5,,,,,
27452,baseball,baseball_mlb,Cincinnati Reds vs Athletics,Cincinnati Reds,Athletics,h2h,Cincinnati Reds,1.63,0.5935096046302227,0.5935096046302227,0.7153585872104933,0.16603449715310403,1.98,BetOnline.ag,2026-08-06T16:40:00Z,96.0,3d0e08e379cd94973dd5acea,WON,,,2026-08-06 08:23:11,2026-08-06T11:50:39.396354+00:00,1.2474,0.63,,,,,
27473,baseball,baseball_mlb,Cleveland Guardians vs New York Mets,Cleveland Guardians,New York Mets,h2h,Cleveland Guardians,1.93,0.5029791982228066,0.5029791982228066,0.608423501242086,0.17425735739722592,1.41,BetOnline.ag,2026-08-06T17:11:00Z,95.0,1192756dc20eecba49a46e5d,LOST,,,2026-08-06 08:23:12,2026-08-06T11:50:39.396372+00:00,-1.41,-1.0,,,,,
27489,baseball,baseball_mlb,Milwaukee Brewers vs Pittsburgh Pirates,Milwaukee Brewers,Pittsburgh Pirates,h2h,Pittsburgh Pirates,2.15,0.44041748506838646,0.44041748506838646,0.5369871805828702,0.1545224382531709,1.01,888sport,2026-08-06T18:11:00Z,94.0,2192a978f3040cfd4ca609f2,WON,,,2026-08-06 08:23:12,2026-08-06T11:50:39.396381+00:00,1.1615,1.15,,,,,
27504,baseball,baseball_mlb,Chicago Cubs vs Toronto Blue Jays,Chicago Cubs,Toronto Blue Jays,h2h,Toronto Blue Jays,1.83,0.5264347915469605,0.5264347915469605,0.6302691726504525,0.153392585950328,1.39,BetOnline.ag,2026-08-06T18:21:00Z,95.0,a10f326d55264d213216bf74,LOST,,,2026-08-06 08:23:13,2026-08-07T05:12:29.985209+00:00,-1.39,-1.0,,,,,
27521,baseball,baseball_mlb,Seattle Mariners vs Detroit Tigers,Seattle Mariners,Detroit Tigers,h2h,Detroit Tigers,2.05,0.4597682610211298,0.4597682610211298,0.5582992858651716,0.14451353602360184,1.03,888sport,2026-08-06T20:11:00Z,93.0,3c73d82fe21a5f05825089d3,WON,,,2026-08-06 08:23:13,2026-08-06T11:50:39.396448+00:00,1.0815,1.05,,,,,
27538,baseball,baseball_mlb,Philadelphia Phillies vs Washington Nationals,Philadelphia Phillies,Washington Nationals,h2h,Philadelphia Phillies,1.29,0.7378639734717528,0.7378639734717528,0.8577935245448637,0.10655364666287426,2.76,888sport,2026-08-06T22:06:00Z,96.0,20484a65f01fcbaf3c758078,WON,,,2026-08-06 08:23:13,2026-08-06T11:50:39.396456+00:00,0.8004,0.29,,,,,
27559,baseball,baseball_mlb,Boston Red Sox vs Chicago White Sox,Boston Red Sox,Chicago White Sox,h2h,Boston Red Sox,1.54,0.6267482143421385,0.6267482143421385,0.7499235312970496,0.1548822381974564,2.15,BetOnline.ag,2026-08-06T23:11:00Z,96.0,c9ff069dd9e74614af852fc4,WON,,,2026-08-06 08:23:13,2026-08-06T11:50:39.396475+00:00,1.161,0.54,,,,,
27580,baseball,baseball_mlb,Atlanta Braves vs Miami Marlins,Atlanta Braves,Miami Marlins,h2h,Atlanta Braves,1.68,0.5794242227123079,0.5794242227123079,0.7003751836075554,0.17663030846069305,1.95,BetOnline.ag,2026-08-06T23:16:00Z,97.0,40bdcb678dbe24dc91b48c2e,WON,,,2026-08-06 08:23:14,2026-08-06T11:50:39.396496+00:00,1.326,0.68,,,,,
27598,baseball,baseball_mlb,Kansas City Royals vs Minnesota Twins,Kansas City Royals,Minnesota Twins,h2h,Kansas City Royals,1.82,0.532105101718434,0.532105101718434,0.6003972855175757,0.09272305964198768,0.85,BetOnline.ag,2026-08-06T23:41:00Z,93.0,933d57766afceee45c3f150e,WON,,,2026-08-06 08:23:14,2026-08-06T11:50:39.396517+00:00,0.697,0.82,,,,,
27599,baseball,baseball_mlb,Kansas City Royals vs Minnesota Twins,Kansas City Royals,Minnesota Twins,h2h,Minnesota Twins,2.11,0.467894898281566,0.467894898281566,0.5324627144824245,0.12349632755791573,0.83,BetOnline.ag,2026-08-06T23:41:00Z,93.0,9f15cfab7cd35b43c56f6ee6,LOST,,,2026-08-06 08:23:14,2026-08-06T11:50:39.396539+00:00,-0.83,-1.0,,,,,
27636,baseball,baseball_mlb,Arizona Diamondbacks vs San Diego Padres,Arizona Diamondbacks,San Diego Padres,h2h,Arizona Diamondbacks,1.85,0.5061470056133448,0.5061470056133448,0.6162178498680576,0.14000302225590655,1.24,888sport,2026-08-07T01:41:00Z,95.0,b1238b1b9338d14c23bf32d7,WON,,,2026-08-06 08:23:15,2026-08-06T11:50:39.396551+00:00,1.054,0.85,,,,,
27651,baseball,baseball_npb,Yokohama DeNA BayStars vs Hanshin Tigers,Yokohama DeNA BayStars,Hanshin Tigers,h2h,Hanshin Tigers,1.9,0.5421717245292884,0.5421717245292884,0.5808222278875521,0.10356223298634903,0.86,Pinnacle,2026-08-06T08:45:00Z,87.0,c82685d4da7a4f1d0dd7185d,OPEN,,,2026-08-06 08:23:18,,0.0,0.0,,,,,
27652,baseball,baseball_npb,Yokohama DeNA BayStars vs Hanshin Tigers,Yokohama DeNA BayStars,Hanshin Tigers,h2h,Yokohama DeNA BayStars,2.17,0.4578282754707116,0.4578282754707116,0.48896777211244796,0.061060065484012105,0.39,MyBookie.ag,2026-08-06T08:45:00Z,75.0,944dbfe543be2b6446242111,OPEN,,,2026-08-06 08:23:18,,0.0,0.0,,,,,
27659,baseball,baseball_npb,Fukuoka SoftBank Hawks vs Hokkaido Nippon-Ham Fighters,Fukuoka SoftBank Hawks,Hokkaido Nippon-Ham Fighters,h2h,Fukuoka SoftBank Hawks,1.88,0.5359439659775961,0.5359439659775961,0.572306853802749,0.07593688514916819,0.65,Pinnacle,2026-08-06T09:00:00Z,78.0,ba1017d6844b96bd83ea9713,OPEN,,,2026-08-06 08:23:18,,0.0,0.0,,,,,
27660,baseball,baseball_npb,Fukuoka SoftBank Hawks vs Hokkaido Nippon-Ham Fighters,Fukuoka SoftBank Hawks,Hokkaido Nippon-Ham Fighters,h2h,Hokkaido Nippon-Ham Fighters,2.19,0.464056034022404,0.464056034022404,0.4962831461972511,0.08686009017197982,0.55,William Hill,2026-08-06T09:00:00Z,85.0,1037876cd42ec96a58a2cc05,OPEN,,,2026-08-06 08:23:18,,0.0,0.0,,,,,
27663,baseball,baseball_npb,Hiroshima Toyo Carp vs Yomiuri Giants,Hiroshima Toyo Carp,Yomiuri Giants,h2h,Hiroshima Toyo Carp,1.88,0.5248518175473993,0.5248518175473993,0.5649958995114974,0.06219229108161506,0.53,Pinnacle,2026-08-06T09:00:00Z,74.0,f2aa6a32066ce9e84f288a9c,OPEN,,,2026-08-06 08:23:18,,0.0,0.0,,,,,
27664,baseball,baseball_npb,Hiroshima Toyo Carp vs Yomiuri Giants,Hiroshima Toyo Carp,Yomiuri Giants,h2h,Yomiuri Giants,2.1,0.4751481824526007,0.4751481824526007,0.5067141004885026,0.0640996110258556,0.44,BetOnline.ag,2026-08-06T09:00:00Z,83.0,e4145fd6fd3e8e312925ee67,OPEN,,,2026-08-06 08:23:19,,0.0,0.0,,,,,
27665,baseball,baseball_npb,Orix Buffaloes vs Tohoku Rakuten Golden Eagles,Orix Buffaloes,Tohoku Rakuten Golden Eagles,h2h,Orix Buffaloes,1.94,0.5110829208616778,0.5110829208616778,0.5471338490634919,0.061439667183174285,0.49,Pinnacle,2026-08-06T09:00:00Z,73.0,fd64159ee836303118df5770,OPEN,,,2026-08-06 08:23:19,,0.0,0.0,,,,,
27666,mma,mma_mixed_martial_arts,Giovanna Canuto vs Carol Foro,Giovanna Canuto,Carol Foro,h2h,Giovanna Canuto,3.51,0.34405733008457234,0.34405733008457234,0.33143921820296846,0.1633516558924193,0.49,1xBet,2026-08-08T21:10:00Z,14.673612528232285,17cf00f887d11575d19e165e,OPEN,,,2026-08-06 08:23:19,,0.0,0.0,,,,,
27682,football,2. Bundesliga,FC Energie Cottbus vs Hannover 96,FC Energie Cottbus,Hannover 96,h2h,FC Energie Cottbus,3.4,0.32800041099404176,0.2969455008200672,0.3138577799803932,0.06711645193333693,0.21,Betfair,2026-08-09T11:30:00Z,5.738456640300307,f53301a5b973d5303ca568bc,WON,,,2026-08-06 08:23:35,2026-08-09T16:19:39Z,0.0,0.0,3,1,3-1,the_odds_api_scores,387f00871fa093d20a7983af9b5d0408
27684,football,Serie B,Südtirol vs Virtus Entella,Südtirol,Virtus Entella,h2h,Virtus Entella,4.38,0.2629555845020533,0.2282141552376237,0.24715666666581487,0.08254619999626911,0.18,Pinnacle,2026-08-22T15:00:00Z,7.117876279478288,84495db52e39b1682b0ea032,OPEN,,,2026-08-06 08:23:36,,0.0,0.0,,,,,
27695,football,MLS,Seattle Sounders FC vs Vancouver Whitecaps FC,Seattle Sounders FC,Vancouver Whitecaps FC,h2h,Seattle Sounders FC,3.45,0.3189372096091012,0.2896674036881919,0.3079639083581188,0.06247548383550994,0.19,LeoVegas (SE),2026-08-17T02:30:00Z,5.149174399296953,f41d79ceb9e6cf0590bbd6f5,LOST,,,2026-08-06 08:23:38,2026-08-17T06:28:38Z,0.0,0.0,0,2,0-2,the_odds_api_scores,235d6733ba040815d12859e40de81c1e
27699,football,MLS,LA Galaxy vs San Jose Earthquakes,LA Galaxy,San Jose Earthquakes,h2h,Draw,4.26,0.2554009991570879,0.24352309628901203,0.25085309183415905,0.06863417121351745,0.16,1xBet,2026-08-20T02:30:00Z,5.398763907655282,b22a4c3969f05958b3de4000,OPEN,,,2026-08-06 08:23:38,,0.0,0.0,,,,,
27707,football,Liga MX,Atlas vs Tigres,Atlas,Tigres,h2h,Atlas,3.4,0.3447319679907893,0.3020975160039168,0.32667134344936805,0.11068256772785134,0.35,Tipico,2026-08-16T03:00:00Z,9.80552493665947,b66af8570b1714628d8708c1,WON,,,2026-08-06 08:23:41,2026-08-16T06:19:11Z,0.0,0.0,2,1,2-1,the_odds_api_scores,a7be0ab225101d04e57623db1c008722
27720,hockey,icehockey_nhl,Vegas Golden Knights vs Chicago Blackhawks,Vegas Golden Knights,Chicago Blackhawks,h2h,Chicago Blackhawks,3.9,0.25040070036212037,0.25040070036212037,0.28584342179161176,0.11478934498728588,0.3,Unibet (FR),2026-09-30T02:40:00Z,11.478934498728588,2539102fe334dbf9ccbdc722,,,,2026-08-06 11:50:40,,0.0,0.0,,,,,
27721,hockey,icehockey_nhl,Vegas Golden Knights vs Chicago Blackhawks,Vegas Golden Knights,Chicago Blackhawks,h2h,Chicago Blackhawks,3.88,0.25040070036212037,0.25040070036212037,0.28344342179161175,0.09976047655145348,0.26,Betclic (FR),2026-09-30T02:40:00Z,9.976047655145347,03f6eba485cfb2fbe437bab2,,,,2026-08-06 11:50:40,,0.0,0.0,,,,,
27804,baseball,baseball_mlb,Milwaukee Brewers vs Pittsburgh Pirates,Milwaukee Brewers,Pittsburgh Pirates,h2h,Milwaukee Brewers,1.78,0.5580652517451233,0.5580652517451233,0.5972210633512446,0.06305349276521532,0.61,Matchbook,2026-08-06T18:11:00Z,84.0,c4e4576c279d45e3add896a4,WON,,,2026-08-06 11:50:45,2026-08-07T05:12:29.985152+00:00,0.4758,0.78,,,,,
27956,baseball,baseball_npb,Chunichi Dragons vs Tokyo Yakult Swallows,Chunichi Dragons,Tokyo Yakult Swallows,h2h,Chunichi Dragons,1.35,0.7800787973879737,0.7800787973879737,0.8383206739887398,0.1317329098847988,2.82,MyBookie.ag,2026-08-06T09:00:22Z,97.0,66d29c520f52b6f4913da80c,OPEN,,,2026-08-06 11:50:53,,0.0,0.0,,,,,
27965,football,La Liga,Atlético Madrid vs Villarreal,Atlético Madrid,Villarreal,h2h,Draw,3.92,0.27065227147408755,0.2701725708756439,0.2704359898116456,0.06010908006165083,0.15,1xBet,2026-08-23T15:00:00Z,5.139326345271146,4880337fde20816969bbe8c4,OPEN,,,2026-08-06 11:50:59,,0.0,0.0,,,,,
27974,football,Eliteserien,Kristiansund BK vs Molde,Kristiansund BK,Molde,h2h,Draw,4.3,0.251820652701505,0.24186409737349218,0.24762777757096366,0.06479944355514378,0.15,Betfair,2026-08-09T17:15:00Z,5.24338953404028,00a97fd8123b80378079183f,LOST,,,2026-08-06 11:51:07,2026-08-10T00:38:03Z,0.0,0.0,2,1,2-1,the_odds_api_scores,584a9940c0c25ef3841b212d9923a4d9
27999,football,Argentina Primera Division,Estudiantes vs Gimnasia La Plata,Estudiantes,Gimnasia La Plata,h2h,Gimnasia La Plata,4.03,0.2914833379270166,0.2572728801277163,0.274536095402299,0.10638046447126515,0.22,1xBet,2026-08-15T19:45:00Z,7.620735485735157,78dda1686757e72ef72fde84,LOST,,,2026-08-06 11:51:13,2026-08-16T06:19:22Z,0.0,0.0,4,0,4-0,the_odds_api_scores,ae93b3bf3377c409e1c22922aa71f8bb
28006,football,J-League,Cerezo Osaka vs Fagiano Okayama,Cerezo Osaka,Fagiano Okayama,h2h,Fagiano Okayama,4.2,0.27044643052369693,0.241987697970296,0.2574797562535097,0.08141497626474092,0.19,Betfair,2026-08-08T10:00:00Z,6.960980470635349,d35687438788f92102d700c2,LOST,,,2026-08-06 11:51:15,2026-08-08T16:18:05Z,0.0,0.0,2,1,2-1,the_odds_api_scores,7ea4ab0462154eb9b170e062a196b592
28007,football,J-League,Tokyo Verdy vs Kawasaki Frontale,Tokyo Verdy,Kawasaki Frontale,h2h,Tokyo Verdy,3.4,0.327184185927641,0.29554032854840684,0.3127772437396933,0.0634426287149572,0.2,Betfair,2026-08-09T09:00:00Z,5.424344755128841,2c757959e3054d44da827db6,LOST,,,2026-08-06 11:51:15,2026-08-09T16:19:50Z,0.0,0.0,1,1,1-1,the_odds_api_scores,17a73b865a7079e033b766f62dc0522c
28050,baseball,baseball_mlb,Pittsburgh Pirates vs New York Mets,Pittsburgh Pirates,New York Mets,h2h,Pittsburgh Pirates,1.67,0.5678340294972596,0.5678340294972596,0.6834217240003491,0.1413142790805828,1.58,888sport,2026-08-07T22:41:00Z,95.0,1ad07cc874db0a941c5020c0,LOST,,,2026-08-07 05:12:35,2026-08-08T06:30:09.442253+00:00,-1.58,-1.0,,,,,
28070,baseball,baseball_mlb,Philadelphia Phillies vs Toronto Blue Jays,Philadelphia Phillies,Toronto Blue Jays,h2h,Toronto Blue Jays,2.75,0.3421927989198846,0.3421927989198846,0.423623531581776,0.16496471184988404,0.71,888sport,2026-08-07T22:41:00Z,93.0,51eb8b89ccf45949c435113f,WON,,,2026-08-07 05:12:35,2026-08-08T06:30:09.442333+00:00,1.2425,1.75,,,,,
28078,baseball,baseball_mlb,New York Yankees vs Atlanta Braves,New York Yankees,Atlanta Braves,h2h,New York Yankees,1.62,0.5840995720923354,0.5840995720923354,0.7026132041519862,0.13823339072621788,1.67,888sport,2026-08-07T23:06:00Z,95.0,9180198184a4f0a84aa3dd84,WON,,,2026-08-07 05:12:36,2026-08-08T06:30:09.442516+00:00,1.0354,0.62,,,,,
28095,baseball,baseball_mlb,Boston Red Sox vs Athletics,Boston Red Sox,Athletics,h2h,Boston Red Sox,1.33,0.6920883675591515,0.6920883675591515,0.8279366864621904,0.10115579299471333,2.3,888sport,2026-08-07T23:11:00Z,95.0,2fa1f4d5cae28a9832886d29,WON,,,2026-08-07 05:12:36,2026-08-08T06:30:09.442573+00:00,0.759,0.33,,,,,
28116,baseball,baseball_mlb,Miami Marlins vs Los Angeles Angels,Miami Marlins,Los Angeles Angels,h2h,Los Angeles Angels,2.4,0.39944457685664014,0.39944457685664014,0.489714110113982,0.17531386427355677,0.94,888sport,2026-08-07T23:11:00Z,93.0,b88fa1a68e5e264b9f7b73a3,WON,,,2026-08-07 05:12:36,2026-08-08T06:30:09.442612+00:00,1.316,1.4,,,,,
28133,baseball,baseball_mlb,Chicago White Sox vs Cleveland Guardians,Chicago White Sox,Cleveland Guardians,h2h,Chicago White Sox,2.15,0.4427680211516105,0.4427680211516105,0.5283258595261819,0.13590059798129106,0.89,888sport,2026-08-07T23:41:00Z,93.0,da91154c3778c3aeddc85ad0,LOST,,,2026-08-07 05:12:37,2026-08-08T06:30:09.442688+00:00,-0.89,-1.0,,,,,
28140,baseball,baseball_mlb,Chicago White Sox vs Cleveland Guardians,Chicago White Sox,Cleveland Guardians,h2h,Cleveland Guardians,1.83,0.5572319788483894,0.5572319788483894,0.6020741404738181,0.10179567706708714,0.92,1xBet,2026-08-07T23:41:00Z,93.0,22ee4e2e65276bbf98cf53b5,WON,,,2026-08-07 05:12:37,2026-08-08T06:30:09.442727+00:00,0.7636,0.83,,,,,
28154,baseball,baseball_mlb,Milwaukee Brewers vs Minnesota Twins,Milwaukee Brewers,Minnesota Twins,h2h,Milwaukee Brewers,1.57,0.6010147994502452,0.6010147994502452,0.7027636308545582,0.10333890044165628,1.36,888sport,2026-08-07T23:41:00Z,95.0,337b3b4dd3e3dd8398ed0caf,LOST,,,2026-08-07 05:12:37,2026-08-08T06:30:09.442766+00:00,-1.36,-1.0,,,,,
28166,baseball,baseball_mlb,Milwaukee Brewers vs Minnesota Twins,Milwaukee Brewers,Minnesota Twins,h2h,Minnesota Twins,2.5,0.3989852005497548,0.3989852005497548,0.4254463691454419,0.06361592286360485,0.32,William Hill,2026-08-07T23:41:00Z,83.0,9c7663a6a0eb9472e13bb84d,WON,,,2026-08-07 05:12:37,2026-08-08T06:30:09.442806+00:00,0.48,1.5,,,,,
28173,baseball,baseball_mlb,Kansas City Royals vs Chicago Cubs,Kansas City Royals,Chicago Cubs,h2h,Chicago Cubs,1.6,0.5928114397527169,0.5928114397527169,0.7034529438777761,0.1255247102044419,1.57,888sport,2026-08-08T00:11:00Z,95.0,792e438c28c9643d8d30a136,WON,,,2026-08-07 05:12:37,2026-08-08T06:30:09.442848+00:00,0.942,0.6,,,,,
28190,baseball,baseball_mlb,Texas Rangers vs Baltimore Orioles,Texas Rangers,Baltimore Orioles,h2h,Baltimore Orioles,2.23,0.4260374764436274,0.4260374764436274,0.5188787654105206,0.15709964686546085,0.96,Betclic (FR),2026-08-08T00:16:00Z,94.0,74776d074f287537b740e18a,LOST,,,2026-08-07 05:12:38,2026-08-08T06:30:09.442890+00:00,-0.96,-1.0,,,,,
28204,baseball,baseball_mlb,St. Louis Cardinals vs Colorado Rockies,St. Louis Cardinals,Colorado Rockies,h2h,St. Louis Cardinals,1.62,0.58823307042449,0.58823307042449,0.704970621365006,0.1420524066113098,1.72,888sport,2026-08-08T00:16:00Z,96.0,2f51759713b8ae1f3fcb6df4,WON,,,2026-08-07 05:12:38,2026-08-08T06:30:09.442952+00:00,1.0664,0.62,,,,,
28224,baseball,baseball_mlb,Arizona Diamondbacks vs Los Angeles Dodgers,Arizona Diamondbacks,Los Angeles Dodgers,h2h,Arizona Diamondbacks,2.4,0.3947170919999094,0.3947170919999094,0.4890227337071247,0.17365456089709919,0.93,888sport,2026-08-08T01:41:00Z,94.0,e96478eb605470a14ca6d9a8,WON,,,2026-08-07 05:12:38,2026-08-08T06:30:09.442999+00:00,1.302,1.4,,,,,
28234,baseball,baseball_mlb,San Diego Padres vs Houston Astros,San Diego Padres,Houston Astros,h2h,Houston Astros,2.0,0.475736883726895,0.475736883726895,0.5776687925072859,0.15533758501457173,1.17,888sport,2026-08-08T01:41:00Z,95.0,6ceec861d35a7fdcbac95d7d,WON,,,2026-08-07 05:12:39,2026-08-08T06:30:09.443044+00:00,1.17,1.0,,,,,
28252,baseball,baseball_mlb,Seattle Mariners vs Tampa Bay Rays,Seattle Mariners,Tampa Bay Rays,h2h,Tampa Bay Rays,2.0,0.47596821090688346,0.47596821090688346,0.5775311641901644,0.15506232838032874,1.16,888sport,2026-08-08T01:46:00Z,94.0,5e8bc0cb9ddfe8152f1b7c0b,WON,,,2026-08-07 05:12:39,2026-08-08T06:30:09.443135+00:00,1.16,1.0,,,,,
28268,baseball,baseball_mlb,San Francisco Giants vs Detroit Tigers,San Francisco Giants,Detroit Tigers,h2h,San Francisco Giants,2.05,0.4696085831313757,0.4696085831313757,0.5415929851980498,0.1102656196560019,0.79,888sport,2026-08-08T02:16:00Z,93.0,38b1b1fe5db76d563b4cd677,WON,,,2026-08-07 05:12:40,2026-08-08T06:30:09.443231+00:00,0.8295,1.05,,,,,
28273,baseball,baseball_mlb,San Francisco Giants vs Detroit Tigers,San Francisco Giants,Detroit Tigers,h2h,Detroit Tigers,1.81,0.5303914168686242,0.5303914168686242,0.5935770148019502,0.07437439679153002,0.69,MyBookie.ag,2026-08-08T02:16:00Z,88.0,c031497fdae7c99392afc346,LOST,,,2026-08-07 05:12:40,2026-08-08T06:30:09.443278+00:00,-0.69,-1.0,,,,,
28287,baseball,baseball_npb,Saitama Seibu Lions vs Fukuoka SoftBank Hawks,Saitama Seibu Lions,Fukuoka SoftBank Hawks,h2h,Saitama Seibu Lions,2.35,0.4218467816516799,0.4218467816516799,0.4519020218717935,0.061969751398714745,0.34,BetOnline.ag,2026-08-07T09:00:00Z,81.0,fc36aa50ac4574b1b36d6470,OPEN,,,2026-08-07 05:12:46,,0.0,0.0,,,,,
28288,baseball,baseball_npb,Hokkaido Nippon-Ham Fighters vs Tohoku Rakuten Golden Eagles,Hokkaido Nippon-Ham Fighters,Tohoku Rakuten Golden Eagles,h2h,Tohoku Rakuten Golden Eagles,3.29,0.3026270019072819,0.3026270019072819,0.3265927914686071,0.07449028393171742,0.24,1xBet,2026-08-07T09:00:00Z,73.0,a4b00ae487d54a0e8a37e0eb,OPEN,,,2026-08-07 05:12:47,,0.0,0.0,,,,,
28289,baseball,baseball_npb,Yomiuri Giants vs Tokyo Yakult Swallows,Yomiuri Giants,Tokyo Yakult Swallows,h2h,Tokyo Yakult Swallows,2.43,0.4111166845290294,0.4111166845290294,0.43775984708735266,0.06375642842226714,0.33,Pinnacle,2026-08-07T09:00:00Z,74.0,e8d0fec6e3af77fa6c3292b8,OPEN,,,2026-08-07 05:12:47,,0.0,0.0,,,,,
28302,football,League One,Reading vs Luton,Reading,Luton,h2h,Reading,3.32,0.33539692662125803,0.3083666873312187,0.32307715543154625,0.07261615603273341,0.23,Pinnacle,2026-08-15T11:30:00Z,6.2616185185465705,e5b284430c79991ad26fb7c9,LOST,,,2026-08-07 05:12:57,2026-08-15T16:10:24Z,0.0,0.0,3,4,3-4,the_odds_api_scores,c7044b4ebdb45c94e3973c9ad8f60241
28305,football,Belgian Pro League,Westerlo vs Union Saint-Gilloise,Westerlo,Union Saint-Gilloise,h2h,Westerlo,4.5,0.26605869950716055,0.21848562662853513,0.24434754245910656,0.09956394106597943,0.21,Betfair,2026-08-08T18:45:00Z,8.51271696114124,866a959ef415b58059e6ba08,LOST,,,2026-08-07 05:13:00,2026-08-09T02:15:09Z,0.0,0.0,1,5,1-5,the_odds_api_scores,7ce183dba4be2cc122cba70a3b756122
28309,football,Swiss Super League,FC Basel vs FC Thun,FC Basel,FC Thun,h2h,Draw,4.4,0.249048139821923,0.23470521077805445,0.24314403244365518,0.06983374275208276,0.15,Betfair,2026-08-09T14:30:00Z,5.915256704753757,f1f173991e407f12c65a4fcb,LOST,,,2026-08-07 05:13:02,2026-08-09T21:54:51Z,0.0,0.0,4,2,4-2,the_odds_api_scores,fea240d8e6064b252712005a1eb003df
28310,football,Danish Superliga,SonderjyskE vs Viborg FF,SonderjyskE,Viborg FF,h2h,SonderjyskE,3.73,0.30808750936757784,0.267080932522128,0.29019507859944704,0.08242764317593743,0.23,Pinnacle,2026-08-07T17:00:00Z,6.944887984143637,22b30c453b8577f1fe985a60,LOST,,,2026-08-07 05:13:02,2026-08-08T00:21:24Z,0.0,0.0,0,0,0-0,the_odds_api_scores,f76af73d273ab4bc73d57587d5d6c7ff
28312,football,Allsvenskan,Mjällby AIF vs IF Elfsborg,Mjällby AIF,IF Elfsborg,h2h,Mjällby AIF,2.85,0.3798846072372718,0.36799721517597433,0.37495649559433464,0.0686260124438538,0.28,Unibet (SE),2026-08-08T15:30:00Z,5.678589789090326,f565ca570c1df651db95eee1,LOST,,,2026-08-07 05:13:03,2026-08-08T22:49:53Z,0.0,0.0,0,1,0-1,the_odds_api_scores,e410c4c9a7b8d0f8d6949a50ccbf1d17
28328,football,MLS,Orlando City SC vs Chicago Fire,Orlando City SC,Chicago Fire,h2h,Draw,4.49,0.25702063693870403,0.2515844144768041,0.25466805222124156,0.14345955447337455,0.31,1xBet,2026-08-19T23:30:00Z,11.284528554875644,b1e8adebaebfa7b1bb8aaa09,OPEN,,,2026-08-07 05:13:07,,0.0,0.0,,,,,
28337,football,Argentina Primera Division,Banfield vs Belgrano de Cordoba,Banfield,Belgrano de Cordoba,h2h,Banfield,3.35,0.34239735645832525,0.31126048666148054,0.32851377509704005,0.10052114657508415,0.32,Betsson,2026-08-10T22:00:00Z,8.880401995097765,f0f632dd86bbfa8672b3094c,LOST,,,2026-08-07 05:13:10,2026-08-11T06:43:15Z,0.0,0.0,0,2,0-2,the_odds_api_scores,907e26b0b690edc28f7c2b035088fdb0
28341,football,Argentina Primera Division,Central Córdoba vs Instituto de Córdoba,Central Córdoba,Instituto de Córdoba,h2h,Central Córdoba,3.75,0.3078696792039373,0.28443202877952883,0.2979033767178154,0.1171376626918077,0.32,Unibet (SE),2026-08-16T18:00:00Z,9.727831906553266,d0effc00766998851d294c32,LOST,,,2026-08-07 05:13:10,2026-08-17T06:28:33Z,0.0,0.0,0,1,0-1,the_odds_api_scores,5eb5a1e1e8f0e5c50f6b8a3416cf6078
28469,baseball,baseball_mlb,Miami Marlins vs Los Angeles Angels,Miami Marlins,Los Angeles Angels,h2h,Miami Marlins,1.65,0.60087110109062,0.60087110109062,0.6432284076669597,0.06132687265048342,0.71,Betfair,2026-08-07T23:11:00Z,80.0,40bff69c713935d87e7cbacf,LOST,,,2026-08-07 06:57:13,2026-08-08T06:30:09.442651+00:00,-0.71,-1.0,,,,,
28606,baseball,baseball_mlb,Seattle Mariners vs Tampa Bay Rays,Seattle Mariners,Tampa Bay Rays,h2h,Seattle Mariners,1.94,0.5212277202829584,0.5212277202829584,0.5490969721873082,0.06524812604337793,0.52,Betfair,2026-08-08T01:46:00Z,80.0,18ed669df7efe6a92fd146d3,LOST,,,2026-08-07 06:57:17,2026-08-08T06:30:09.443183+00:00,-0.52,-1.0,,,,,
28627,baseball,baseball_npb,Hanshin Tigers vs Chunichi Dragons,Hanshin Tigers,Chunichi Dragons,h2h,Chunichi Dragons,2.69,0.37314001223105675,0.37314001223105675,0.3982278094179137,0.07123280733418791,0.32,Pinnacle,2026-08-07T09:00:00Z,75.0,8c16a67670de977d000e9b88,OPEN,,,2026-08-07 06:57:20,,0.0,0.0,,,,,
28628,basketball,basketball_wnba,Minnesota Lynx vs Las Vegas Aces,Minnesota Lynx,Las Vegas Aces,h2h,Las Vegas Aces,2.95,0.34784828641216536,0.34784828641216536,0.3623123316663053,0.06882137841560065,0.26,1xBet,2026-08-08T17:00:00Z,6.538030949482061,e0a09120d9ecea37fe703d24,LOST,,,2026-08-07 16:39:01,2026-08-09T06:34:18.680065+00:00,-0.26,-1.0,,,,,
28697,baseball,baseball_mlb,Philadelphia Phillies vs Toronto Blue Jays,Philadelphia Phillies,Toronto Blue Jays,h2h,Philadelphia Phillies,1.5,0.660565608912801,0.660565608912801,0.7085603603718853,0.06284054055782784,0.94,Matchbook,2026-08-07T22:41:00Z,85.0,73323de83bbf1121d3234ab8,LOST,,,2026-08-07 16:39:07,2026-08-08T06:30:09.442382+00:00,-0.94,-1.0,,,,,
28702,baseball,baseball_mlb,Washington Nationals vs Cincinnati Reds,Washington Nationals,Cincinnati Reds,h2h,Cincinnati Reds,2.0,0.477934267496407,0.477934267496407,0.5777261368500122,0.15545227370002435,1.17,888sport,2026-08-07T22:46:00Z,95.0,86e6dc4cf13936260343b792,LOST,,,2026-08-07 16:39:07,2026-08-08T06:30:09.442466+00:00,-1.17,-1.0,,,,,
28879,baseball,baseball_mlb,Arizona Diamondbacks vs Los Angeles Dodgers,Arizona Diamondbacks,Los Angeles Dodgers,h2h,Los Angeles Dodgers,1.63,0.6167053569025092,0.6167053569025092,0.6563661748001267,0.06987686492420653,0.83,Matchbook,2026-08-08T01:41:00Z,87.0,01166eb4f7db8f90dd845066,LOST,,,2026-08-07 16:39:11,2026-08-08T06:30:09.443086+00:00,-0.83,-1.0,,,,,
28956,football,La Liga,CA Osasuna vs Levante,CA Osasuna,Levante,h2h,Draw,4.03,0.2676472458421004,0.2656629114100158,0.2667521336953727,0.07501109879235202,0.19,1xBet,2026-08-24T17:30:00Z,6.4134489467460964,473dca051e4e8e1ab7f426a9,OPEN,,,2026-08-07 16:39:23,,0.0,0.0,,,,,
28967,football,Austrian Bundesliga,WSG Tirol vs RB Salzburg,WSG Tirol,RB Salzburg,h2h,WSG Tirol,4.5,0.2592098795441531,0.21081886587622858,0.23743567711778057,0.06846054703001259,0.15,1xBet,2026-08-16T15:00:00Z,5.826451237919172,85c2dc697a3ed00834809852,LOST,,,2026-08-07 16:39:30,2026-08-17T00:23:44Z,0.0,0.0,0,3,0-3,the_odds_api_scores,3e5d188ade23936f974b81ca274264f1
28969,football,Swiss Super League,FC St Gallen vs FC Luzern,FC St Gallen,FC Luzern,h2h,Draw,4.3,0.2503964844289948,0.242161155040996,0.24691027128074125,0.06171416650718742,0.14,Betfair,2026-08-09T14:30:00Z,5.227489216866334,0be5f04a194ecfa0d62c5fd8,WON,,,2026-08-07 16:39:31,2026-08-09T21:54:51Z,0.0,0.0,2,2,2-2,the_odds_api_scores,823cde29e8bfad6a621fd7fdcd816227
28973,football,Allsvenskan,Halmstads BK vs GAIS,Halmstads BK,GAIS,h2h,Draw,4.35,0.25019706747007936,0.23779799886458025,0.24485026640663593,0.06509865886886623,0.15,Unibet (SE),2026-08-09T14:30:00Z,5.386712215556187,b6e21aa1e641eec882027db7,LOST,,,2026-08-07 16:39:32,2026-08-09T21:49:15Z,0.0,0.0,0,2,0-2,the_odds_api_scores,c15258beaa3fd8925bf8e9caf676961c
28980,football,MLS,Atlanta United FC vs New York Red Bulls,Atlanta United FC,New York Red Bulls,h2h,New York Red Bulls,3.95,0.2788796245438264,0.257842971299869,0.27017972951043867,0.0672099315662329,0.17,LeoVegas (SE),2026-08-15T23:30:00Z,5.539383414949137,cfbebfd68e88785d0a2cffea,LOST,,,2026-08-07 16:39:34,2026-08-16T06:19:24Z,0.0,0.0,2,1,2-1,the_odds_api_scores,cf2d7beb03aa818fba73e06b15081005
28988,football,MLS,D.C. United vs New England Revolution,D.C. United,New England Revolution,h2h,Draw,4.03,0.2665321389981517,0.26158756067326105,0.2646410314332604,0.06650335667603957,0.16,1xBet,2026-08-19T23:30:00Z,5.231154036137273,af265ecd6a4b85502afaec0c,OPEN,,,2026-08-07 16:39:35,,0.0,0.0,,,,,
28990,football,MLS,Philadelphia Union vs Inter Miami CF,Philadelphia Union,Inter Miami CF,h2h,Draw,4.34,0.2560014822235065,0.24559463834453338,0.2519189179254984,0.09332810379666312,0.21,1xBet,2026-08-19T23:30:00Z,7.341188644645522,adcc67b1c2db1763b029bd8b,OPEN,,,2026-08-07 16:39:35,,0.0,0.0,,,,,
28993,football,MLS,Minnesota United FC vs Atlanta United FC,Minnesota United FC,Atlanta United FC,h2h,Draw,4.37,0.2561455985471801,0.24597327005398298,0.2521498338933622,0.10189477411399284,0.23,1xBet,2026-08-20T00:30:00Z,8.015042931806677,3d11042084c02a6591f4cff3,OPEN,,,2026-08-07 16:39:36,,0.0,0.0,,,,,
28994,football,MLS,Seattle Sounders FC vs Austin FC,Seattle Sounders FC,Austin FC,h2h,Draw,4.5,0.25152396638518626,0.23818987639949904,0.2466948794753845,0.1101269576392303,0.24,1xBet,2026-08-20T01:30:00Z,8.662586487901857,98cf2770600ba9cbcc198270,OPEN,,,2026-08-07 16:39:36,,0.0,0.0,,,,,
28995,football,MLS,Real Salt Lake vs FC Dallas,Real Salt Lake,FC Dallas,h2h,Draw,4.41,0.25578230568914856,0.24679076755096513,0.25199304942435147,0.11128934796139012,0.24,1xBet,2026-08-20T01:30:00Z,8.754020110642948,6afb89d3a0ab3e4847435a89,OPEN,,,2026-08-07 16:39:36,,0.0,0.0,,,,,
29004,football,Argentina Primera Division,River Plate vs Argentinos Juniors,River Plate,Argentinos Juniors,h2h,Argentinos Juniors,3.65,0.3135858487876245,0.2852772010203091,0.29994447591918333,0.09479733710501903,0.24,Unibet (SE),2026-08-16T21:00:00Z,6.825260153195647,32f145ba70248bbd700bca73,LOST,,,2026-08-07 16:39:38,2026-08-17T06:28:33Z,0.0,0.0,2,0,2-0,the_odds_api_scores,4b9ad53d71ab5d992c2bbb20119f22e7
29007,football,Liga MX,Pumas vs Querétaro,Pumas,Querétaro,h2h,Querétaro,4.36,0.2603024348680512,0.23723440203648735,0.25096273297983923,0.09419751579209912,0.21,Pinnacle,2026-08-16T18:00:00Z,8.087630591603196,0f0c5a2bea2922c9ae828454,LOST,,,2026-08-07 16:39:39,2026-08-17T06:28:34Z,0.0,0.0,0,0,0-0,the_odds_api_scores,6cd28b94358f76169506c1db9814beda
29008,football,Liga MX,Pachuca vs Puebla,Pachuca,Puebla,h2h,Draw,4.4,0.2469447403789622,0.23353863264471708,0.24129430031161697,0.06169492137111465,0.14,Coolbet,2026-08-18T03:00:00Z,5.252233639388212,32dee0fe0e3d4dbdefc78766,LOST,,,2026-08-07 16:39:39,2026-08-18T06:21:24Z,0.0,0.0,2,3,2-3,the_odds_api_scores,1fa4faa9a275055bafa251f91affc6ff
29010,baseball,baseball_mlb,New York Yankees vs Atlanta Braves,New York Yankees,Atlanta Braves,h2h,New York Yankees,2.15,0.4399579341827861,0.4399579341827861,0.537445018066405,0.15550678884277058,1.01,888sport,2026-08-08T19:05:00Z,94.0,d12a5498c9c4fd069c01b12b,WON,,,2026-08-08 06:30:10,2026-08-08T16:17:36.978475+00:00,1.1615,1.15,,,,,
29024,baseball,baseball_mlb,Boston Red Sox vs Athletics,Boston Red Sox,Athletics,h2h,Boston Red Sox,1.43,0.679473259621798,0.679473259621798,0.8092259627014873,0.1571931266631268,2.74,BetOnline.ag,2026-08-08T20:11:00Z,97.0,2179cb5ee573db11890600e8,WON,,,2026-08-08 06:30:11,2026-08-08T16:17:36.978515+00:00,1.1782,0.43,,,,,
29045,baseball,baseball_mlb,Boston Red Sox vs Athletics,Boston Red Sox,Athletics,h2h,Athletics,3.3,0.3205267403782017,0.3205267403782017,0.32333403729851257,0.06700232308509135,0.22,Betfair,2026-08-08T20:11:00Z,78.0,2cd2b47c2f187384ac1719b4,LOST,,,2026-08-08 06:30:11,2026-08-08T16:17:36.978546+00:00,-0.22,-1.0,,,,,
29047,baseball,baseball_mlb,Miami Marlins vs Los Angeles Angels,Miami Marlins,Los Angeles Angels,h2h,Los Angeles Angels,2.25,0.41154654262437623,0.41154654262437623,0.5049081048464313,0.13604323590447054,0.82,Unibet (FR),2026-08-08T20:11:00Z,93.0,0fe56ba4d8b84b587cef75af,WON,,,2026-08-08 06:30:11,2026-08-08T16:17:36.978574+00:00,1.025,1.25,,,,,
29059,baseball,baseball_mlb,Philadelphia Phillies vs Toronto Blue Jays,Philadelphia Phillies,Toronto Blue Jays,h2h,Toronto Blue Jays,2.25,0.41499572311386324,0.41499572311386324,0.5071164433414888,0.1410119975183497,0.85,Unibet (FR),2026-08-08T22:06:00Z,92.0,98ebc1c178b69f7dc408968c,WON,,,2026-08-08 06:30:12,2026-08-08T16:17:36.978607+00:00,1.0625,1.25,,,,,
29073,baseball,baseball_mlb,Pittsburgh Pirates vs New York Mets,Pittsburgh Pirates,New York Mets,h2h,Pittsburgh Pirates,1.75,0.5633723980588601,0.5633723980588601,0.6657270470172116,0.1650223322801203,1.65,BetOnline.ag,2026-08-08T22:41:00Z,95.0,e5b4c2133f5b400d569e03a0,LOST,,,2026-08-08 06:30:12,2026-08-08T16:17:36.978633+00:00,-1.65,-1.0,,,,,
29095,baseball,baseball_mlb,Washington Nationals vs Cincinnati Reds,Washington Nationals,Cincinnati Reds,h2h,Cincinnati Reds,1.67,0.5653657479339772,0.5653657479339772,0.6762641559818955,0.12936114048976544,1.45,888sport,2026-08-08T22:46:00Z,94.0,9ef657318e7f93069cd48118,LOST,,,2026-08-08 06:30:12,2026-08-08T16:17:36.978662+00:00,-1.45,-1.0,,,,,
29117,baseball,baseball_mlb,Kansas City Royals vs Chicago Cubs,Kansas City Royals,Chicago Cubs,h2h,Chicago Cubs,1.59,0.602963797333423,0.602963797333423,0.7192161237468393,0.14355363675747457,1.82,BetOnline.ag,2026-08-08T23:10:00Z,96.0,cee6a00f0751bdf7363b8f0d,WON,,,2026-08-08 06:30:13,2026-08-08T16:17:36.978695+00:00,1.0738,0.59,,,,,
29136,baseball,baseball_mlb,Milwaukee Brewers vs Minnesota Twins,Milwaukee Brewers,Minnesota Twins,h2h,Milwaukee Brewers,1.65,0.577854507126563,0.577854507126563,0.6647959613658025,0.09691333625357412,1.12,888sport,2026-08-08T23:11:00Z,94.0,71fde3136ffb97902f366556,LOST,,,2026-08-08 06:30:13,2026-08-08T16:17:36.978724+00:00,-1.12,-1.0,,,,,
29138,baseball,baseball_mlb,Milwaukee Brewers vs Minnesota Twins,Milwaukee Brewers,Minnesota Twins,h2h,Minnesota Twins,2.31,0.4221454928734369,0.4221454928734369,0.4702540386341975,0.08628682924499631,0.49,BetOnline.ag,2026-08-08T23:11:00Z,91.0,2f0e28b5fa1b6eae1fc962e0,WON,,,2026-08-08 06:30:13,2026-08-08T16:17:36.978753+00:00,0.6419,1.31,,,,,
29164,baseball,baseball_mlb,Texas Rangers vs Baltimore Orioles,Texas Rangers,Baltimore Orioles,h2h,Baltimore Orioles,2.2,0.4323839093492232,0.4323839093492232,0.5188217714545786,0.14140789720007318,0.88,888sport,2026-08-08T23:16:00Z,93.0,7594c45e498288c93db248e9,LOST,,,2026-08-08 06:30:14,2026-08-08T16:17:36.978784+00:00,-0.88,-1.0,,,,,
29171,baseball,baseball_mlb,Texas Rangers vs Baltimore Orioles,Texas Rangers,Baltimore Orioles,h2h,Texas Rangers,1.74,0.5676160906507768,0.5676160906507768,0.6119382285454215,0.06477251766903325,0.66,1xBet,2026-08-08T23:16:00Z,80.0,08f18bb2fc0af1ecfea8ca7c,WON,,,2026-08-08 06:30:14,2026-08-08T16:17:36.978816+00:00,0.4884,0.74,,,,,
29186,baseball,baseball_mlb,Chicago White Sox vs Cleveland Guardians,Chicago White Sox,Cleveland Guardians,h2h,Chicago White Sox,2.16,0.454144950104614,0.454144950104614,0.5235642487212603,0.1308987772379222,0.85,BetOnline.ag,2026-08-08T23:16:00Z,93.0,96591d99d57f815c7af56607,LOST,,,2026-08-08 06:30:14,2026-08-08T16:17:36.978843+00:00,-0.85,-1.0,,,,,
29187,baseball,baseball_mlb,Chicago White Sox vs Cleveland Guardians,Chicago White Sox,Cleveland Guardians,h2h,Cleveland Guardians,1.78,0.5458550498953859,0.5458550498953859,0.6032657512787397,0.07381303727615673,0.71,BetOnline.ag,2026-08-08T23:16:00Z,92.0,e5ea2fd7df5224582676bfbc,WON,,,2026-08-08 06:30:14,2026-08-08T16:17:36.978869+00:00,0.5538,0.78,,,,,
29217,baseball,baseball_mlb,St. Louis Cardinals vs Colorado Rockies,St. Louis Cardinals,Colorado Rockies,h2h,St. Louis Cardinals,1.65,0.5872577812943688,0.5872577812943688,0.7062295709243972,0.16527879202525542,1.91,BetOnline.ag,2026-08-08T23:16:00Z,96.0,a21397a462aeb54dc80afdea,WON,,,2026-08-08 06:30:14,2026-08-08T16:17:36.978919+00:00,1.2415,0.65,,,,,
29237,baseball,baseball_mlb,San Francisco Giants vs Detroit Tigers,San Francisco Giants,Detroit Tigers,h2h,San Francisco Giants,1.96,0.4992895879938251,0.4992895879938251,0.5854257632118092,0.1474344958951459,1.15,BetOnline.ag,2026-08-08T23:16:00Z,94.0,18d542471aa8eceb1cb750b1,WON,,,2026-08-08 06:30:15,2026-08-08T16:17:36.978954+00:00,1.104,0.96,,,,,
29244,baseball,baseball_mlb,San Francisco Giants vs Detroit Tigers,San Francisco Giants,Detroit Tigers,h2h,Detroit Tigers,1.96,0.5007104120061749,0.5007104120061749,0.5442242367881911,0.06667950410485446,0.52,1xBet,2026-08-08T23:16:00Z,81.0,6ee965e063e21b58265b32a0,LOST,,,2026-08-08 06:30:15,2026-08-08T16:17:36.978990+00:00,-0.52,-1.0,,,,,
29263,baseball,baseball_mlb,San Diego Padres vs Houston Astros,San Diego Padres,Houston Astros,h2h,Houston Astros,1.97,0.47347278518691643,0.47347278518691643,0.5773759681614397,0.13743065727803616,1.06,Unibet (FR),2026-08-08T23:16:00Z,94.0,95c09e230731a655c3a6708e,WON,,,2026-08-08 06:30:15,2026-08-08T16:17:36.979026+00:00,1.0282,0.97,,,,,
29277,baseball,baseball_mlb,Arizona Diamondbacks vs Los Angeles Dodgers,Arizona Diamondbacks,Los Angeles Dodgers,h2h,Arizona Diamondbacks,2.45,0.38450341844713665,0.38450341844713665,0.4766590427806389,0.1678146548125654,0.87,888sport,2026-08-09T00:11:00Z,93.0,ea9a36d2223881b3da79e292,WON,,,2026-08-08 06:30:16,2026-08-08T16:17:36.979060+00:00,1.2615,1.45,,,,,
29287,baseball,baseball_mlb,Seattle Mariners vs Tampa Bay Rays,Seattle Mariners,Tampa Bay Rays,h2h,Tampa Bay Rays,2.01,0.47875654084414704,0.47875654084414704,0.5790099393659928,0.16380997812564524,1.22,BetOnline.ag,2026-08-09T01:50:00Z,95.0,97fd124316a374f4da93188c,WON,,,2026-08-08 06:30:16,2026-08-08T16:17:36.979094+00:00,1.2322,1.01,,,,,
29350,baseball,baseball_npb,Hokkaido Nippon-Ham Fighters vs Tohoku Rakuten Golden Eagles,Hokkaido Nippon-Ham Fighters,Tohoku Rakuten Golden Eagles,h2h,Tohoku Rakuten Golden Eagles,1.8,0.588039586473291,0.588039586473291,0.625890481584434,0.1266028668519814,1.19,MyBookie.ag,2026-08-08T06:00:25Z,94.0,12fca9e9aa715bb3d24298b4,OPEN,,,2026-08-08 06:30:20,,0.0,0.0,,,,,
29351,baseball,baseball_npb,Hokkaido Nippon-Ham Fighters vs Tohoku Rakuten Golden Eagles,Hokkaido Nippon-Ham Fighters,Tohoku Rakuten Golden Eagles,h2h,Hokkaido Nippon-Ham Fighters,2.65,0.41196041352670904,0.41196041352670904,0.439039518415566,0.1634547238012498,0.74,Unibet (SE),2026-08-08T06:00:25Z,93.0,ef4251357289df463115ceb3,OPEN,,,2026-08-08 06:30:20,,0.0,0.0,,,,,
29353,baseball,baseball_npb,Yomiuri Giants vs Tokyo Yakult Swallows,Yomiuri Giants,Tokyo Yakult Swallows,h2h,Tokyo Yakult Swallows,2.1,0.4877581663576959,0.4877581663576959,0.5183437880954259,0.08852195500039439,0.6,MyBookie.ag,2026-08-08T06:02:50Z,85.0,f014f1bcd8549fc1530c3b06,OPEN,,,2026-08-08 06:30:20,,0.0,0.0,,,,,
29357,baseball,baseball_npb,Yomiuri Giants vs Tokyo Yakult Swallows,Yomiuri Giants,Tokyo Yakult Swallows,h2h,Yomiuri Giants,2.05,0.5122418336423042,0.5122418336423042,0.5477862119045743,0.12296173440437719,0.88,888sport,2026-08-08T06:02:50Z,93.0,507ff32456287889a755805b,OPEN,,,2026-08-08 06:30:21,,0.0,0.0,,,,,
29360,baseball,baseball_npb,Saitama Seibu Lions vs Fukuoka SoftBank Hawks,Saitama Seibu Lions,Fukuoka SoftBank Hawks,h2h,Saitama Seibu Lions,2.14,0.46290281535144967,0.46290281535144967,0.49764516782061624,0.06496065913611893,0.43,Pinnacle,2026-08-08T09:00:00Z,74.0,4d34ac9168b3e82d158555e2,OPEN,,,2026-08-08 06:30:21,,0.0,0.0,,,,,
29376,football,Primeira Liga,Moreirense FC vs Braga,Moreirense FC,Braga,h2h,Draw,4.2,0.257863941903543,0.25081979157274004,0.2546879293524387,0.06968930328024259,0.16,Betfair,2026-08-09T19:30:00Z,5.9584354304607405,7d81cbfaf48bec2da4b339b6,WON,,,2026-08-08 06:30:39,2026-08-10T02:58:57Z,0.0,0.0,2,2,2-2,the_odds_api_scores,7bfe542ebd029ecc7c4a0ffc7a6fb292
29381,football,Swiss Super League,FC Lausanne-Sport vs BSC Young Boys,FC Lausanne-Sport,BSC Young Boys,h2h,FC Lausanne-Sport,3.5,0.31622478259426395,0.29283832977274826,0.3060893295759925,0.07131265351597382,0.21,Betfair,2026-08-08T16:00:00Z,6.0405276191725354,bec19012e0a9aecb6decd0ce,LOST,,,2026-08-08 06:30:41,2026-08-09T01:52:29Z,0.0,0.0,2,2,2-2,the_odds_api_scores,c77211f322b9972c2bd43bbc8b5b13be
29382,football,Swiss Super League,FC Basel vs FC Thun,FC Basel,FC Thun,h2h,FC Thun,4.0,0.2796078032266186,0.2528200033217888,0.268510250792717,0.07404100317086804,0.19,Tipico,2026-08-09T14:30:00Z,6.526458380914852,6782920612e25e6d83392c6c,LOST,,,2026-08-08 06:30:42,2026-08-09T21:54:51Z,0.0,0.0,4,2,4-2,the_odds_api_scores,fea240d8e6064b252712005a1eb003df
29383,football,Eliteserien,Rosenborg vs Viking FK,Rosenborg,Viking FK,h2h,Rosenborg,3.5,0.32919298548097464,0.27405977973188483,0.3079434549703827,0.07780209239633962,0.23,1xBet,2026-08-14T17:00:00Z,6.295527470853092,054c5478724151082c4be004,WON,,,2026-08-08 06:30:43,2026-08-15T00:21:53Z,0.0,0.0,2,1,2-1,the_odds_api_scores,e7898a66276957ac39eb9d5cd794c637
29390,football,Ligue 2,USL Dunkerque vs Grenoble,USL Dunkerque,Grenoble,h2h,Grenoble,4.0,0.27975009439812754,0.25265504729984456,0.26744411455168593,0.06977645820674372,0.17,Betfair,2026-08-08T18:45:00Z,5.965887176676588,8d852b328ffd269bb3a8fbf8,LOST,,,2026-08-08 06:30:46,2026-08-09T02:06:28Z,0.0,0.0,4,2,4-2,the_odds_api_scores,cc68d174c6836f5be35afec01e65c75a
29396,football,MLS,Nashville SC vs Inter Miami CF,Nashville SC,Inter Miami CF,h2h,Inter Miami CF,3.1,0.3501148125471543,0.34195562265798346,0.3465482736635169,0.0742996483569025,0.25,Pinnacle,2026-08-16T00:30:00Z,5.497302788245963,7a0b17c68313678996c966c5,LOST,,,2026-08-08 06:30:46,2026-08-16T06:19:24Z,0.0,0.0,4,1,4-1,the_odds_api_scores,58973bb6280506fad9ae370deb9de85a
29400,football,MLS,Seattle Sounders FC vs Vancouver Whitecaps FC,Seattle Sounders FC,Vancouver Whitecaps FC,h2h,Draw,4.18,0.25852731539984436,0.2489196928319556,0.2550619664393683,0.06615901971655935,0.16,1xBet,2026-08-17T02:30:00Z,5.204068490904558,830f2a07d913b5e8b0b31c20,LOST,,,2026-08-08 06:30:47,2026-08-17T06:28:38Z,0.0,0.0,0,2,0-2,the_odds_api_scores,235d6733ba040815d12859e40de81c1e
29420,football,Argentina Primera Division,Gimnasia Mendoza vs Talleres,Gimnasia Mendoza,Talleres,h2h,Gimnasia Mendoza,3.1,0.36077854424579453,0.32831567221493135,0.34707728502517876,0.07593958357805408,0.27,Unibet (SE),2026-08-18T00:30:00Z,6.265585192066296,33d28ed69cb041e7eddf8b29,WON,,,2026-08-08 06:30:50,2026-08-18T06:21:20Z,0.0,0.0,3,1,3-1,the_odds_api_scores,680612ac19d479d97c90b786987a4925
29525,baseball,baseball_mlb,Pittsburgh Pirates vs New York Mets,Pittsburgh Pirates,New York Mets,h2h,New York Mets,2.09,0.4656779087719462,0.4656779087719462,0.5080104308600291,0.061741800497460586,0.42,BetOnline.ag,2026-08-08T22:41:00Z,88.0,ca755b49777a5f5d3e00d4bb,WON,,,2026-08-08 16:17:46,2026-08-09T06:34:18.672596+00:00,0.4578,1.09,,,,,
29775,baseball,baseball_mlb,Seattle Mariners vs Tampa Bay Rays,Seattle Mariners,Tampa Bay Rays,h2h,Seattle Mariners,1.92,0.5214465598214039,0.5214465598214039,0.5547989591474795,0.0652140015631606,0.53,Matchbook,2026-08-09T01:50:00Z,81.0,9315716fa30e8f187646e80d,LOST,,,2026-08-08 16:17:50,2026-08-09T06:34:18.672642+00:00,-0.53,-1.0,,,,,
29781,mma,mma_mixed_martial_arts,Chidi Njokuani vs Joel Alvarez,Chidi Njokuani,Joel Alvarez,h2h,Chidi Njokuani,3.57,0.3085491952233235,0.3085491952233235,0.29884662405736456,0.06688244788479136,0.2,1xBet,2026-08-16T02:00:00Z,6.007941087829902,ff506675e461cc3de1a155b1,OPEN,,,2026-08-08 16:17:56,,0.0,0.0,,,,,
29790,football,Eredivisie,NEC Nijmegen vs SC Telstar,NEC Nijmegen,SC Telstar,h2h,Draw,4.5,0.251932197390339,0.2423843138691883,0.24762672847489176,0.11432027813701295,0.24,Coolbet,2026-08-08T14:30:00Z,9.774383780714608,a060e945bdee1606583e612b,LOST,,,2026-08-08 16:18:03,2026-08-09T02:20:11Z,0.0,0.0,1,2,1-2,the_odds_api_scores,5d48e61f140b4e0ad043d9c69c1db4bc
29793,football,League Two,Chesterfield FC vs Fleetwood Town,Chesterfield FC,Fleetwood Town,h2h,Fleetwood Town,4.3,0.263270683802201,0.2300938698046671,0.24811386713249248,0.0668896286697176,0.15,Coolbet,2026-08-15T14:00:00Z,5.719063251260854,4c205983a076318777f41040,WON,,,2026-08-08 16:18:06,2026-08-15T16:10:25Z,0.0,0.0,0,1,0-1,the_odds_api_scores,f4db37a9cb8eecfe296a3d73837be438
29798,football,Swiss Super League,FC Lausanne-Sport vs BSC Young Boys,FC Lausanne-Sport,BSC Young Boys,h2h,Draw,4.5,0.2550399612603304,0.24533009477071127,0.2509493402790199,0.1292720312555895,0.28,Codere (IT),2026-08-08T16:00:00Z,11.372982570608327,e991fb8fd96b2f65c5b0786c,WON,,,2026-08-08 16:18:09,2026-08-09T01:52:29Z,0.0,0.0,2,2,2-2,the_odds_api_scores,c77211f322b9972c2bd43bbc8b5b13be
29802,football,Eliteserien,IK Start vs Fredrikstad FK,IK Start,Fredrikstad FK,h2h,Fredrikstad FK,4.33,0.2630065411165825,0.2397279130554502,0.2526704752634479,0.09406315789072939,0.21,Coolbet,2026-08-08T16:00:00Z,7.640279999674495,c472a051ded86daa544f832d,WON,,,2026-08-08 16:18:10,2026-08-08T23:22:32Z,0.0,0.0,0,1,0-1,the_odds_api_scores,66426bb87ed1f3f038506da6f0ec5c7d
29810,football,Ligue 2,Metz vs Guingamp,Metz,Guingamp,h2h,Guingamp,4.0,0.28470486720194843,0.2600152395080466,0.27349713856444324,0.09398855425777297,0.23,Betfair,2026-08-08T18:45:00Z,8.036021389039588,6765db4d9c4b3f1ea6cf5a88,LOST,,,2026-08-08 16:18:13,2026-08-09T02:06:28Z,0.0,0.0,2,1,2-1,the_odds_api_scores,d2a0736f59412bd4074db4ca74aa8d2f
29811,football,Ligue 2,Rodez AF vs Stade Lavallois,Rodez AF,Stade Lavallois,h2h,Stade Lavallois,3.9,0.28402995987341706,0.2590000926186438,0.2726654891367838,0.06339540763345686,0.16,Betfair,2026-08-08T18:45:00Z,5.420307352660561,c4241b938c632475eb3466f9,LOST,,,2026-08-08 16:18:13,2026-08-09T02:06:28Z,0.0,0.0,3,1,3-1,the_odds_api_scores,46dd865590c8b890ae21f31e751eb140
29832,football,Brazil Serie A,Santos vs Atletico Paranaense,Santos,Atletico Paranaense,h2h,Atletico Paranaense,3.75,0.29998654699785804,0.26920735731478246,0.2856610249498992,0.071228843562122,0.17,Betfair,2026-08-09T21:30:00Z,5.278074632092593,6e4654f0e4e427122b938852,WON,,,2026-08-08 16:18:15,2026-08-10T05:54:05Z,0.0,0.0,0,2,0-2,the_odds_api_scores,d098481aaf9324107f137d32b6e1176e
29843,football,J-League,Urawa Red Diamonds vs Hiroshima Sanfrecce FC,Urawa Red Diamonds,Hiroshima Sanfrecce FC,h2h,Urawa Red Diamonds,3.95,0.2924187913321927,0.24468480213845423,0.2706577555595086,0.06909813446005897,0.18,Pinnacle,2026-08-15T10:00:00Z,5.904936551086875,413e249db6ffc73ca0a27f90,LOST,,,2026-08-08 16:18:21,2026-08-15T16:10:25Z,0.0,0.0,1,4,1-4,the_odds_api_scores,b1d2de6b123ac1ecd1063553e86f58d9
29844,football,UEFA Nations League,Serbia vs Greece,Serbia,Greece,h2h,Greece,3.83,0.29161165753097573,0.26589007358317024,0.2799688047715944,0.07228052227520654,0.19,Suprabets,2026-09-24T18:45:00Z,6.505247004768588,f9bfb6fd8c86ca2c0e43487a,OPEN,,,2026-08-08 16:18:21,,0.0,0.0,,,,,
29845,basketball,basketball_wnba,New York Liberty vs Las Vegas Aces,New York Liberty,Las Vegas Aces,h2h,Las Vegas Aces,4.44,0.23836111570446755,0.23836111570446755,0.2417192761568873,0.0732335861365796,0.16,BetOnline.ag,2026-08-09T16:30:00Z,7.689526544340858,5f61e0a6fcf184d56db1358e,LOST,,,2026-08-09 06:34:19,2026-08-10T07:03:42.583622+00:00,-0.16,-1.0,,,,,
29890,baseball,baseball_mlb,Washington Nationals vs Cincinnati Reds,Washington Nationals,Cincinnati Reds,h2h,Cincinnati Reds,1.85,0.504039127632972,0.504039127632972,0.6081649385395795,0.12510513629822229,1.1,888sport,2026-08-09T16:16:00Z,94.0,720d6beba12abc60693d777b,LOST,,,2026-08-09 06:34:23,2026-08-09T16:18:58.428178+00:00,-1.1,-1.0,,,,,
29907,baseball,baseball_mlb,Boston Red Sox vs Athletics,Boston Red Sox,Athletics,h2h,Boston Red Sox,1.41,0.6812824976360635,0.6812824976360635,0.8128605250341505,0.14613334029815217,2.67,Marathon Bet,2026-08-09T17:35:00Z,96.0,5947a3bcb4aa73386a42348d,WON,,,2026-08-09 06:34:24,2026-08-09T16:18:58.428206+00:00,1.0947,0.41,,,,,
29924,baseball,baseball_mlb,New York Yankees vs Atlanta Braves,New York Yankees,Atlanta Braves,h2h,New York Yankees,1.68,0.5673779506151477,0.5673779506151477,0.6806975037315569,0.14357180626901567,1.58,BetOnline.ag,2026-08-09T17:35:00Z,95.0,7c6d4d89428fca9aeacdc815,WON,,,2026-08-09 06:34:24,2026-08-09T16:18:58.428230+00:00,1.0744,0.68,,,,,
29941,baseball,baseball_mlb,Pittsburgh Pirates vs New York Mets,Pittsburgh Pirates,New York Mets,h2h,New York Mets,2.31,0.4370495126075859,0.4370495126075859,0.4826512735268143,0.11492444184694106,0.66,BetOnline.ag,2026-08-09T17:35:00Z,92.0,e56a8e65d84495bf531f9100,WON,,,2026-08-09 06:34:25,2026-08-09T16:18:58.428245+00:00,0.8646,1.31,,,,,
29942,baseball,baseball_mlb,Pittsburgh Pirates vs New York Mets,Pittsburgh Pirates,New York Mets,h2h,Pittsburgh Pirates,1.69,0.5629504873924142,0.5629504873924142,0.6495487264731857,0.0977373477396839,1.06,BetOnline.ag,2026-08-09T17:35:00Z,93.0,22bedc59c842d7b97ff89d2f,LOST,,,2026-08-09 06:34:25,2026-08-09T16:18:58.428258+00:00,-1.06,-1.0,,,,,
29971,baseball,baseball_mlb,Philadelphia Phillies vs Toronto Blue Jays,Philadelphia Phillies,Toronto Blue Jays,h2h,Toronto Blue Jays,2.55,0.3630215798238735,0.3630215798238735,0.4516847457815333,0.1517961017429097,0.73,Unibet (FR),2026-08-09T17:36:00Z,93.0,ad71c0eef09ff91502950ed3,WON,,,2026-08-09 06:34:25,2026-08-09T16:18:58.428282+00:00,1.1315,1.55,,,,,
29982,baseball,baseball_mlb,Miami Marlins vs Los Angeles Angels,Miami Marlins,Los Angeles Angels,h2h,Los Angeles Angels,2.2,0.42330243417298,0.42330243417298,0.5156443042582503,0.13441746936815058,0.84,Unibet (FR),2026-08-09T17:40:00Z,93.0,fa2ab307b482c5aa05200ea4,WON,,,2026-08-09 06:34:25,2026-08-09T16:18:58.428298+00:00,1.008,1.2,,,,,
29996,baseball,baseball_mlb,Kansas City Royals vs Chicago Cubs,Kansas City Royals,Chicago Cubs,h2h,Chicago Cubs,1.62,0.596844213705833,0.596844213705833,0.7139616481177707,0.15661786995078875,1.89,BetOnline.ag,2026-08-09T18:10:00Z,96.0,03648d6e2fc70c58176cb18e,WON,,,2026-08-09 06:34:26,2026-08-09T16:18:58.428319+00:00,1.1718,0.62,,,,,
30018,baseball,baseball_mlb,Chicago White Sox vs Cleveland Guardians,Chicago White Sox,Cleveland Guardians,h2h,Chicago White Sox,1.95,0.49792704367209867,0.49792704367209867,0.5622558945380155,0.09639899434913013,0.76,BetOnline.ag,2026-08-09T18:10:00Z,92.0,2b7954fd74c33abe2114c75f,LOST,,,2026-08-09 06:34:26,2026-08-09T16:18:58.428336+00:00,-0.76,-1.0,,,,,
30019,baseball,baseball_mlb,Chicago White Sox vs Cleveland Guardians,Chicago White Sox,Cleveland Guardians,h2h,Cleveland Guardians,1.95,0.5020729563279013,0.5020729563279013,0.5724641054619846,0.11630500565086987,0.92,BetOnline.ag,2026-08-09T18:10:00Z,93.0,d009c16cf1cfe2e42637a67f,WON,,,2026-08-09 06:34:26,2026-08-09T16:18:58.428351+00:00,0.874,0.95,,,,,
30055,baseball,baseball_mlb,Milwaukee Brewers vs Minnesota Twins,Milwaukee Brewers,Minnesota Twins,h2h,Milwaukee Brewers,1.42,0.6828649068275374,0.6828649068275374,0.7679622790042324,0.09050643618600995,1.62,BetOnline.ag,2026-08-09T18:10:00Z,94.0,7cae6bd0523723a468310e85,LOST,,,2026-08-09 06:34:27,2026-08-09T16:18:58.428368+00:00,-1.62,-1.0,,,,,
30056,baseball,baseball_mlb,Milwaukee Brewers vs Minnesota Twins,Milwaukee Brewers,Minnesota Twins,h2h,Minnesota Twins,3.14,0.31713509317246236,0.31713509317246236,0.36780772099576753,0.15491624392671,0.54,BetOnline.ag,2026-08-09T18:10:00Z,92.0,b9ced6b9f0135c2590541fd1,WON,,,2026-08-09 06:34:27,2026-08-09T16:18:58.428383+00:00,1.1556,2.14,,,,,
30093,baseball,baseball_mlb,St. Louis Cardinals vs Colorado Rockies,St. Louis Cardinals,Colorado Rockies,h2h,St. Louis Cardinals,1.62,0.5982532755103215,0.5982532755103215,0.7165734239143835,0.16084894674130146,1.95,BetOnline.ag,2026-08-09T18:15:00Z,96.0,015199b322d35f099e41251e,WON,,,2026-08-09 06:34:27,2026-08-09T16:18:58.428402+00:00,1.209,0.62,,,,,
30113,baseball,baseball_mlb,Texas Rangers vs Baltimore Orioles,Texas Rangers,Baltimore Orioles,h2h,Baltimore Orioles,2.22,0.4418987840144366,0.4418987840144366,0.5140255524991063,0.14113672654801612,0.87,BetOnline.ag,2026-08-09T18:35:00Z,93.0,c3c40221f108f1a3b9dd514e,LOST,,,2026-08-09 06:34:28,2026-08-09T16:18:58.428419+00:00,-0.87,-1.0,,,,,
30114,baseball,baseball_mlb,Texas Rangers vs Baltimore Orioles,Texas Rangers,Baltimore Orioles,h2h,Texas Rangers,1.75,0.5581012159855634,0.5581012159855634,0.6185944475008938,0.08254028312656403,0.83,BetOnline.ag,2026-08-09T18:35:00Z,93.0,85d628f8d8cb939284286138,WON,,,2026-08-09 06:34:28,2026-08-09T16:18:58.428436+00:00,0.6225,0.75,,,,,
30144,baseball,baseball_mlb,San Francisco Giants vs Detroit Tigers,San Francisco Giants,Detroit Tigers,h2h,San Francisco Giants,1.96,0.4806745065275076,0.4806745065275076,0.5713514407371812,0.11984882384487516,0.94,Betclic (FR),2026-08-09T20:05:00Z,93.0,cc183f750ffe16e76d8f4469,WON,,,2026-08-09 06:34:28,2026-08-09T16:18:58.428460+00:00,0.9024,0.96,,,,,
30163,baseball,baseball_mlb,Arizona Diamondbacks vs Los Angeles Dodgers,Arizona Diamondbacks,Los Angeles Dodgers,h2h,Arizona Diamondbacks,2.18,0.42962472530527723,0.42962472530527723,0.5262419215638685,0.14720738900923336,0.94,Betclic (FR),2026-08-09T20:10:00Z,94.0,914859f02764a83511296f4f,WON,,,2026-08-09 06:34:28,2026-08-09T16:18:58.428483+00:00,1.1092,1.18,,,,,
30176,baseball,baseball_mlb,San Diego Padres vs Houston Astros,San Diego Padres,Houston Astros,h2h,Houston Astros,2.05,0.4647807415611654,0.4647807415611654,0.5648076646822652,0.1578557125986435,1.13,888sport,2026-08-10T00:20:00Z,94.0,69626b96c6d2800836b38133,WON,,,2026-08-09 06:34:29,2026-08-09T16:18:58.428507+00:00,1.1865,1.05,,,,,
30189,baseball,baseball_mlb,San Diego Padres vs Houston Astros,San Diego Padres,Houston Astros,h2h,San Diego Padres,1.88,0.5352192584388347,0.5352192584388347,0.568862335317735,0.06946119039734167,0.59,Betfair,2026-08-10T00:20:00Z,82.0,47a7e98d62e5da11bf79297f,LOST,,,2026-08-09 06:34:29,2026-08-09T16:18:58.428531+00:00,-0.59,-1.0,,,,,
30191,baseball,baseball_npb,Hokkaido Nippon-Ham Fighters vs Tohoku Rakuten Golden Eagles,Hokkaido Nippon-Ham Fighters,Tohoku Rakuten Golden Eagles,h2h,Tohoku Rakuten Golden Eagles,2.37,0.42542345450336844,0.42542345450336844,0.45321605996759373,0.07412206212319727,0.41,Pinnacle,2026-08-09T05:00:00Z,76.0,e70d8b4f690beb3c7bb86c4e,OPEN,,,2026-08-09 06:34:32,,0.0,0.0,,,,,
30192,baseball,baseball_npb,Hokkaido Nippon-Ham Fighters vs Tohoku Rakuten Golden Eagles,Hokkaido Nippon-Ham Fighters,Tohoku Rakuten Golden Eagles,h2h,Hokkaido Nippon-Ham Fighters,1.78,0.5745765454966316,0.5745765454966316,0.6154039400324064,0.09541901325768332,0.92,Nordic Bet,2026-08-09T05:00:00Z,88.0,2ba10226a37149a8ba4223fe,OPEN,,,2026-08-09 06:34:32,,0.0,0.0,,,,,
30197,football,La Liga,Alavés vs Getafe,Alavés,Getafe,h2h,Getafe,3.83,0.28543420973437816,0.2663938487888469,0.2767759884079819,0.060052035602570664,0.16,Pinnacle,2026-08-15T17:30:00Z,5.134449044019792,7d665155f9c55cf5ba25e475,LOST,,,2026-08-09 06:34:39,2026-08-16T03:07:00Z,0.0,0.0,3,0,3-0,the_odds_api_scores,4b1211e0f448d01cf2b7fabd07aee49e
30203,football,Ligue 1,Marseille vs Strasbourg,Marseille,Strasbourg,h2h,Draw,4.5,0.2438634700138889,0.22974915794583692,0.2375012483692785,0.0687556176617532,0.15,Coolbet,2026-08-21T18:45:00Z,5.878605310079898,65fe7d38e0c9b13992fd2ffd,OPEN,,,2026-08-09 06:34:41,,0.0,0.0,,,,,
30207,football,Eredivisie,Heerenveen vs FC Twente Enschede,Heerenveen,FC Twente Enschede,h2h,Heerenveen,3.2,0.3472398266729816,0.32131670191887485,0.3354226644336178,0.07335252618757693,0.25,Betfair,2026-08-09T14:45:00Z,6.271640989037827,7595e8c61dbaecd59bcdd979,WON,,,2026-08-09 06:34:42,2026-08-09T22:10:11Z,0.0,0.0,1,0,1-0,the_odds_api_scores,2fef294b70aefb4ee114b4c3a44341e0
30208,football,Eredivisie,Excelsior vs PSV Eindhoven,Excelsior,PSV Eindhoven,h2h,Draw,4.5,0.2502417227316741,0.23978570729249263,0.24551870756580613,0.10483418404612754,0.22,Coolbet,2026-08-15T18:00:00Z,8.963322735943905,e13db12df85d327ef9434b94,LOST,,,2026-08-09 06:34:42,2026-08-16T02:22:20Z,0.0,0.0,1,2,1-2,the_odds_api_scores,a0a58332486a9064bd8673b5b229b75e
30210,football,League Two,York City vs Bristol Rovers,York City,Bristol Rovers,h2h,Bristol Rovers,3.51,0.3097720934154255,0.29878935157666664,0.30476993206693126,0.06974246155492869,0.21,Pinnacle,2026-08-15T14:00:00Z,5.962980462946402,7be492b9464c38cb205abd84,LOST,,,2026-08-09 06:34:43,2026-08-15T16:10:25Z,0.0,0.0,3,2,3-2,the_odds_api_scores,fd023338232978a02a364106a72f7ee3
30213,football,Belgian Pro League,Leuven vs Club Brugge,Leuven,Club Brugge,h2h,Draw,4.5,0.24460664706617946,0.23054480281087708,0.23823637644378376,0.07206369399702695,0.15,Coolbet,2026-08-15T18:45:00Z,6.161445836745804,22c09b5f43ec0f6f9f3665e4,LOST,,,2026-08-09 06:34:45,2026-08-16T02:21:05Z,0.0,0.0,0,3,0-3,the_odds_api_scores,150ba88bff0cd47db54e0d58f8468171
30216,football,Austrian Bundesliga,Austria Wien vs LASK,Austria Wien,LASK,h2h,Draw,4.1,0.26164198630908314,0.2580091131884198,0.2600659315090105,0.06627031918694293,0.16,Betfair,2026-08-09T17:00:00Z,5.621916614617847,b33936355b16295583546afc,LOST,,,2026-08-09 06:34:46,2026-08-10T00:25:41Z,0.0,0.0,0,2,0-2,the_odds_api_scores,71866abfdc93a2b5c476fec615cd1c69
30244,football,Argentina Primera Division,Argentinos Juniors vs Racing Club,Argentinos Juniors,Racing Club,h2h,Racing Club,4.3,0.2575331293783102,0.23866441595362442,0.2493810363421913,0.07233845627142266,0.16,Betfair,2026-08-09T23:15:00Z,5.968465180814405,00b5955a973622ad615edd2d,LOST,,,2026-08-09 06:34:53,2026-08-10T06:35:42Z,0.0,0.0,2,1,2-1,the_odds_api_scores,f07be43ce958b1762dbfdabf334a60bf
30254,football,J-League,V-Varen Nagasaki vs Kyoto Purple Sanga,V-Varen Nagasaki,Kyoto Purple Sanga,h2h,V-Varen Nagasaki,3.5,0.322415604618438,0.2890336390936184,0.3072514464218217,0.07538006247637585,0.23,Matchbook,2026-08-09T10:00:00Z,6.4198598598973895,433751fad853eee588ec73ef,WON,,,2026-08-09 06:34:55,2026-08-09T16:19:50Z,0.0,0.0,2,1,2-1,the_odds_api_scores,71380de391bf4c904602a3c91be5ecb8
30255,football,J-League,JEF United Chiba vs FC Machida Zelvia,JEF United Chiba,FC Machida Zelvia,h2h,JEF United Chiba,3.9,0.2988431325192787,0.2539929115765239,0.27840435610681635,0.0857769888165838,0.22,Tipico,2026-08-15T10:00:00Z,7.516800291833517,3a922beade4add81eb9cefa9,LOST,,,2026-08-09 06:34:55,2026-08-15T16:10:25Z,0.0,0.0,0,4,0-4,the_odds_api_scores,db36e5191c1cd31f29507336824ffab4
30285,hockey,icehockey_nhl,Nashville Predators vs Minnesota Wild,Nashville Predators,Minnesota Wild,h2h,Minnesota Wild,2.23,0.47282497880165164,0.47282497880165164,0.47545748516115616,0.06027019190937821,0.37,Marathon Bet,2026-10-02T00:10:00Z,6.027019190937821,bab61f85dbbe0ffae0868f9c,,,,2026-08-09 16:19:03,,0.0,0.0,,,,,
30307,baseball,baseball_mlb,Washington Nationals vs Cincinnati Reds,Washington Nationals,Cincinnati Reds,h2h,Washington Nationals,1.91,0.5289525945742974,0.5289525945742974,0.5647609776479858,0.07869346730765292,0.65,William Hill,2026-08-09T16:16:00Z,89.0,f28af69952951757c6e74450,WON,,,2026-08-09 16:19:05,2026-08-10T07:03:42.272710+00:00,0.5915,0.91,,,,,
30589,baseball,baseball_mlb,Seattle Mariners vs Tampa Bay Rays,Seattle Mariners,Tampa Bay Rays,h2h,Tampa Bay Rays,1.88,0.4967094646265176,0.4967094646265176,0.5988895907834121,0.12591243067281455,1.07,Winamax (FR),2026-08-09T20:11:00Z,94.0,3807b972ee6fa593d2e95258,WON,,,2026-08-09 16:19:12,2026-08-10T07:03:42.272739+00:00,0.9416,0.88,,,,,
30626,football,La Liga,Deportivo La Coruña vs Elche CF,Deportivo La Coruña,Elche CF,h2h,Elche CF,3.55,0.3062288922439868,0.2967035786733917,0.3018974474077536,0.07173593829752511,0.21,Betfair,2026-08-17T19:00:00Z,6.133422724438397,0916241ab896581d119bdc0a,LOST,,,2026-08-09 16:19:23,2026-08-18T02:25:16Z,0.0,0.0,1,1,1-1,the_odds_api_scores,7b9f4d89d66c48e0c496aab1679e4ae4
30630,football,La Liga,Atlético Madrid vs Villarreal,Atlético Madrid,Villarreal,h2h,Villarreal,4.25,0.27184941332165047,0.24620024622122036,0.2601859702688355,0.10579037364255095,0.24,Nordic Bet,2026-08-23T15:00:00Z,9.3583222427937,3027b0e693b96c31837f244c,OPEN,,,2026-08-09 16:19:24,,0.0,0.0,,,,,
30634,football,Eredivisie,Fortuna Sittard vs SC Cambuur,Fortuna Sittard,SC Cambuur,h2h,SC Cambuur,4.33,0.2632330446052273,0.23536319970781527,0.2505005594396361,0.08466742237362435,0.19,BetOnline.ag,2026-08-15T19:00:00Z,7.9698672357917015,917b980d1d34c36693eea3e4,LOST,,,2026-08-09 16:19:28,2026-08-16T02:22:20Z,0.0,0.0,3,1,3-1,the_odds_api_scores,5d0a33dc08a7e0da69c8437915fa85fa
30638,football,Scottish Premiership,Rangers vs Hibernian,Rangers,Hibernian,h2h,Rangers,3.85,0.3160174625517125,0.27108358891125356,0.2960721415535167,0.13987774498103933,0.37,Matchbook,2026-08-09T15:01:00Z,11.975094607233506,f8f2c47824cfad2ec78a5b2f,LOST,,,2026-08-09 16:19:31,2026-08-09T22:25:05Z,0.0,0.0,1,2,1-2,the_odds_api_scores,8760a388d098eff35c3df1f29ee3d087
30641,football,Austrian Bundesliga,Austria Wien vs LASK,Austria Wien,LASK,h2h,Austria Wien,4.3,0.2661822072540633,0.232474658443071,0.24913760611656863,0.07129170630124504,0.14,Betfair,2026-08-09T17:00:00Z,5.185671356275668,13b9a171ae75129c1f3dbf0c,LOST,,,2026-08-09 16:19:34,2026-08-10T00:25:41Z,0.0,0.0,0,2,0-2,the_odds_api_scores,71866abfdc93a2b5c476fec615cd1c69
30642,football,Austrian Bundesliga,Austria Lustenau vs Wolfsberger AC,Austria Lustenau,Wolfsberger AC,h2h,Austria Lustenau,3.99,0.2806459912837497,0.25343868268543035,0.2677544930550296,0.06834042728956802,0.15,Pinnacle,2026-08-15T15:00:00Z,5.148144492237565,460ca08c53fb1950b0a2b453,WON,,,2026-08-09 16:19:35,2026-08-16T00:51:27Z,0.0,0.0,2,1,2-1,the_odds_api_scores,1fe48ff20e733913397bc30a8f4be1f7
30644,football,Danish Superliga,Lyngby vs FC Midtjylland,Lyngby,FC Midtjylland,h2h,Lyngby,4.3,0.28845931187590534,0.24045446862583125,0.2670211329934048,0.14819087187164048,0.34,Codere (IT),2026-08-16T14:00:00Z,12.827641434572667,467c6d442e75c4f9dfb2573e,LOST,,,2026-08-09 16:19:36,2026-08-16T16:10:40Z,0.0,0.0,1,1,1-1,the_odds_api_scores,ba3746776d0ee70ced3b67ac75a79bbb
30645,football,Danish Superliga,Randers FC vs FC Copenhagen,Randers FC,FC Copenhagen,h2h,Randers FC,4.29,0.26436083928472703,0.23194720147910797,0.24911565119240198,0.06870614361540439,0.14,Pinnacle,2026-08-16T16:00:00Z,5.133932193068913,e9c6be55f9db7bb249651dcf,LOST,,,2026-08-09 16:19:36,2026-08-16T23:24:29Z,0.0,0.0,0,4,0-4,the_odds_api_scores,0bf08c81c6fbb1d5ec53e483e9d2a208
30646,football,Eliteserien,HamKam vs Aalesund,HamKam,Aalesund,h2h,Aalesund,3.8,0.2970209248484347,0.2846057314380886,0.29224256208073873,0.11052173590680714,0.3,Tipico,2026-08-09T15:00:00Z,9.203749502855239,99102e3c66a84a41acadbcf6,LOST,,,2026-08-09 16:19:36,2026-08-10T00:38:03Z,0.0,0.0,1,1,1-1,the_odds_api_scores,1f62518d53ec1b219669a1694fce375f
30647,football,Allsvenskan,IF Elfsborg vs Västerås SK,IF Elfsborg,Västerås SK,h2h,Västerås SK,3.75,0.2982495413732395,0.2719828625478807,0.28814935227560823,0.0805600710335308,0.22,Unibet (SE),2026-08-14T17:00:00Z,6.612370630432207,9da5a904d33134f6278ebd0b,LOST,,,2026-08-09 16:19:38,2026-08-15T00:18:39Z,0.0,0.0,3,0,3-0,the_odds_api_scores,6bf2a0cde15cd3833ac0ec0aeb87286c
30669,football,Argentina Primera Division,Defensa y Justicia vs Newells Old Boys,Defensa y Justicia,Newells Old Boys,h2h,Newells Old Boys,4.3,0.2631690258990097,0.23904235682299632,0.25266335683883046,0.08645243440697081,0.2,Betfair,2026-08-09T20:45:00Z,7.2142827463929,e9514949f6407849c2105dd7,LOST,,,2026-08-09 16:19:47,2026-08-10T06:35:42Z,0.0,0.0,2,1,2-1,the_odds_api_scores,66db3f0bd275534548bab17b620c586f
30712,baseball,baseball_mlb,Toronto Blue Jays vs Boston Red Sox,Toronto Blue Jays,Boston Red Sox,h2h,Boston Red Sox,1.59,0.6072842480782347,0.6072842480782347,0.7250135807018601,0.15277159331595747,1.94,BetOnline.ag,2026-08-10T23:07:00Z,96.0,b774aeceec7b6142edd2c692,LOST,,,2026-08-10 07:03:57,2026-08-11T06:42:39.576576+00:00,-1.94,-1.0,,,,,
30728,baseball,baseball_mlb,Toronto Blue Jays vs Boston Red Sox,Toronto Blue Jays,Boston Red Sox,h2h,Toronto Blue Jays,2.6,0.3927157519217653,0.3927157519217653,0.40805641929814007,0.0609466901751643,0.29,Matchbook,2026-08-10T23:07:00Z,78.0,486969736d84ede212cd388b,WON,,,2026-08-10 07:03:57,2026-08-11T06:42:39.576624+00:00,0.464,1.6,,,,,
30735,baseball,baseball_mlb,Atlanta Braves vs New York Mets,Atlanta Braves,New York Mets,h2h,Atlanta Braves,1.68,0.5789364097068148,0.5789364097068148,0.6416873383657492,0.07803472845445869,0.86,BetOnline.ag,2026-08-10T23:15:00Z,93.0,4044eb7a98cd9f1dab46276d,LOST,,,2026-08-10 07:03:58,2026-08-11T06:42:39.576666+00:00,-0.86,-1.0,,,,,
30736,baseball,baseball_mlb,Atlanta Braves vs New York Mets,Atlanta Braves,New York Mets,h2h,New York Mets,2.34,0.4210635902931852,0.4210635902931852,0.491082661634251,0.1491334282241472,0.83,BetOnline.ag,2026-08-10T23:15:00Z,93.0,71cf47fecc16666e743a1311,WON,,,2026-08-10 07:03:58,2026-08-11T06:42:39.576705+00:00,1.1122,1.34,,,,,
30770,baseball,baseball_mlb,Minnesota Twins vs Baltimore Orioles,Minnesota Twins,Baltimore Orioles,h2h,Baltimore Orioles,1.83,0.5077634929099566,0.5077634929099566,0.61303212070392,0.12184878088817364,1.1,Unibet (FR),2026-08-10T23:40:00Z,94.0,c39a34b19ef4e35231451b24,LOST,,,2026-08-10 07:03:59,2026-08-11T06:42:39.576742+00:00,-1.1,-1.0,,,,,
30786,baseball,baseball_mlb,Minnesota Twins vs Baltimore Orioles,Minnesota Twins,Baltimore Orioles,h2h,Minnesota Twins,2.08,0.4922365070900435,0.4922365070900435,0.5167078792960802,0.07475238893584679,0.52,Matchbook,2026-08-10T23:40:00Z,83.0,5cee627fd4e8889e5368972d,WON,,,2026-08-10 07:04:00,2026-08-11T06:42:39.576781+00:00,0.5616,1.08,,,,,
30791,baseball,baseball_mlb,St. Louis Cardinals vs Philadelphia Phillies,St. Louis Cardinals,Philadelphia Phillies,h2h,St. Louis Cardinals,1.91,0.5013542267481143,0.5013542267481143,0.6085721749637318,0.16237285418072767,1.34,BetOnline.ag,2026-08-10T23:46:00Z,95.0,360781e4ef829d7a6e783708,LOST,,,2026-08-10 07:04:00,2026-08-11T06:42:39.576819+00:00,-1.34,-1.0,,,,,
30810,baseball,baseball_mlb,Los Angeles Angels vs Texas Rangers,Los Angeles Angels,Texas Rangers,h2h,Texas Rangers,1.87,0.523860383748417,0.523860383748417,0.620628428596819,0.16057516147605155,1.38,BetOnline.ag,2026-08-11T01:38:00Z,96.0,d62ac45e9a75a37d113f17b6,WON,,,2026-08-10 07:04:02,2026-08-11T06:42:39.576899+00:00,1.2006,0.87,,,,,
30830,baseball,baseball_mlb,Los Angeles Angels vs Texas Rangers,Los Angeles Angels,Texas Rangers,h2h,Los Angeles Angels,2.08,0.47613961625158296,0.47613961625158296,0.5114815714031811,0.06388166851861676,0.44,Betfair,2026-08-11T01:38:00Z,80.0,f252af9600715acec2ba2d56,LOST,,,2026-08-10 07:04:03,2026-08-11T06:42:39.576963+00:00,-0.44,-1.0,,,,,
30833,baseball,baseball_mlb,Arizona Diamondbacks vs Colorado Rockies,Arizona Diamondbacks,Colorado Rockies,h2h,Arizona Diamondbacks,1.52,0.6104940206467264,0.6104940206467264,0.7313728275698178,0.11168669790612307,1.61,Unibet (FR),2026-08-11T01:40:00Z,95.0,f77e48c7e27af9d6cfb2ea0c,WON,,,2026-08-10 07:04:04,2026-08-11T06:42:39.577008+00:00,0.8372,0.52,,,,,
30853,baseball,baseball_mlb,Athletics vs Tampa Bay Rays,Athletics,Tampa Bay Rays,h2h,Tampa Bay Rays,1.62,0.5874063267372942,0.5874063267372942,0.704343101314734,0.14103582412986904,1.71,888sport,2026-08-11T01:41:00Z,95.0,3193ff7285cd64a19aba9dbf,WON,,,2026-08-10 07:04:06,2026-08-11T06:42:39.577049+00:00,1.0602,0.62,,,,,
30875,baseball,baseball_mlb,San Diego Padres vs Milwaukee Brewers,San Diego Padres,Milwaukee Brewers,h2h,Milwaukee Brewers,1.91,0.5018455937411597,0.5018455937411597,0.5683745274660271,0.08559534746011166,0.71,888sport,2026-08-11T01:41:00Z,93.0,6fdd7a8283e7310dfcc92bf6,LOST,,,2026-08-10 07:04:06,2026-08-11T06:42:39.577092+00:00,-0.71,-1.0,,,,,
30876,baseball,baseball_mlb,San Diego Padres vs Milwaukee Brewers,San Diego Padres,Milwaukee Brewers,h2h,San Diego Padres,1.91,0.4981544062588404,0.4981544062588404,0.560465472533973,0.07048905253988846,0.58,888sport,2026-08-11T01:41:00Z,92.0,9e1b61128d39ed70acbe3859,WON,,,2026-08-10 07:04:06,2026-08-11T06:42:39.577133+00:00,0.5278,0.91,,,,,
30909,baseball,baseball_mlb,San Francisco Giants vs Houston Astros,San Francisco Giants,Houston Astros,h2h,San Francisco Giants,2.3,0.41279273139866557,0.41279273139866557,0.5063344354311304,0.16456920149159981,0.95,888sport,2026-08-11T01:46:00Z,94.0,54787acac33581f81ead2883,LOST,,,2026-08-10 07:04:07,2026-08-11T06:42:39.577176+00:00,-0.95,-1.0,,,,,
30919,baseball,baseball_mlb,Los Angeles Dodgers vs Kansas City Royals,Los Angeles Dodgers,Kansas City Royals,h2h,Kansas City Royals,3.69,0.2716710627881756,0.2716710627881756,0.3171997538416061,0.17046709167552643,0.48,BetOnline.ag,2026-08-11T02:10:00Z,92.0,3c0f3307642e8f494ef61b3e,LOST,,,2026-08-10 07:04:08,2026-08-11T06:42:39.577220+00:00,-0.48,-1.0,,,,,
30920,baseball,baseball_mlb,Los Angeles Dodgers vs Kansas City Royals,Los Angeles Dodgers,Kansas City Royals,h2h,Los Angeles Dodgers,1.33,0.7283289372118241,0.7283289372118241,0.8150002461583938,0.08395032739066388,1.91,BetOnline.ag,2026-08-11T02:10:00Z,95.0,0c6b9a8990a0c921e7f28bff,WON,,,2026-08-10 07:04:08,2026-08-11T06:42:39.577263+00:00,0.6303,0.33,,,,,
30962,football,Championship,Norwich City vs West Bromwich Albion,Norwich City,West Bromwich Albion,h2h,West Bromwich Albion,4.0,0.280473431728627,0.25469366169528995,0.26877034766200264,0.07508139064801056,0.19,Betfair,2026-08-15T14:00:00Z,6.419458900404903,90608dce9dde57e26119f159,WON,,,2026-08-10 07:04:50,2026-08-15T16:10:25Z,0.0,0.0,1,2,1-2,the_odds_api_scores,570a465b84ec706d58cc57f558ebf29b
30966,football,Belgian Pro League,SK Beveren vs Anderlecht,SK Beveren,Anderlecht,h2h,SK Beveren,3.6,0.3171138222070908,0.2798598143062086,0.3001134652798201,0.08040847500735238,0.23,Tipico,2026-08-16T11:30:00Z,6.92436617624115,1ad32acfece11a5a64ba606b,WON,,,2026-08-10 07:04:58,2026-08-16T16:10:44Z,0.0,0.0,1,0,1-0,the_odds_api_scores,94cc0a423e1e88d91ec810d3c65f8dd8
30967,football,Austrian Bundesliga,Rapid Wien vs Grazer AK,Rapid Wien,Grazer AK,h2h,Grazer AK,4.45,0.2540782586433241,0.2260255042627652,0.24210991632436374,0.07738912764341865,0.17,Betsson,2026-08-16T17:00:00Z,6.988904546589714,77dd8602bc43a8cfc570bad0,LOST,,,2026-08-10 07:05:03,2026-08-17T00:23:44Z,0.0,0.0,8,0,8-0,the_odds_api_scores,49a9ca6db565754e5fd30d929f69199e
30971,football,Allsvenskan,Degerfors IF vs IFK Goteborg,Degerfors IF,IFK Goteborg,h2h,Degerfors IF,3.3,0.3335499797984764,0.3095363984010069,0.32363548799186576,0.06799711037315692,0.22,Unibet (SE),2026-08-16T12:00:00Z,5.58120281942872,4259295fe8ad281bbfbf8d13,WON,,,2026-08-10 07:05:06,2026-08-16T16:10:39Z,0.0,0.0,3,0,3-0,the_odds_api_scores,a145c2b49092d2dc91f0b10ef800dcfd
30972,football,Allsvenskan,Kalmar FF vs Hammarby IF,Kalmar FF,Hammarby IF,h2h,Kalmar FF,4.5,0.27810271882243964,0.22665126189997672,0.2559828418677675,0.15192278840495366,0.33,Unibet (SE),2026-08-16T14:30:00Z,12.469822472278596,60373548ed25c0abea958187,LOST,,,2026-08-10 07:05:07,2026-08-16T21:52:31Z,0.0,0.0,0,4,0-4,the_odds_api_scores,ad13fd726816f83cbb2fd5f7b27021b5
30981,football,MLS,Toronto FC vs Charlotte FC,Toronto FC,Charlotte FC,h2h,Draw,4.03,0.2655281291815181,0.26170459241947097,0.26395645406259716,0.06374450987226665,0.16,1xBet,2026-08-19T23:30:00Z,5.014143146552494,5d169ba5c0349def67a60b18,OPEN,,,2026-08-10 07:05:14,,0.0,0.0,,,,,
30985,football,MLS,FC Cincinnati vs New York City FC,FC Cincinnati,New York City FC,h2h,New York City FC,3.45,0.31279071728375507,0.3056027552399991,0.31000273166546,0.06950942424583695,0.21,LeoVegas (SE),2026-08-19T23:30:00Z,5.728905578048545,1892e554fca12858b1606daf,OPEN,,,2026-08-10 07:05:15,,0.0,0.0,,,,,
30988,football,MLS,New York Red Bulls vs Nashville SC,New York Red Bulls,Nashville SC,h2h,New York Red Bulls,3.15,0.3520066877646415,0.33243217538040637,0.34357873912487513,0.08227302824335658,0.29,LeoVegas (SE),2026-08-19T23:30:00Z,6.780870587552594,cd6e025363d0487ce00e5928,OPEN,,,2026-08-10 07:05:15,,0.0,0.0,,,,,
31002,football,Argentina Primera Division,Sarmiento de Junin vs Estudiantes,Sarmiento de Junin,Estudiantes,h2h,Sarmiento de Junin,3.8,0.3133367708137331,0.254191794783002,0.28980818306213935,0.10127109563612957,0.27,Codere (IT),2026-08-23T17:45:00Z,8.762218245067457,dc05f7df66c18b1b27123d88,OPEN,,,2026-08-10 07:05:23,,0.0,0.0,,,,,
31099,baseball,baseball_mlb,St. Louis Cardinals vs Philadelphia Phillies,St. Louis Cardinals,Philadelphia Phillies,h2h,Philadelphia Phillies,1.97,0.5202881873995672,0.5202881873995672,0.5458256566414801,0.07527654358371572,0.58,1xBet,2026-08-10T23:46:00Z,84.0,89e3a6981090c18aa512b738,WON,,,2026-08-10 16:40:26,2026-08-11T06:42:39.576859+00:00,0.5626,0.97,,,,,
31250,baseball,baseball_npb,Tokyo Yakult Swallows vs Hiroshima Toyo Carp,Tokyo Yakult Swallows,Hiroshima Toyo Carp,h2h,Tokyo Yakult Swallows,2.45,0.4030519706115687,0.4030519706115687,0.43284001737090794,0.060458042558724445,0.31,BetOnline.ag,2026-08-11T09:00:00Z,80.0,509c99d9f38d7132810a0155,OPEN,,,2026-08-10 16:40:34,,0.0,0.0,,,,,
31270,football,Danish Superliga,Silkeborg IF vs OB Odense BK,Silkeborg IF,OB Odense BK,h2h,Silkeborg IF,3.15,0.34918154687352115,0.3275947039621058,0.3402280875728148,0.07171847585436653,0.25,Betfair,2026-08-10T17:00:00Z,5.927736427019577,3e7274b871bee234268e1591,WON,,,2026-08-10 16:40:47,2026-08-11T00:30:07Z,0.0,0.0,1,0,1-0,the_odds_api_scores,13ad30c59ec1101352dfa35218427a28
31275,football,2. Bundesliga,Arminia Bielefeld vs FC Energie Cottbus,Arminia Bielefeld,FC Energie Cottbus,h2h,Draw,4.2,0.25866274195345856,0.25321775391084317,0.25635636007720103,0.07669671232424435,0.18,Tipico,2026-08-16T11:30:00Z,6.488058673343429,af8ab2010f9531778bc473f0,LOST,,,2026-08-10 16:40:49,2026-08-16T16:10:52Z,0.0,0.0,3,0,3-0,the_odds_api_scores,6419e63c70188ac43a3009f7921f4add
31276,football,2. Bundesliga,Arminia Bielefeld vs FC Energie Cottbus,Arminia Bielefeld,FC Energie Cottbus,h2h,FC Energie Cottbus,4.2,0.289366093871524,0.2539247333797764,0.27161534094314177,0.1407844319611955,0.28,Tipico,2026-08-16T11:30:00Z,10.121594074301447,06ae692cf70088458432322b,LOST,,,2026-08-10 16:40:49,2026-08-16T16:10:52Z,0.0,0.0,3,0,3-0,the_odds_api_scores,6419e63c70188ac43a3009f7921f4add
31279,football,MLS,CF Montreal vs D.C. United,CF Montreal,D.C. United,h2h,Draw,3.94,0.2701432555146585,0.268821894178095,0.26963998038530546,0.06238152271810349,0.16,1xBet,2026-08-15T23:30:00Z,4.906930577006021,11d21abc9da1075f91b36fa6,WON,,,2026-08-10 16:40:51,2026-08-16T06:19:24Z,0.0,0.0,1,1,1-1,the_odds_api_scores,04b9b6a8ed4f72c2072b326d55310108
31280,football,MLS,Toronto FC vs New England Revolution,Toronto FC,New England Revolution,h2h,Draw,4.02,0.2660465285862787,0.2625054748816737,0.26469860147630864,0.06408837793476052,0.16,1xBet,2026-08-15T23:30:00Z,5.041191808348263,627144b866c63519490cd348,LOST,,,2026-08-10 16:40:51,2026-08-16T06:19:24Z,0.0,0.0,2,1,2-1,the_odds_api_scores,7d87a0de5f3e7c3a075cd1c1e0863e4f
31297,football,MLS,Colorado Rapids vs Los Angeles FC,Colorado Rapids,Los Angeles FC,h2h,Draw,4.05,0.26425350632082767,0.2590015900944016,0.2622504726697821,0.06211441431261733,0.15,1xBet,2026-08-20T01:30:00Z,4.885919829830479,b818f0bb15268bcb1cc0b553,OPEN,,,2026-08-10 16:40:52,,0.0,0.0,,,,,
31301,football,Brazil Serie A,Atletico Paranaense vs Bragantino-SP,Atletico Paranaense,Bragantino-SP,h2h,Bragantino-SP,4.19,0.26639817580446695,0.2451010868073577,0.25774384201692324,0.07994669805090848,0.19,Pinnacle,2026-08-15T21:30:00Z,6.525095237761261,9c4500d42f6dd3c913ee122e,LOST,,,2026-08-10 16:40:52,2026-08-16T06:19:07Z,0.0,0.0,1,1,1-1,the_odds_api_scores,f53ddf340b31319bc0862cf2413791cc
31324,baseball,baseball_mlb,Detroit Tigers vs Cleveland Guardians,Detroit Tigers,Cleveland Guardians,h2h,Cleveland Guardians,2.13,0.46914076500514174,0.46914076500514174,0.5279307522876694,0.12449250237273568,0.83,BetOnline.ag,2026-08-11T22:41:00Z,93.0,a353a88a6aa1ca8f764a6eb4,LOST,,,2026-08-11 06:42:48,2026-08-12T07:03:04.293050+00:00,-0.83,-1.0,,,,,
31325,baseball,baseball_mlb,Detroit Tigers vs Cleveland Guardians,Detroit Tigers,Cleveland Guardians,h2h,Detroit Tigers,1.8,0.5308592349948582,0.5308592349948582,0.6036392477123307,0.08655064588219519,0.81,BetOnline.ag,2026-08-11T22:41:00Z,93.0,b6a14e6987c16f30957269c8,WON,,,2026-08-11 06:42:48,2026-08-12T07:03:04.293093+00:00,0.648,0.8,,,,,
31352,baseball,baseball_mlb,Miami Marlins vs Pittsburgh Pirates,Miami Marlins,Pittsburgh Pirates,h2h,Pittsburgh Pirates,1.87,0.5203038691839199,0.5203038691839199,0.6273306976133479,0.17310840453696064,1.49,BetOnline.ag,2026-08-11T22:41:00Z,95.0,0c39dd80d90e6d1a80e25a35,LOST,,,2026-08-11 06:42:49,2026-08-12T07:03:04.293130+00:00,-1.49,-1.0,,,,,
31367,baseball,baseball_mlb,Washington Nationals vs Chicago Cubs,Washington Nationals,Chicago Cubs,h2h,Chicago Cubs,1.59,0.5986463033424066,0.5986463033424066,0.7148902658595455,0.13667552271667738,1.74,Coolbet,2026-08-11T22:46:00Z,96.0,828fabe0dc61038f27dcc5f8,WON,,,2026-08-11 06:42:49,2026-08-12T07:03:04.293165+00:00,1.0266,0.59,,,,,
31383,baseball,baseball_mlb,New York Yankees vs Seattle Mariners,New York Yankees,Seattle Mariners,h2h,New York Yankees,1.73,0.5436227267904942,0.5436227267904942,0.658482659598975,0.13917500110622671,1.43,888sport,2026-08-11T23:06:00Z,95.0,3e8320035a5c191a809bf9b0,WON,,,2026-08-11 06:42:49,2026-08-12T07:03:04.293203+00:00,1.0439,0.73,,,,,
31397,baseball,baseball_mlb,Toronto Blue Jays vs Boston Red Sox,Toronto Blue Jays,Boston Red Sox,h2h,Boston Red Sox,2.27,0.4262278019320731,0.4262278019320731,0.5123228743995472,0.16297292488697201,0.96,BetOnline.ag,2026-08-11T23:08:00Z,94.0,0d81d73261d000392092330e,LOST,,,2026-08-11 06:42:50,2026-08-11T16:43:20.302534+00:00,-0.96,-1.0,,,,,
31405,baseball,baseball_mlb,Toronto Blue Jays vs Boston Red Sox,Toronto Blue Jays,Boston Red Sox,h2h,Toronto Blue Jays,1.72,0.5737721980679269,0.5737721980679269,0.617147125600453,0.0614930560327791,0.64,1xBet,2026-08-11T23:08:00Z,80.0,186b6a4154f66025605ff1d8,WON,,,2026-08-11 06:42:50,2026-08-11T16:43:20.302584+00:00,0.4608,0.72,,,,,
31415,baseball,baseball_mlb,Atlanta Braves vs New York Mets,Atlanta Braves,New York Mets,h2h,New York Mets,2.13,0.46032621628644105,0.46032621628644105,0.5435803176458682,0.15782607658569936,1.05,BetOnline.ag,2026-08-11T23:16:00Z,93.0,cd57a65b04d3b999224ae3d7,WON,,,2026-08-11 06:42:50,2026-08-11T16:43:20.302625+00:00,1.1865,1.13,,,,,
31426,baseball,baseball_mlb,Atlanta Braves vs New York Mets,Atlanta Braves,New York Mets,h2h,Atlanta Braves,1.82,0.5396737837135589,0.5396737837135589,0.5833396823541318,0.06167822188451999,0.56,Matchbook,2026-08-11T23:16:00Z,79.0,1a326ce041c5dcd04fe22849,LOST,,,2026-08-11 06:42:50,2026-08-11T16:43:20.302666+00:00,-0.56,-1.0,,,,,
31436,baseball,baseball_mlb,Minnesota Twins vs Baltimore Orioles,Minnesota Twins,Baltimore Orioles,h2h,Baltimore Orioles,1.96,0.48500064146197513,0.48500064146197513,0.5866325334397786,0.14979976554196606,1.17,Coolbet,2026-08-11T23:41:00Z,95.0,6d5a0ea570074c60970941f1,LOST,,,2026-08-11 06:42:50,2026-08-11T16:43:20.302706+00:00,-1.17,-1.0,,,,,
31448,baseball,baseball_mlb,Chicago White Sox vs Cincinnati Reds,Chicago White Sox,Cincinnati Reds,h2h,Chicago White Sox,1.66,0.5894331633249498,0.5894331633249498,0.6848022167700177,0.13677167983822947,1.55,BetOnline.ag,2026-08-11T23:41:00Z,95.0,0d38eeaec8cd6ef0a33fca20,LOST,,,2026-08-11 06:42:51,2026-08-12T07:03:04.293247+00:00,-1.55,-1.0,,,,,
31450,baseball,baseball_mlb,Chicago White Sox vs Cincinnati Reds,Chicago White Sox,Cincinnati Reds,h2h,Cincinnati Reds,2.39,0.41056683667505023,0.41056683667505023,0.4456277832299823,0.06505040191965783,0.35,GTbets,2026-08-11T23:41:00Z,82.0,967e1df8c327b0f69b6f0248,WON,,,2026-08-11 06:42:51,2026-08-12T07:03:04.293314+00:00,0.4865,1.39,,,,,
31472,baseball,baseball_mlb,St. Louis Cardinals vs Philadelphia Phillies,St. Louis Cardinals,Philadelphia Phillies,h2h,St. Louis Cardinals,2.4,0.3960603731494467,0.3960603731494467,0.4876498063110799,0.17035953514659163,0.91,Coolbet,2026-08-11T23:46:00Z,94.0,686f3523bff2f3ad7e790434,LOST,,,2026-08-11 06:42:51,2026-08-11T16:43:20.302832+00:00,-0.91,-1.0,,,,,
31480,baseball,baseball_mlb,Los Angeles Angels vs Texas Rangers,Los Angeles Angels,Texas Rangers,h2h,Texas Rangers,1.67,0.5642834985680634,0.5642834985680634,0.6742941041045838,0.12607115385465484,1.41,888sport,2026-08-12T01:39:00Z,94.0,82805cc82e3b7b8d33faac3d,WON,,,2026-08-11 06:42:51,2026-08-11T16:43:20.302874+00:00,0.9447,0.67,,,,,
31498,baseball,baseball_mlb,Arizona Diamondbacks vs Colorado Rockies,Arizona Diamondbacks,Colorado Rockies,h2h,Arizona Diamondbacks,1.57,0.6158410544307076,0.6158410544307076,0.7393894208645765,0.16084139075738513,2.12,GTbets,2026-08-12T01:41:00Z,97.0,821c8133db8368bc29142ab4,WON,,,2026-08-11 06:42:52,2026-08-11T16:43:20.302916+00:00,1.2084,0.57,,,,,
31516,baseball,baseball_mlb,Athletics vs Tampa Bay Rays,Athletics,Tampa Bay Rays,h2h,Tampa Bay Rays,1.56,0.5924792833654309,0.5924792833654309,0.7085017720466924,0.1052627643928401,1.41,Unibet (FR),2026-08-12T01:41:00Z,94.0,f0c676f159112f6b45336bba,WON,,,2026-08-11 06:42:52,2026-08-11T16:43:20.302988+00:00,0.7896,0.56,,,,,
31531,baseball,baseball_mlb,San Diego Padres vs Milwaukee Brewers,San Diego Padres,Milwaukee Brewers,h2h,Milwaukee Brewers,1.72,0.5608662705402567,0.5608662705402567,0.6242570406515212,0.07372210992061645,0.77,BetOnline.ag,2026-08-12T01:41:00Z,92.0,54a1e944112144e6540dae59,LOST,,,2026-08-11 06:42:52,2026-08-11T16:43:20.303041+00:00,-0.77,-1.0,,,,,
31532,baseball,baseball_mlb,San Diego Padres vs Milwaukee Brewers,San Diego Padres,Milwaukee Brewers,h2h,San Diego Padres,2.25,0.4391337294597433,0.4391337294597433,0.511002959348479,0.1497566585340777,0.9,BetOnline.ag,2026-08-12T01:41:00Z,94.0,9dc3784050e31563199a2a3a,WON,,,2026-08-11 06:42:52,2026-08-11T16:43:20.303084+00:00,1.125,1.25,,,,,
31561,baseball,baseball_mlb,San Francisco Giants vs Houston Astros,San Francisco Giants,Houston Astros,h2h,San Francisco Giants,2.45,0.3662831245274937,0.3662831245274937,0.4585670463570638,0.12348926357480638,0.64,Unibet (FR),2026-08-12T01:46:00Z,93.0,a8dad777dfb889686f141319,LOST,,,2026-08-11 06:42:53,2026-08-11T16:43:20.303127+00:00,-0.64,-1.0,,,,,
31565,baseball,baseball_mlb,Los Angeles Dodgers vs Kansas City Royals,Los Angeles Dodgers,Kansas City Royals,h2h,Los Angeles Dodgers,1.4,0.696775517592417,0.696775517592417,0.7920655233196053,0.10889173264744745,2.04,GTbets,2026-08-12T02:11:00Z,95.0,eceabc12ce03de0fbd8ccef6,WON,,,2026-08-11 06:42:53,2026-08-11T16:43:20.303169+00:00,0.816,0.4,,,,,
31566,baseball,baseball_mlb,Los Angeles Dodgers vs Kansas City Royals,Los Angeles Dodgers,Kansas City Royals,h2h,Kansas City Royals,3.18,0.30322448240758293,0.30322448240758293,0.34040447668039464,0.08248623584365511,0.28,Coolbet,2026-08-12T02:11:00Z,84.0,2efe8e40e2e6d2c4b701749f,LOST,,,2026-08-11 06:42:53,2026-08-11T16:43:20.303213+00:00,-0.28,-1.0,,,,,
31591,baseball,baseball_npb,Yomiuri Giants vs Hanshin Tigers,Yomiuri Giants,Hanshin Tigers,h2h,Hanshin Tigers,1.3,0.8366177664590599,0.8366177664590599,0.8928056801734762,0.16064738422551916,4.02,Pinnacle,2026-08-11T05:01:05Z,98.0,95282391dc84de5de6e57bc6,OPEN,,,2026-08-11 06:42:54,,0.0,0.0,,,,,
31593,baseball,baseball_npb,Hokkaido Nippon-Ham Fighters vs Saitama Seibu Lions,Hokkaido Nippon-Ham Fighters,Saitama Seibu Lions,h2h,Hokkaido Nippon-Ham Fighters,1.7,0.6041278275454042,0.6041278275454042,0.6455384272099612,0.09741532625693416,1.04,Pinnacle,2026-08-11T05:01:20Z,86.0,595766fde0ae60fcaec0bc7a,OPEN,,,2026-08-11 06:42:54,,0.0,0.0,,,,,
31595,baseball,baseball_kbo,Doosan Bears vs Hanwha Eagles,Doosan Bears,Hanwha Eagles,h2h,Hanwha Eagles,2.2,0.45517006262464316,0.45517006262464316,0.4839209482209753,0.06462608608614584,0.4,BetOnline.ag,2026-08-11T10:00:00Z,82.0,e9e02d5e1edc4f2a5f54b30c,OPEN,,,2026-08-11 06:42:55,,0.0,0.0,,,,,
31596,baseball,baseball_kbo,Doosan Bears vs Hanwha Eagles,Doosan Bears,Hanwha Eagles,h2h,Doosan Bears,1.84,0.5448299373753569,0.5448299373753569,0.5872490517790249,0.08053825527340575,0.72,1xBet,2026-08-11T10:00:00Z,79.0,ed6781b66e644db3582d5e4c,OPEN,,,2026-08-11 06:42:55,,0.0,0.0,,,,,
31597,baseball,baseball_kbo,NC Dinos vs KT Wiz,NC Dinos,KT Wiz,h2h,NC Dinos,1.96,0.5022249041987747,0.5022249041987747,0.5422331762330566,0.06277702541679075,0.49,1xBet,2026-08-11T10:00:00Z,73.0,3550622ac135c36cf0ae0236,OPEN,,,2026-08-11 06:42:55,,0.0,0.0,,,,,
31598,baseball,baseball_kbo,Kiwoom Heroes vs LG Twins,Kiwoom Heroes,LG Twins,h2h,Kiwoom Heroes,2.42,0.42054261686233974,0.42054261686233974,0.4501478149840016,0.08935771226128386,0.47,BetOnline.ag,2026-08-11T10:00:00Z,90.0,18b9bbf48e015c422d4a07aa,OPEN,,,2026-08-11 06:42:55,,0.0,0.0,,,,,
31621,football,Eliteserien,Fredrikstad FK vs Kristiansund BK,Fredrikstad FK,Kristiansund BK,h2h,Kristiansund BK,4.04,0.2770431942108943,0.246712432517488,0.26451422155497095,0.06863745508208274,0.17,1xBet,2026-08-16T17:15:00Z,5.54866902819934,70446fd877f8a1942c831c70,LOST,,,2026-08-11 06:43:10,2026-08-17T00:42:47Z,0.0,0.0,1,0,1-0,the_odds_api_scores,de5e7844ab0a9a374e350704d975df62
31659,football,UEFA Nations League,Netherlands vs Germany,Netherlands,Germany,h2h,Draw,3.92,0.27953141338104065,0.2829406043273403,0.2810738668675398,0.1018095581207561,0.26,1xBet,2026-09-24T18:45:00Z,8.704717219324646,e76b923de66526ca9c9d00ba,OPEN,,,2026-08-11 06:43:20,,0.0,0.0,,,,,
31660,football,UEFA Nations League,Norway vs Portugal,Norway,Portugal,h2h,Draw,3.82,0.2769462468600174,0.2789726982808272,0.2778657850026377,0.06144729871007604,0.16,1xBet,2026-09-27T18:45:00Z,5.253744039711501,9703b5c7f097d2906d17d343,OPEN,,,2026-08-11 06:43:20,,0.0,0.0,,,,,
31991,baseball,baseball_npb,Tohoku Rakuten Golden Eagles vs Orix Buffaloes,Tohoku Rakuten Golden Eagles,Orix Buffaloes,h2h,Tohoku Rakuten Golden Eagles,2.3,0.4305192702706624,0.4305192702706624,0.46256983810841007,0.06391062764934308,0.37,BetOnline.ag,2026-08-12T09:00:00Z,82.0,b8ca54aa52fb971914b464db,OPEN,,,2026-08-11 16:43:33,,0.0,0.0,,,,,
31992,baseball,baseball_kbo,Kiwoom Heroes vs LG Twins,Kiwoom Heroes,LG Twins,h2h,Kiwoom Heroes,3.21,0.3167403523835032,0.3167403523835032,0.33911007133529747,0.0885433289863049,0.3,1xBet,2026-08-12T10:00:00Z,79.0,6ac8fe00d2c8a22aef72e463,OPEN,,,2026-08-11 16:43:39,,0.0,0.0,,,,,
32007,football,Primeira Liga,Arouca vs Moreirense FC,Arouca,Moreirense FC,h2h,Moreirense FC,3.8,0.28612958327164195,0.27284829699058977,0.2803480862943105,0.0653227279183799,0.17,Betfair,2026-08-16T17:00:00Z,5.573923050547438,091276e7f303790ab0ee39f6,LOST,,,2026-08-11 16:43:47,2026-08-17T02:52:09Z,0.0,0.0,4,0,4-0,the_odds_api_scores,7929df954375baae70c9182d5069ecc7
32018,football,Segunda Division,SD Eibar vs Tenerife,SD Eibar,Tenerife,h2h,Tenerife,4.4,0.25758065616871056,0.22117225800724905,0.24100721193207258,0.06043173250111944,0.13,Betfair,2026-08-16T15:00:00Z,5.166913128845712,e7277d09e17d620755e48789,WON,,,2026-08-11 16:43:51,2026-08-17T02:53:10Z,0.0,0.0,1,3,1-3,the_odds_api_scores,76cfeac7d067b1d2cbbceaeccb59a251
32041,football,Argentina Primera Division,Talleres vs Lanus,Talleres,Lanus,h2h,Lanus,3.65,0.30129173138454013,0.28008404477371857,0.2923202937823591,0.06696907230561067,0.19,Betfair,2026-08-12T00:00:00Z,5.509418337345209,03421139302a880fc8867370,WON,,,2026-08-11 16:43:55,2026-08-12T07:03:30Z,0.0,0.0,0,3,0-3,the_odds_api_scores,22359e2f463035539d66c23ddf8a7143
32066,baseball,baseball_mlb,Minnesota Twins vs Baltimore Orioles,Minnesota Twins,Baltimore Orioles,h2h,Baltimore Orioles,1.92,0.49279217015119425,0.49279217015119425,0.5950919686977332,0.14257657989964767,1.16,GTbets,2026-08-12T17:40:00Z,94.0,16adca9214190afd7f18192b,LOST,,,2026-08-12 07:03:11,2026-08-12T16:43:43.245590+00:00,-1.16,-1.0,,,,,
32067,baseball,baseball_mlb,Minnesota Twins vs Baltimore Orioles,Minnesota Twins,Baltimore Orioles,h2h,Minnesota Twins,1.99,0.5072078298488057,0.5072078298488057,0.5362980313022668,0.06723308229151104,0.51,GTbets,2026-08-12T17:40:00Z,85.0,a40d462a8b6e2024ba87ea9b,WON,,,2026-08-12 07:03:11,2026-08-12T16:43:43.245622+00:00,0.5049,0.99,,,,,
32085,baseball,baseball_mlb,St. Louis Cardinals vs Philadelphia Phillies,St. Louis Cardinals,Philadelphia Phillies,h2h,St. Louis Cardinals,2.35,0.4068628538590072,0.4068628538590072,0.5013731492691504,0.1782269007825037,0.99,888sport,2026-08-12T18:15:00Z,95.0,6e3eb26efd11faaff3eb9e21,LOST,,,2026-08-12 07:03:11,2026-08-12T16:43:43.245641+00:00,-0.99,-1.0,,,,,
32095,baseball,baseball_mlb,Athletics vs Tampa Bay Rays,Athletics,Tampa Bay Rays,h2h,Tampa Bay Rays,1.47,0.636140390072754,0.636140390072754,0.7576803483845024,0.1137901121252185,1.82,888sport,2026-08-12T19:06:00Z,95.0,73c38e2bddd65734e74986d6,WON,,,2026-08-12 07:03:11,2026-08-12T16:43:43.245661+00:00,0.8554,0.47,,,,,
32107,baseball,baseball_mlb,Athletics vs Tampa Bay Rays,Athletics,Tampa Bay Rays,h2h,Athletics,2.9,0.36385960992724575,0.36385960992724575,0.37358965161549756,0.08340998968494295,0.33,Betfair,2026-08-12T19:06:00Z,84.0,62a6b2df27f8b6ad0df2c761,LOST,,,2026-08-12 07:03:12,2026-08-12T16:43:43.245681+00:00,-0.33,-1.0,,,,,
32112,baseball,baseball_mlb,Arizona Diamondbacks vs Colorado Rockies,Arizona Diamondbacks,Colorado Rockies,h2h,Arizona Diamondbacks,1.58,0.6145903371097134,0.6145903371097134,0.7358593243404379,0.16265773245789195,2.1,GTbets,2026-08-12T19:40:00Z,96.0,9cefdfd2b6166a4a287bd4ec,WON,,,2026-08-12 07:03:12,2026-08-12T16:43:43.245701+00:00,1.218,0.58,,,,,
32133,baseball,baseball_mlb,San Francisco Giants vs Houston Astros,San Francisco Giants,Houston Astros,h2h,San Francisco Giants,2.15,0.4412002100250635,0.4412002100250635,0.5423180946568429,0.16598390351221215,1.08,888sport,2026-08-12T19:46:00Z,93.0,101cfef2be659f0d14f38bc3,LOST,,,2026-08-12 07:03:12,2026-08-12T16:43:43.245722+00:00,-1.08,-1.0,,,,,
32144,baseball,baseball_mlb,San Diego Padres vs Milwaukee Brewers,San Diego Padres,Milwaukee Brewers,h2h,Milwaukee Brewers,1.87,0.5249003453777782,0.5249003453777782,0.570244819616344,0.06635781268256324,0.57,GTbets,2026-08-12T20:10:00Z,86.0,d3a994e99abdcba2e567a549,LOST,,,2026-08-12 07:03:12,2026-08-12T16:43:43.245742+00:00,-0.57,-1.0,,,,,
32145,baseball,baseball_mlb,San Diego Padres vs Milwaukee Brewers,San Diego Padres,Milwaukee Brewers,h2h,San Diego Padres,2.05,0.4750996546222218,0.4750996546222218,0.5571551803836562,0.14216811978649502,1.02,GTbets,2026-08-12T20:10:00Z,94.0,60f40b47ccc3ceccf8d3a5f7,WON,,,2026-08-12 07:03:12,2026-08-12T16:43:43.245762+00:00,1.071,1.05,,,,,
32170,baseball,baseball_mlb,Detroit Tigers vs Cleveland Guardians,Detroit Tigers,Cleveland Guardians,h2h,Detroit Tigers,1.74,0.5421182210886368,0.5421182210886368,0.629503596057565,0.09533625714016303,0.97,Betclic (FR),2026-08-12T22:40:00Z,94.0,4b2259e0f2644d0fd6bd3a8a,WON,,,2026-08-12 07:03:13,2026-08-12T16:43:43.245787+00:00,0.7178,0.74,,,,,
32171,baseball,baseball_mlb,Detroit Tigers vs Cleveland Guardians,Detroit Tigers,Cleveland Guardians,h2h,Cleveland Guardians,2.18,0.4578817789113631,0.4578817789113631,0.5052764039424351,0.10150256059450857,0.65,GTbets,2026-08-12T22:40:00Z,91.0,3a1511161ecc6cdddd1180f7,LOST,,,2026-08-12 07:03:13,2026-08-12T16:43:43.245812+00:00,-0.65,-1.0,,,,,
32197,baseball,baseball_mlb,Miami Marlins vs Pittsburgh Pirates,Miami Marlins,Pittsburgh Pirates,h2h,Pittsburgh Pirates,1.92,0.4837715405708224,0.4837715405708224,0.585220413138696,0.12362319322629634,1.01,Unibet (FR),2026-08-12T22:41:00Z,93.0,d8ab6e71388d93b21668e60b,LOST,,,2026-08-12 07:03:13,2026-08-12T16:43:43.245836+00:00,-1.01,-1.0,,,,,
32215,baseball,baseball_mlb,Washington Nationals vs Chicago Cubs,Washington Nationals,Chicago Cubs,h2h,Chicago Cubs,1.54,0.5963552435934356,0.5963552435934356,0.7108550205723012,0.09471673168134398,1.32,Winamax (FR),2026-08-12T22:45:00Z,94.0,e311d1e84cb755277deeb48e,WON,,,2026-08-12 07:03:14,2026-08-12T16:43:43.245862+00:00,0.7128,0.54,,,,,
32233,baseball,baseball_mlb,New York Yankees vs Seattle Mariners,New York Yankees,Seattle Mariners,h2h,New York Yankees,1.78,0.5351912122518169,0.5351912122518169,0.647511012108611,0.15256960155332755,1.47,Betclic (FR),2026-08-12T23:05:00Z,95.0,d243d47bc68d4e35f1f6198d,WON,,,2026-08-12 07:03:14,2026-08-12T16:43:43.245888+00:00,1.1466,0.78,,,,,
32250,baseball,baseball_mlb,Toronto Blue Jays vs Boston Red Sox,Toronto Blue Jays,Boston Red Sox,h2h,Boston Red Sox,1.83,0.5342188175585578,0.5342188175585578,0.6175100973745714,0.1300434781954658,1.18,GTbets,2026-08-12T23:07:00Z,95.0,64bcdd7e72b75afb6be390d1,LOST,,,2026-08-12 07:03:14,2026-08-12T16:43:43.245903+00:00,-1.18,-1.0,,,,,
32251,baseball,baseball_mlb,Toronto Blue Jays vs Boston Red Sox,Toronto Blue Jays,Boston Red Sox,h2h,Toronto Blue Jays,2.1,0.46578118244144207,0.46578118244144207,0.5092899026254286,0.06950879551340017,0.47,GTbets,2026-08-12T23:07:00Z,86.0,5d9f6384f29ffe39302fbe14,WON,,,2026-08-12 07:03:14,2026-08-12T16:43:43.245917+00:00,0.517,1.1,,,,,
32278,baseball,baseball_mlb,Atlanta Braves vs New York Mets,Atlanta Braves,New York Mets,h2h,New York Mets,2.3,0.41408736370529703,0.41408736370529703,0.5043635915602583,0.1600362605885941,0.92,888sport,2026-08-12T23:15:00Z,94.0,503abd08dd1b4bf7c9b540d1,WON,,,2026-08-12 07:03:15,2026-08-12T16:43:43.245934+00:00,1.196,1.3,,,,,
32292,baseball,baseball_mlb,Chicago White Sox vs Cincinnati Reds,Chicago White Sox,Cincinnati Reds,h2h,Chicago White Sox,1.74,0.5648986952077093,0.5648986952077093,0.6416160671381778,0.11641195682042937,1.18,GTbets,2026-08-12T23:40:00Z,94.0,5993c2dbec7dcddff52df0aa,LOST,,,2026-08-12 07:03:15,2026-08-12T16:43:43.245961+00:00,-1.18,-1.0,,,,,
32293,baseball,baseball_mlb,Chicago White Sox vs Cincinnati Reds,Chicago White Sox,Cincinnati Reds,h2h,Cincinnati Reds,2.26,0.43510130479229076,0.43510130479229076,0.48857393286182244,0.10417708826771865,0.62,GTbets,2026-08-12T23:40:00Z,92.0,770c000be5a18cae4e26c25e,WON,,,2026-08-12 07:03:15,2026-08-12T16:43:43.245991+00:00,0.7812,1.26,,,,,
32327,baseball,baseball_mlb,Los Angeles Dodgers vs Kansas City Royals,Los Angeles Dodgers,Kansas City Royals,h2h,Kansas City Royals,2.9,0.347014219726208,0.347014219726208,0.37846347303932426,0.09754407181404035,0.39,GTbets,2026-08-13T02:10:00Z,90.0,2178f69f61eb20419185d230,LOST,,,2026-08-12 07:03:16,2026-08-12T16:43:43.246015+00:00,-0.39,-1.0,,,,,
32328,baseball,baseball_mlb,Los Angeles Dodgers vs Kansas City Royals,Los Angeles Dodgers,Kansas City Royals,h2h,Los Angeles Dodgers,1.47,0.6529857802737921,0.6529857802737921,0.753106526960676,0.10706659463219381,1.71,GTbets,2026-08-13T02:10:00Z,95.0,8efea6f8aed2da2f4d1c5789,WON,,,2026-08-12 07:03:16,2026-08-12T16:43:43.246039+00:00,0.8037,0.47,,,,,
32353,baseball,baseball_mlb,Los Angeles Angels vs Texas Rangers,Los Angeles Angels,Texas Rangers,h2h,Texas Rangers,1.68,0.5444239028691603,0.5444239028691603,0.6551289176259938,0.10061658161166953,1.11,Unibet (FR),2026-08-13T02:11:00Z,94.0,da300d06d2d1cf2f71687509,WON,,,2026-08-12 07:03:16,2026-08-12T16:43:43.246057+00:00,0.7548,0.68,,,,,
32372,baseball,baseball_npb,Chunichi Dragons vs Yokohama DeNA BayStars,Chunichi Dragons,Yokohama DeNA BayStars,h2h,Chunichi Dragons,2.28,0.4351532451148231,0.4351532451148231,0.4675479987384138,0.06600943712358331,0.39,Pinnacle,2026-08-12T09:00:00Z,74.0,5dce0fad00f649bd7376b44a,OPEN,,,2026-08-12 07:03:20,,0.0,0.0,,,,,
32374,baseball,baseball_kbo,NC Dinos vs KT Wiz,NC Dinos,KT Wiz,h2h,NC Dinos,2.77,0.36260690147115504,0.36260690147115504,0.3923073141327894,0.08669126014782669,0.37,BetOnline.ag,2026-08-12T10:00:00Z,88.0,fa0f4494e2ce5c7af3940d35,OPEN,,,2026-08-12 07:03:21,,0.0,0.0,,,,,
32375,baseball,baseball_kbo,NC Dinos vs KT Wiz,NC Dinos,KT Wiz,h2h,KT Wiz,1.58,0.6373930985288448,0.6373930985288448,0.6806626858672106,0.07544704367019284,0.98,1xBet,2026-08-12T10:00:00Z,79.0,a5690d29ccbf9c9be24f3d18,OPEN,,,2026-08-12 07:03:21,,0.0,0.0,,,,,
32401,football,Allsvenskan,Mjällby AIF vs IK Sirius,Mjällby AIF,IK Sirius,h2h,Mjällby AIF,3.7,0.2997560279836016,0.28482354667729,0.2932724002033194,0.08510788075228182,0.23,Unibet (SE),2026-08-15T13:00:00Z,6.505975432965282,54d37539b558130bba80007e,WON,,,2026-08-12 07:03:32,2026-08-15T16:10:24Z,0.0,0.0,4,3,4-3,the_odds_api_scores,f66d5c0307a1d2490c036414a7c8cbd3
32426,football,Brazil Serie A,Vasco da Gama vs Santos,Vasco da Gama,Santos,h2h,Santos,4.1,0.27085452754193806,0.24705213521841612,0.2609762031796707,0.07000243303664977,0.17,Matchbook,2026-08-16T19:00:00Z,5.682955019389562,47c119d05e8683ceb7df13d8,WON,,,2026-08-12 07:03:37,2026-08-17T05:55:57Z,0.0,0.0,0,3,0-3,the_odds_api_scores,006f25fb5068d9d8a51aac6a8179c789
32432,football,Argentina Primera Division,Lanus vs Independiente,Lanus,Independiente,h2h,Independiente,3.78,0.2935468100719419,0.26686200704018925,0.2825640957021951,0.06809228175429749,0.18,BetOnline.ag,2026-08-17T20:00:00Z,6.1914881861265885,68da44fcd0f2f02593a73b04,WON,,,2026-08-12 07:03:38,2026-08-18T06:21:20Z,0.0,0.0,1,3,1-3,the_odds_api_scores,1e87f55c063c7e171601eaa6b5f4da69
32434,football,Liga MX,Atlas vs Tigres,Atlas,Tigres,h2h,Atlas,3.5,0.3335332912478661,0.2846832366459413,0.31279231759643733,0.09477311158753077,0.28,Tipico,2026-08-16T03:10:00Z,8.068257706258725,0a79671105c07d5156c01735,WON,,,2026-08-12 07:03:39,2026-08-16T06:19:11Z,0.0,0.0,2,1,2-1,the_odds_api_scores,a7be0ab225101d04e57623db1c008722
32436,football,J-League,Tokyo Verdy vs Kashiwa Reysol,Tokyo Verdy,Kashiwa Reysol,h2h,Tokyo Verdy,4.5,0.27158228419343095,0.22304910283920185,0.24984144258306779,0.12428649162380512,0.27,Betfair,2026-08-14T10:00:00Z,10.562736063632325,f0e75248cbe40df4359b4a7b,LOST,,,2026-08-12 07:03:39,2026-08-14T16:39:08Z,0.0,0.0,1,3,1-3,the_odds_api_scores,b5533f61730b76f4a8f39ed5918218ae
32439,football,UEFA Nations League,Serbia vs Netherlands,Serbia,Netherlands,h2h,Draw,4.0,0.268748968707321,0.26632787201291785,0.2676550901144979,0.07062036045799158,0.18,1xBet,2026-09-27T16:00:00Z,6.038040819158281,c6ca9b489e8d784b35a39799,OPEN,,,2026-08-12 07:03:40,,0.0,0.0,,,,,
32551,baseball,baseball_mlb,San Francisco Giants vs Houston Astros,San Francisco Giants,Houston Astros,h2h,Houston Astros,1.74,0.5759835958834927,0.5759835958834927,0.6099319583367125,0.06128160750587974,0.62,Betfair,2026-08-12T19:46:00Z,80.0,582acf6fcaec4262e8794575,WON,,,2026-08-12 16:44:04,2026-08-13T07:07:12.498156+00:00,0.4588,0.74,,,,,
32764,baseball,baseball_mlb,Los Angeles Angels vs Texas Rangers,Los Angeles Angels,Texas Rangers,h2h,Los Angeles Angels,2.28,0.44409813288956473,0.44409813288956473,0.4650660073109621,0.06035049666899339,0.35,Matchbook,2026-08-13T02:11:00Z,77.0,54f38f44d0164e5baa3afba1,LOST,,,2026-08-12 16:44:17,2026-08-13T07:07:12.498183+00:00,-0.35,-1.0,,,,,
32788,football,Championship,Burnley vs West Ham United,Burnley,West Ham United,h2h,Burnley,3.25,0.3437607666058801,0.32117818560684336,0.33350699332487643,0.0838977283058484,0.28,Matchbook,2026-08-16T15:00:00Z,7.173255770150039,a21f4bb58feb8411ef13b4a3,LOST,,,2026-08-12 16:44:49,2026-08-16T22:25:37Z,0.0,0.0,2,2,2-2,the_odds_api_scores,fd2380fb0d0736468c7a58dfe8c1d6e2
32795,football,Eliteserien,Sarpsborg FK vs Sandefjord,Sarpsborg FK,Sandefjord,h2h,Sandefjord,4.32,0.2595823066687615,0.23947252467011054,0.2520112504711547,0.08868860203538831,0.2,Coolbet,2026-08-16T15:00:00Z,7.1696087606912995,d2541f4aff72841bcacbd8b9,WON,,,2026-08-12 16:45:01,2026-08-17T00:42:47Z,0.0,0.0,1,2,1-2,the_odds_api_scores,212bff296b4c00730355c327b34f0dae
32826,football,Argentina Primera Division,Central Córdoba vs Instituto de Córdoba,Central Córdoba,Instituto de Córdoba,h2h,Central Córdoba,4.0,0.2831762885229834,0.24933679477468404,0.2686906254041981,0.07476250161679232,0.19,Betfair,2026-08-16T23:15:00Z,6.152082579986348,1d97fe3237faeafc9eb3b5bd,LOST,,,2026-08-12 16:45:16,2026-08-17T06:28:33Z,0.0,0.0,0,1,0-1,the_odds_api_scores,5eb5a1e1e8f0e5c50f6b8a3416cf6078
32850,baseball,baseball_mlb,Detroit Tigers vs Cleveland Guardians,Detroit Tigers,Cleveland Guardians,h2h,Detroit Tigers,2.13,0.46720782380034176,0.46720782380034176,0.5530492862496144,0.17799497971167844,1.18,GTbets,2026-08-13T17:11:00Z,95.0,e8040866ecfdbd331b21f8b5,WON,,,2026-08-13 07:07:18,2026-08-13T16:42:44.447450+00:00,1.3334,1.13,,,,,
32864,baseball,baseball_mlb,Detroit Tigers vs Cleveland Guardians,Detroit Tigers,Cleveland Guardians,h2h,Cleveland Guardians,1.85,0.5327921761996584,0.5327921761996584,0.5793907137503858,0.07187282043821375,0.63,Unibet (NL),2026-08-13T17:11:00Z,87.0,90687f77b4c0d41d59bf2a0c,LOST,,,2026-08-13 07:07:18,2026-08-13T16:42:44.447475+00:00,-0.63,-1.0,,,,,
32873,baseball,baseball_mlb,Miami Marlins vs Pittsburgh Pirates,Miami Marlins,Pittsburgh Pirates,h2h,Pittsburgh Pirates,1.81,0.5361336801074845,0.5361336801074845,0.6465547683773842,0.17026413076306546,1.58,BetOnline.ag,2026-08-13T17:11:00Z,96.0,c3ed363559b0b683a4ad41c8,LOST,,,2026-08-13 07:07:18,2026-08-13T16:42:44.447492+00:00,-1.58,-1.0,,,,,
32891,baseball,baseball_mlb,New York Yankees vs Seattle Mariners,New York Yankees,Seattle Mariners,h2h,New York Yankees,1.67,0.5671759311367259,0.5671759311367259,0.6842195043333014,0.14264657223661326,1.6,888sport,2026-08-13T17:36:00Z,95.0,0c8541c8157f66d5df7ae650,WON,,,2026-08-13 07:07:18,2026-08-13T16:42:44.447521+00:00,1.072,0.67,,,,,
32908,baseball,baseball_mlb,Chicago White Sox vs Cincinnati Reds,Chicago White Sox,Cincinnati Reds,h2h,Chicago White Sox,1.76,0.5554138746185524,0.5554138746185524,0.6159862984250204,0.08413588522803583,0.83,GTbets,2026-08-13T18:11:00Z,93.0,b6ff40f52e2386612f8d0074,LOST,,,2026-08-13 07:07:19,2026-08-13T16:42:44.447541+00:00,-0.83,-1.0,,,,,
32909,baseball,baseball_mlb,Chicago White Sox vs Cincinnati Reds,Chicago White Sox,Cincinnati Reds,h2h,Cincinnati Reds,2.22,0.44458612538144754,0.44458612538144754,0.5158837015749798,0.14526181749645506,0.89,GTbets,2026-08-13T18:11:00Z,94.0,7c70c2433bf76a4ed9dcc256,WON,,,2026-08-13 07:07:19,2026-08-13T16:42:44.447563+00:00,1.0858,1.22,,,,,
32939,baseball,baseball_mlb,Toronto Blue Jays vs Boston Red Sox,Toronto Blue Jays,Boston Red Sox,h2h,Boston Red Sox,1.62,0.5992590739069252,0.5992590739069252,0.6779770081178763,0.09832275315095962,1.19,BetOnline.ag,2026-08-13T19:08:00Z,93.0,792b6764e8a9a15f78b3f388,LOST,,,2026-08-13 07:07:19,2026-08-13T16:42:44.447569+00:00,-1.19,-1.0,,,,,
32940,baseball,baseball_mlb,Toronto Blue Jays vs Boston Red Sox,Toronto Blue Jays,Boston Red Sox,h2h,Toronto Blue Jays,2.45,0.4007409260930748,0.4007409260930748,0.4510729918821238,0.10512883011120344,0.54,BetOnline.ag,2026-08-13T19:08:00Z,92.0,40b0acf61be5493cdbb8e931,WON,,,2026-08-13 07:07:19,2026-08-13T16:42:44.447575+00:00,0.783,1.45,,,,,
32971,baseball,baseball_mlb,Washington Nationals vs Chicago Cubs,Washington Nationals,Chicago Cubs,h2h,Chicago Cubs,1.75,0.5555922824088567,0.5555922824088567,0.6671765420512054,0.1675589485896094,1.68,GTbets,2026-08-13T20:06:00Z,96.0,6d73a0fe823c39864cc89a9e,WON,,,2026-08-13 07:07:20,2026-08-13T16:42:44.447591+00:00,1.26,0.75,,,,,
32991,baseball,baseball_mlb,Minnesota Twins vs Philadelphia Phillies,Minnesota Twins,Philadelphia Phillies,h2h,Minnesota Twins,1.91,0.5084780856452957,0.5084780856452957,0.6023344814191879,0.15045885951064886,1.24,BetOnline.ag,2026-08-13T23:30:00Z,95.0,ac750845e0efe09aabf75f0b,LOST,,,2026-08-13 07:07:20,2026-08-14T07:03:55.491225+00:00,-1.24,-1.0,,,,,
33012,baseball,baseball_mlb,Minnesota Twins vs Philadelphia Phillies,Minnesota Twins,Philadelphia Phillies,h2h,Philadelphia Phillies,2.0,0.4915219143547043,0.4915219143547043,0.5305255185808123,0.06105103716162463,0.46,Betfair,2026-08-13T23:30:00Z,79.0,d97afbc88dda925f8e4cc403,WON,,,2026-08-13 07:07:20,2026-08-14T07:03:55.491272+00:00,0.46,1.0,,,,,
33013,baseball,baseball_mlb,Los Angeles Angels vs Texas Rangers,Los Angeles Angels,Texas Rangers,h2h,Texas Rangers,1.62,0.5840455679075591,0.5840455679075591,0.6983082942719263,0.13125943672052065,1.59,888sport,2026-08-14T02:08:00Z,95.0,d3726f38b885699c7b5c9cb2,WON,,,2026-08-13 07:07:20,2026-08-13T16:42:44.447665+00:00,0.9858,0.62,,,,,
33033,baseball,baseball_mlb,Los Angeles Dodgers vs Milwaukee Brewers,Los Angeles Dodgers,Milwaukee Brewers,h2h,Los Angeles Dodgers,1.7,0.5722784047054917,0.5722784047054917,0.6717849947565799,0.14203449108618593,1.52,BetOnline.ag,2026-08-14T02:10:00Z,95.0,89168ad6a6f783666705cede,LOST,,,2026-08-13 07:07:21,2026-08-14T07:03:55.491354+00:00,-1.52,-1.0,,,,,
33035,baseball,baseball_mlb,Los Angeles Dodgers vs Milwaukee Brewers,Los Angeles Dodgers,Milwaukee Brewers,h2h,Milwaukee Brewers,2.3,0.4277215952945082,0.4277215952945082,0.4631750052434201,0.06530251205986604,0.38,GTbets,2026-08-14T02:10:00Z,86.0,a117744e2b09827ade9e443b,WON,,,2026-08-13 07:07:21,2026-08-14T07:03:55.491408+00:00,0.494,1.3,,,,,
33057,baseball,baseball_kbo,NC Dinos vs KT Wiz,NC Dinos,KT Wiz,h2h,KT Wiz,1.95,0.5098392428832319,0.5098392428832319,0.5438662170200885,0.06053912318917254,0.48,1xBet,2026-08-13T10:00:00Z,72.0,90570c0e77a7073581fbea1a,OPEN,,,2026-08-13 07:07:23,,0.0,0.0,,,,,
33058,baseball,baseball_kbo,Kiwoom Heroes vs LG Twins,Kiwoom Heroes,LG Twins,h2h,Kiwoom Heroes,2.47,0.39973109512326815,0.39973109512326815,0.4297729432449165,0.061539169814943895,0.31,BetOnline.ag,2026-08-13T10:00:00Z,81.0,d3986fdd4eb04741364bcaf0,OPEN,,,2026-08-13 07:07:24,,0.0,0.0,,,,,
33059,baseball,baseball_kbo,SSG Landers vs Lotte Giants,SSG Landers,Lotte Giants,h2h,SSG Landers,2.2,0.45744153079312383,0.45744153079312383,0.49055997871070534,0.07923195316355192,0.5,BetOnline.ag,2026-08-13T10:00:00Z,88.0,739a1e5dca1de08eb19143ec,OPEN,,,2026-08-13 07:07:24,,0.0,0.0,,,,,
33078,football,Belgian Pro League,Lommel SK vs Charleroi,Lommel SK,Charleroi,h2h,Lommel SK,3.55,0.311897287775377,0.2856296309881157,0.2998276333241702,0.06438809830080405,0.19,Betfair,2026-08-16T17:15:00Z,5.410666375161513,6415f0d22472780d4c4b99e0,LOST,,,2026-08-13 07:07:39,2026-08-17T00:44:50Z,0.0,0.0,0,1,0-1,the_odds_api_scores,f65624c36cefaf719ea4fd75deffb790
33088,football,Ligue 2,Stade Lavallois vs Nantes,Stade Lavallois,Nantes,h2h,Stade Lavallois,3.75,0.30193184805963935,0.26073271376520313,0.2839080938418298,0.06465535190686178,0.18,Betfair,2026-08-14T18:45:00Z,5.456168164392205,2b09b9c82c382f54e89946e5,WON,,,2026-08-13 07:07:44,2026-08-15T02:12:36Z,0.0,0.0,2,1,2-1,the_odds_api_scores,ec945238fda7f74f55fbf017e88e86ed
33109,football,Brazil Serie A,Vitoria vs Botafogo,Vitoria,Botafogo,h2h,Botafogo,3.34,0.3293521985977743,0.3067223163930622,0.31808468770136156,0.062402856922547656,0.17,Pinnacle,2026-08-16T21:30:00Z,4.365724690444261,7baa56b382547cafafdf2076,LOST,,,2026-08-13 07:07:46,2026-08-17T05:55:57Z,0.0,0.0,1,0,1-0,the_odds_api_scores,f9d582a2aad2946d6941a6efc7e519f7
33115,football,Argentina Primera Division,Independiente vs Independiente Rivadavia,Independiente,Independiente Rivadavia,h2h,Independiente Rivadavia,4.2,0.2663606891153683,0.2431188600691861,0.2564520463119605,0.07709859451023426,0.18,Codere (IT),2026-08-22T21:30:00Z,6.617444068506302,e810849dface0770f44c3544,OPEN,,,2026-08-13 07:07:48,,0.0,0.0,,,,,
33119,football,Liga MX,Querétaro vs Toluca,Querétaro,Toluca,h2h,Querétaro,3.55,0.32597277063847035,0.26789741291632607,0.30235782515128656,0.07337027928706719,0.22,Betsson,2026-08-22T23:00:00Z,6.6525150216374245,a057409500fcd4803d7ceef6,OPEN,,,2026-08-13 07:07:49,,0.0,0.0,,,,,
33120,basketball,basketball_nba,Miami Heat vs Minnesota Timberwolves,Miami Heat,Minnesota Timberwolves,h2h,Minnesota Timberwolves,2.35,0.4558708060105577,0.4558708060105577,0.4510984685653165,0.060081401128493805,0.33,1xBet,2026-10-21T23:40:00Z,5.650655776134842,392e5f995d4cacd2f497ca27,,,,2026-08-13 16:42:43,,0.0,0.0,,,,,
33146,baseball,baseball_mlb,Chicago White Sox vs Cincinnati Reds,Chicago White Sox,Cincinnati Reds,h2h,Chicago White Sox,1.77,0.5510253445320936,0.5510253445320936,0.5996687046691834,0.06141360726445466,0.6,GTbets,2026-08-13T17:11:00Z,85.0,08107d32b04e29012474cb4e,LOST,,,2026-08-13 16:42:52,2026-08-14T07:03:55.491144+00:00,-0.6,-1.0,,,,,
33147,baseball,baseball_mlb,Chicago White Sox vs Cincinnati Reds,Chicago White Sox,Cincinnati Reds,h2h,Cincinnati Reds,2.2,0.44897465546790627,0.44897465546790627,0.5353812953308167,0.17783884972779673,1.11,GTbets,2026-08-13T17:11:00Z,95.0,c817a2f30a0826ced0ff472e,WON,,,2026-08-13 16:42:52,2026-08-14T07:03:55.491172+00:00,1.332,1.2,,,,,
33336,baseball,baseball_npb,Fukuoka SoftBank Hawks vs Tohoku Rakuten Golden Eagles,Fukuoka SoftBank Hawks,Tohoku Rakuten Golden Eagles,h2h,Tohoku Rakuten Golden Eagles,3.87,0.25682339578531327,0.25682339578531327,0.2739840147546912,0.06031813710065492,0.16,Pinnacle,2026-08-14T09:00:00Z,69.0,26eee22bf0f91caca33ade97,OPEN,,,2026-08-13 16:43:07,,0.0,0.0,,,,,
33338,baseball,baseball_npb,Hiroshima Toyo Carp vs Hanshin Tigers,Hiroshima Toyo Carp,Hanshin Tigers,h2h,Hiroshima Toyo Carp,2.96,0.33614158349499834,0.33614158349499834,0.36001901929114877,0.06565629710180043,0.25,Pinnacle,2026-08-14T09:00:00Z,72.0,1d577200321fd62b8f41e724,OPEN,,,2026-08-13 16:43:07,,0.0,0.0,,,,,
33340,baseball,baseball_npb,Orix Buffaloes vs Hokkaido Nippon-Ham Fighters,Orix Buffaloes,Hokkaido Nippon-Ham Fighters,h2h,Orix Buffaloes,2.37,0.42128614389760083,0.42128614389760083,0.45216033080115264,0.0716199839987317,0.39,Pinnacle,2026-08-14T09:00:00Z,75.0,9f791c61dd86d5aff3bc06f7,OPEN,,,2026-08-13 16:43:08,,0.0,0.0,,,,,
33341,baseball,baseball_kbo,KT Wiz vs Kiwoom Heroes,KT Wiz,Kiwoom Heroes,h2h,Kiwoom Heroes,4.26,0.2458358060348949,0.2458358060348949,0.2616535706468691,0.11464421095566246,0.26,1xBet,2026-08-14T10:00:00Z,86.0,e4c59760a91e9f323e5918b4,OPEN,,,2026-08-13 16:43:09,,0.0,0.0,,,,,
33386,football,Brazil Serie A,Chapecoense vs Bahia,Chapecoense,Bahia,h2h,Chapecoense,3.6,0.31583735700398863,0.2749933496059915,0.29850570651703895,0.07462054346134028,0.22,Pinnacle,2026-08-16T14:00:00Z,6.090384776975986,870eae47a5616b90f416f9a5,LOST,,,2026-08-13 16:43:39,2026-08-16T16:10:33Z,0.0,0.0,3,3,3-3,the_odds_api_scores,23d2a9b2d78fa7d678c4c6f5b7f90dd9
33416,baseball,baseball_mlb,Chicago Cubs vs St. Louis Cardinals,Chicago Cubs,St. Louis Cardinals,h2h,Chicago Cubs,1.54,0.6237804121965644,0.6237804121965644,0.7064381253115518,0.08791471297978992,1.22,BetOnline.ag,2026-08-14T18:20:00Z,94.0,87f0c61bd28d344f2d2b220c,WON,,,2026-08-14 07:04:02,2026-08-15T06:17:08.319320+00:00,0.6588,0.54,,,,,
33417,baseball,baseball_mlb,Chicago Cubs vs St. Louis Cardinals,Chicago Cubs,St. Louis Cardinals,h2h,St. Louis Cardinals,2.66,0.37621958780343556,0.37621958780343556,0.42528187468844836,0.13124978667127274,0.59,BetOnline.ag,2026-08-14T18:20:00Z,91.0,efaea7202b7d12753d5278d6,LOST,,,2026-08-14 07:04:02,2026-08-15T06:17:08.319369+00:00,-0.59,-1.0,,,,,
33451,baseball,baseball_mlb,Cincinnati Reds vs Miami Marlins,Cincinnati Reds,Miami Marlins,h2h,Cincinnati Reds,1.85,0.5083690594956504,0.5083690594956504,0.616865709876583,0.14120156327167854,1.25,888sport,2026-08-14T22:11:00Z,95.0,85d18ff18647bd423c0c42fc,WON,,,2026-08-14 07:04:02,2026-08-15T06:17:08.319406+00:00,1.0625,0.85,,,,,
33465,baseball,baseball_mlb,Pittsburgh Pirates vs Boston Red Sox,Pittsburgh Pirates,Boston Red Sox,h2h,Boston Red Sox,1.75,0.5582225720030364,0.5582225720030364,0.6682838908777251,0.16949680903601894,1.69,BetOnline.ag,2026-08-14T22:41:00Z,96.0,2e89bf3ca611110cd30d4471,LOST,,,2026-08-14 07:04:03,2026-08-15T06:17:08.319441+00:00,-1.69,-1.0,,,,,
33483,baseball,baseball_mlb,Detroit Tigers vs Chicago White Sox,Detroit Tigers,Chicago White Sox,h2h,Detroit Tigers,1.65,0.5787458542175928,0.5787458542175928,0.6965710523673503,0.14934223640612787,1.72,888sport,2026-08-14T22:41:00Z,96.0,00e0ad6255ee026308abfc1d,LOST,,,2026-08-14 07:04:03,2026-08-15T06:17:08.319478+00:00,-1.72,-1.0,,,,,
33503,baseball,baseball_mlb,Cleveland Guardians vs San Diego Padres,Cleveland Guardians,San Diego Padres,h2h,Cleveland Guardians,1.79,0.5449612632576858,0.5449612632576858,0.6570457865250916,0.17611195787991396,1.67,GTbets,2026-08-14T23:11:00Z,96.0,6164f9007f7d254b261b81b4,LOST,,,2026-08-14 07:04:04,2026-08-15T06:17:08.319519+00:00,-1.67,-1.0,,,,,
33522,baseball,baseball_mlb,New York Mets vs Washington Nationals,New York Mets,Washington Nationals,h2h,New York Mets,1.8,0.520701854853176,0.520701854853176,0.6309916624959012,0.13578499249262221,1.27,888sport,2026-08-14T23:11:00Z,94.0,6749ce192732aea630360bb2,WON,,,2026-08-14 07:04:04,2026-08-15T06:17:08.319562+00:00,1.016,0.8,,,,,
33540,baseball,baseball_mlb,Toronto Blue Jays vs New York Yankees,Toronto Blue Jays,New York Yankees,h2h,New York Yankees,1.68,0.5816642619183876,0.5816642619183876,0.6455591713419563,0.08453940785448655,0.93,BetOnline.ag,2026-08-14T23:16:00Z,93.0,e843497dac2822444bfd61cb,LOST,,,2026-08-14 07:04:04,2026-08-15T06:17:08.319667+00:00,-0.93,-1.0,,,,,
33541,baseball,baseball_mlb,Toronto Blue Jays vs New York Yankees,Toronto Blue Jays,New York Yankees,h2h,Toronto Blue Jays,2.32,0.41833573808161234,0.41833573808161234,0.4869408286580439,0.12970272248666181,0.74,BetOnline.ag,2026-08-14T23:16:00Z,93.0,081c83e3142aedf0b7acec66,WON,,,2026-08-14 07:04:04,2026-08-15T06:17:08.319708+00:00,0.9768,1.32,,,,,
33570,baseball,baseball_mlb,Houston Astros vs Seattle Mariners,Houston Astros,Seattle Mariners,h2h,Houston Astros,1.79,0.5407652969644868,0.5407652969644868,0.6528664209556674,0.16863089351064464,1.6,BetOnline.ag,2026-08-15T00:11:00Z,96.0,4c8fa0940b25fb6e4a7453f8,WON,,,2026-08-14 07:04:05,2026-08-15T06:17:08.319841+00:00,1.264,0.79,,,,,
33589,baseball,baseball_mlb,Los Angeles Angels vs Kansas City Royals,Los Angeles Angels,Kansas City Royals,h2h,Los Angeles Angels,1.91,0.5001293101509543,0.5001293101509543,0.6077335343215337,0.16077105055412932,1.33,888sport,2026-08-15T01:39:00Z,95.0,82a1b839f231be894654ad1e,LOST,,,2026-08-14 07:04:05,2026-08-15T06:17:08.319886+00:00,-1.33,-1.0,,,,,
33604,baseball,baseball_mlb,Los Angeles Dodgers vs Milwaukee Brewers,Los Angeles Dodgers,Milwaukee Brewers,h2h,Los Angeles Dodgers,1.55,0.6232747754874638,0.6232747754874638,0.7109461140865106,0.10196647683409155,1.39,GTbets,2026-08-15T02:11:00Z,94.0,74ba4a8fb241e9826d8b18a9,LOST,,,2026-08-14 07:04:06,2026-08-14T16:38:25.916811+00:00,-1.39,-1.0,,,,,
33605,baseball,baseball_mlb,Los Angeles Dodgers vs Milwaukee Brewers,Los Angeles Dodgers,Milwaukee Brewers,h2h,Milwaukee Brewers,2.63,0.3767252245125361,0.3767252245125361,0.4193038859134894,0.10276921995247701,0.47,GTbets,2026-08-15T02:11:00Z,91.0,33040b977d42176d115e41b8,WON,,,2026-08-14 07:04:06,2026-08-14T16:38:25.916877+00:00,0.7661,1.63,,,,,
33632,baseball,baseball_mlb,San Francisco Giants vs Colorado Rockies,San Francisco Giants,Colorado Rockies,h2h,San Francisco Giants,1.75,0.54435293151356,0.54435293151356,0.6553698978466767,0.1468973212316842,1.47,888sport,2026-08-15T02:16:00Z,95.0,b836b75073c89d68aa14ecac,LOST,,,2026-08-14 07:04:06,2026-08-15T06:17:08.319977+00:00,-1.47,-1.0,,,,,
33649,basketball,basketball_wnba,Indiana Fever vs Dallas Wings,Indiana Fever,Dallas Wings,h2h,Dallas Wings,3.65,0.2819219988793699,0.2819219988793699,0.2971325721125957,0.0845338882109743,0.24,Betfair,2026-08-14T23:30:00Z,7.87090806437971,ce78d8a8b8fb8258bc541ed4,LOST,,,2026-08-14 07:04:06,2026-08-15T06:17:08.528382+00:00,-0.24,-1.0,,,,,
33651,baseball,baseball_npb,Saitama Seibu Lions vs Chiba Lotte Marines,Saitama Seibu Lions,Chiba Lotte Marines,h2h,Saitama Seibu Lions,1.83,0.5434513579300251,0.5434513579300251,0.5829175456061194,0.06673910845919862,0.6,BetOnline.ag,2026-08-14T09:00:00Z,84.0,b47acf0bd666ff2e47588a26,OPEN,,,2026-08-14 07:04:10,,0.0,0.0,,,,,
33658,baseball,baseball_npb,Tokyo Yakult Swallows vs Yokohama DeNA BayStars,Tokyo Yakult Swallows,Yokohama DeNA BayStars,h2h,Tokyo Yakult Swallows,2.3,0.42989535154403674,0.42989535154403674,0.4629294206889083,0.06473766758448907,0.37,BetOnline.ag,2026-08-14T09:00:00Z,81.0,dce4e3f88cd8bb4987821589,OPEN,,,2026-08-14 07:04:11,,0.0,0.0,,,,,
33677,football,Danish Superliga,Lyngby vs FC Midtjylland,Lyngby,FC Midtjylland,h2h,Draw,4.42,0.24661524998199094,0.23220364465788743,0.24038445880646084,0.062499307924556824,0.14,Pinnacle,2026-08-16T14:00:00Z,5.200999151371585,b1f2d5b388907c255fca83f2,WON,,,2026-08-14 07:04:25,2026-08-16T16:10:40Z,0.0,0.0,1,1,1-1,the_odds_api_scores,ba3746776d0ee70ced3b67ac75a79bbb
33683,football,Allsvenskan,GAIS vs Malmo FF,GAIS,Malmo FF,h2h,Malmo FF,3.4,0.3158468472549305,0.30596399228145843,0.31220789537534743,0.06150684427618125,0.19,Coolbet,2026-08-16T14:30:00Z,5.005885213185487,a52a94ec9336c44a986651c6,WON,,,2026-08-14 07:04:26,2026-08-16T21:52:31Z,0.0,0.0,0,1,0-1,the_odds_api_scores,8d80fef290ee2938beb4b70878c52392
33687,football,Ligue 2,Grenoble vs Metz,Grenoble,Metz,h2h,Grenoble,3.95,0.2858178066009895,0.25777673456399713,0.2726333131521934,0.076901586951164,0.19,Betfair,2026-08-14T18:45:00Z,6.10632579467736,ec228dde254375966dd2dbc9,LOST,,,2026-08-14 07:04:28,2026-08-15T02:12:36Z,0.0,0.0,0,0,0-0,the_odds_api_scores,152ebb38a7e7f67bc18ae12f8d4a285b
33694,football,MLS,Austin FC vs FC Dallas,Austin FC,FC Dallas,h2h,Austin FC,3.05,0.3564819680526843,0.33483357675930375,0.34785671113482564,0.06096296896121811,0.22,LeoVegas (SE),2026-08-17T00:30:00Z,5.024514254370911,b1b6d9377493371d49041204,LOST,,,2026-08-14 07:04:29,2026-08-17T06:28:38Z,0.0,0.0,1,2,1-2,the_odds_api_scores,0198abf59a592bb8855ebf7430656607
33710,football,MLS,Atlanta United FC vs Sporting Kansas City,Atlanta United FC,Sporting Kansas City,h2h,Sporting Kansas City,4.5,0.25701548729859824,0.2172988825866658,0.24106511256599486,0.08479300654697686,0.18,LeoVegas (SE),2026-08-23T23:00:00Z,6.988564981756072,5250e3ec8b6ff9567456f279,OPEN,,,2026-08-14 07:04:31,,0.0,0.0,,,,,
33724,football,Liga MX,América vs Atlético San Luis,América,Atlético San Luis,h2h,Draw,4.45,0.24700745063667598,0.23495552676014894,0.2422768833849348,0.07813213106295991,0.17,BetOnline.ag,2026-08-16T23:00:00Z,7.351737393992279,06bcf85026510289fcbb711d,LOST,,,2026-08-14 07:04:34,2026-08-17T06:28:34Z,0.0,0.0,3,0,3-0,the_odds_api_scores,f8a01df8259218cbc47a4410c265061d
33839,baseball,baseball_mlb,Tampa Bay Rays vs Baltimore Orioles,Tampa Bay Rays,Baltimore Orioles,h2h,Tampa Bay Rays,1.57,0.5995862821720725,0.5995862821720725,0.7203219522542956,0.13090546503924427,1.72,888sport,2026-08-14T23:11:00Z,95.0,0a384076df954b06f3504ce3,LOST,,,2026-08-14 16:38:35,2026-08-15T06:17:08.319598+00:00,-1.72,-1.0,,,,,
33887,baseball,baseball_mlb,Atlanta Braves vs Arizona Diamondbacks,Atlanta Braves,Arizona Diamondbacks,h2h,Atlanta Braves,1.57,0.6346939054240113,0.6346939054240113,0.6781354517506077,0.06467265924845411,0.85,Betfair,2026-08-14T23:16:00Z,81.0,a4fbb6c0eeddadc1f9ebbf8a,LOST,,,2026-08-14 16:38:36,2026-08-15T06:17:08.319752+00:00,-0.85,-1.0,,,,,
33888,baseball,baseball_mlb,Atlanta Braves vs Arizona Diamondbacks,Atlanta Braves,Arizona Diamondbacks,h2h,Arizona Diamondbacks,2.6,0.36530609457598856,0.36530609457598856,0.45124454824939214,0.17323582544841964,0.81,Coolbet,2026-08-14T23:16:00Z,94.0,f5890b1d7556f1d8485af21a,WON,,,2026-08-14 16:38:36,2026-08-15T06:17:08.319795+00:00,1.296,1.6,,,,,
33957,baseball,baseball_mlb,Athletics vs Texas Rangers,Athletics,Texas Rangers,h2h,Texas Rangers,1.89,0.5034236967590732,0.5034236967590732,0.6065131462248453,0.14630984636495747,1.23,Coolbet,2026-08-15T01:41:00Z,95.0,9be66238c862c7c440a13415,LOST,,,2026-08-14 16:38:38,2026-08-15T06:17:08.319931+00:00,-1.23,-1.0,,,,,
34028,baseball,baseball_npb,Hiroshima Toyo Carp vs Hanshin Tigers,Hiroshima Toyo Carp,Hanshin Tigers,h2h,Hiroshima Toyo Carp,2.35,0.42125600182063944,0.42125600182063944,0.45159712140189234,0.06125323529444704,0.34,Pinnacle,2026-08-15T09:00:00Z,72.0,47a69502a027dd2d5257f39f,OPEN,,,2026-08-14 16:38:44,,0.0,0.0,,,,,
34029,baseball,baseball_npb,Tokyo Yakult Swallows vs Yokohama DeNA BayStars,Tokyo Yakult Swallows,Yokohama DeNA BayStars,h2h,Tokyo Yakult Swallows,2.3,0.4358921686322586,0.4358921686322586,0.4689869698468392,0.07867003064773015,0.45,PMU (FR),2026-08-15T09:00:00Z,82.0,04dceada9ec7bea806cc06a9,OPEN,,,2026-08-14 16:38:44,,0.0,0.0,,,,,
34032,baseball,baseball_kbo,Kia Tigers vs Doosan Bears,Kia Tigers,Doosan Bears,h2h,Doosan Bears,2.31,0.4357803908104743,0.4357803908104743,0.4637409009240652,0.07124148113459072,0.41,1xBet,2026-08-15T10:00:00Z,76.0,cbae2d7a2e6c0a081fa2a893,OPEN,,,2026-08-14 16:38:47,,0.0,0.0,,,,,
34033,baseball,baseball_kbo,LG Twins vs SSG Landers,LG Twins,SSG Landers,h2h,SSG Landers,2.31,0.4343243726018787,0.4343243726018787,0.4646597669034466,0.07336406154696173,0.42,1xBet,2026-08-15T10:00:00Z,75.0,fd24a132113909ff83698136,OPEN,,,2026-08-14 16:38:48,,0.0,0.0,,,,,
34040,football,La Liga,Celta Vigo vs CA Osasuna,Celta Vigo,CA Osasuna,h2h,CA Osasuna,4.0,0.28114460389057183,0.2601414429453407,0.27159383872714077,0.08637535490856307,0.22,Tipico,2026-08-27T18:30:00Z,7.385092844682142,0eed122e62ef566a813dd8d5,OPEN,,,2026-08-14 16:38:52,,0.0,0.0,,,,,
34048,football,League One,Plymouth Argyle vs Stockport County FC,Plymouth Argyle,Stockport County FC,h2h,Stockport County FC,3.6,0.3032896672960951,0.28955593314341416,0.29705071483490153,0.06938257340564546,0.2,Matchbook,2026-08-15T14:00:00Z,5.932210026182687,58be894fc246a4954022f68c,WON,,,2026-08-14 16:38:56,2026-08-15T16:10:24Z,0.0,0.0,1,3,1-3,the_odds_api_scores,fd2a951fd7e10c5f23f2f893c8d6b96b
34049,football,Scottish Premiership,Falkirk F.C. vs Hearts,Falkirk F.C.,Hearts,h2h,Falkirk F.C.,3.6,0.3221003852043328,0.28155518187202994,0.3049997748575801,0.09799918948728847,0.28,Tipico,2026-08-22T14:00:00Z,8.362172839760836,aa324ea61edbd29fcefcd6e4,OPEN,,,2026-08-14 16:38:57,,0.0,0.0,,,,,
34050,football,Belgian Pro League,Genk vs Westerlo,Genk,Westerlo,h2h,Draw,4.5,0.24552763415503684,0.23160237665178307,0.23952034762901614,0.07784156433057254,0.17,Betfair,2026-08-15T18:45:00Z,6.633490752888081,94822345b5717100f939ddc1,LOST,,,2026-08-14 16:38:58,2026-08-16T02:21:05Z,0.0,0.0,3,2,3-2,the_odds_api_scores,02ae2b1f06dd5d356f1b3ba836aa8395
34053,football,Turkish Super Lig,Samsunspor vs Goztepe,Samsunspor,Goztepe,h2h,Goztepe,3.9,0.29401742674769926,0.2784649644654086,0.28694290505334774,0.11907732970805607,0.31,Betfair,2026-08-17T18:30:00Z,10.181111690038794,b22e54127f7e762ded6ded54,LOST,,,2026-08-14 16:38:59,2026-08-18T06:21:01Z,0.0,0.0,3,3,3-3,the_odds_api_scores,4b7e118e8b4da87694adfd9b8a75a1f9
34055,football,Danish Superliga,Viborg FF vs AGF Aarhus,Viborg FF,AGF Aarhus,h2h,AGF Aarhus,3.71,0.2940307553485005,0.27607260823920604,0.2865959298238474,0.06327089964647392,0.18,Pinnacle,2026-08-14T17:00:00Z,5.265208628630762,2cad75addb12841c55a7c247,LOST,,,2026-08-14 16:39:00,2026-08-15T00:21:25Z,0.0,0.0,2,1,2-1,the_odds_api_scores,1f29f10badb7a62d98ee20c8b4c39791
34057,football,Danish Superliga,Randers FC vs FC Copenhagen,Randers FC,FC Copenhagen,h2h,Draw,4.3,0.2517768309458245,0.2398131980595777,0.2469702741270945,0.06197217874650618,0.14,Betfair,2026-08-16T16:00:00Z,5.12959526390412,52789841bdb0c3c105d389f1,LOST,,,2026-08-14 16:39:00,2026-08-16T23:24:29Z,0.0,0.0,0,4,0-4,the_odds_api_scores,0bf08c81c6fbb1d5ec53e483e9d2a208
34060,football,Allsvenskan,IF Elfsborg vs Västerås SK,IF Elfsborg,Västerås SK,h2h,Draw,4.4,0.24816659134661606,0.23100261455415053,0.2419722799484859,0.0646780317733382,0.14,Betfair,2026-08-14T17:00:00Z,5.263980077050974,d088e320a1d826f48c5efb09,LOST,,,2026-08-14 16:39:01,2026-08-15T00:18:39Z,0.0,0.0,3,0,3-0,the_odds_api_scores,6bf2a0cde15cd3833ac0ec0aeb87286c
34066,football,Ligue 2,Red Star vs Sochaux,Red Star,Sochaux,h2h,Sochaux,4.5,0.24783489995150165,0.2258878424969288,0.23809048476906614,0.07140718146079772,0.15,Betfair,2026-08-14T18:45:00Z,6.025944932704529,a2178aec5b80681cfc1cf6be,LOST,,,2026-08-14 16:39:04,2026-08-15T02:12:36Z,0.0,0.0,0,0,0-0,the_odds_api_scores,55474a36cf2d9c34a8dfb6cd7a38449b
34067,football,MLS,Atlanta United FC vs New York Red Bulls,Atlanta United FC,New York Red Bulls,h2h,Draw,4.46,0.253122025560772,0.2423035150839061,0.24867578965265413,0.10909402185083739,0.24,1xBet,2026-08-15T23:30:00Z,8.581335758786869,00d3c1ea2701a95cb5c62028,LOST,,,2026-08-14 16:39:04,2026-08-16T06:19:24Z,0.0,0.0,2,1,2-1,the_odds_api_scores,cf2d7beb03aa818fba73e06b15081005
34069,football,MLS,Charlotte FC vs Columbus Crew SC,Charlotte FC,Columbus Crew SC,h2h,Draw,3.99,0.267308630101343,0.2641335108735605,0.26603612199476095,0.0614841267590962,0.15,1xBet,2026-08-15T23:30:00Z,4.836341410870508,5add9b2efaa04a7b3897e060,LOST,,,2026-08-14 16:39:04,2026-08-16T06:19:24Z,0.0,0.0,3,1,3-1,the_odds_api_scores,5c2f5b559ef265b51ae01949ff1d66b1
34105,football,J-League,Kashima Antlers vs Nagoya Grampus,Kashima Antlers,Nagoya Grampus,h2h,Nagoya Grampus,4.5,0.25518465033277243,0.22375160895068408,0.24122900573473216,0.08553052580629483,0.18,Betfair,2026-08-15T09:00:00Z,7.268982796699579,7c91be1ffb0acb48a68b4507,LOST,,,2026-08-14 16:39:11,2026-08-15T16:10:25Z,0.0,0.0,2,1,2-1,the_odds_api_scores,f886399face03f1f525a60930e2e60c3
34132,baseball,baseball_mlb,Detroit Tigers vs Chicago White Sox,Detroit Tigers,Chicago White Sox,h2h,Detroit Tigers,1.68,0.5622877385787162,0.5622877385787162,0.6775744834020605,0.1383251321154615,1.53,Unibet (FR),2026-08-15T17:10:00Z,95.0,082bdeb37ba243d5649a84d8,LOST,,,2026-08-15 06:17:18,2026-08-15T16:09:41.377274+00:00,-1.53,-1.0,,,,,
34148,baseball,baseball_mlb,Chicago Cubs vs St. Louis Cardinals,Chicago Cubs,St. Louis Cardinals,h2h,Chicago Cubs,1.53,0.6104962103160855,0.6104962103160855,0.7043971289655513,0.07772760731729345,1.1,888sport,2026-08-15T18:21:00Z,93.0,8864d1efad86ae0c02a89670,WON,,,2026-08-15 06:17:19,2026-08-15T16:09:41.377320+00:00,0.583,0.53,,,,,
34150,baseball,baseball_mlb,Chicago Cubs vs St. Louis Cardinals,Chicago Cubs,St. Louis Cardinals,h2h,St. Louis Cardinals,2.6,0.3895037896839145,0.3895037896839145,0.42651287103444896,0.10893346468956744,0.51,BetOnline.ag,2026-08-15T18:21:00Z,91.0,f304ff3432f96c809c8ee36a,LOST,,,2026-08-15 06:17:19,2026-08-15T16:09:41.377351+00:00,-0.51,-1.0,,,,,
34177,baseball,baseball_mlb,Toronto Blue Jays vs New York Yankees,Toronto Blue Jays,New York Yankees,h2h,Toronto Blue Jays,2.5,0.3867270426530651,0.3867270426530651,0.4565503593222181,0.1413758983055453,0.71,888sport,2026-08-15T19:08:00Z,93.0,9dcb385eb1eee24b57574b19,WON,,,2026-08-15 06:17:19,2026-08-15T16:09:41.377390+00:00,1.065,1.5,,,,,
34185,baseball,baseball_mlb,Toronto Blue Jays vs New York Yankees,Toronto Blue Jays,New York Yankees,h2h,New York Yankees,1.6,0.613272957346935,0.613272957346935,0.6701896406777821,0.07230342508445142,0.9,1xBet,2026-08-15T19:08:00Z,84.0,9ce7d6ed1903ecc8e58f645a,LOST,,,2026-08-15 06:17:19,2026-08-15T16:09:41.377427+00:00,-0.9,-1.0,,,,,
34198,baseball,baseball_mlb,San Francisco Giants vs Colorado Rockies,San Francisco Giants,Colorado Rockies,h2h,San Francisco Giants,1.56,0.6245635231282541,0.6245635231282541,0.7478430258334563,0.1666351203001919,2.23,BetOnline.ag,2026-08-15T20:06:00Z,96.0,ddd2dc61f97f3fd1345bd2b8,LOST,,,2026-08-15 06:17:19,2026-08-15T16:09:41.377470+00:00,-2.23,-1.0,,,,,
34218,baseball,baseball_mlb,New York Mets vs Washington Nationals,New York Mets,Washington Nationals,h2h,New York Mets,1.68,0.5639659527830024,0.5639659527830024,0.6820900863343449,0.14591134504169934,1.61,Betsson,2026-08-15T20:11:00Z,95.0,2dbc70cb6042fd97efcdbb12,WON,,,2026-08-15 06:17:20,2026-08-15T16:09:41.377505+00:00,1.0948,0.68,,,,,
34234,baseball,baseball_mlb,Tampa Bay Rays vs Baltimore Orioles,Tampa Bay Rays,Baltimore Orioles,h2h,Tampa Bay Rays,1.67,0.5686644245054738,0.5686644245054738,0.6835444530731833,0.14151923663221622,1.58,888sport,2026-08-15T22:11:00Z,95.0,1a8ce73ef65e52fcf9a1b2e3,LOST,,,2026-08-15 06:17:20,2026-08-15T16:09:41.377540+00:00,-1.58,-1.0,,,,,
34252,baseball,baseball_mlb,Cincinnati Reds vs Miami Marlins,Cincinnati Reds,Miami Marlins,h2h,Cincinnati Reds,1.85,0.5087920842415409,0.5087920842415409,0.6157474972552655,0.13913286992224116,1.23,888sport,2026-08-15T22:41:00Z,95.0,8d0f0edc9251d6b4c1a49744,WON,,,2026-08-15 06:17:21,2026-08-15T16:09:41.377571+00:00,1.0455,0.85,,,,,
34268,baseball,baseball_mlb,Cleveland Guardians vs San Diego Padres,Cleveland Guardians,San Diego Padres,h2h,Cleveland Guardians,1.8,0.5241082388615228,0.5241082388615228,0.6346044114372424,0.14228794058703653,1.33,888sport,2026-08-15T23:11:00Z,95.0,1a5615f7bb2466d5a15ad36e,LOST,,,2026-08-15 06:17:21,2026-08-15T16:09:41.377607+00:00,-1.33,-1.0,,,,,
34278,baseball,baseball_mlb,Houston Astros vs Seattle Mariners,Houston Astros,Seattle Mariners,h2h,Houston Astros,1.8,0.5312247243309562,0.5312247243309562,0.6409724807536233,0.15375046535652204,1.44,888sport,2026-08-15T23:11:00Z,95.0,e21e49ef83ff94040e7f5012,WON,,,2026-08-15 06:17:21,2026-08-15T16:09:41.377646+00:00,1.152,0.8,,,,,
34296,baseball,baseball_mlb,Minnesota Twins vs Philadelphia Phillies,Minnesota Twins,Philadelphia Phillies,h2h,Minnesota Twins,2.32,0.42442080474650545,0.42442080474650545,0.49230080613428645,0.14213787023154456,0.81,BetOnline.ag,2026-08-15T23:11:00Z,93.0,965c25ed730b16ec1174394b,LOST,,,2026-08-15 06:17:22,2026-08-15T16:09:41.377673+00:00,-0.81,-1.0,,,,,
34297,baseball,baseball_mlb,Minnesota Twins vs Philadelphia Phillies,Minnesota Twins,Philadelphia Phillies,h2h,Philadelphia Phillies,1.68,0.5755791952534945,0.5755791952534945,0.6437991938657137,0.0815826456943991,0.9,BetOnline.ag,2026-08-15T23:11:00Z,92.0,542cef7f20d4a5b6b83a948a,WON,,,2026-08-15 06:17:22,2026-08-15T16:09:41.377699+00:00,0.612,0.68,,,,,
34332,baseball,baseball_mlb,Atlanta Braves vs Arizona Diamondbacks,Atlanta Braves,Arizona Diamondbacks,h2h,Arizona Diamondbacks,2.1,0.4410054813063427,0.4410054813063427,0.5380461582543546,0.1298969323341448,0.89,Unibet (FR),2026-08-15T23:15:00Z,93.0,bdf4de4ff9b8e529bb87e398,WON,,,2026-08-15 06:17:22,2026-08-15T16:09:41.377735+00:00,0.979,1.1,,,,,
34346,baseball,baseball_mlb,Atlanta Braves vs Arizona Diamondbacks,Atlanta Braves,Arizona Diamondbacks,h2h,Atlanta Braves,1.8,0.5589945186936573,0.5589945186936573,0.5961038417456455,0.07298691514216182,0.68,Betfair,2026-08-15T23:15:00Z,83.0,c9ab55c1ebf558d9221e3df4,LOST,,,2026-08-15 06:17:22,2026-08-15T16:09:41.377772+00:00,-0.68,-1.0,,,,,
34347,baseball,baseball_mlb,Los Angeles Dodgers vs Milwaukee Brewers,Los Angeles Dodgers,Milwaukee Brewers,h2h,Los Angeles Dodgers,2.18,0.44802724780115843,0.44802724780115843,0.4997557637593385,0.08946756499535802,0.57,BetOnline.ag,2026-08-15T23:15:00Z,91.0,fcb413f419456e470385616c,LOST,,,2026-08-15 06:17:22,2026-08-15T16:09:41.377840+00:00,-0.57,-1.0,,,,,
34348,baseball,baseball_mlb,Los Angeles Dodgers vs Milwaukee Brewers,Los Angeles Dodgers,Milwaukee Brewers,h2h,Milwaukee Brewers,1.77,0.5519727521988417,0.5519727521988417,0.6322342362406618,0.11905459814597141,1.16,BetOnline.ag,2026-08-15T23:15:00Z,93.0,04ec2cf1270992ba55eb94ba,WON,,,2026-08-15 06:17:22,2026-08-15T16:09:41.377871+00:00,0.8932,0.77,,,,,
34380,baseball,baseball_mlb,Pittsburgh Pirates vs Boston Red Sox,Pittsburgh Pirates,Boston Red Sox,h2h,Boston Red Sox,1.82,0.535500489077234,0.535500489077234,0.642638206716628,0.16960153622426288,1.55,BetOnline.ag,2026-08-15T23:16:00Z,96.0,fad0242f549faf019366d959,LOST,,,2026-08-15 06:17:23,2026-08-15T16:09:41.377903+00:00,-1.55,-1.0,,,,,
34399,baseball,baseball_mlb,Los Angeles Angels vs Kansas City Royals,Los Angeles Angels,Kansas City Royals,h2h,Los Angeles Angels,1.58,0.5855725616540036,0.5855725616540036,0.7050681422714695,0.11400766478892188,1.47,Unibet (FR),2026-08-16T01:38:00Z,94.0,6875e31c24692af8e9d369ac,LOST,,,2026-08-15 06:17:23,2026-08-15T16:09:41.377942+00:00,-1.47,-1.0,,,,,
34417,baseball,baseball_mlb,Athletics vs Texas Rangers,Athletics,Texas Rangers,h2h,Texas Rangers,1.79,0.5486485086833494,0.5486485086833494,0.6565120998210734,0.1751566586797213,1.66,BetOnline.ag,2026-08-16T01:40:00Z,96.0,c91bec4338df184786f6c5ca,LOST,,,2026-08-15 06:17:24,2026-08-15T16:09:41.377982+00:00,-1.66,-1.0,,,,,
34436,baseball,baseball_npb,Orix Buffaloes vs Hokkaido Nippon-Ham Fighters,Orix Buffaloes,Hokkaido Nippon-Ham Fighters,h2h,Orix Buffaloes,3.25,0.3072021544714846,0.3072021544714846,0.3300556589430431,0.07268089156489022,0.24,Betsson,2026-08-15T05:00:00Z,80.0,15ebc2886d9b61c2ce1a88af,OPEN,,,2026-08-15 06:17:27,,0.0,0.0,,,,,
34439,baseball,baseball_npb,Saitama Seibu Lions vs Chiba Lotte Marines,Saitama Seibu Lions,Chiba Lotte Marines,h2h,Chiba Lotte Marines,2.22,0.44806618258203385,0.44806618258203385,0.4797709605881661,0.06509153250572886,0.4,Pinnacle,2026-08-15T08:00:00Z,74.0,8634758ac988a0d164e800d3,OPEN,,,2026-08-15 06:17:27,,0.0,0.0,,,,,
34444,baseball,baseball_kbo,Kia Tigers vs Doosan Bears,Kia Tigers,Doosan Bears,h2h,Kia Tigers,1.84,0.5514804944519879,0.5514804944519879,0.5921299807280307,0.08951916453957653,0.8,BetOnline.ag,2026-08-15T10:00:00Z,93.0,c15c47e5749f810f3634af64,OPEN,,,2026-08-15 06:17:28,,0.0,0.0,,,,,
34445,baseball,baseball_kbo,Samsung Lions vs Hanwha Eagles,Samsung Lions,Hanwha Eagles,h2h,Hanwha Eagles,2.35,0.4290244603397086,0.4290244603397086,0.45625883446157567,0.07220826098470279,0.4,BetOnline.ag,2026-08-15T10:00:00Z,85.0,37b7fcd81725f35d5b3f92f0,OPEN,,,2026-08-15 06:17:29,,0.0,0.0,,,,,
34446,baseball,baseball_kbo,KT Wiz vs Kiwoom Heroes,KT Wiz,Kiwoom Heroes,h2h,Kiwoom Heroes,2.7,0.3706488530128234,0.3706488530128234,0.39444961681987406,0.06501396541366011,0.29,BetOnline.ag,2026-08-15T10:00:00Z,82.0,cdbfdba1ab3d9707973cae0b,OPEN,,,2026-08-15 06:17:29,,0.0,0.0,,,,,
34464,football,Primeira Liga,Alverca vs CF Estrela,Alverca,CF Estrela,h2h,CF Estrela,3.8,0.294326920562235,0.2777965534138817,0.28681435587497894,0.08989455232491994,0.24,Betfair,2026-08-15T14:30:00Z,7.6706122553330935,c5003ca60b0068a9512bd5f2,LOST,,,2026-08-15 06:17:39,2026-08-16T02:53:53Z,0.0,0.0,2,2,2-2,the_odds_api_scores,d1d57dea05f7717f803d0db88e2fbbc8
34465,football,Primeira Liga,Académico de Viseu vs Santa Clara,Académico de Viseu,Santa Clara,h2h,Académico de Viseu,3.2,0.34375927486516805,0.31665312548894764,0.33173671860923126,0.06155749954954004,0.21,Betfair,2026-08-15T17:00:00Z,5.252639879062702,d60e9e2221a4541fc6f31692,LOST,,,2026-08-15 06:17:39,2026-08-16T02:53:53Z,0.0,0.0,0,1,0-1,the_odds_api_scores,28c33e941922e40bec344f7c7bfa9c44
34478,football,Segunda Division,Oviedo vs Granada CF,Oviedo,Granada CF,h2h,Granada CF,4.35,0.27092106270785665,0.2412480028878396,0.2574592224453597,0.11994761763731443,0.27,Unibet (SE),2026-08-15T17:00:00Z,10.255521307990383,bc296f3d704741d13c5c19ed,LOST,,,2026-08-15 06:17:43,2026-08-16T02:47:56Z,0.0,0.0,0,0,0-0,the_odds_api_scores,7f843257dd049cc191118f65668ea601
34481,football,MLS,Toronto FC vs New England Revolution,Toronto FC,New England Revolution,h2h,New England Revolution,3.5,0.31179846167583314,0.2941963434322762,0.3048224634819367,0.06687862218677854,0.2,Betfair,2026-08-15T23:30:00Z,5.260672421212,20342f5fcabc42f01024ea2f,LOST,,,2026-08-15 06:17:45,2026-08-16T06:19:24Z,0.0,0.0,2,1,2-1,the_odds_api_scores,7d87a0de5f3e7c3a075cd1c1e0863e4f
34516,football,J-League,Fagiano Okayama vs V-Varen Nagasaki,Fagiano Okayama,V-Varen Nagasaki,h2h,V-Varen Nagasaki,4.2,0.2781038751998417,0.24274110994878692,0.26051041164896255,0.09414372892564282,0.19,Betfair,2026-08-15T09:55:00Z,7.00349299529934,8abfed7b39128370a9b20673,LOST,,,2026-08-15 06:17:50,2026-08-15T16:10:25Z,0.0,0.0,1,0,1-0,the_odds_api_scores,64f2b1f4cf21b8c2b7bc9e1043706d14
34653,baseball,baseball_mlb,Tampa Bay Rays vs Baltimore Orioles,Tampa Bay Rays,Baltimore Orioles,h2h,Baltimore Orioles,2.38,0.42136794544809625,0.42136794544809625,0.4483961698428254,0.06718288422592433,0.37,Matchbook,2026-08-15T22:11:00Z,79.0,67495cc88f79f2dd9b6115df,WON,,,2026-08-15 16:09:51,2026-08-16T06:18:47.656041+00:00,0.5106,1.38,,,,,
34802,baseball,baseball_mlb,Pittsburgh Pirates vs Boston Red Sox,Pittsburgh Pirates,Boston Red Sox,h2h,Pittsburgh Pirates,2.16,0.46692472272735924,0.46692472272735924,0.492508599420072,0.06381857474735564,0.41,Betfair,2026-08-15T23:16:00Z,78.0,6bde28135e7456eabaf7d3e6,WON,,,2026-08-15 16:09:54,2026-08-16T06:18:47.656093+00:00,0.4756,1.16,,,,,
34840,baseball,baseball_kbo,KT Wiz vs Kiwoom Heroes,KT Wiz,Kiwoom Heroes,h2h,Kiwoom Heroes,3.83,0.2712352587286483,0.2712352587286483,0.2889211492210592,0.1065680015166568,0.28,1xBet,2026-08-16T10:00:00Z,86.0,2f443748c7a97c9a0b39978c,OPEN,,,2026-08-15 16:10:03,,0.0,0.0,,,,,
34849,football,Ligue 1,Marseille vs Strasbourg,Marseille,Strasbourg,h2h,Strasbourg,4.4,0.2591841296057448,0.22529982216918662,0.2437900437132386,0.07267619233824996,0.16,Coolbet,2026-08-21T18:45:00Z,6.213814444920372,ffe8837b847b696e04e2ca3d,OPEN,,,2026-08-15 16:10:10,,0.0,0.0,,,,,
34852,football,Championship,Birmingham City vs Bristol City,Birmingham City,Bristol City,h2h,Bristol City,4.3,0.26696509044187633,0.23437472855176647,0.2521193729198417,0.08411330355531921,0.19,Codere (IT),2026-08-22T11:30:00Z,7.456644360179047,4757ce2ec39598b2668efa82,OPEN,,,2026-08-15 16:10:12,,0.0,0.0,,,,,
34853,football,Championship,Millwall vs Norwich City,Millwall,Norwich City,h2h,Norwich City,4.3,0.2668336928480649,0.23474711107316065,0.252281256356101,0.08480940233123424,0.19,Codere (IT),2026-08-22T11:30:00Z,7.5183535166639155,f359aefa90c2cb8b5afcea01,OPEN,,,2026-08-15 16:10:12,,0.0,0.0,,,,,
34854,football,Championship,Queens Park Rangers vs Bolton Wanderers,Queens Park Rangers,Bolton Wanderers,h2h,Bolton Wanderers,4.12,0.27896523995050326,0.2520903367418437,0.26672099331091514,0.09889049244097037,0.24,Nordic Bet,2026-08-22T14:00:00Z,8.74795185182068,bbdf1e9c3e6be63d639dc896,OPEN,,,2026-08-15 16:10:12,,0.0,0.0,,,,,
34855,football,Championship,Southampton vs Stoke City,Southampton,Stoke City,h2h,Stoke City,4.5,0.26118540355781894,0.22580334909248337,0.24506455562069537,0.10279050029312908,0.22,Marathon Bet,2026-08-22T14:00:00Z,9.195638156223328,c72f6fe30f164a39cb6df4e1,OPEN,,,2026-08-15 16:10:12,,0.0,0.0,,,,,
34858,football,Turkish Super Lig,Torku Konyaspor vs Çaykur Rizespor,Torku Konyaspor,Çaykur Rizespor,h2h,Çaykur Rizespor,3.55,0.31130798481056426,0.30371984069725627,0.30785820607266956,0.0928966315579769,0.27,Betfair,2026-08-15T16:00:00Z,7.942661998207025,45203177fcacd50e2960d291,WON,,,2026-08-15 16:10:14,2026-08-16T01:53:59Z,0.0,0.0,0,1,0-1,the_odds_api_scores,8f62e3db1796311072d59bf0876613b8
34861,football,Eliteserien,Sarpsborg FK vs Sandefjord,Sarpsborg FK,Sandefjord,h2h,Draw,4.3,0.25078325898682563,0.2403739054789695,0.24691447122921817,0.061732226285638125,0.14,Betfair,2026-08-16T15:00:00Z,5.014200080050956,3266741504ef9bb79321e73a,LOST,,,2026-08-15 16:10:16,2026-08-17T00:42:47Z,0.0,0.0,1,2,1-2,the_odds_api_scores,212bff296b4c00730355c327b34f0dae
34899,football,Argentina Primera Division,Sarmiento de Junin vs Atlético Huracán,Sarmiento de Junin,Atlético Huracán,h2h,Sarmiento de Junin,3.35,0.3310398349040209,0.3015231582811302,0.318758446969889,0.06784079734912818,0.22,Betfair,2026-08-16T18:00:00Z,5.615935829437914,4d7f9ad0ccae9956ac69e90b,WON,,,2026-08-15 16:10:22,2026-08-17T06:28:33Z,0.0,0.0,2,0,2-0,the_odds_api_scores,cc58e1f29d74079c29195be4ef3749df
34908,football,UEFA Nations League,Italy vs Belgium,Italy,Belgium,h2h,Belgium,3.66,0.30329685474243967,0.2837987161351979,0.29444806366598847,0.07767991301751787,0.22,Marathon Bet,2026-09-25T18:45:00Z,6.94924501854715,b82cf33d144bbb2a61c2e942,OPEN,,,2026-08-15 16:10:25,,0.0,0.0,,,,,
34938,baseball,baseball_mlb,Tampa Bay Rays vs Baltimore Orioles,Tampa Bay Rays,Baltimore Orioles,h2h,Tampa Bay Rays,1.71,0.5672602619283204,0.5672602619283204,0.662562882059354,0.13298252832149537,1.4,BetOnline.ag,2026-08-16T16:16:00Z,94.0,6dff51560ee5a6315179ee2b,LOST,,,2026-08-16 06:18:57,2026-08-16T16:10:17.016053+00:00,-1.4,-1.0,,,,,
34943,baseball,baseball_mlb,Tampa Bay Rays vs Baltimore Orioles,Tampa Bay Rays,Baltimore Orioles,h2h,Baltimore Orioles,2.28,0.43273973807167965,0.43273973807167965,0.4676271179406462,0.06618982890467318,0.39,1xBet,2026-08-16T16:16:00Z,80.0,6f2464b1b98ea35f08c38166,WON,,,2026-08-16 06:18:57,2026-08-16T16:10:17.016087+00:00,0.4992,1.28,,,,,
34964,baseball,baseball_mlb,Atlanta Braves vs Arizona Diamondbacks,Atlanta Braves,Arizona Diamondbacks,h2h,Arizona Diamondbacks,2.0,0.46087794701007984,0.46087794701007984,0.5602721007335825,0.12054420146716494,0.9,Unibet (FR),2026-08-16T17:36:00Z,93.0,003ce4713f8dea5c0c74a7b6,WON,,,2026-08-16 06:18:58,2026-08-16T16:10:17.016113+00:00,0.9,1.0,,,,,
34981,baseball,baseball_mlb,Pittsburgh Pirates vs Boston Red Sox,Pittsburgh Pirates,Boston Red Sox,h2h,Boston Red Sox,1.87,0.5192691255938829,0.5192691255938829,0.6257202048438731,0.17009678305804288,1.47,BetOnline.ag,2026-08-16T17:36:00Z,96.0,568eb9fcc7edd3112319805d,LOST,,,2026-08-16 06:18:58,2026-08-16T16:10:17.016131+00:00,-1.47,-1.0,,,,,
34998,baseball,baseball_mlb,Toronto Blue Jays vs New York Yankees,Toronto Blue Jays,New York Yankees,h2h,New York Yankees,2.14,0.4709878377979833,0.4709878377979833,0.5012621149364189,0.07270092596393662,0.48,BetOnline.ag,2026-08-16T17:38:00Z,90.0,ddc83994cf016a4516c8971d,LOST,,,2026-08-16 06:18:58,2026-08-16T16:10:17.016219+00:00,-0.48,-1.0,,,,,
34999,baseball,baseball_mlb,Toronto Blue Jays vs New York Yankees,Toronto Blue Jays,New York Yankees,h2h,Toronto Blue Jays,1.79,0.5290121622020167,0.5290121622020167,0.6304278850635813,0.1284659142638105,1.22,BetOnline.ag,2026-08-16T17:38:00Z,94.0,36ab12af9f5c4ece17912c14,WON,,,2026-08-16 06:18:58,2026-08-16T16:10:17.016250+00:00,0.9638,0.79,,,,,
35021,baseball,baseball_mlb,Detroit Tigers vs Chicago White Sox,Detroit Tigers,Chicago White Sox,h2h,Detroit Tigers,1.85,0.504829478809702,0.504829478809702,0.6101421945781482,0.12876305996957416,1.14,Unibet (FR),2026-08-16T17:41:00Z,94.0,bddf912005f3afbc5ea631c3,LOST,,,2026-08-16 06:18:59,2026-08-16T16:10:17.016270+00:00,-1.14,-1.0,,,,,
35037,baseball,baseball_mlb,Cincinnati Reds vs Miami Marlins,Cincinnati Reds,Miami Marlins,h2h,Cincinnati Reds,2.02,0.46882897645392496,0.46882897645392496,0.5706941768190841,0.15280223717454988,1.12,Betclic (FR),2026-08-16T17:41:00Z,95.0,081a5c060b525d5b457b1b3e,WON,,,2026-08-16 06:18:59,2026-08-16T16:10:17.016290+00:00,1.1424,1.02,,,,,
35051,baseball,baseball_mlb,Cleveland Guardians vs San Diego Padres,Cleveland Guardians,San Diego Padres,h2h,Cleveland Guardians,1.9,0.49322685952612233,0.49322685952612233,0.5983934563819234,0.13694756712565437,1.14,Unibet (FR),2026-08-16T17:41:00Z,94.0,93ecfe33cf6772ade0693115,LOST,,,2026-08-16 06:19:00,2026-08-16T16:10:17.016313+00:00,-1.14,-1.0,,,,,
35066,baseball,baseball_mlb,New York Mets vs Washington Nationals,New York Mets,Washington Nationals,h2h,New York Mets,1.58,0.6075417064576103,0.6075417064576103,0.7293076830901488,0.1523061392824352,1.97,BetOnline.ag,2026-08-16T17:41:00Z,96.0,07df0f854d90778e39918593,WON,,,2026-08-16 06:19:00,2026-08-16T16:10:17.016337+00:00,1.1426,0.58,,,,,
35084,baseball,baseball_mlb,Minnesota Twins vs Philadelphia Phillies,Minnesota Twins,Philadelphia Phillies,h2h,Minnesota Twins,2.0,0.49316333529948875,0.49316333529948875,0.5512364203146956,0.1024728406293911,0.77,BetOnline.ag,2026-08-16T18:11:00Z,93.0,205d60227aa805e4f25b752e,LOST,,,2026-08-16 06:19:00,2026-08-16T16:10:17.016350+00:00,-0.77,-1.0,,,,,
35085,baseball,baseball_mlb,Minnesota Twins vs Philadelphia Phillies,Minnesota Twins,Philadelphia Phillies,h2h,Philadelphia Phillies,1.91,0.5068366647005113,0.5068366647005113,0.5795535796853045,0.10694733719893157,0.88,BetOnline.ag,2026-08-16T18:11:00Z,93.0,ed22118c5e9a37078f06deac,WON,,,2026-08-16 06:19:00,2026-08-16T16:10:17.016364+00:00,0.8008,0.91,,,,,
35115,baseball,baseball_mlb,Chicago Cubs vs St. Louis Cardinals,Chicago Cubs,St. Louis Cardinals,h2h,Chicago Cubs,1.67,0.5892036016370144,0.5892036016370144,0.6911351612246949,0.15419571924524034,1.73,BetOnline.ag,2026-08-16T19:11:00Z,96.0,53790fd5b1f0e2cfdf102f8c,WON,,,2026-08-16 06:19:01,2026-08-16T16:10:17.016380+00:00,1.1591,0.67,,,,,
35136,baseball,baseball_mlb,San Francisco Giants vs Colorado Rockies,San Francisco Giants,Colorado Rockies,h2h,San Francisco Giants,1.78,0.5470633733940569,0.5470633733940569,0.6596039013144978,0.1740949443398061,1.67,BetOnline.ag,2026-08-16T20:05:00Z,96.0,13c220176616e780bdb76e74,LOST,,,2026-08-16 06:19:01,2026-08-16T16:10:17.016411+00:00,-1.67,-1.0,,,,,
35154,baseball,baseball_mlb,Athletics vs Texas Rangers,Athletics,Texas Rangers,h2h,Texas Rangers,1.66,0.5601586199180433,0.5601586199180433,0.6698039083238448,0.11187448781758236,1.27,Unibet (FR),2026-08-16T20:06:00Z,94.0,db66217d753a8ead0d7d97fe,LOST,,,2026-08-16 06:19:02,2026-08-16T16:10:17.016439+00:00,-1.27,-1.0,,,,,
35171,baseball,baseball_mlb,Los Angeles Angels vs Kansas City Royals,Los Angeles Angels,Kansas City Royals,h2h,Los Angeles Angels,1.96,0.47102360507094154,0.47102360507094154,0.5744692299769951,0.12595969075491031,0.98,Unibet (FR),2026-08-16T20:07:00Z,93.0,d013a6b8681ac0f9526d33f4,LOST,,,2026-08-16 06:19:02,2026-08-16T16:10:17.016466+00:00,-0.98,-1.0,,,,,
35186,baseball,baseball_mlb,Los Angeles Dodgers vs Milwaukee Brewers,Los Angeles Dodgers,Milwaukee Brewers,h2h,Los Angeles Dodgers,1.58,0.6131423352159211,0.6131423352159211,0.672481422252718,0.0625206471592945,0.81,BetOnline.ag,2026-08-16T20:10:00Z,90.0,d38d51fd7ad9155375439842,LOST,,,2026-08-16 06:19:02,2026-08-16T16:10:17.016480+00:00,-0.81,-1.0,,,,,
35187,baseball,baseball_mlb,Los Angeles Dodgers vs Milwaukee Brewers,Los Angeles Dodgers,Milwaukee Brewers,h2h,Milwaukee Brewers,2.56,0.3868576647840789,0.3868576647840789,0.45923857774728205,0.17565075903304206,0.84,BetOnline.ag,2026-08-16T20:10:00Z,93.0,09a683e07d01da3029e5f118,WON,,,2026-08-16 06:19:02,2026-08-16T16:10:17.016494+00:00,1.3104,1.56,,,,,
35211,baseball,baseball_mlb,Houston Astros vs Seattle Mariners,Houston Astros,Seattle Mariners,h2h,Houston Astros,1.74,0.5542503713600938,0.5542503713600938,0.6678306088230541,0.1620252593521141,1.64,BetOnline.ag,2026-08-16T23:20:00Z,95.0,ebc198cdfcdec8c69b2e5cc8,WON,,,2026-08-16 06:19:03,2026-08-16T16:10:17.016519+00:00,1.2136,0.74,,,,,
35230,baseball,baseball_npb,Chunichi Dragons vs Yomiuri Giants,Chunichi Dragons,Yomiuri Giants,h2h,Yomiuri Giants,1.45,0.7003712142150843,0.7003712142150843,0.745145834945615,0.0804614606711418,1.34,Pinnacle,2026-08-16T04:30:41Z,82.0,1066a5a602f21070ce9c7472,OPEN,,,2026-08-16 06:19:05,,0.0,0.0,,,,,
35231,baseball,baseball_npb,Chunichi Dragons vs Yomiuri Giants,Chunichi Dragons,Yomiuri Giants,h2h,Chunichi Dragons,3.5,0.29962878578491564,0.29962878578491564,0.3223041650543851,0.12806457769034774,0.38,Tipico,2026-08-16T04:30:41Z,90.0,38afe88a357bdddf51bcdbfb,OPEN,,,2026-08-16 06:19:05,,0.0,0.0,,,,,
35232,baseball,baseball_npb,Saitama Seibu Lions vs Chiba Lotte Marines,Saitama Seibu Lions,Chiba Lotte Marines,h2h,Chiba Lotte Marines,2.35,0.4257204600516576,0.4257204600516576,0.45293475423977636,0.06439667246347458,0.36,Pinnacle,2026-08-16T08:00:00Z,73.0,f59c11abc7eedac39888f75a,OPEN,,,2026-08-16 06:19:05,,0.0,0.0,,,,,
35234,baseball,baseball_npb,Hiroshima Toyo Carp vs Hanshin Tigers,Hiroshima Toyo Carp,Hanshin Tigers,h2h,Hiroshima Toyo Carp,2.19,0.451439579550251,0.451439579550251,0.4867184762536933,0.0659134629955882,0.42,Pinnacle,2026-08-16T09:00:00Z,74.0,c2e06fb3245034fc0cd0e23c,OPEN,,,2026-08-16 06:19:05,,0.0,0.0,,,,,
35236,baseball,baseball_kbo,Lotte Giants vs NC Dinos,Lotte Giants,NC Dinos,h2h,Lotte Giants,2.17,0.4556324975520029,0.4556324975520029,0.48943702311504234,0.062078340159641865,0.4,1xBet,2026-08-16T10:00:00Z,72.0,33928b8ec2daa5e2744f2d61,OPEN,,,2026-08-16 06:19:07,,0.0,0.0,,,,,
35249,football,Championship,Blackburn Rovers vs Middlesbrough,Blackburn Rovers,Middlesbrough,h2h,Blackburn Rovers,3.55,0.3162414140152471,0.2805937610929956,0.3000305506924989,0.06510845495837114,0.19,Betfair,2026-08-22T14:00:00Z,5.5695562853902025,88b08c66e50198b5d26b3369,OPEN,,,2026-08-16 06:19:12,,0.0,0.0,,,,,
35251,football,Championship,Derby County vs Cardiff City,Derby County,Cardiff City,h2h,Cardiff City,4.4,0.2643734143395784,0.23118725137127277,0.2493218065121543,0.09701594865347896,0.21,Coolbet,2026-08-22T14:00:00Z,8.299011041677387,d33d18f41516f13ffa699cca,OPEN,,,2026-08-16 06:19:13,,0.0,0.0,,,,,
35262,football,Allsvenskan,IK Sirius vs BK Hacken,IK Sirius,BK Hacken,h2h,BK Hacken,4.2,0.2675556509502923,0.24507294563543686,0.25891703470883404,0.08745154577710301,0.2,Unibet (SE),2026-08-21T17:00:00Z,7.054650609179568,280c3b6847538a29bedd70b0,OPEN,,,2026-08-16 06:19:17,,0.0,0.0,,,,,
35463,baseball,baseball_mlb,Chicago Cubs vs St. Louis Cardinals,Chicago Cubs,St. Louis Cardinals,h2h,Chicago Cubs,1.57,0.6172644239997813,0.6172644239997813,0.7259518177403299,0.13974435385231798,1.84,BetOnline.ag,2026-08-16T19:16:00Z,96.0,c8cf26b36c75550a210ab6d7,WON,,,2026-08-16 16:10:24,2026-08-17T06:27:46.552483+00:00,1.0488,0.57,,,,,
35472,baseball,baseball_mlb,Chicago Cubs vs St. Louis Cardinals,Chicago Cubs,St. Louis Cardinals,h2h,St. Louis Cardinals,2.66,0.3827355760002186,0.3827355760002186,0.4053481822596701,0.07822616481072253,0.35,Matchbook,2026-08-16T19:16:00Z,84.0,2a23da92200cc04db8d17419,LOST,,,2026-08-16 16:10:24,2026-08-17T06:27:46.552504+00:00,-0.35,-1.0,,,,,
35523,baseball,baseball_mlb,Los Angeles Angels vs Kansas City Royals,Los Angeles Angels,Kansas City Royals,h2h,Kansas City Royals,1.95,0.5149527663768108,0.5149527663768108,0.5481410969622678,0.06887513907642218,0.54,1xBet,2026-08-16T20:07:00Z,81.0,0213040e8625d1001c1bae3e,WON,,,2026-08-16 16:10:25,2026-08-17T06:27:46.552540+00:00,0.513,0.95,,,,,
35586,football,Eredivisie,Ajax vs Heerenveen,Ajax,Heerenveen,h2h,Ajax,1.45,0.7435417092204883,0.7884509037249484,0.7645095628502565,0.10853886613287189,1.74,Nordic Bet,2026-08-16T14:45:00Z,9.100700689529155,8777d8656c9df4d973ae46ce,LOST,,,2026-08-16 16:10:39,2026-08-16T22:05:33Z,0.0,0.0,2,2,2-2,the_odds_api_scores,09a9e817d0717bcfbae9e7fca709a15d
35587,football,Eredivisie,Heerenveen vs FC Zwolle,Heerenveen,FC Zwolle,h2h,Draw,4.5,0.2424450852126695,0.22874008861726774,0.23637969925323865,0.06370864663957398,0.14,Coolbet,2026-08-22T19:00:00Z,5.396976066236886,f6d715546b410733c1f9f79e,OPEN,,,2026-08-16 16:10:39,,0.0,0.0,,,,,
35588,football,Eredivisie,Go Ahead Eagles vs ADO Den Haag,Go Ahead Eagles,ADO Den Haag,h2h,ADO Den Haag,4.5,0.25069780267989716,0.22405339929016949,0.23911528566015872,0.07601878547071417,0.16,Codere (IT),2026-08-23T10:15:00Z,6.611312083686059,37dfc6d1be3bf6b56cec9784,OPEN,,,2026-08-16 16:10:39,,0.0,0.0,,,,,
35589,football,Championship,Burnley vs West Ham United,Burnley,West Ham United,h2h,Draw,4.5,0.2471148144445715,0.23440891799855018,0.24138835350721927,0.08624759078248667,0.18,Tipico,2026-08-16T15:00:00Z,7.377856096408561,7f98a0927a2f35c16a13d42b,WON,,,2026-08-16 16:10:40,2026-08-16T22:25:37Z,0.0,0.0,2,2,2-2,the_odds_api_scores,fd2380fb0d0736468c7a58dfe8c1d6e2
35594,football,Danish Superliga,Randers FC vs FC Copenhagen,Randers FC,FC Copenhagen,h2h,FC Copenhagen,1.7,0.6149806079158544,0.6651387157501781,0.6367602541784356,0.08249243210334045,0.84,Codere (IT),2026-08-16T16:00:00Z,6.655455194384384,6fee4498673a991ff637ee4d,WON,,,2026-08-16 16:10:44,2026-08-16T23:24:29Z,0.0,0.0,0,4,0-4,the_odds_api_scores,0bf08c81c6fbb1d5ec53e483e9d2a208
35595,football,Danish Superliga,SonderjyskE vs FC Nordsjaelland,SonderjyskE,FC Nordsjaelland,h2h,SonderjyskE,3.6,0.3097775007794139,0.27758831468638,0.2958240812220691,0.06496669239944874,0.19,Codere (IT),2026-08-23T10:00:00Z,5.488734557793422,c0407f392fb44d0f2bfc1135,OPEN,,,2026-08-16 16:10:44,,0.0,0.0,,,,,
35596,football,Eliteserien,Sarpsborg FK vs Sandefjord,Sarpsborg FK,Sandefjord,h2h,Sandefjord,4.3,0.26140998916070846,0.2425995394174821,0.25434864174564425,0.09369915950627017,0.21,Matchbook,2026-08-16T14:59:00Z,7.610714230896794,fd5a4102778fe59e4da98c4f,WON,,,2026-08-16 16:10:44,2026-08-17T00:42:47Z,0.0,0.0,1,2,1-2,the_odds_api_scores,212bff296b4c00730355c327b34f0dae
35599,football,Allsvenskan,IF Brommapojkarna vs Degerfors IF,IF Brommapojkarna,Degerfors IF,h2h,Degerfors IF,3.85,0.2964434059892225,0.27773909240539696,0.289041299888944,0.11280900457243437,0.3,Unibet (SE),2026-08-23T14:30:00Z,9.10021779210485,d51b2b14ecc76fae5ac4543e,OPEN,,,2026-08-16 16:10:45,,0.0,0.0,,,,,
35609,football,MLS,Colorado Rapids vs Los Angeles FC,Colorado Rapids,Los Angeles FC,h2h,Colorado Rapids,3.0,0.36584320704531814,0.34089831782824354,0.3561838041012677,0.06855141230380313,0.26,LeoVegas (SE),2026-08-20T01:30:00Z,5.6317836946326105,e7348440488973304618ca32,OPEN,,,2026-08-16 16:10:47,,0.0,0.0,,,,,
35612,football,MLS,Charlotte FC vs D.C. United,Charlotte FC,D.C. United,h2h,D.C. United,4.01,0.2743066839113167,0.25283406440941586,0.26584041922779994,0.06602008110347768,0.16,1xBet,2026-08-22T23:30:00Z,5.1931395795995545,ba7a931d059f49d7bdcaceff,OPEN,,,2026-08-16 16:10:48,,0.0,0.0,,,,,
35613,football,MLS,New York Red Bulls vs Chicago Fire,New York Red Bulls,Chicago Fire,h2h,New York Red Bulls,3.45,0.32240301656465586,0.28670984064502997,0.30737955675429673,0.060459470802323834,0.19,LeoVegas (SE),2026-08-22T23:30:00Z,4.966997037809441,33d5bb35d838f7d0ec0edb38,OPEN,,,2026-08-16 16:10:48,,0.0,0.0,,,,,
35614,football,MLS,Nashville SC vs Columbus Crew SC,Nashville SC,Columbus Crew SC,h2h,Columbus Crew SC,4.5,0.2530789848560726,0.22267168439489327,0.24192522577023712,0.08866351596606714,0.19,LeoVegas (SE),2026-08-23T00:30:00Z,7.284076676838834,4b70be267cdf8d4c344feb2c,OPEN,,,2026-08-16 16:10:48,,0.0,0.0,,,,,
35615,football,MLS,St. Louis City SC vs Houston Dynamo,St. Louis City SC,Houston Dynamo,h2h,Houston Dynamo,3.75,0.29674486997919636,0.2796041363620209,0.2905976631492087,0.08974123680953272,0.24,LeoVegas (SE),2026-08-23T00:30:00Z,7.372615927448241,057e0d5e7d08158e827ec200,OPEN,,,2026-08-16 16:10:48,,0.0,0.0,,,,,
35618,football,Brazil Serie A,Corinthians vs Cruzeiro,Corinthians,Cruzeiro,h2h,Cruzeiro,3.75,0.2971486134318684,0.27602240365523983,0.2881261203587725,0.08047295134539678,0.22,Matchbook,2026-08-16T22:30:00Z,6.489628499117639,368dda718dc2441f5509443e,WON,,,2026-08-16 16:10:49,2026-08-17T05:55:57Z,0.0,0.0,1,2,1-2,the_odds_api_scores,3d35899b69e82755f19f1ff7a1782694
35619,football,Brazil Serie A,Chapecoense vs Sao Paulo,Chapecoense,Sao Paulo,h2h,Chapecoense,3.98,0.3054727228750532,0.25675108451355255,0.28376506066900975,0.1293849414626589,0.33,Pinnacle,2026-08-23T21:30:00Z,10.484590318328136,6d36c623032335a1784bc694,OPEN,,,2026-08-16 16:10:49,,0.0,0.0,,,,,
35644,baseball,baseball_mlb,Tampa Bay Rays vs Baltimore Orioles,Tampa Bay Rays,Baltimore Orioles,h2h,Baltimore Orioles,2.4,0.40842981108397797,0.40842981108397797,0.45736083295278296,0.09766599908667906,0.52,BetOnline.ag,2026-08-17T22:05:00Z,91.0,c3cc4595f9eda340f65c29af,WON,,,2026-08-17 06:27:51,2026-08-17T16:13:09.382526+00:00,0.728,1.4,,,,,
35645,baseball,baseball_mlb,Tampa Bay Rays vs Baltimore Orioles,Tampa Bay Rays,Baltimore Orioles,h2h,Tampa Bay Rays,1.65,0.5915701889160219,0.5915701889160219,0.671869167047217,0.10858412562790809,1.25,BetOnline.ag,2026-08-17T22:05:00Z,94.0,591ffde378f6074a42e98221,LOST,,,2026-08-17 06:27:51,2026-08-17T16:13:09.382555+00:00,-1.25,-1.0,,,,,
35677,baseball,baseball_mlb,Philadelphia Phillies vs Miami Marlins,Philadelphia Phillies,Miami Marlins,h2h,Philadelphia Phillies,1.41,0.6777808519408106,0.6777808519408106,0.8058085564739782,0.13619006462830918,2.49,BetOnline.ag,2026-08-17T22:40:00Z,96.0,4d48ed3e2dd6240eaba76b71,WON,,,2026-08-17 06:27:52,2026-08-18T06:20:50.286424+00:00,1.0209,0.41,,,,,
35698,baseball,baseball_mlb,Pittsburgh Pirates vs Detroit Tigers,Pittsburgh Pirates,Detroit Tigers,h2h,Detroit Tigers,1.8,0.5256646766538611,0.5256646766538611,0.6312187451053509,0.13619374118963168,1.28,888sport,2026-08-17T23:06:00Z,95.0,e57df637f39e13567a6f6e78,WON,,,2026-08-17 06:27:52,2026-08-18T06:20:50.286516+00:00,1.024,0.8,,,,,
35717,baseball,baseball_mlb,Boston Red Sox vs Arizona Diamondbacks,Boston Red Sox,Arizona Diamondbacks,h2h,Arizona Diamondbacks,2.25,0.4191129178704096,0.4191129178704096,0.4896303198343689,0.10166821962732997,0.61,888sport,2026-08-17T23:11:00Z,92.0,38ee6e66b2b9a63dbd12e930,LOST,,,2026-08-17 06:27:52,2026-08-18T06:20:50.286559+00:00,-0.61,-1.0,,,,,
35718,baseball,baseball_mlb,Boston Red Sox vs Arizona Diamondbacks,Boston Red Sox,Arizona Diamondbacks,h2h,Boston Red Sox,1.65,0.5808870821295905,0.5808870821295905,0.6462596801656313,0.06632847227329153,0.77,888sport,2026-08-17T23:11:00Z,91.0,45eb90cf2557f6c782827c8f,WON,,,2026-08-17 06:27:52,2026-08-18T06:20:50.286605+00:00,0.5005,0.65,,,,,
35746,baseball,baseball_mlb,New York Mets vs San Diego Padres,New York Mets,San Diego Padres,h2h,New York Mets,1.77,0.5250060843978303,0.5250060843978303,0.6321804033688653,0.1189593139628915,1.16,Unibet (FR),2026-08-17T23:11:00Z,94.0,ff9431d19fc1d5c54add19e0,WON,,,2026-08-17 06:27:53,2026-08-18T06:20:50.286648+00:00,0.8932,0.77,,,,,
35763,baseball,baseball_mlb,Kansas City Royals vs Athletics,Kansas City Royals,Athletics,h2h,Athletics,2.65,0.3718978439568136,0.3718978439568136,0.4390632371512919,0.16351757845092352,0.74,GTbets,2026-08-17T23:41:00Z,93.0,09b7a1e485e0993f4c02b140,LOST,,,2026-08-17 06:27:53,2026-08-18T06:20:50.286693+00:00,-0.74,-1.0,,,,,
35764,baseball,baseball_mlb,Kansas City Royals vs Athletics,Kansas City Royals,Athletics,h2h,Kansas City Royals,1.54,0.6281021560431864,0.6281021560431864,0.6946367628487082,0.06974061478701077,0.97,GTbets,2026-08-17T23:41:00Z,91.0,f9dc1e68299e779071ca031e,WON,,,2026-08-17 06:27:53,2026-08-18T06:20:50.286736+00:00,0.5238,0.54,,,,,
35791,baseball,baseball_mlb,Minnesota Twins vs Atlanta Braves,Minnesota Twins,Atlanta Braves,h2h,Atlanta Braves,1.75,0.5399967472002281,0.5399967472002281,0.6064448131440608,0.0612784230021064,0.61,888sport,2026-08-17T23:41:00Z,89.0,1a8f27d9e711230d65870817,LOST,,,2026-08-17 06:27:53,2026-08-18T06:20:50.286781+00:00,-0.61,-1.0,,,,,
35792,baseball,baseball_mlb,Minnesota Twins vs Atlanta Braves,Minnesota Twins,Atlanta Braves,h2h,Minnesota Twins,2.05,0.4600032527997721,0.4600032527997721,0.5260251868559392,0.07835163305467541,0.56,888sport,2026-08-17T23:41:00Z,91.0,2b6459b6c737da8f08d21c86,WON,,,2026-08-17 06:27:53,2026-08-18T06:20:50.286826+00:00,0.588,1.05,,,,,
35827,baseball,baseball_mlb,Chicago Cubs vs Chicago White Sox,Chicago Cubs,Chicago White Sox,h2h,Chicago Cubs,1.57,0.6014948356040464,0.6014948356040464,0.6757486728820513,0.06092541642482052,0.8,888sport,2026-08-18T00:06:00Z,90.0,c5dd337f71bdd7ae8b77d0bd,WON,,,2026-08-17 06:27:55,2026-08-18T06:20:50.286870+00:00,0.456,0.57,,,,,
35828,baseball,baseball_mlb,Chicago Cubs vs Chicago White Sox,Chicago Cubs,Chicago White Sox,h2h,Chicago White Sox,2.4,0.39850516439595357,0.39850516439595357,0.4566013271179487,0.09584318508307677,0.51,888sport,2026-08-18T00:06:00Z,91.0,76ea865f48b99514961fa462,LOST,,,2026-08-17 06:27:55,2026-08-18T06:20:50.286914+00:00,-0.51,-1.0,,,,,
35863,baseball,baseball_mlb,Colorado Rockies vs Los Angeles Dodgers,Colorado Rockies,Los Angeles Dodgers,h2h,Colorado Rockies,2.85,0.30983765956086795,0.30983765956086795,0.39368699769081783,0.12200794341883081,0.49,Unibet (FR),2026-08-18T00:41:00Z,91.0,4df8a60f5b5c6d5a5dd6621b,LOST,,,2026-08-17 06:27:56,2026-08-18T06:20:50.286959+00:00,-0.49,-1.0,,,,,
35868,mma,mma_mixed_martial_arts,Jamall Emmers vs Lerryan Douglas,Jamall Emmers,Lerryan Douglas,h2h,Jamall Emmers,4.16,0.27815403962786706,0.27815403962786706,0.2629369874288537,0.09381786770403133,0.22,BetOnline.ag,2026-08-22T21:00:00Z,8.939145608203846,77c070a19bb53f3c6f270e9a,OPEN,,,2026-08-17 06:28:05,,0.0,0.0,,,,,
35883,football,Belgian Pro League,Standard Liege vs RAAL La Louvière,Standard Liege,RAAL La Louvière,h2h,RAAL La Louvière,4.3,0.2616255415255028,0.22906725349834384,0.24678224933175585,0.06116367212655005,0.14,Betfair,2026-08-21T18:45:00Z,5.188703913878833,ed7c38a82a7fb8377212dcd4,OPEN,,,2026-08-17 06:28:23,,0.0,0.0,,,,,
35884,football,Turkish Super Lig,Eyüpspor vs Gazişehir Gaziantep,Eyüpspor,Gazişehir Gaziantep,h2h,Draw,3.85,0.28817509613972403,0.2951360453831509,0.29131514564921246,0.12156331074946802,0.32,Nordic Bet,2026-08-23T16:00:00Z,10.70328482155841,aa395b09f031248181c391a6,OPEN,,,2026-08-17 06:28:24,,0.0,0.0,,,,,
35885,football,Turkish Super Lig,Alanyaspor vs Besiktas JK,Alanyaspor,Besiktas JK,h2h,Alanyaspor,3.91,0.2967839182094226,0.2498803473227158,0.2753958783654158,0.07679788440877577,0.2,1xBet,2026-08-23T18:30:00Z,6.566219116950328,3864b126926d4ff6d4319157,OPEN,,,2026-08-17 06:28:24,,0.0,0.0,,,,,
35886,football,Austrian Bundesliga,Rheindorf Altach vs Hartberg,Rheindorf Altach,Hartberg,h2h,Hartberg,4.41,0.259772444384105,0.22566888482915579,0.2448810719561314,0.07992552732653957,0.18,Pinnacle,2026-08-22T15:00:00Z,6.711517370424189,8308899db747b360bbf51ffa,OPEN,,,2026-08-17 06:28:25,,0.0,0.0,,,,,
35887,football,Swiss Super League,FC Zurich vs FC Basel,FC Zurich,FC Basel,h2h,FC Zurich,3.6,0.308829652257766,0.2786181228346011,0.29663502809950004,0.06788610115820015,0.2,Tipico,2026-08-22T18:30:00Z,5.708491331817182,13261b2713a439901eb8a43a,OPEN,,,2026-08-17 06:28:25,,0.0,0.0,,,,,
35888,football,Allsvenskan,IK Sirius vs BK Hacken,IK Sirius,BK Hacken,h2h,Draw,4.4,0.24679592129868436,0.23222135041382808,0.24121456153595233,0.06134407075819026,0.14,Unibet (SE),2026-08-21T17:00:00Z,4.973755786649301,5065fd2ac4e252d69a7cde88,OPEN,,,2026-08-17 06:28:26,,0.0,0.0,,,,,
35889,football,Allsvenskan,Örgryte IS vs Halmstads BK,Örgryte IS,Halmstads BK,h2h,Halmstads BK,3.45,0.31339628756027177,0.3112089461448903,0.3124725168243071,0.07803018304385945,0.24,Unibet (SE),2026-08-22T13:00:00Z,6.326659930632059,8e5e3429ba96bd63b42ee910,OPEN,,,2026-08-17 06:28:26,,0.0,0.0,,,,,
35891,football,Segunda Division,Albacete vs Real Sociedad B,Albacete,Real Sociedad B,h2h,Real Sociedad B,4.2,0.2738435233452086,0.24957339531957376,0.2630781584848213,0.10492826563624957,0.25,Tipico,2026-08-22T17:00:00Z,8.95521825181792,f2be9ca4d3926d8d23944fa6,OPEN,,,2026-08-17 06:28:28,,0.0,0.0,,,,,
35896,football,MLS,Minnesota United FC vs Atlanta United FC,Minnesota United FC,Atlanta United FC,h2h,Atlanta United FC,4.35,0.2654010842687379,0.2263505178324907,0.2511474964443049,0.09249160953272617,0.21,LeoVegas (SE),2026-08-20T00:30:00Z,7.614652929274661,ffaac363f6da31ab2cef062e,OPEN,,,2026-08-17 06:28:29,,0.0,0.0,,,,,
35906,football,Brazil Serie A,Santos vs Mirassol,Santos,Mirassol,h2h,Mirassol,4.17,0.27589130991427696,0.23748670837719965,0.2583209149192343,0.07719821521320713,0.17,Pinnacle,2026-08-23T21:30:00Z,5.758145026896429,af54153ff7f3ce322eecdb02,OPEN,,,2026-08-17 06:28:31,,0.0,0.0,,,,,
35907,football,Argentina Primera Division,Estudiantes de Río Cuarto vs Atlético Tucuman,Estudiantes de Río Cuarto,Atlético Tucuman,h2h,Estudiantes de Río Cuarto,3.2,0.3456219008978478,0.3139789334802726,0.3322988782569166,0.06335641042213314,0.22,Betfair,2026-08-17T17:45:00Z,5.094663192172386,ed3043eb27b2044179e86a75,LOST,,,2026-08-17 06:28:32,2026-08-18T06:21:20Z,0.0,0.0,0,1,0-1,the_odds_api_scores,0910862bb2fa73b5d65f4c92b46050bf
35909,football,Argentina Primera Division,Aldosivi Mar del Plata vs Union Santa Fe,Aldosivi Mar del Plata,Union Santa Fe,h2h,Aldosivi Mar del Plata,3.5,0.31540837695266183,0.2880182515871393,0.3038062008901948,0.06332170311568164,0.19,Betfair,2026-08-21T17:30:00Z,5.091872282215528,89ce843ab354758490783589,OPEN,,,2026-08-17 06:28:32,,0.0,0.0,,,,,
35912,football,Liga MX,FC Juárez vs América,FC Juárez,América,h2h,FC Juárez,4.4,0.27909518902676733,0.2296953638216262,0.25827322907688777,0.13640220793830626,0.3,Tipico,2026-08-22T03:00:00Z,11.71603576710732,8f0f66399de65e0be00802e2,OPEN,,,2026-08-17 06:28:34,,0.0,0.0,,,,,
35949,baseball,baseball_mlb,Cincinnati Reds vs St. Louis Cardinals,Cincinnati Reds,St. Louis Cardinals,h2h,Cincinnati Reds,1.91,0.48505765516448646,0.48505765516448646,0.5923199460347869,0.13133109692644296,1.08,888sport,2026-08-17T17:41:00Z,94.0,01c9df3138a474593a0a7f6c,LOST,,,2026-08-17 16:13:16,2026-08-18T06:20:50.286371+00:00,-1.08,-1.0,,,,,
36020,baseball,baseball_mlb,Cincinnati Reds vs St. Louis Cardinals,Cincinnati Reds,St. Louis Cardinals,h2h,Cincinnati Reds,1.97,0.4727758291480117,0.4727758291480117,0.5725063795194866,0.1278375676533885,0.99,Unibet (FR),2026-08-17T22:41:00Z,93.0,30d757eead3545db2bfd42fd,LOST,,,2026-08-17 16:13:17,2026-08-18T06:20:50.286471+00:00,-0.99,-1.0,,,,,
36207,baseball,baseball_npb,Hanshin Tigers vs Tokyo Yakult Swallows,Hanshin Tigers,Tokyo Yakult Swallows,h2h,Tokyo Yakult Swallows,3.22,0.3099530618043535,0.3099530618043535,0.3308538575893522,0.06534942143771416,0.22,BetOnline.ag,2026-08-18T09:00:00Z,80.0,cba6abb79395b7121f86d629,OPEN,,,2026-08-17 16:13:25,,0.0,0.0,,,,,
36208,baseball,baseball_kbo,Lotte Giants vs Kiwoom Heroes,Lotte Giants,Kiwoom Heroes,h2h,Kiwoom Heroes,2.86,0.34968898094237344,0.34968898094237344,0.37183051532562755,0.06343527383129466,0.26,BetOnline.ag,2026-08-18T10:00:00Z,81.0,8781c5eba98526de852336d6,OPEN,,,2026-08-17 16:13:28,,0.0,0.0,,,,,
36209,baseball,baseball_kbo,Lotte Giants vs Kiwoom Heroes,Lotte Giants,Kiwoom Heroes,h2h,Lotte Giants,1.52,0.6503110190576264,0.6503110190576264,0.6979294846743724,0.060852816705046164,0.88,1xBet,2026-08-18T10:00:00Z,74.0,2ef6305fd35398d8a9891e2d,OPEN,,,2026-08-17 16:13:28,,0.0,0.0,,,,,
36210,baseball,baseball_kbo,Samsung Lions vs SSG Landers,Samsung Lions,SSG Landers,h2h,SSG Landers,3.65,0.28668666641718266,0.28668666641718266,0.3054687331412307,0.11496087596549187,0.33,1xBet,2026-08-18T10:00:00Z,87.0,c97dba1efd263487aaaaf4a8,OPEN,,,2026-08-17 16:13:28,,0.0,0.0,,,,,
36220,football,League Two,Shrewsbury Town vs Barnet,Shrewsbury Town,Barnet,h2h,Shrewsbury Town,3.9,0.29361137267149473,0.24638381433674184,0.272046228222502,0.06098029006775785,0.16,Tipico,2026-08-22T14:00:00Z,5.213814800793296,ed0923027eb4b6bb10df4f90,OPEN,,,2026-08-17 16:13:35,,0.0,0.0,,,,,
36223,football,Belgian Pro League,SV Zulte-Waregem vs SK Beveren,SV Zulte-Waregem,SK Beveren,h2h,SK Beveren,3.89,0.285115631766806,0.26211428154975946,0.2750780362391455,0.07005356097027615,0.18,1xBet,2026-08-22T14:00:00Z,5.921298257080883,e5e0bf0b4599a0a498cba81f,OPEN,,,2026-08-17 16:13:37,,0.0,0.0,,,,,
36228,football,2. Bundesliga,Karlsruher SC vs VfL Wolfsburg,Karlsruher SC,VfL Wolfsburg,h2h,Draw,4.3,0.253875451416165,0.24482217040590637,0.2498659893561317,0.07442375423136616,0.17,Tipico,2026-08-29T11:00:00Z,6.237875336342205,665470a4541406d75e9b76ad,OPEN,,,2026-08-17 16:13:40,,0.0,0.0,,,,,
36229,football,2. Bundesliga,Karlsruher SC vs VfL Wolfsburg,Karlsruher SC,VfL Wolfsburg,h2h,Karlsruher SC,4.3,0.2727463521776799,0.2230647878801438,0.25060363824070886,0.07759564443504807,0.18,Betsson,2026-08-29T11:00:00Z,6.967890271974951,c12eccbb17dc52b884576a0a,OPEN,,,2026-08-17 16:13:40,,0.0,0.0,,,,,
36230,football,2. Bundesliga,1. FC Magdeburg vs Holstein Kiel,1. FC Magdeburg,Holstein Kiel,h2h,Draw,4.2,0.2649761192849163,0.26042840848112186,0.26301280599869814,0.10465378519453217,0.25,Tipico,2026-08-30T11:30:00Z,8.77162503104009,ba79d7b04ff20ce9a0eebdee,OPEN,,,2026-08-17 16:13:40,,0.0,0.0,,,,,
36231,football,Segunda Division,SD Eibar vs Real Valladolid CF,SD Eibar,Real Valladolid CF,h2h,Real Valladolid CF,3.82,0.2889955599842045,0.2640315500494123,0.27755218814768784,0.06024935872416748,0.16,Pinnacle,2026-08-23T15:00:00Z,5.107566806415959,3b386b1fab2a355857bfbdf6,OPEN,,,2026-08-17 16:13:40,,0.0,0.0,,,,,
36257,baseball,baseball_mlb,Baltimore Orioles vs New York Yankees,Baltimore Orioles,New York Yankees,h2h,Baltimore Orioles,2.02,0.4865126495675299,0.4865126495675299,0.5385957173055724,0.08796334895725622,0.65,BetOnline.ag,2026-08-18T22:36:00Z,91.0,4a9eed554634745bc9b3d1a3,LOST,,,2026-08-18 06:21:00,2026-08-19T06:22:01.779687+00:00,-0.65,-1.0,,,,,
36258,baseball,baseball_mlb,Baltimore Orioles vs New York Yankees,Baltimore Orioles,New York Yankees,h2h,New York Yankees,1.89,0.5134873504324701,0.5134873504324701,0.5892842826944276,0.11374729429246799,0.96,BetOnline.ag,2026-08-18T22:36:00Z,94.0,492fe26b1ed8ae73b2844149,WON,,,2026-08-18 06:21:00,2026-08-19T06:22:01.779736+00:00,0.8544,0.89,,,,,
36289,baseball,baseball_mlb,Cincinnati Reds vs St. Louis Cardinals,Cincinnati Reds,St. Louis Cardinals,h2h,Cincinnati Reds,1.95,0.47382644891151315,0.47382644891151315,0.5771300749148145,0.12540364608388832,0.99,Unibet (FR),2026-08-18T22:41:00Z,94.0,0bb840c01236f28c3daa8095,LOST,,,2026-08-18 06:21:00,2026-08-18T16:16:35.677643+00:00,-0.99,-1.0,,,,,
36303,baseball,baseball_mlb,Cleveland Guardians vs San Francisco Giants,Cleveland Guardians,San Francisco Giants,h2h,San Francisco Giants,2.55,0.3722637288169526,0.3722637288169526,0.4464546862045832,0.13845944982168712,0.67,888sport,2026-08-18T22:41:00Z,93.0,e7edafa7b2fc4c4829a94b3e,LOST,,,2026-08-18 06:21:00,2026-08-19T06:22:01.779771+00:00,-0.67,-1.0,,,,,
36306,baseball,baseball_mlb,Cleveland Guardians vs San Francisco Giants,Cleveland Guardians,San Francisco Giants,h2h,Cleveland Guardians,1.57,0.6277362711830474,0.6277362711830474,0.6868553137954169,0.07836284265880455,1.03,1xBet,2026-08-18T22:41:00Z,86.0,22ae1e3527ab1ee82067b92c,WON,,,2026-08-18 06:21:00,2026-08-19T06:22:01.779806+00:00,0.5871,0.57,,,,,
36323,baseball,baseball_mlb,Pittsburgh Pirates vs Detroit Tigers,Pittsburgh Pirates,Detroit Tigers,h2h,Detroit Tigers,2.14,0.43920679889138065,0.43920679889138065,0.5347503739580722,0.14436580027027457,0.95,Betclic (FR),2026-08-18T22:41:00Z,94.0,3a8ebd2fe46b2315d6481912,WON,,,2026-08-18 06:21:01,2026-08-18T16:16:35.677749+00:00,1.083,1.14,,,,,
36338,baseball,baseball_mlb,Philadelphia Phillies vs Miami Marlins,Philadelphia Phillies,Miami Marlins,h2h,Philadelphia Phillies,1.4,0.6752274373181655,0.6752274373181655,0.8050651368737866,0.12709119162330107,2.38,888sport,2026-08-18T22:41:00Z,96.0,72635399ce9478446253a058,WON,,,2026-08-18 06:21:01,2026-08-18T16:16:35.677801+00:00,0.952,0.4,,,,,
36359,baseball,baseball_mlb,Tampa Bay Rays vs Toronto Blue Jays,Tampa Bay Rays,Toronto Blue Jays,h2h,Toronto Blue Jays,2.2,0.43381833929972485,0.43381833929972485,0.5288893309616512,0.16355652811563282,1.02,888sport,2026-08-18T22:41:00Z,94.0,0de6a146c7ed972e15287cb5,WON,,,2026-08-18 06:21:02,2026-08-19T06:22:01.779844+00:00,1.224,1.2,,,,,
36375,baseball,baseball_mlb,Boston Red Sox vs Arizona Diamondbacks,Boston Red Sox,Arizona Diamondbacks,h2h,Arizona Diamondbacks,2.4,0.39712282706553576,0.39712282706553576,0.44707224873268414,0.07297339695844185,0.39,888sport,2026-08-18T23:11:00Z,91.0,5b4f5e48f40abdbf8b2afa99,LOST,,,2026-08-18 06:21:02,2026-08-18T16:16:35.677868+00:00,-0.39,-1.0,,,,,
36376,baseball,baseball_mlb,Boston Red Sox vs Arizona Diamondbacks,Boston Red Sox,Arizona Diamondbacks,h2h,Boston Red Sox,1.57,0.6028771729344642,0.6028771729344642,0.6817977512673159,0.070422469489686,0.93,888sport,2026-08-18T23:11:00Z,93.0,844e4610876f22ba75c5fdd8,WON,,,2026-08-18 06:21:02,2026-08-18T16:16:35.677905+00:00,0.5301,0.57,,,,,
36412,baseball,baseball_mlb,New York Mets vs San Diego Padres,New York Mets,San Diego Padres,h2h,New York Mets,1.91,0.4846971836602921,0.4846971836602921,0.591540177931899,0.12984173984992697,1.07,Unibet (FR),2026-08-18T23:11:00Z,93.0,fdb59c5425231929a6a786aa,WON,,,2026-08-18 06:21:02,2026-08-18T16:16:35.677941+00:00,0.9737,0.91,,,,,
36427,baseball,baseball_mlb,Minnesota Twins vs Atlanta Braves,Minnesota Twins,Atlanta Braves,h2h,Atlanta Braves,1.8,0.5419668359988371,0.5419668359988371,0.5954309126510423,0.07177564277187609,0.67,BetOnline.ag,2026-08-18T23:40:00Z,92.0,e02dac3cef8af848ec3836dc,LOST,,,2026-08-18 06:21:03,2026-08-18T16:16:35.677978+00:00,-0.67,-1.0,,,,,
36428,baseball,baseball_mlb,Minnesota Twins vs Atlanta Braves,Minnesota Twins,Atlanta Braves,h2h,Minnesota Twins,2.13,0.45803316400116284,0.45803316400116284,0.5349990873489577,0.13954805605328002,0.93,BetOnline.ag,2026-08-18T23:40:00Z,94.0,a99997521280acacd78ec573,WON,,,2026-08-18 06:21:03,2026-08-18T16:16:35.678012+00:00,1.0509,1.13,,,,,
36458,baseball,baseball_mlb,Kansas City Royals vs Athletics,Kansas City Royals,Athletics,h2h,Athletics,2.1,0.44905063435125425,0.44905063435125425,0.5142247973742923,0.07987207448601374,0.54,888sport,2026-08-18T23:41:00Z,91.0,010013973663f3b605950187,LOST,,,2026-08-18 06:21:03,2026-08-18T16:16:35.678047+00:00,-0.54,-1.0,,,,,
36459,baseball,baseball_mlb,Kansas City Royals vs Athletics,Kansas City Royals,Athletics,h2h,Kansas City Royals,1.73,0.5509493656487455,0.5509493656487455,0.6187252026257076,0.07039460054247426,0.72,888sport,2026-08-18T23:41:00Z,92.0,e74fb38a0c5f1ca4a2874bec,WON,,,2026-08-18 06:21:03,2026-08-18T16:16:35.678080+00:00,0.5256,0.73,,,,,
36482,baseball,baseball_mlb,Milwaukee Brewers vs Seattle Mariners,Milwaukee Brewers,Seattle Mariners,h2h,Milwaukee Brewers,1.65,0.5833095388793182,0.5833095388793182,0.6680067945593675,0.10221121102295627,1.18,BetOnline.ag,2026-08-18T23:41:00Z,94.0,4a8ade740e0032c5cc563005,WON,,,2026-08-18 06:21:04,2026-08-19T06:22:01.779902+00:00,0.767,0.65,,,,,
36483,baseball,baseball_mlb,Milwaukee Brewers vs Seattle Mariners,Milwaukee Brewers,Seattle Mariners,h2h,Seattle Mariners,2.4,0.41669046112068175,0.41669046112068175,0.4608932054406325,0.10614369305751792,0.57,BetOnline.ag,2026-08-18T23:41:00Z,92.0,f551f732b0818ab7bc15a25a,LOST,,,2026-08-18 06:21:04,2026-08-19T06:22:01.779939+00:00,-0.57,-1.0,,,,,
36512,baseball,baseball_mlb,Chicago Cubs vs Chicago White Sox,Chicago Cubs,Chicago White Sox,h2h,Chicago Cubs,1.58,0.5989617174036488,0.5989617174036488,0.6838818664881253,0.0805333490512381,1.04,Betclic (FR),2026-08-19T00:06:00Z,93.0,31c8c2615fe647a983f7a367,WON,,,2026-08-18 06:21:04,2026-08-18T16:16:35.678194+00:00,0.6032,0.58,,,,,
36514,baseball,baseball_mlb,Chicago Cubs vs Chicago White Sox,Chicago Cubs,Chicago White Sox,h2h,Chicago White Sox,2.4,0.40103828259635127,0.40103828259635127,0.4489181335118748,0.07740352042849952,0.41,888sport,2026-08-19T00:06:00Z,90.0,931133e40f3fadf7d85fe9ec,LOST,,,2026-08-18 06:21:04,2026-08-18T16:16:35.678228+00:00,-0.41,-1.0,,,,,
36542,baseball,baseball_mlb,Texas Rangers vs Washington Nationals,Texas Rangers,Washington Nationals,h2h,Texas Rangers,1.67,0.5864119391784341,0.5864119391784341,0.7034261686207859,0.1747217015967124,1.96,BetOnline.ag,2026-08-19T00:06:00Z,97.0,4804f22b64c4a3e6d113c0cd,WON,,,2026-08-18 06:21:04,2026-08-19T06:22:01.779978+00:00,1.3132,0.67,,,,,
36563,baseball,baseball_mlb,Houston Astros vs Los Angeles Angels,Houston Astros,Los Angeles Angels,h2h,Houston Astros,1.61,0.602174417372411,0.602174417372411,0.723044245486897,0.1641012352339044,2.02,BetOnline.ag,2026-08-19T00:11:00Z,96.0,ec7682d91df17b7fef33fd4f,LOST,,,2026-08-18 06:21:05,2026-08-19T06:22:01.780020+00:00,-2.02,-1.0,,,,,
36585,baseball,baseball_mlb,Colorado Rockies vs Los Angeles Dodgers,Colorado Rockies,Los Angeles Dodgers,h2h,Colorado Rockies,2.4,0.3778067191012382,0.3778067191012382,0.467925273300041,0.12302065592009837,0.66,Unibet (FR),2026-08-19T00:41:00Z,92.0,c831d594c4aa1abbaa0bd1da,LOST,,,2026-08-18 06:21:05,2026-08-18T16:16:35.678325+00:00,-0.66,-1.0,,,,,
36599,baseball,baseball_npb,Saitama Seibu Lions vs Orix Buffaloes,Saitama Seibu Lions,Orix Buffaloes,h2h,Orix Buffaloes,2.42,0.41410397254059905,0.41410397254059905,0.4425800588562613,0.07104374243215217,0.38,Pinnacle,2026-08-18T09:00:00Z,74.0,ebe95b092c76c458a1f44e6f,OPEN,,,2026-08-18 06:21:07,,0.0,0.0,,,,,
36600,baseball,baseball_kbo,NC Dinos vs Doosan Bears,NC Dinos,Doosan Bears,h2h,Doosan Bears,2.06,0.4847489815809305,0.4847489815809305,0.5182167158173165,0.06752643458367213,0.48,1xBet,2026-08-18T10:00:00Z,75.0,b779cfe96d1ca4fbd16f7252,OPEN,,,2026-08-18 06:21:09,,0.0,0.0,,,,,
36601,baseball,baseball_kbo,Hanwha Eagles vs Kia Tigers,Hanwha Eagles,Kia Tigers,h2h,Hanwha Eagles,2.15,0.45864992449129743,0.45864992449129743,0.4946704418582991,0.06354144999534306,0.41,BetOnline.ag,2026-08-18T10:00:00Z,83.0,75188ca2b8ff9ae3db80a67a,OPEN,,,2026-08-18 06:21:10,,0.0,0.0,,,,,
36602,baseball,baseball_kbo,LG Twins vs KT Wiz,LG Twins,KT Wiz,h2h,LG Twins,1.98,0.49947507120993057,0.49947507120993057,0.5359458048316466,0.06117269356666011,0.47,1xBet,2026-08-18T10:00:00Z,73.0,78b2fe94d8e1784b533051af,OPEN,,,2026-08-18 06:21:10,,0.0,0.0,,,,,
36604,baseball,baseball_kbo,Samsung Lions vs SSG Landers,Samsung Lions,SSG Landers,h2h,Samsung Lions,1.55,0.6425566569436353,0.6425566569436353,0.6903386258465992,0.0700248700622288,0.95,1xBet,2026-08-18T10:00:00Z,77.0,17d4e52d30be149a078c6241,OPEN,,,2026-08-18 06:21:10,,0.0,0.0,,,,,
36609,football,Serie A,Venezia vs Lecce,Venezia,Lecce,h2h,Lecce,3.65,0.3004006560845514,0.28492412209261475,0.29337784593392885,0.07082913765884036,0.2,Betfair,2026-08-23T16:30:00Z,6.055891269830851,458d3ee31b61a22b04250357,OPEN,,,2026-08-18 06:21:15,,0.0,0.0,,,,,
36614,football,Championship,Preston North End vs Wolverhampton Wanderers,Preston North End,Wolverhampton Wanderers,h2h,Preston North End,4.5,0.2709082435554321,0.22303678580963482,0.2491497858769831,0.121174036446424,0.26,LeoVegas (SE),2026-08-22T14:00:00Z,10.796127997815013,ebda16bfb8aa3fe53d7cceee,OPEN,,,2026-08-18 06:21:16,,0.0,0.0,,,,,
36617,football,Scottish Premiership,Dundee United vs Dundee FC,Dundee United,Dundee FC,h2h,Dundee FC,3.95,0.28445973426372745,0.2626777069043184,0.2745330363443907,0.08440549356034333,0.21,Nordic Bet,2026-08-22T16:45:00Z,7.3788806833665825,5387e52dd2ea8138e8690fdf,OPEN,,,2026-08-18 06:21:18,,0.0,0.0,,,,,
36620,football,Greek Super League,Panathinaikos vs AE Kifisia FC,Panathinaikos,AE Kifisia FC,h2h,Draw,4.5,0.25727642376928306,0.2480303299567561,0.2530690122270238,0.13881055502160722,0.3,William Hill,2026-08-23T18:00:00Z,12.50919078688218,db8af92db62a2c91df8df13a,OPEN,,,2026-08-18 06:21:19,,0.0,0.0,,,,,
36621,football,Austrian Bundesliga,Ried vs Grazer AK,Ried,Grazer AK,h2h,Grazer AK,3.8,0.2903096709916856,0.2744183271525459,0.2838849718296139,0.0787628929525328,0.21,Betfair,2026-08-21T17:30:00Z,6.512671267710727,a8a8dcc26faf00d2cc20c540,OPEN,,,2026-08-18 06:21:20,,0.0,0.0,,,,,
36639,football,MLS,Portland Timbers vs San Diego FC,Portland Timbers,San Diego FC,h2h,Draw,4.5,0.24655525243098864,0.23628331742390665,0.2423201907612173,0.09044085842547789,0.19,1xBet,2026-08-20T02:30:00Z,7.114077923748091,9c11c6f04f00a555e2f3df47,OPEN,,,2026-08-18 06:21:24,,0.0,0.0,,,,,
36640,football,MLS,Charlotte FC vs D.C. United,Charlotte FC,D.C. United,h2h,Draw,4.25,0.2566486994820573,0.24817204501209886,0.2533340709036832,0.07666980134065371,0.18,1xBet,2026-08-22T23:30:00Z,6.03084657345582,abe7b365123a360db0c3f475,OPEN,,,2026-08-18 06:21:24,,0.0,0.0,,,,,
36642,football,MLS,Nashville SC vs Columbus Crew SC,Nashville SC,Columbus Crew SC,h2h,Draw,4.35,0.2522230856425757,0.24072406698181012,0.2480571183586304,0.07904846486004224,0.18,1xBet,2026-08-23T00:30:00Z,6.217952245890925,fc40be387a1e9a43faa16649,OPEN,,,2026-08-18 06:21:24,,0.0,0.0,,,,,
36643,football,MLS,St. Louis City SC vs Houston Dynamo,St. Louis City SC,Houston Dynamo,h2h,Draw,4.1,0.26201730278769264,0.2531945765143862,0.2589151983314753,0.061552313159048744,0.15,1xBet,2026-08-23T00:30:00Z,4.841704953090774,b0f42bbf106710ac79afa8f3,OPEN,,,2026-08-18 06:21:24,,0.0,0.0,,,,,
36645,football,MLS,San Diego FC vs Colorado Rapids,San Diego FC,Colorado Rapids,h2h,Draw,4.3,0.2529137005238023,0.24337202708417638,0.24917512983108644,0.07145305827367165,0.16,1xBet,2026-08-23T02:30:00Z,5.620497563807012,841661c0745048d07fd0c14a,OPEN,,,2026-08-18 06:21:24,,0.0,0.0,,,,,
36646,football,MLS,San Jose Earthquakes vs Minnesota United FC,San Jose Earthquakes,Minnesota United FC,h2h,Draw,4.32,0.2556734193747738,0.24262776629307237,0.25109736287943235,0.08474060763914792,0.19,1xBet,2026-08-23T02:30:00Z,6.665696196895377,a51828bc0b2c68e681d112c0,OPEN,,,2026-08-18 06:21:24,,0.0,0.0,,,,,
36648,football,Brazil Serie A,Internacional vs Atletico Mineiro,Internacional,Atletico Mineiro,h2h,Atletico Mineiro,3.78,0.29184082161371083,0.2667000171598771,0.2810433292105759,0.06234378441597688,0.17,Pinnacle,2026-08-22T21:30:00Z,4.982903527614215,2f67d524d4ca8a5954d3ef8d,OPEN,,,2026-08-18 06:21:25,,0.0,0.0,,,,,
36653,football,Liga MX,Puebla vs Santos Laguna,Puebla,Santos Laguna,h2h,Santos Laguna,3.31,0.32254114887916097,0.31973659563299783,0.3213088563301446,0.06353231445277863,0.21,GTbets,2026-08-23T01:00:00Z,5.83213781382831,78023dfcd8d054fee043db3c,OPEN,,,2026-08-18 06:21:27,,0.0,0.0,,,,,
36722,baseball,baseball_mlb,Cincinnati Reds vs St. Louis Cardinals,Cincinnati Reds,St. Louis Cardinals,h2h,St. Louis Cardinals,1.92,0.5210241229013259,0.5210241229013259,0.5540726024759356,0.06381939675379633,0.52,Matchbook,2026-08-18T22:41:00Z,80.0,43793cece447dba2a9919c2f,WON,,,2026-08-18 16:16:42,2026-08-19T06:22:01.779865+00:00,0.4784,0.92,,,,,
37000,baseball,baseball_mlb,Colorado Rockies vs Los Angeles Dodgers,Colorado Rockies,Los Angeles Dodgers,h2h,Los Angeles Dodgers,1.59,0.6303958953090044,0.6303958953090044,0.685646481975313,0.09017790634074774,1.15,1xBet,2026-08-19T00:41:00Z,91.0,b398820c116463a444f4c11a,WON,,,2026-08-18 16:16:47,2026-08-19T06:22:01.780049+00:00,0.6785,0.59,,,,,
37015,baseball,baseball_npb,Yokohama DeNA BayStars vs Yomiuri Giants,Yokohama DeNA BayStars,Yomiuri Giants,h2h,Yomiuri Giants,2.35,0.42392295127386714,0.42392295127386714,0.4542206724808777,0.06741858033006265,0.37,1xBet,2026-08-19T08:45:00Z,74.0,3643d3b5669fc253bf748427,OPEN,,,2026-08-18 16:16:51,,0.0,0.0,,,,,
37017,baseball,baseball_kbo,LG Twins vs KT Wiz,LG Twins,KT Wiz,h2h,KT Wiz,2.49,0.4087478863329544,0.4087478863329544,0.4360558724763749,0.08577912246617347,0.43,BetOnline.ag,2026-08-19T10:00:00Z,89.0,43b6a59cbbd58869c8ca46c8,OPEN,,,2026-08-18 16:16:55,,0.0,0.0,,,,,
37022,football,La Liga,Getafe vs Real Racing Club de Santander,Getafe,Real Racing Club de Santander,h2h,Real Racing Club de Santander,4.4,0.26505344782798246,0.23149139437789928,0.25029145624235405,0.10128240746635786,0.22,Unibet (SE),2026-08-23T17:30:00Z,8.45237217075935,855406ced1cbf6c9f3902608,OPEN,,,2026-08-18 16:16:59,,0.0,0.0,,,,,
37030,football,League Two,Fleetwood Town vs Gillingham,Fleetwood Town,Gillingham,h2h,Gillingham,4.1,0.2824750645788756,0.26408192089834875,0.2743224526172139,0.12472205573057682,0.3,Betfair,2026-08-22T14:00:00Z,10.663735764964317,56ddbe011753e11000b4664e,OPEN,,,2026-08-18 16:17:03,,0.0,0.0,,,,,
37037,football,Danish Superliga,AGF Aarhus vs OB Odense BK,AGF Aarhus,OB Odense BK,h2h,OB Odense BK,4.5,0.25720674542382604,0.22082866262505824,0.24212670465380043,0.08957017094210196,0.19,Betfair,2026-08-23T12:00:00Z,7.271508009964456,255f7deecc0e0b8f0cd31e22,OPEN,,,2026-08-18 16:17:06,,0.0,0.0,,,,,
37043,football,Ligue 2,Metz vs Stade Lavallois,Metz,Stade Lavallois,h2h,Stade Lavallois,4.41,0.25718924874773497,0.21898961827508287,0.2413858209984137,0.06451147060300455,0.14,Pinnacle,2026-08-22T12:00:00Z,5.430451733337365,3977c721eaf78976b1633017,OPEN,,,2026-08-18 16:17:09,,0.0,0.0,,,,,
37044,football,Ligue 2,Stade de Reims vs Annecy FC,Stade de Reims,Annecy FC,h2h,Annecy FC,4.3,0.26868559458074104,0.23588572722291123,0.2540418798043269,0.09238008315860569,0.21,Betsson,2026-08-24T18:45:00Z,8.292956369944706,1b20cde27e68cae03cc2f00f,OPEN,,,2026-08-18 16:17:09,,0.0,0.0,,,,,
37055,football,MLS,CF Montreal vs LA Galaxy,CF Montreal,LA Galaxy,h2h,Draw,4.07,0.26801719243485794,0.2632450221750453,0.266339959754908,0.08400363620247564,0.21,1xBet,2026-08-22T23:30:00Z,6.607726023686735,87e15bf8723f62b6b7668224,OPEN,,,2026-08-18 16:17:10,,0.0,0.0,,,,,
37057,football,MLS,New York Red Bulls vs Chicago Fire,New York Red Bulls,Chicago Fire,h2h,Draw,4.44,0.2532582573768941,0.24255629494082426,0.24886194193649946,0.10494702219805774,0.23,1xBet,2026-08-22T23:30:00Z,8.255132766099223,d507876866e8d09de5c595d1,OPEN,,,2026-08-18 16:17:10,,0.0,0.0,,,,,
37066,football,Brazil Serie A,Bahia vs Internacional,Bahia,Internacional,h2h,Internacional,4.16,0.26910054431571856,0.2376480938474792,0.25672032180164134,0.06795653869482798,0.16,1xBet,2026-08-30T20:00:00Z,5.406469316348452,c454956647379483973d3ba2,OPEN,,,2026-08-18 16:17:12,,0.0,0.0,,,,,
37069,football,Liga MX,Querétaro vs Toluca,Querétaro,Toluca,h2h,Querétaro,4.2,0.29898796137359107,0.2387704103093878,0.27524234431837086,0.15601784613715775,0.37,Tipico,2026-08-22T03:10:00Z,13.206130586279716,89b14eb769f075c7a557b40c,OPEN,,,2026-08-18 16:17:13,,0.0,0.0,,,,,
37088,hockey,icehockey_nhl,Utah Mammoth vs Chicago Blackhawks,Utah Mammoth,Chicago Blackhawks,h2h,Chicago Blackhawks,3.75,0.28796363901444505,0.28796363901444505,0.2904045473101115,0.08901705241291813,0.24,1xBet,2026-10-02T01:10:00Z,8.901705241291813,83a702b4138c5f113948fd89,,,,2026-08-19 06:22:05,,0.0,0.0,,,,,
37089,hockey,icehockey_nhl,Utah Mammoth vs Chicago Blackhawks,Utah Mammoth,Chicago Blackhawks,h2h,Chicago Blackhawks,3.7,0.28796363901444505,0.28796363901444505,0.28656454731011155,0.06028882504741273,0.17,Marathon Bet,2026-10-02T01:10:00Z,6.028882504741273,5a7c051b89c432c7d61d673c,,,,2026-08-19 06:22:05,,0.0,0.0,,,,,
37095,baseball,baseball_mlb,Pittsburgh Pirates vs Detroit Tigers,Pittsburgh Pirates,Detroit Tigers,h2h,Detroit Tigers,2.2,0.42272205596826046,0.42272205596826046,0.5172316617432053,0.13790965583505188,0.86,Unibet (FR),2026-08-19T16:36:00Z,93.0,d46768557b1448e728ca324e,WON,,,2026-08-19 06:22:09,2026-08-19T16:16:43.400791+00:00,1.032,1.2,,,,,
37109,baseball,baseball_mlb,New York Mets vs San Diego Padres,New York Mets,San Diego Padres,h2h,New York Mets,2.1,0.45085314497243395,0.45085314497243395,0.5531354753590761,0.16158449825405996,1.1,888sport,2026-08-19T17:11:00Z,94.0,5a59443ac08efea27e4cc321,WON,,,2026-08-19 06:22:09,2026-08-19T16:16:43.400822+00:00,1.21,1.1,,,,,
37124,baseball,baseball_mlb,Minnesota Twins vs Atlanta Braves,Minnesota Twins,Atlanta Braves,h2h,Minnesota Twins,1.91,0.49615058956889874,0.49615058956889874,0.5896818046465045,0.12629224687482354,1.04,888sport,2026-08-19T17:40:00Z,94.0,4499c59b04a4cd58efab6309,WON,,,2026-08-19 06:22:09,2026-08-19T16:16:43.400843+00:00,0.9464,0.91,,,,,
37143,baseball,baseball_mlb,Chicago Cubs vs Chicago White Sox,Chicago Cubs,Chicago White Sox,h2h,Chicago Cubs,1.67,0.5657670605027243,0.5657670605027243,0.6578528041948564,0.09861418300541014,1.1,888sport,2026-08-19T18:21:00Z,93.0,24146b7ab0fb551dfe37cc5f,WON,,,2026-08-19 06:22:10,2026-08-19T16:16:43.400863+00:00,0.737,0.67,,,,,
37149,baseball,baseball_mlb,Chicago Cubs vs Chicago White Sox,Chicago Cubs,Chicago White Sox,h2h,Chicago White Sox,2.24,0.4342329394972757,0.4342329394972757,0.4754871958051439,0.06509131860352246,0.39,1xBet,2026-08-19T18:21:00Z,79.0,31c3035a9cf91f3c0bc269ea,LOST,,,2026-08-19 06:22:10,2026-08-19T16:16:43.400884+00:00,-0.39,-1.0,,,,,
37157,baseball,baseball_mlb,Boston Red Sox vs Arizona Diamondbacks,Boston Red Sox,Arizona Diamondbacks,h2h,Arizona Diamondbacks,2.29,0.430208954678303,0.430208954678303,0.4735313058463864,0.08438669038822488,0.49,BetOnline.ag,2026-08-19T20:10:00Z,91.0,7637a0ee7d330fe82e17b399,LOST,,,2026-08-19 06:22:10,2026-08-19T16:16:43.400902+00:00,-0.49,-1.0,,,,,
37158,baseball,baseball_mlb,Boston Red Sox vs Arizona Diamondbacks,Boston Red Sox,Arizona Diamondbacks,h2h,Boston Red Sox,1.7,0.5697910453216971,0.5697910453216971,0.6593586941536138,0.12090978006114339,1.3,BetOnline.ag,2026-08-19T20:10:00Z,94.0,fc7fc3af67964f8ba7aeb4f4,WON,,,2026-08-19 06:22:10,2026-08-19T16:16:43.400923+00:00,0.91,0.7,,,,,
37187,baseball,baseball_mlb,Philadelphia Phillies vs Miami Marlins,Philadelphia Phillies,Miami Marlins,h2h,Philadelphia Phillies,1.73,0.5420691831447586,0.5420691831447586,0.6538307327031814,0.13112716757650378,1.35,888sport,2026-08-19T22:05:00Z,94.0,73777e77ed28789a408072a9,WON,,,2026-08-19 06:22:10,2026-08-19T16:16:43.400941+00:00,0.9855,0.73,,,,,
37204,baseball,baseball_mlb,Baltimore Orioles vs New York Yankees,Baltimore Orioles,New York Yankees,h2h,New York Yankees,1.75,0.5296539874245996,0.5296539874245996,0.6213563698231935,0.0873736471905886,0.87,888sport,2026-08-19T22:36:00Z,92.0,026ae235cb50e5555f7fda29,WON,,,2026-08-19 06:22:11,2026-08-19T16:16:43.400966+00:00,0.6525,0.75,,,,,
37210,baseball,baseball_mlb,Baltimore Orioles vs New York Yankees,Baltimore Orioles,New York Yankees,h2h,Baltimore Orioles,2.09,0.4703460125754004,0.4703460125754004,0.5095536301768065,0.06496708706952559,0.45,1xBet,2026-08-19T22:36:00Z,79.0,78542bb29784fe511eb0c9c3,LOST,,,2026-08-19 06:22:11,2026-08-19T16:16:43.400990+00:00,-0.45,-1.0,,,,,
37228,baseball,baseball_mlb,Cincinnati Reds vs St. Louis Cardinals,Cincinnati Reds,St. Louis Cardinals,h2h,Cincinnati Reds,1.71,0.5700156456490298,0.5700156456490298,0.6712096801520561,0.1477685530600159,1.56,BetOnline.ag,2026-08-19T22:40:00Z,95.0,dbad5d6ae3944c0014b92588,LOST,,,2026-08-19 06:22:11,2026-08-19T16:16:43.401008+00:00,-1.56,-1.0,,,,,
37250,baseball,baseball_mlb,Cincinnati Reds vs St. Louis Cardinals,Cincinnati Reds,St. Louis Cardinals,h2h,St. Louis Cardinals,2.3,0.4299843543509701,0.4299843543509701,0.46150031984794404,0.06145073565027115,0.35,Betfair,2026-08-19T22:40:00Z,78.0,4fa12efecb581f6ca915418d,WON,,,2026-08-19 06:22:12,2026-08-19T16:16:43.401026+00:00,0.455,1.3,,,,,
37251,baseball,baseball_mlb,Tampa Bay Rays vs Toronto Blue Jays,Tampa Bay Rays,Toronto Blue Jays,h2h,Toronto Blue Jays,2.6,0.3509853088643275,0.3509853088643275,0.43684538285157476,0.13579799541409443,0.64,Unibet (FR),2026-08-19T22:40:00Z,92.0,eed3d1062d34f564b6fbdcc7,WON,,,2026-08-19 06:22:12,2026-08-19T16:16:43.401057+00:00,1.024,1.6,,,,,
37261,baseball,baseball_mlb,Cleveland Guardians vs San Francisco Giants,Cleveland Guardians,San Francisco Giants,h2h,Cleveland Guardians,1.53,0.6210611733217756,0.6210611733217756,0.6941193860759034,0.06200266069613214,0.88,888sport,2026-08-19T22:41:00Z,90.0,405117e1221824d7a220e03e,WON,,,2026-08-19 06:22:12,2026-08-19T16:16:43.401082+00:00,0.4664,0.53,,,,,
37262,baseball,baseball_mlb,Cleveland Guardians vs San Francisco Giants,Cleveland Guardians,San Francisco Giants,h2h,San Francisco Giants,2.5,0.3789388266782244,0.3789388266782244,0.44075061392409676,0.10187653481024195,0.51,888sport,2026-08-19T22:41:00Z,91.0,4ec2d47d9f39f46f77b5a2b4,LOST,,,2026-08-19 06:22:12,2026-08-19T16:16:43.401107+00:00,-0.51,-1.0,,,,,
37292,baseball,baseball_mlb,Milwaukee Brewers vs Seattle Mariners,Milwaukee Brewers,Seattle Mariners,h2h,Milwaukee Brewers,1.85,0.5305763526737035,0.5305763526737035,0.6196065138674889,0.1462720506548545,1.29,BetOnline.ag,2026-08-19T23:40:00Z,94.0,f9b5045f6002a95a3f211e4c,WON,,,2026-08-19 06:22:12,2026-08-19T16:16:43.401135+00:00,1.0965,0.85,,,,,
37300,baseball,baseball_mlb,Milwaukee Brewers vs Seattle Mariners,Milwaukee Brewers,Seattle Mariners,h2h,Seattle Mariners,2.1,0.4694236473262965,0.4694236473262965,0.5121134861325112,0.07543832087827362,0.51,1xBet,2026-08-19T23:40:00Z,84.0,cb60a0c046e96acc3444fa30,LOST,,,2026-08-19 06:22:13,2026-08-19T16:16:43.401164+00:00,-0.51,-1.0,,,,,
37318,baseball,baseball_mlb,Texas Rangers vs Washington Nationals,Texas Rangers,Washington Nationals,h2h,Texas Rangers,1.73,0.5535186983963236,0.5535186983963236,0.6656921495863828,0.1516474187844421,1.56,888sport,2026-08-20T00:06:00Z,95.0,a74d4dcbf494dbd0405e21d7,WON,,,2026-08-19 06:22:13,2026-08-19T16:16:43.401200+00:00,1.1388,0.73,,,,,
37336,baseball,baseball_mlb,Houston Astros vs Los Angeles Angels,Houston Astros,Los Angeles Angels,h2h,Houston Astros,1.65,0.5919582013294553,0.5919582013294553,0.7108584402255752,0.17291642637219895,2.0,BetOnline.ag,2026-08-20T00:10:00Z,96.0,af35c4e499b27854142201df,LOST,,,2026-08-19 06:22:13,2026-08-19T16:16:43.401236+00:00,-2.0,-1.0,,,,,
37355,baseball,baseball_mlb,Colorado Rockies vs Los Angeles Dodgers,Colorado Rockies,Los Angeles Dodgers,h2h,Colorado Rockies,2.65,0.3684059242126785,0.3684059242126785,0.43460341548495046,0.1516990510351186,0.69,BetOnline.ag,2026-08-20T00:40:00Z,93.0,c2c1c6657d6de26230217f42,LOST,,,2026-08-19 06:22:14,2026-08-19T16:16:43.401259+00:00,-0.69,-1.0,,,,,
37356,baseball,baseball_mlb,Colorado Rockies vs Los Angeles Dodgers,Colorado Rockies,Los Angeles Dodgers,h2h,Los Angeles Dodgers,1.55,0.6315940757873214,0.6315940757873214,0.6922565845150496,0.07299770599832689,1.0,BetOnline.ag,2026-08-20T00:40:00Z,93.0,5fd7fa57d0b2ed060f4aac97,WON,,,2026-08-19 06:22:14,2026-08-19T16:16:43.401282+00:00,0.55,0.55,,,,,
37380,baseball,baseball_kbo,NC Dinos vs Doosan Bears,NC Dinos,Doosan Bears,h2h,NC Dinos,1.99,0.49345567377810645,0.49345567377810645,0.533080868809142,0.060830928930192485,0.46,BetOnline.ag,2026-08-19T10:00:00Z,82.0,9c302300e379b895829f3a38,OPEN,,,2026-08-19 06:22:21,,0.0,0.0,,,,,
37381,baseball,baseball_kbo,Hanwha Eagles vs Kia Tigers,Hanwha Eagles,Kia Tigers,h2h,Kia Tigers,2.45,0.41226137820460895,0.41226137820460895,0.4395112612175489,0.07680258998299494,0.4,BetOnline.ag,2026-08-19T10:00:00Z,87.0,6230841a9a99d84fffaa3eb7,OPEN,,,2026-08-19 06:22:21,,0.0,0.0,,,,,
37382,baseball,baseball_kbo,Lotte Giants vs Kiwoom Heroes,Lotte Giants,Kiwoom Heroes,h2h,Kiwoom Heroes,2.23,0.46723858125753853,0.46723858125753853,0.49681370756830473,0.10789456787731955,0.66,1xBet,2026-08-19T10:00:00Z,88.0,95a457569370e6d3294c4cd6,OPEN,,,2026-08-19 06:22:22,,0.0,0.0,,,,,
37396,football,Championship,Southampton vs Stoke City,Southampton,Stoke City,h2h,Draw,4.4,0.2466491583862028,0.23408801452831068,0.24110835134544406,0.060876745919953956,0.13,Betfair,2026-08-22T14:00:00Z,5.222138150017379,134620394d17c92f6a8cc6aa,OPEN,,,2026-08-19 06:22:28,,0.0,0.0,,,,,
37397,football,Championship,Wrexham AFC vs Watford,Wrexham AFC,Watford,h2h,Watford,4.1,0.2767984789677044,0.24754771410441342,0.2635152064548327,0.08041234646481388,0.19,Betfair,2026-08-22T14:00:00Z,6.8794985232965535,18b563e6d7c79610a0245411,OPEN,,,2026-08-19 06:22:28,,0.0,0.0,,,,,
37413,football,MLS,D.C. United vs New England Revolution,D.C. United,New England Revolution,h2h,New England Revolution,3.55,0.3050707895092878,0.29758256792761884,0.3023984588932056,0.07351452907087985,0.22,LeoVegas (SE),2026-08-19T23:30:00Z,6.006045867074837,3e5241d7074c0adc2e1b7c39,OPEN,,,2026-08-19 06:22:36,,0.0,0.0,,,,,
37433,football,Brazil Serie A,Bahia vs Internacional,Bahia,Internacional,h2h,Internacional,4.16,0.26896150707761285,0.23742634721043093,0.2565487287293265,0.06724271151399819,0.16,1xBet,2026-08-30T22:30:00Z,5.349678831952788,74e05aa5c3098e46d037bda4,OPEN,,,2026-08-19 06:22:38,,0.0,0.0,,,,,
37436,football,Liga MX,León vs Monterrey,León,Monterrey,h2h,León,3.31,0.3396327461087433,0.2990581398979305,0.32164783288024956,0.06465432683362615,0.21,Pinnacle,2026-08-22T01:00:00Z,5.498012577124141,25467167037ea4cd0507871f,OPEN,,,2026-08-19 06:22:39,,0.0,0.0,,,,,
37458,tennis,tennis_atp_cincinnati_open,Rafael Jodar vs Flavio Cobolli,,,,Flavio Cobolli,8.4,,,,,0.09,Betfair,,,,OPEN,,,2026-08-19 16:16:48,,0.0,0.0,,,,,
37459,tennis,tennis_atp_cincinnati_open,Rafael Jodar vs Flavio Cobolli,,,,Flavio Cobolli,9.0,,,,,0.16,Coolbet,,,,OPEN,,,2026-08-19 16:16:48,,0.0,0.0,,,,,
37460,tennis,tennis_atp_cincinnati_open,Rafael Jodar vs Flavio Cobolli,,,,Flavio Cobolli,8.6,,,,,0.12,Matchbook,,,,OPEN,,,2026-08-19 16:16:48,,0.0,0.0,,,,,
37461,tennis,tennis_atp_cincinnati_open,Rafael Jodar vs Flavio Cobolli,,,,Flavio Cobolli,8.25,,,,,0.08,Pinnacle,,,,OPEN,,,2026-08-19 16:16:48,,0.0,0.0,,,,,
37462,tennis,tennis_atp_cincinnati_open,Taylor Fritz vs Christopher O'Connell,,,,Christopher O'Connell,8.95,,,,,0.11,1xBet,,,,OPEN,,,2026-08-19 16:16:48,,0.0,0.0,,,,,
37463,tennis,tennis_atp_cincinnati_open,Taylor Fritz vs Christopher O'Connell,,,,Christopher O'Connell,9.0,,,,,0.11,Winamax (DE),,,,OPEN,,,2026-08-19 16:16:48,,0.0,0.0,,,,,
37696,baseball,baseball_mlb,Kansas City Royals vs Athletics,Kansas City Royals,Athletics,h2h,Athletics,2.46,0.405031714359179,0.405031714359179,0.44695359626007514,0.09950584679978491,0.51,Betfair,2026-08-19T23:41:00Z,89.0,f82ea0f1f90c7c9747fdd0b0,OPEN,,,2026-08-19 16:16:56,,0.0,0.0,,,,,
37697,baseball,baseball_mlb,Kansas City Royals vs Athletics,Kansas City Royals,Athletics,h2h,Kansas City Royals,1.67,0.5949682856408209,0.5949682856408209,0.680776403739925,0.13689659424567457,1.53,Betfair,2026-08-19T23:41:00Z,95.0,134542e4f5c91b0bcdcfefe3,OPEN,,,2026-08-19 16:16:56,,0.0,0.0,,,,,
37804,basketball,basketball_wnba,Golden State Valkyries vs Minnesota Lynx,Golden State Valkyries,Minnesota Lynx,h2h,Golden State Valkyries,2.4,0.42880840485597044,0.42880840485597044,0.444336276975379,0.0664070647409094,0.36,Betfair,2026-08-20T02:10:00Z,6.115860243404518,5e73efe7fb375ab775e075e7,,,,2026-08-19 16:17:01,,0.0,0.0,,,,,
37806,basketball,basketball_wnba,Los Angeles Sparks vs Atlanta Dream,Los Angeles Sparks,Atlanta Dream,h2h,Los Angeles Sparks,3.45,0.3337908793840637,0.3337908793840637,0.34177583758579555,0.17912663967099474,0.55,PMU (FR),2026-08-21T02:00:00Z,17.373884685341398,4ddaf31f0fed2b1c6f9a32ad,,,,2026-08-19 16:17:02,,0.0,0.0,,,,,
37807,baseball,baseball_npb,Hokkaido Nippon-Ham Fighters vs Fukuoka SoftBank Hawks,Hokkaido Nippon-Ham Fighters,Fukuoka SoftBank Hawks,h2h,Hokkaido Nippon-Ham Fighters,2.1,0.47142180380106746,0.47142180380106746,0.5079247889268219,0.06664205674632617,0.45,Pinnacle,2026-08-20T05:00:00Z,74.0,2a4fe2305b31ecfdb37e06c8,OPEN,,,2026-08-19 16:17:02,,0.0,0.0,,,,,
37838,football,MLS,Columbus Crew SC vs CF Montreal,Columbus Crew SC,CF Montreal,h2h,Draw,4.49,0.24790115867521093,0.23263389587404978,0.24253680554449422,0.08899025689477913,0.19,1xBet,2026-08-19T23:30:00Z,6.9999736073433265,f6205eac183ec0bdb8758ff2,OPEN,,,2026-08-19 16:17:21,,0.0,0.0,,,,,
37843,football,MLS,Sporting Kansas City vs St. Louis City SC,Sporting Kansas City,St. Louis City SC,h2h,Sporting Kansas City,4.1,0.27779580562769,0.2544534746698459,0.26822147435857957,0.09970804487017615,0.23,Matchbook,2026-08-20T00:00:00Z,7.581511734555167,a38294892806001a2983fa42,OPEN,,,2026-08-19 16:17:21,,0.0,0.0,,,,,
