id,created_at,settled_at,sport_key,league,event,selection,bookmaker,commence_time,odds,market_home_probability,market_draw_probability,market_away_probability,market_selection_probability,market_overround,bookmaker_count,xg_home,xg_away,xg_total,xg_difference,xg_home_reliability,xg_away_reliability,elo_home_probability,elo_draw_probability,elo_away_probability,elo_selection_probability,elo_difference,elo_home_reliability,elo_away_reliability,form_home_probability,form_draw_probability,form_away_probability,form_selection_probability,form_difference,form_home_reliability,form_away_reliability,dixon_home_probability,dixon_draw_probability,dixon_away_probability,dixon_selection_probability,dixon_rho,dixon_draw_adjustment,over_25_probability,under_25_probability,btts_yes_probability,btts_no_probability,model_consensus_probability,model_dispersion,consensus_safety,competition_importance,is_international,is_knockout,is_qualification,season_stage,context_reliability,market_model_gap,raw_edge,home_advantage_elo,home_advantage_xg,league_weight,bookmaker_weight,sport_weight,confidence_input,reliability_input,result,source_hash
1,2026-07-11T19:31:59+00:00,,soccer_epl,Premier League,Newcastle United vs Liverpool,Newcastle United,Betfair,2026-08-23T15:30:00Z,3.1,0.3281221821907373,0.24564524418580463,0.4262325736234581,0.3281221821907373,0.009316094205737535,20.0,1.4766869375,1.2897955607476634,2.7664824982476635,0.18689137675233658,0.0,0.0,0.40335862001574185,0.2672158303906449,0.32942554959361336,0.40335862001574185,65.0,0.0,0.0,0.36203522504892366,0.2759295499021527,0.36203522504892366,0.36203522504892366,0.0,0.0,0.0,0.4063152695074333,0.2724630250962993,0.3212217053962674,0.4063152695074333,-0.08,0.01916291051298319,0.5225182876855085,0.47748171231449155,0.5687439743880386,0.4312560256119614,0.3589247198006063,0.020212996602977897,0.0,0.0,0.0,0.0,0.0,0.0,0.0,0.030802537609869007,0.1126666313818796,65.0,1.07,1.0,0.9667,1.0,0.9347029630881976,0.0,OPEN,42d2cccca41ca195f04c0c05
21,2026-07-11T19:32:00+00:00,,soccer_epl,Premier League,Fulham vs Chelsea,Fulham,William Hill,2026-08-24T19:00:00Z,3.25,0.30641421515743034,0.2589885683987087,0.4345972164438609,0.30641421515743034,0.0018846851877705184,20.0,1.4766869375,1.2897955607476634,2.7664824982476635,0.18689137675233658,0.0,0.0,0.40335862001574185,0.2672158303906449,0.32942554959361336,0.40335862001574185,65.0,0.0,0.0,0.36203522504892366,0.2759295499021527,0.36203522504892366,0.36203522504892366,0.0,0.0,0.0,0.4063152695074333,0.2724630250962993,0.3212217053962674,0.4063152695074333,-0.08,0.01916291051298319,0.5225182876855085,0.47748171231449155,0.5687439743880386,0.4312560256119614,0.3469853379322875,0.020212996602977897,0.0,0.0,0.0,0.0,0.0,0.0,0.0,0.04057112277485714,0.1277023482799342,65.0,1.07,1.0,1.0039,1.0,0.9384186675971811,0.0,OPEN,9fa579fb56092b59d965f941
41,2026-07-11T19:32:02+00:00,,soccer_spain_la_liga,La Liga,Celta Vigo vs CA Osasuna,CA Osasuna,Betfair,2026-08-16T19:00:00Z,4.1,0.46224996772872756,0.28261154481330475,0.25513848745796763,0.25513848745796763,0.0,15.0,1.4849674250000002,1.2826033921933084,2.7675708171933087,0.2023640328066918,0.0,0.0,0.40536592236190494,0.2666408941279083,0.3279931835101868,0.3279931835101868,68.0,0.0,0.0,0.36203522504892366,0.2759295499021527,0.36203522504892366,0.36203522504892366,0.0,0.0,0.0,0.40996652394640876,0.2721666650393462,0.317866811014245,0.317866811014245,-0.08,0.01914206687282688,0.5227801260433966,0.47721987395660337,0.5685612121324471,0.43143878786755285,0.2887084506083657,0.018892246529522955,0.0,0.0,0.0,0.0,0.0,0.0,0.0,0.03356996315039806,0.18370464749429916,68.0,1.076,1.0,0.9667,1.0,0.9433232604114311,0.0,OPEN,420046dc16fe0eec6c36006b
56,2026-07-11T19:32:03+00:00,,soccer_spain_la_liga,La Liga,Espanyol vs Levante,Levante,Betfair,2026-08-16T19:00:00Z,4.2,0.47230989686625174,0.28091738592658333,0.24677271720716495,0.24677271720716495,0.0016420361247946325,15.0,1.4849674250000002,1.2826033921933084,2.7675708171933087,0.2023640328066918,0.0,0.0,0.40536592236190494,0.2666408941279083,0.3279931835101868,0.3279931835101868,68.0,0.0,0.0,0.36203522504892366,0.2759295499021527,0.36203522504892366,0.36203522504892366,0.0,0.0,0.0,0.40996652394640876,0.2721666650393462,0.317866811014245,0.317866811014245,-0.08,0.01914206687282688,0.5227801260433966,0.47721987395660337,0.5685612121324471,0.43143878786755285,0.2841072769704242,0.018892246529522955,0.0,0.0,0.0,0.0,0.0,0.0,0.0,0.03733455976325925,0.19325056327578172,68.0,1.076,1.0,0.9667,1.0,0.9425022423490338,0.0,OPEN,4e388fab28b6586538f1bba9
71,2026-07-11T19:32:05+00:00,,soccer_spain_la_liga,La Liga,Real Racing Club de Santander vs Villarreal,Real Racing Club de Santander,Betfair,2026-08-16T19:00:00Z,3.4,0.28838067102983245,0.27263379821174494,0.4389855307584227,0.28838067102983245,0.020578937581354984,13.0,1.4849674250000002,1.2826033921933084,2.7675708171933087,0.2023640328066918,0.0,0.0,0.40536592236190494,0.2666408941279083,0.3279931835101868,0.40536592236190494,68.0,0.0,0.0,0.36203522504892366,0.2759295499021527,0.36203522504892366,0.36203522504892366,0.0,0.0,0.0,0.40996652394640876,0.2721666650393462,0.317866811014245,0.40996652394640876,-0.08,0.01914206687282688,0.5227801260433966,0.47721987395660337,0.5685612121324471,0.43143878786755285,0.33815940672761013,0.021592499414196276,0.0,0.0,0.0,0.0,0.0,0.0,0.0,0.04977873569777769,0.1497419828738744,68.0,1.076,1.0,0.9667,1.0,0.9249330329667337,0.0,OPEN,afa7f779954736288ac690db
84,2026-07-11T19:32:06+00:00,,soccer_germany_bundesliga,Bundesliga,1. FC Köln vs TSG Hoffenheim,1. FC Köln,1xBet,2026-08-29T13:30:00Z,3.2,0.3144285246205953,0.25597758813459986,0.42959388724480496,0.3144285246205953,0.003028634361233351,17.0,1.49048775,1.277853009259259,2.7683407592592593,0.21263474074074096,0.0,0.0,0.40670150971100605,0.26626127228284463,0.3270372180061494,0.40670150971100605,70.0,0.0,0.0,0.36203522504892366,0.2759295499021527,0.36203522504892366,0.36203522504892366,0.0,0.0,0.0,0.41239407504199443,0.2719571969195761,0.31564872803842947,0.41239407504199443,-0.08,0.019127334529482065,0.5229653184127979,0.4770346815872021,0.5684319782794429,0.4315680217205571,0.3532122294911651,0.022517884393882595,0.0,0.0,0.0,0.0,0.0,0.0,0.0,0.03878370487056981,0.13027913437172844,70.0,1.08,1.0,0.998,1.0,0.9309320296377356,0.0,OPEN,e4094ef9191254befa810dff
101,2026-07-11T19:32:11+00:00,,soccer_italy_serie_a,Serie A,Torino vs AC Milan,Torino,Pinnacle,2026-08-22T13:00:00Z,4.36,0.21507148975154305,0.2547155939416136,0.5302129163068434,0.21507148975154305,0.06363511500682395,4.0,1.462886125,1.3019634433962264,2.7648495683962264,0.16092268160377365,0.0,0.0,0.4000033586052737,0.26818892303058517,0.33180771836414114,0.4000033586052737,60.0,0.0,0.0,0.36203522504892366,0.2759295499021527,0.36203522504892366,0.36203522504892366,0.0,0.0,0.0,0.4002038408335367,0.27290829366967445,0.32688786549678883,0.4002038408335367,-0.08,0.019194227209341552,0.5221252732538473,0.4778747267461527,0.5690183897811574,0.4309816102188426,0.2949188072170095,0.017945790561175238,0.0,0.0,0.0,0.0,0.0,0.0,0.0,0.07984731746546647,0.28584599946616174,60.0,1.06,1.0,1.0078,1.0,0.9143450708130623,0.0,OPEN,dcc4f8b369daa0ebba2977e4
105,2026-07-11T19:32:16+00:00,,soccer_italy_serie_a,Serie A,AS Roma vs Fiorentina,Draw,1xBet,2026-08-24T18:45:00Z,4.4,0.6067942525733145,0.23414614406463308,0.15905960336205238,0.23414614406463308,0.01755209964165183,11.0,1.462886125,1.3019634433962264,2.7648495683962264,0.16092268160377365,0.0,0.0,0.4000033586052737,0.26818892303058517,0.33180771836414114,0.26818892303058517,60.0,0.0,0.0,0.36203522504892366,0.2759295499021527,0.36203522504892366,0.2759295499021527,0.0,0.0,0.0,0.4002038408335367,0.27290829366967445,0.32688786549678883,0.27290829366967445,-0.08,0.019194227209341552,0.5221252732538473,0.4778747267461527,0.5690183897811574,0.4309816102188426,0.2512239094115477,0.0031853440912372327,0.0,0.0,0.0,0.0,0.0,0.0,0.0,0.01707776534691463,0.10538520141081009,60.0,1.06,1.0,0.998,1.0,0.9816679179054624,0.0,OPEN,300bb321d4cb8dcf3a0901f8
116,2026-07-11T19:32:17+00:00,,soccer_france_ligue_one,Ligue 1,Le Havre vs AS Monaco,Le Havre,Coolbet,2026-08-22T15:00:00Z,3.5,0.2764223680688024,0.261279771272995,0.4622978606582025,0.2764223680688024,0.030763790664780633,3.0,1.4684064500000003,1.2970688439849625,2.765475293984963,0.17133760601503778,0.0,0.0,0.4013468634058377,0.2677974389533476,0.3308556976408148,0.4013468634058377,62.0,0.0,0.0,0.36203522504892366,0.2759295499021527,0.36203522504892366,0.36203522504892366,0.0,0.0,0.0,0.4026522698187894,0.27273758438693013,0.3246101457942806,0.4026522698187894,-0.08,0.01918222085835941,0.5222758942450849,0.4777241057549151,0.568913208169054,0.431086791830946,0.32939405996126014,0.01884690756255975,0.0,0.0,0.0,0.0,0.0,0.0,0.0,0.05297169189245776,0.1528792098644105,62.0,1.064,1.0,0.9753,1.0,0.9280773819799304,0.0,OPEN,dead4ad31b7d122e19937022
119,2026-07-11T19:32:19+00:00,,soccer_france_ligue_one,Ligue 1,Toulouse vs Lyon,Toulouse,Coolbet,2026-08-22T18:45:00Z,3.6,0.27593757899529336,0.2559879150449087,0.46807450595979805,0.27593757899529336,0.013978636062195626,16.0,1.4684064500000003,1.2970688439849625,2.765475293984963,0.17133760601503778,0.0,0.0,0.4013468634058377,0.2677974389533476,0.3308556976408148,0.4013468634058377,62.0,0.0,0.0,0.36203522504892366,0.2759295499021527,0.36203522504892366,0.36203522504892366,0.0,0.0,0.0,0.4026522698187894,0.27273758438693013,0.3246101457942806,0.4026522698187894,-0.08,0.01918222085835941,0.5222758942450849,0.4777241057549151,0.568913208169054,0.431086791830946,0.32912742597083017,0.01884690756255975,0.0,0.0,0.0,0.0,0.0,0.0,0.0,0.0531898469755368,0.18485873349498871,62.0,1.064,1.0,0.9753,1.0,0.9364699592812229,0.0,OPEN,59e4c719d5ce095ee95972f2
135,2026-07-11T19:32:21+00:00,,soccer_france_ligue_one,Ligue 1,Le Havre vs AS Monaco,Le Havre,1xBet,2026-08-23T15:15:00Z,3.58,0.27775536460064887,0.2499917053403952,0.47225293005895597,0.27775536460064887,0.016511045590819284,13.0,1.4684064500000003,1.2970688439849625,2.765475293984963,0.17133760601503778,0.0,0.0,0.4013468634058377,0.2677974389533476,0.3308556976408148,0.4013468634058377,62.0,0.0,0.0,0.36203522504892366,0.2759295499021527,0.36203522504892366,0.36203522504892366,0.0,0.0,0.0,0.4026522698187894,0.27273758438693013,0.3246101457942806,0.4026522698187894,-0.08,0.01918222085835941,0.5222758942450849,0.4777241057549151,0.568913208169054,0.431086791830946,0.3301272080537757,0.01884690756255975,0.0,0.0,0.0,0.0,0.0,0.0,0.0,0.05237184345312684,0.18185540483251716,62.0,1.064,1.0,0.998,1.0,0.9352037545169111,0.0,OPEN,c08ae368da47d801388263c7
148,2026-07-11T19:32:23+00:00,,soccer_netherlands_eredivisie,Eredivisie,Go Ahead Eagles vs Willem II,Willem II,1xBet,2026-08-08T16:45:00Z,4.46,0.5221656559292422,0.23818244761183432,0.2396518964589235,0.2396518964589235,0.029915438470150324,17.0,1.4960080750000002,1.273137684501845,2.7691457595018454,0.22287039049815527,0.0,0.0,0.4080349088527372,0.26588455940314754,0.32608053174411533,0.32608053174411533,72.0,0.0,0.0,0.36203522504892366,0.2759295499021527,0.36203522504892366,0.36203522504892366,0.0,0.0,0.0,0.4148162676994535,0.2717383633989492,0.3134453689015973,0.3134453689015973,-0.08,0.01911194349735379,0.5231589008776668,0.4768410991223332,0.5682969158550849,0.4317030841449151,0.278937793095126,0.020584140149147317,0.0,0.0,0.0,0.0,0.0,0.0,0.0,0.039285896636202494,0.24406255720426207,72.0,1.084,1.0,0.998,1.0,0.9232898603174828,0.0,OPEN,1df092392ed1e7f66fa73f8a
165,2026-07-11T19:32:34+00:00,,soccer_england_league1,League One,Notts County vs Leicester City,Notts County,1xBet,2026-08-15T11:30:00Z,3.44,0.28665897105622534,0.26235604064610984,0.45098498829766487,0.28665897105622534,0.05718119090212115,11.0,1.431,1.2735849056603774,2.7045849056603775,0.15741509433962264,0.0,0.0,0.4000033586052737,0.26818892303058517,0.33180771836414114,0.4000033586052737,60.0,0.0,0.0,0.36203522504892366,0.2759295499021527,0.36203522504892366,0.36203522504892366,0.0,0.0,0.0,0.39795683151970035,0.27650671157340223,0.3255364569068974,0.39795683151970035,-0.08,0.019507491210034922,0.5074977503425347,0.49250224965746525,0.5577553463573915,0.44224465364260845,0.33378634483897157,0.01743600760338012,0.0,0.0,0.0,0.0,0.0,0.0,0.0,0.04712737378274623,0.14822502624606226,60.0,1.06,1.0,0.998,1.0,0.9191013817387991,0.0,OPEN,91b999d39069c47bff7f5170
176,2026-07-11T19:32:35+00:00,,soccer_england_league1,League One,Barnsley vs Bromley FC,Bromley FC,Betsson,2026-08-15T14:00:00Z,4.15,0.507353083211991,0.24446062898027676,0.24818628780773233,0.24818628780773233,0.05708107153890274,11.0,1.431,1.2735849056603774,2.7045849056603775,0.15741509433962264,0.0,0.0,0.4000033586052737,0.26818892303058517,0.33180771836414114,0.33180771836414114,60.0,0.0,0.0,0.36203522504892366,0.2759295499021527,0.36203522504892366,0.36203522504892366,0.0,0.0,0.0,0.39795683151970035,0.27650671157340223,0.3255364569068974,0.3255364569068974,-0.08,0.019507491210034922,0.5074977503425347,0.49250224965746525,0.5577553463573915,0.44224465364260845,0.28712537333186683,0.015934556984146378,0.0,0.0,0.0,0.0,0.0,0.0,0.0,0.0389390855241345,0.19157029932724745,60.0,1.06,1.0,1.0,1.0,0.9236557932781095,0.0,OPEN,703141b85615b7beaeec85de
187,2026-07-11T19:32:36+00:00,,soccer_england_league1,League One,Bradford City vs Peterborough United,Peterborough United,Marathon Bet,2026-08-15T14:00:00Z,4.25,0.49925345439579566,0.2603352005258918,0.2404113450783126,0.2404113450783126,0.04054446791621302,11.0,1.431,1.2735849056603774,2.7045849056603775,0.15741509433962264,0.0,0.0,0.4000033586052737,0.26818892303058517,0.33180771836414114,0.33180771836414114,60.0,0.0,0.0,0.36203522504892366,0.2759295499021527,0.36203522504892366,0.36203522504892366,0.0,0.0,0.0,0.39795683151970035,0.27650671157340223,0.3255364569068974,0.3255364569068974,-0.08,0.019507491210034922,0.5074977503425347,0.49250224965746525,0.5577553463573915,0.44224465364260845,0.282849154830686,0.015934556984146378,0.0,0.0,0.0,0.0,0.0,0.0,0.0,0.04243780975237341,0.20210890803041548,60.0,1.06,1.0,1.0005,1.0,0.9319240950894544,0.0,OPEN,53671f4cc5a9191dec53d348
198,2026-07-11T19:32:41+00:00,,soccer_england_league2,League Two,Grimsby Town vs Exeter City,Exeter City,Nordic Bet,2026-08-15T14:00:00Z,4.25,0.4961274392537238,0.2625003474364757,0.24137221330980044,0.24137221330980044,0.05571480781847882,11.0,1.431,1.2735849056603774,2.7045849056603775,0.15741509433962264,0.0,0.0,0.4000033586052737,0.26818892303058517,0.33180771836414114,0.33180771836414114,60.0,0.0,0.0,0.36203522504892366,0.2759295499021527,0.36203522504892366,0.36203522504892366,0.0,0.0,0.0,0.39795683151970035,0.27650671157340223,0.3255364569068974,0.3255364569068974,-0.08,0.019507491210034922,0.5074977503425347,0.49250224965746525,0.5577553463573915,0.44224465364260845,0.28337763235800434,0.015934556984146378,0.0,0.0,0.0,0.0,0.0,0.0,0.0,0.0420054190482039,0.20435493752151834,60.0,1.06,1.0,1.0,1.0,0.9243389251383215,0.0,OPEN,f0cdf6a7903681e691a6a067
209,2026-07-11T19:32:44+00:00,2026-08-01T23:49:34Z,soccer_spl,Scottish Premiership,Aberdeen vs Hearts,Aberdeen,Tipico,2026-08-01T16:30:00Z,4.2,0.2447257885764222,0.25542798406946715,0.4998462273541106,0.2447257885764222,0.016717050357853314,13.0,1.4364000000000001,1.268796992481203,2.705196992481203,0.1676030075187971,0.0,0.0,0.4013468634058377,0.2677974389533476,0.3308556976408148,0.4013468634058377,62.0,0.0,0.0,0.36203522504892366,0.2759295499021527,0.36203522504892366,0.36203522504892366,0.0,0.0,0.0,0.40037581523968346,0.2763375197162663,0.3232866650440501,0.40037581523968346,-0.08,0.01949555475956999,0.5076474948055681,0.49235250519443186,0.5576529410285183,0.44234705897148174,0.31144873896015224,0.018307098504925998,0.0,0.0,0.0,0.0,0.0,0.0,0.0,0.06672295038373005,0.3080847036326395,62.0,1.064,1.0,1.01,1.0,0.9367201793062954,0.0,WON,7f5d147b491dad25a101bf55
222,2026-07-11T19:32:46+00:00,2026-08-01T17:05:16Z,soccer_austria_bundesliga,Austrian Bundesliga,WSG Tirol vs Sturm Graz,WSG Tirol,Pinnacle,2026-08-01T15:00:00Z,3.56,0.28374650977423216,0.2684326087108629,0.447820881514905,0.28374650977423216,0.02074043019953642,14.0,1.4418000000000002,1.2640449438202248,2.705844943820225,0.17775505617977538,0.0,0.0,0.40268851535954364,0.267408954739361,0.3299025299010953,0.40268851535954364,64.0,0.0,0.0,0.36203522504892366,0.2759295499021527,0.36203522504892366,0.36203522504892366,0.0,0.0,0.0,0.4027897785255205,0.27615852707807437,0.321051694396405,0.4027897785255205,-0.08,0.01948292686603237,0.507805987310504,0.49219401268949603,0.5575445715759576,0.4424554284240424,0.3336344003720113,0.01918805732852577,0.0,0.0,0.0,0.0,0.0,0.0,0.0,0.04988789059777915,0.18773846532436034,64.0,1.068,1.0,1.0078,1.0,0.9320656129146545,0.0,LOST,c1fee4eb3db22c9cbc1f7ef9
236,2026-07-11T19:32:48+00:00,2026-08-03T00:21:37Z,soccer_austria_bundesliga,Austrian Bundesliga,Rapid Wien vs Rheindorf Altach,Rheindorf Altach,Tipico,2026-08-02T17:00:00Z,4.4,0.5014469109681785,0.2702151675235121,0.22833792150830945,0.22833792150830945,0.0346697145536603,14.0,1.4418000000000002,1.2640449438202248,2.705844943820225,0.17775505617977538,0.0,0.0,0.40268851535954364,0.267408954739361,0.3299025299010953,0.3299025299010953,64.0,0.0,0.0,0.36203522504892366,0.2759295499021527,0.36203522504892366,0.36203522504892366,0.0,0.0,0.0,0.4027897785255205,0.27615852707807437,0.321051694396405,0.321051694396405,-0.08,0.01948292686603237,0.507805987310504,0.49219401268949603,0.5575445715759576,0.4424554284240424,0.27494249985981234,0.017608385538147232,0.0,0.0,0.0,0.0,0.0,0.0,0.0,0.04660457835150289,0.20974699938317443,64.0,1.068,1.0,1.01,1.0,0.9298399861087282,0.0,LOST,061d04d6b15bfdc576b8b7f9
250,2026-07-11T19:32:54+00:00,2026-07-26T23:24:24Z,soccer_denmark_superliga,Danish Superliga,AC Horsens vs FC Nordsjaelland,AC Horsens,Tipico,2026-07-26T16:00:00Z,3.8,0.25965071674753026,0.2608577977170069,0.4794914855354629,0.25965071674753026,0.03487506645401384,19.0,1.4418000000000002,1.2640449438202248,2.705844943820225,0.17775505617977538,0.0,0.0,0.40268851535954364,0.267408954739361,0.3299025299010953,0.40268851535954364,64.0,0.0,0.0,0.36203522504892366,0.2759295499021527,0.36203522504892366,0.36203522504892366,0.0,0.0,0.0,0.4027897785255205,0.27615852707807437,0.321051694396405,0.4027897785255205,-0.08,0.01948292686603237,0.507805987310504,0.49219401268949603,0.5575445715759576,0.4424554284240424,0.32038171420732525,0.01918805732852577,0.0,0.0,0.0,0.0,0.0,0.0,0.0,0.06073099745979499,0.217450513987836,64.0,1.068,1.0,1.01,1.0,0.9249982947874158,0.0,LOST,2e5f445a2b656ef5e95575c8
269,2026-07-11T19:32:56+00:00,2026-07-12T17:03:59Z,soccer_norway_eliteserien,Eliteserien,Sandefjord vs HamKam,HamKam,1xBet,2026-07-12T15:00:00Z,4.01,0.4954122253701506,0.25479080493492257,0.24979696969492682,0.24979696969492682,0.021264428936957458,23.0,1.4553000000000003,1.2523191094619666,2.707619109461967,0.2029808905380337,0.0,0.0,0.406033984394501,0.2664507181848216,0.32751529742067753,0.32751529742067753,69.0,0.0,0.0,0.36203522504892366,0.2759295499021527,0.36203522504892366,0.36203522504892366,0.0,0.0,0.0,0.4088023595640306,0.27566901776238095,0.3155286226735885,0.3155286226735885,-0.08,0.0194483920852353,0.508239820823476,0.49176017917652404,0.5572480338843628,0.44275196611563716,0.28518000883996175,0.019715109376227107,0.0,0.0,0.0,0.0,0.0,0.0,0.0,0.035383039145034934,0.14357183544824648,69.0,1.078,1.0,0.998,1.0,0.9302224574028399,0.0,LOST,df504c0452d29331533aa5d1
292,2026-07-11T19:32:58+00:00,2026-07-12T19:35:24Z,soccer_norway_eliteserien,Eliteserien,Sarpsborg FK vs Viking FK,Sarpsborg FK,Coolbet,2026-07-12T17:15:00Z,4.3,0.236726238717719,0.23475760558230963,0.5285161556999715,0.236726238717719,0.017101465061815757,23.0,1.4553000000000003,1.2523191094619666,2.707619109461967,0.2029808905380337,0.0,0.0,0.406033984394501,0.2664507181848216,0.32751529742067753,0.406033984394501,69.0,0.0,0.0,0.36203522504892366,0.2759295499021527,0.36203522504892366,0.36203522504892366,0.0,0.0,0.0,0.4088023595640306,0.27566901776238095,0.3155286226735885,0.4088023595640306,-0.08,0.0194483920852353,0.508239820823476,0.49176017917652404,0.5572480338843628,0.44275196611563716,0.3095777203443131,0.021423558153955986,0.0,0.0,0.0,0.0,0.0,0.0,0.0,0.07285148162659408,0.3311841974805463,69.0,1.078,1.0,0.9753,1.0,0.9271785930072242,0.0,WON,6ab37b23cff9771f030c2767
315,2026-07-11T19:32:59+00:00,2026-07-12T14:02:56Z,soccer_sweden_allsvenskan,Allsvenskan,Västerås SK vs Degerfors IF,Degerfors IF,Unibet (SE),2026-07-12T12:00:00Z,3.9,0.46407284145956074,0.2773782125687186,0.2585489459717207,0.2585489459717207,0.014957264957264904,21.0,1.4526,1.254646840148699,2.7072468401486987,0.1979531598513009,0.0,0.0,0.40536592236190494,0.2666408941279083,0.3279931835101868,0.3279931835101868,68.0,0.0,0.0,0.36203522504892366,0.2759295499021527,0.36203522504892366,0.36203522504892366,0.0,0.0,0.0,0.4076024220844181,0.2757716584420645,0.3166259194735173,0.3166259194735173,-0.08,0.019455633363920033,0.5081488071633297,0.49185119283667034,0.557310232630726,0.442689767369274,0.29030500219426614,0.0192932927799766,0.0,0.0,0.0,0.0,0.0,0.0,0.0,0.03175605622254546,0.1321895085576379,68.0,1.076,1.0,0.9987,1.0,0.9346414891814377,0.0,LOST,0e08f2d74df2729a0bf3b8b0
336,2026-07-11T19:33:01+00:00,2026-07-12T14:02:56Z,soccer_sweden_allsvenskan,Allsvenskan,Malmo FF vs IFK Goteborg,IFK Goteborg,Unibet (SE),2026-07-12T12:00:00Z,4.4,0.5079692362442326,0.24657746168881006,0.24545330206695742,0.24545330206695742,0.0,22.0,1.4526,1.254646840148699,2.7072468401486987,0.1979531598513009,0.0,0.0,0.40536592236190494,0.2666408941279083,0.3279931835101868,0.3279931835101868,68.0,0.0,0.0,0.36203522504892366,0.2759295499021527,0.36203522504892366,0.36203522504892366,0.0,0.0,0.0,0.4076024220844181,0.2757716584420645,0.3166259194735173,0.3166259194735173,-0.08,0.019455633363920033,0.5081488071633297,0.49185119283667034,0.557310232630726,0.442689767369274,0.2831023980466463,0.0192932927799766,0.0,0.0,0.0,0.0,0.0,0.0,0.0,0.03764909597968885,0.2456505514052436,68.0,1.076,1.0,0.9987,1.0,0.9421201216600702,0.0,LOST,943a0e27354f33a1d60fdc66
358,2026-07-11T19:33:02+00:00,2026-07-12T17:03:46Z,soccer_sweden_allsvenskan,Allsvenskan,GAIS vs IF Elfsborg,IF Elfsborg,Betfair,2026-07-12T14:30:00Z,4.1,0.4944193777175639,0.26417422688071496,0.24140639540172112,0.24140639540172112,0.01561961074156204,21.0,1.4526,1.254646840148699,2.7072468401486987,0.1979531598513009,0.0,0.0,0.40536592236190494,0.2666408941279083,0.3279931835101868,0.3279931835101868,68.0,0.0,0.0,0.36203522504892366,0.2759295499021527,0.36203522504892366,0.36203522504892366,0.0,0.0,0.0,0.4076024220844181,0.2757716584420645,0.3166259194735173,0.3166259194735173,-0.08,0.019455633363920033,0.5081488071633297,0.49185119283667034,0.557310232630726,0.442689767369274,0.28087659938076637,0.0192932927799766,0.0,0.0,0.0,0.0,0.0,0.0,0.0,0.03947020397904524,0.15159405746114207,68.0,1.076,1.0,0.9667,1.0,0.9343103162892892,0.0,LOST,7e100a08c2216d0202332f8d
379,2026-07-11T19:33:02+00:00,2026-07-12T17:03:46Z,soccer_sweden_allsvenskan,Allsvenskan,IF Brommapojkarna vs IK Sirius,Draw,Unibet (SE),2026-07-12T14:30:00Z,4.5,0.20569592192521405,0.2282577047146473,0.5660463733601387,0.2282577047146473,0.0,22.0,1.4526,1.254646840148699,2.7072468401486987,0.1979531598513009,0.0,0.0,0.40536592236190494,0.2666408941279083,0.3279931835101868,0.2666408941279083,68.0,0.0,0.0,0.36203522504892366,0.2759295499021527,0.36203522504892366,0.2759295499021527,0.0,0.0,0.0,0.4076024220844181,0.2757716584420645,0.3166259194735173,0.2757716584420645,-0.08,0.019455633363920033,0.5081488071633297,0.49185119283667034,0.557310232630726,0.442689767369274,0.24842054094098187,0.004341977439501252,0.0,0.0,0.0,0.0,0.0,0.0,0.0,0.02016283622633458,0.11789243423441853,68.0,1.076,1.0,0.9987,1.0,0.9869740676814962,0.0,LOST,cb3e6587200eab33c7d9b566
401,2026-07-11T19:33:04+00:00,2026-07-18T13:49:25Z,soccer_sweden_allsvenskan,Allsvenskan,IFK Goteborg vs IF Brommapojkarna,IF Brommapojkarna,Unibet (SE),2026-07-17T17:00:00Z,4.5,0.5316174789438473,0.23838879629062584,0.22999372476552696,0.22999372476552696,0.018976678194555063,9.0,1.4526,1.254646840148699,2.7072468401486987,0.1979531598513009,0.0,0.0,0.40536592236190494,0.2666408941279083,0.3279931835101868,0.3279931835101868,68.0,0.0,0.0,0.36203522504892366,0.2759295499021527,0.36203522504892366,0.36203522504892366,0.0,0.0,0.0,0.4076024220844181,0.2757716584420645,0.3166259194735173,0.3166259194735173,-0.08,0.019455633363920033,0.5081488071633297,0.49185119283667034,0.557310232630726,0.442689767369274,0.27459963053085956,0.0192932927799766,0.0,0.0,0.0,0.0,0.0,0.0,0.0,0.044605905765332604,0.23569833738886814,68.0,1.076,1.0,0.9987,1.0,0.9326317825627927,0.0,LOST,387fbfb2572dc7caf13fed7a
410,2026-07-11T19:33:04+00:00,2026-07-18T13:49:25Z,soccer_sweden_allsvenskan,Allsvenskan,Mjällby AIF vs Västerås SK,Västerås SK,Unibet (SE),2026-07-17T17:00:00Z,4.2,0.5010764108758967,0.24770631074288357,0.2512172783812197,0.2512172783812197,0.018668831168831224,12.0,1.4526,1.254646840148699,2.7072468401486987,0.1979531598513009,0.0,0.0,0.40536592236190494,0.2666408941279083,0.3279931835101868,0.3279931835101868,68.0,0.0,0.0,0.36203522504892366,0.2759295499021527,0.36203522504892366,0.36203522504892366,0.0,0.0,0.0,0.4076024220844181,0.2757716584420645,0.3166259194735173,0.3166259194735173,-0.08,0.019455633363920033,0.5081488071633297,0.49185119283667034,0.557310232630726,0.442689767369274,0.2862725850194906,0.0192932927799766,0.0,0.0,0.0,0.0,0.0,0.0,0.0,0.03505530663827089,0.20234485708186067,68.0,1.076,1.0,0.9987,1.0,0.9327857060756546,0.0,LOST,ff136dc0d6a69dc82c94091a
422,2026-07-11T19:33:05+00:00,,soccer_germany_bundesliga2,2. Bundesliga,VfL Bochum vs Hertha Berlin,Draw,Tipico,2026-08-07T18:30:00Z,3.7,0.3685832218320807,0.30629405529082276,0.32512272287709654,0.30629405529082276,0.07542324933629274,5.0,1.4364000000000001,1.268796992481203,2.705196992481203,0.1676030075187971,0.0,0.0,0.4013468634058377,0.2677974389533476,0.3308556976408148,0.2677974389533476,62.0,0.0,0.0,0.36203522504892366,0.2759295499021527,0.36203522504892366,0.2759295499021527,0.0,0.0,0.0,0.40037581523968346,0.2763375197162663,0.3232866650440501,0.2763375197162663,-0.08,0.01949555475956999,0.5076474948055681,0.49235250519443186,0.5576529410285183,0.44234705897148174,0.2916239860960081,0.003933201230692327,0.0,0.0,0.0,0.0,0.0,0.0,0.0,-0.014670069194814672,0.07900874855522999,62.0,1.064,1.0,1.01,1.0,0.9504887716397766,0.0,OPEN,17e9d54e50e451ef4650eded
427,2026-07-11T19:33:06+00:00,,soccer_germany_bundesliga2,2. Bundesliga,Karlsruher SC vs Arminia Bielefeld,Draw,Tipico,2026-08-08T11:00:00Z,3.6,0.3626240120737402,0.3167172534999022,0.32065873442635756,0.3167172534999022,0.051587301587301626,5.0,1.4364000000000001,1.268796992481203,2.705196992481203,0.1676030075187971,0.0,0.0,0.4013468634058377,0.2677974389533476,0.3308556976408148,0.2677974389533476,62.0,0.0,0.0,0.36203522504892366,0.2759295499021527,0.36203522504892366,0.2759295499021527,0.0,0.0,0.0,0.40037581523968346,0.2763375197162663,0.3232866650440501,0.2763375197162663,-0.08,0.01949555475956999,0.5076474948055681,0.49235250519443186,0.5576529410285183,0.44234705897148174,0.2973567451110018,0.003933201230692327,0.0,0.0,0.0,0.0,0.0,0.0,0.0,-0.01936050838890041,0.07048428239960658,62.0,1.064,1.0,1.01,1.0,0.9624067455142722,0.0,OPEN,a7029924acd313dc3ecf4ca6
432,2026-07-11T19:33:06+00:00,,soccer_germany_bundesliga2,2. Bundesliga,SV Darmstadt 98 vs Holstein Kiel,Draw,Winamax (DE),2026-08-08T11:00:00Z,3.65,0.41452333689985543,0.3150725037657656,0.2704041593343789,0.3150725037657656,0.04870101897757606,5.0,1.4364000000000001,1.268796992481203,2.705196992481203,0.1676030075187971,0.0,0.0,0.4013468634058377,0.2677974389533476,0.3308556976408148,0.2677974389533476,62.0,0.0,0.0,0.36203522504892366,0.2759295499021527,0.36203522504892366,0.2759295499021527,0.0,0.0,0.0,0.40037581523968346,0.2763375197162663,0.3232866650440501,0.2763375197162663,-0.08,0.01949555475956999,0.5076474948055681,0.49235250519443186,0.5576529410285183,0.44234705897148174,0.2964521327572267,0.003933201230692327,0.0,0.0,0.0,0.0,0.0,0.0,0.0,-0.018620371008538916,0.08205028456387753,62.0,1.064,1.0,1.0,1.0,0.963849886819135,0.0,OPEN,424b50e4126d70375bba44a0
437,2026-07-11T19:33:06+00:00,,soccer_germany_bundesliga2,2. Bundesliga,1. FC Nürnberg vs Dynamo Dresden,Draw,Tipico,2026-08-09T11:30:00Z,3.7,0.4567737545012916,0.31083620565230113,0.23239003984640724,0.31083620565230113,0.030474351902923358,5.0,1.4364000000000001,1.268796992481203,2.705196992481203,0.1676030075187971,0.0,0.0,0.4013468634058377,0.2677974389533476,0.3308556976408148,0.2677974389533476,62.0,0.0,0.0,0.36203522504892366,0.2759295499021527,0.36203522504892366,0.2759295499021527,0.0,0.0,0.0,0.40037581523968346,0.2763375197162663,0.3232866650440501,0.2763375197162663,-0.08,0.01949555475956999,0.5076474948055681,0.49235250519443186,0.5576529410285183,0.44234705897148174,0.2941221687948212,0.003933201230692327,0.0,0.0,0.0,0.0,0.0,0.0,0.0,-0.016714036857479908,0.08825202454083869,62.0,1.064,1.0,1.01,1.0,0.9729632203564613,0.0,OPEN,23dd8965eb0be580a5f08883
442,2026-07-11T19:33:06+00:00,,soccer_germany_bundesliga2,2. Bundesliga,FC Energie Cottbus vs Hannover 96,Draw,Winamax (DE),2026-08-09T11:30:00Z,3.65,0.2803815097339463,0.3131067517340409,0.4065117385320129,0.3131067517340409,0.036923053190176525,5.0,1.4364000000000001,1.268796992481203,2.705196992481203,0.1676030075187971,0.0,0.0,0.4013468634058377,0.2677974389533476,0.3308556976408148,0.2677974389533476,62.0,0.0,0.0,0.36203522504892366,0.2759295499021527,0.36203522504892366,0.2759295499021527,0.0,0.0,0.0,0.40037581523968346,0.2763375197162663,0.3232866650440501,0.2763375197162663,-0.08,0.01949555475956999,0.5076474948055681,0.49235250519443186,0.5576529410285183,0.44234705897148174,0.2953709691397781,0.003933201230692327,0.0,0.0,0.0,0.0,0.0,0.0,0.0,-0.017735782594262783,0.07810403736019,62.0,1.064,1.0,1.0,1.0,0.9697388697128347,0.0,OPEN,9f46a8f034b2fd1ce899165a
447,2026-07-11T19:33:11+00:00,2026-07-17T22:29:58Z,soccer_brazil_campeonato,Brazil Serie A,Botafogo vs Santos,Santos,Betfair,2026-07-16T22:30:00Z,4.0,0.47813534022731247,0.2688322906902141,0.2530323690824734,0.2530323690824734,0.0016725698543880174,22.0,1.4573658,1.3068951231060606,2.7642609231060606,0.15047067689393945,0.0,0.0,0.3986580862607787,0.2685834301359262,0.3327584836032951,0.3327584836032951,58.0,0.0,0.0,0.36203522504892366,0.2759295499021527,0.36203522504892366,0.36203522504892366,0.0,0.0,0.0,0.3977503374719097,0.27306898432986876,0.3291806781982215,0.3291806781982215,-0.08,0.019205528929053806,0.5219835541832746,0.4780164458167254,0.5691173699574466,0.43088263004255345,0.2907390211308082,0.01471714619813586,0.0,0.0,0.0,0.0,0.0,0.0,0.0,0.03770665204833479,0.16295608452323274,58.0,1.056,1.0,0.9667,1.0,0.9550122764783984,0.0,LOST,5bd3c444110383700f440370
469,2026-07-11T19:33:13+00:00,2026-07-18T06:30:52Z,soccer_brazil_campeonato,Brazil Serie A,Fluminense vs Bragantino-SP,Bragantino-SP,Betfair,2026-07-17T23:00:00Z,4.4,0.48790029151781505,0.27971817668059695,0.232381531801588,0.232381531801588,0.02060122618498239,22.0,1.4573658,1.3068951231060606,2.7642609231060606,0.15047067689393945,0.0,0.0,0.3986580862607787,0.2685834301359262,0.3327584836032951,0.3327584836032951,58.0,0.0,0.0,0.36203522504892366,0.2759295499021527,0.36203522504892366,0.36203522504892366,0.0,0.0,0.0,0.3977503374719097,0.27306898432986876,0.3291806781982215,0.3291806781982215,-0.08,0.019205528929053806,0.5219835541832746,0.4780164458167254,0.5691173699574466,0.43088263004255345,0.2793810606263212,0.01471714619813586,0.0,0.0,0.0,0.0,0.0,0.0,0.0,0.04699952882473318,0.22927666675581326,58.0,1.056,1.0,0.9667,1.0,0.9455479483131012,0.0,LOST,1c41120dba1acbbb8e997bcf
491,2026-07-11T19:33:14+00:00,2026-07-18T06:30:52Z,soccer_brazil_campeonato,Brazil Serie A,Mirassol vs Grêmio,Grêmio,Betfair,2026-07-17T23:00:00Z,4.1,0.4797336429475894,0.2801057883993595,0.24016056865305113,0.24016056865305113,0.029649618393490007,22.0,1.4573658,1.3068951231060606,2.7642609231060606,0.15047067689393945,0.0,0.0,0.3986580862607787,0.2685834301359262,0.3327584836032951,0.3327584836032951,58.0,0.0,0.0,0.36203522504892366,0.2759295499021527,0.36203522504892366,0.36203522504892366,0.0,0.0,0.0,0.3977503374719097,0.27306898432986876,0.3291806781982215,0.3291806781982215,-0.08,0.019205528929053806,0.5219835541832746,0.4780164458167254,0.5691173699574466,0.43088263004255345,0.2836595308946259,0.01471714619813586,0.0,0.0,0.0,0.0,0.0,0.0,0.0,0.04349896224157479,0.16300407666796612,58.0,1.056,1.0,0.9667,1.0,0.9410237522088474,0.0,LOST,a1052f8d8edbc83a09b1d35b
513,2026-07-11T19:33:15+00:00,2026-07-23T07:54:49Z,soccer_brazil_campeonato,Brazil Serie A,Coritiba vs Palmeiras,Coritiba,1xBet,2026-07-22T22:30:00Z,3.7,0.26261457334217814,0.2884886207711319,0.44889680588669006,0.26261457334217814,0.03967479352181602,17.0,1.4573658,1.3068951231060606,2.7642609231060606,0.15047067689393945,0.0,0.0,0.3986580862607787,0.2685834301359262,0.3327584836032951,0.3986580862607787,58.0,0.0,0.0,0.36203522504892366,0.2759295499021527,0.36203522504892366,0.36203522504892366,0.0,0.0,0.0,0.3977503374719097,0.27306898432986876,0.3291806781982215,0.3977503374719097,-0.08,0.019205528929053806,0.5219835541832746,0.4780164458167254,0.5691173699574466,0.43088263004255345,0.3203338531689859,0.01705425077866063,0.0,0.0,0.0,0.0,0.0,0.0,0.0,0.057719279826807746,0.18523525672524777,58.0,1.056,1.0,0.998,1.0,0.9289998509031101,0.0,LOST,0d83cfbba89f955de55fba29
530,2026-07-11T19:33:16+00:00,2026-07-23T07:54:49Z,soccer_brazil_campeonato,Brazil Serie A,Sao Paulo vs Atletico Paranaense,Atletico Paranaense,Unibet (NL),2026-07-23T00:30:00Z,4.3,0.4737210997542283,0.28604991943538427,0.24022898081038735,0.24022898081038735,0.014480664642487762,19.0,1.4573658,1.3068951231060606,2.7642609231060606,0.15047067689393945,0.0,0.0,0.3986580862607787,0.2685834301359262,0.3327584836032951,0.3327584836032951,58.0,0.0,0.0,0.36203522504892366,0.2759295499021527,0.36203522504892366,0.36203522504892366,0.0,0.0,0.0,0.3977503374719097,0.27306898432986876,0.3291806781982215,0.3291806781982215,-0.08,0.019205528929053806,0.5219835541832746,0.4780164458167254,0.5691173699574466,0.43088263004255345,0.2836971575811608,0.01471714619813586,0.0,0.0,0.0,0.0,0.0,0.0,0.0,0.04346817677077347,0.21989777759899143,58.0,1.056,1.0,1.0005,1.0,0.9486082290843485,0.0,WON,ea7c8d12e7fe4f84b8846c7f
549,2026-07-11T19:33:18+00:00,2026-07-24T07:01:22Z,soccer_argentina_primera_division,Argentina Primera Division,Sarmiento de Junin vs Argentinos Juniors,Sarmiento de Junin,Pinnacle,2026-07-23T22:30:00Z,4.38,0.22395939485737953,0.3167530572430271,0.4592875478995933,0.22395939485737953,0.03694858551135205,10.0,1.4546056375,1.309375,2.7639806375,0.1452306375000001,0.0,0.0,0.39798481406640107,0.26878182461202627,0.3332333613215727,0.39798481406640107,57.0,0.0,0.0,0.36203522504892366,0.2759295499021527,0.36203522504892366,0.36203522504892366,0.0,0.0,0.0,0.39652170177078694,0.2731455310291804,0.33033276720003274,0.39652170177078694,-0.08,0.019210912623037424,0.5219160660132003,0.4780839339867997,0.5691645104976465,0.4308354895023535,0.2987061702233531,0.016612681651218972,0.0,0.0,0.0,0.0,0.0,0.0,0.0,0.07474677536597357,0.30833302557828657,57.0,1.054,1.0,1.0078,1.0,0.931687662290667,0.0,LOST,6056e5c2a73bfee7a5668c34
559,2026-07-11T19:33:21+00:00,2026-07-26T07:01:58Z,soccer_argentina_primera_division,Argentina Primera Division,Estudiantes de Río Cuarto vs CA Tigre BA,Estudiantes de Río Cuarto,1xBet,2026-07-25T17:45:00Z,3.69,0.25788793316037945,0.3279448657467319,0.41416720109288857,0.25788793316037945,0.04265301280798095,9.0,1.4546056375,1.309375,2.7639806375,0.1452306375000001,0.0,0.0,0.39798481406640107,0.26878182461202627,0.3332333613215727,0.39798481406640107,57.0,0.0,0.0,0.36203522504892366,0.2759295499021527,0.36203522504892366,0.36203522504892366,0.0,0.0,0.0,0.39652170177078694,0.2731455310291804,0.33033276720003274,0.39652170177078694,-0.08,0.019210912623037424,0.5219160660132003,0.4780839339867997,0.5691645104976465,0.4308354895023535,0.317366866290003,0.016612681651218972,0.0,0.0,0.0,0.0,0.0,0.0,0.0,0.059478933129623546,0.171083736610111,57.0,1.054,1.0,0.998,1.0,0.9288354486423526,0.0,WON,233ccc43aff073185fd1c04a
568,2026-07-11T19:33:22+00:00,2026-07-26T07:01:58Z,soccer_argentina_primera_division,Argentina Primera Division,Lanus vs San Lorenzo,San Lorenzo,Codere (IT),2026-07-26T00:30:00Z,4.3,0.4503417651860627,0.32339630881836756,0.22626192599556968,0.22626192599556968,0.04467544536794854,9.0,1.4546056375,1.309375,2.7639806375,0.1452306375000001,0.0,0.0,0.39798481406640107,0.26878182461202627,0.3332333613215727,0.3332333613215727,57.0,0.0,0.0,0.36203522504892366,0.2759295499021527,0.36203522504892366,0.36203522504892366,0.0,0.0,0.0,0.39652170177078694,0.2731455310291804,0.33033276720003274,0.33033276720003274,-0.08,0.019210912623037424,0.5219160660132003,0.4780839339867997,0.5691645104976465,0.4308354895023535,0.2763386059503862,0.014310084377760057,0.0,0.0,0.0,0.0,0.0,0.0,0.0,0.05007667995481649,0.18825600558666045,57.0,1.054,1.0,1.0,1.0,0.9347320241827456,0.0,LOST,f98b935baac718daf4eb4b81
577,2026-07-11T19:33:23+00:00,2026-07-27T05:51:58Z,soccer_argentina_primera_division,Argentina Primera Division,Deportivo Riestra vs Boca Juniors,Deportivo Riestra,Codere (IT),2026-07-26T22:30:00Z,4.3,0.2227845270662954,0.32217303032540245,0.4550424426083022,0.2227845270662954,0.04773166657281758,7.0,1.4546056375,1.309375,2.7639806375,0.1452306375000001,0.0,0.0,0.39798481406640107,0.26878182461202627,0.3332333613215727,0.39798481406640107,57.0,0.0,0.0,0.36203522504892366,0.2759295499021527,0.36203522504892366,0.36203522504892366,0.0,0.0,0.0,0.39652170177078694,0.2731455310291804,0.33033276720003274,0.39652170177078694,-0.08,0.019210912623037424,0.5219160660132003,0.4780839339867997,0.5691645104976465,0.4308354895023535,0.2980599929382568,0.016612681651218972,0.0,0.0,0.0,0.0,0.0,0.0,0.0,0.0752754658719614,0.2816579696345043,57.0,1.054,1.0,1.0,1.0,0.9262961217599343,0.0,WON,5e1a5da227014ca0c5b7ea84
584,2026-07-11T19:33:24+00:00,2026-07-17T10:39:02Z,soccer_mexico_ligamx,Liga MX,Tijuana vs Tigres,Tijuana,Tipico,2026-07-17T03:00:00Z,3.7,0.2649901373929085,0.2751793479333188,0.45983051467377284,0.2649901373929085,0.02881727881727869,16.0,1.5042885625,1.2661295871559632,2.7704181496559634,0.23815897534403674,0.0,0.0,0.41003072486741055,0.26532489567925294,0.3246443794533366,0.41003072486741055,75.0,0.0,0.0,0.36203522504892366,0.2759295499021527,0.36203522504892366,0.36203522504892366,0.0,0.0,0.0,0.4184393935836201,0.2713928324294736,0.3101677739869064,0.4184393935836201,-0.08,0.01908764156117304,0.523464790566605,0.476535209433395,0.5680835515238599,0.4319164484761401,0.32783075723391775,0.024845531546595336,0.0,0.0,0.0,0.0,0.0,0.0,0.0,0.06284061984100925,0.21297380176549563,75.0,1.09,1.0,1.01,1.0,0.9110547659515746,0.0,WON,ef451a27e2a34e260b6fa144
600,2026-07-11T19:33:25+00:00,2026-07-18T10:30:38Z,soccer_mexico_ligamx,Liga MX,Atlético San Luis vs Cruz Azul,Atlético San Luis,Unibet (NL),2026-07-18T01:00:00Z,4.1,0.2364804598468296,0.26146446572825116,0.5020550744249193,0.2364804598468296,0.034129315115140724,15.0,1.5042885625,1.2661295871559632,2.7704181496559634,0.23815897534403674,0.0,0.0,0.41003072486741055,0.26532489567925294,0.3246443794533366,0.41003072486741055,75.0,0.0,0.0,0.36203522504892366,0.2759295499021527,0.36203522504892366,0.36203522504892366,0.0,0.0,0.0,0.4184393935836201,0.2713928324294736,0.3101677739869064,0.4184393935836201,-0.08,0.01908764156117304,0.523464790566605,0.476535209433395,0.5680835515238599,0.4319164484761401,0.3121504345835744,0.024845531546595336,0.0,0.0,0.0,0.0,0.0,0.0,0.0,0.07566997473674478,0.2798167817926549,75.0,1.09,1.0,1.0005,1.0,0.9083987478026436,0.0,LOST,4d276ec42adea2b88b72bedc
615,2026-07-11T19:33:27+00:00,2026-07-19T08:25:56Z,soccer_mexico_ligamx,Liga MX,Querétaro vs América,Querétaro,Tipico,2026-07-19T03:00:00Z,3.9,0.2548502720522543,0.2746161279710227,0.4705335999767229,0.2548502720522543,0.03418803418803429,11.0,1.5042885625,1.2661295871559632,2.7704181496559634,0.23815897534403674,0.0,0.0,0.41003072486741055,0.26532489567925294,0.3246443794533366,0.41003072486741055,75.0,0.0,0.0,0.36203522504892366,0.2759295499021527,0.36203522504892366,0.36203522504892366,0.0,0.0,0.0,0.4184393935836201,0.2713928324294736,0.3101677739869064,0.4184393935836201,-0.08,0.01908764156117304,0.523464790566605,0.476535209433395,0.5680835515238599,0.4319164484761401,0.32225383129655794,0.024845531546595336,0.0,0.0,0.0,0.0,0.0,0.0,0.0,0.06740355924430363,0.256789942056576,75.0,1.09,1.0,1.01,1.0,0.9083693882661968,0.0,LOST,93a536debd304d5aad930b80
1174,2026-07-11T20:15:29+00:00,2026-07-25T07:42:44Z,soccer_argentina_primera_division,Argentina Primera Division,Gimnasia Mendoza vs Central Córdoba,Central Córdoba,Pinnacle,2026-07-24T19:45:00Z,4.49,0.4655965036908811,0.3102291127653131,0.22417438354380587,0.22417438354380587,0.03379932423853149,7.0,1.4546056375,1.309375,2.7639806375,0.1452306375000001,0.0,0.0,0.39798481406640107,0.26878182461202627,0.3332333613215727,0.3332333613215727,57.0,0.0,0.0,0.36203522504892366,0.2759295499021527,0.36203522504892366,0.36203522504892366,0.0,0.0,0.0,0.39652170177078694,0.2731455310291804,0.33033276720003274,0.33033276720003274,-0.08,0.019210912623037424,0.5219160660132003,0.4780839339867997,0.5691645104976465,0.4308354895023535,0.27519045760191607,0.014310084377760057,0.0,0.0,0.0,0.0,0.0,0.0,0.0,0.051016074058110206,0.23560515463260323,57.0,1.054,1.0,1.0078,1.0,0.9401700847474541,0.0,LOST,c2402ef8e7ef0a7940a7eb68
1807,2026-07-11T21:44:55+00:00,2026-07-12T04:05:39Z,soccer_fifa_world_cup,FIFA World Cup,Norway vs England,England,Betfair,2026-07-11T21:01:00Z,3.7,0.42896987492749916,0.29896948126780354,0.27206064380469736,0.27206064380469736,0.0,16.0,1.4297641749999999,1.3321247586872587,2.7618889336872585,0.0976394163127412,0.0,0.0,0.39190823400427377,0.27060213445315356,0.3374896315425727,0.3374896315425727,48.0,0.0,0.0,0.36203522504892366,0.2759295499021527,0.36203522504892366,0.36203522504892366,0.0,0.0,0.0,0.38540886936220403,0.2737174586797633,0.3408736719580327,0.3408736719580327,-0.08,0.019251137524688378,0.521412252851549,0.478587747148451,0.569516528467712,0.43048347153228805,0.30447420079579135,0.010861497847038923,0.0,0.0,0.0,0.0,0.0,0.0,0.0,0.032413556991093995,0.12655454294442814,48.0,1.036,1.0,0.9982,1.0,0.9674155064588832,0.0,WON,0755183ef0289eb0063b0411
1926,2026-07-12T06:37:00+00:00,,soccer_france_ligue_one,Ligue 1,RC Lens vs Auxerre,Draw,1xBet,2026-08-22T15:15:00Z,4.47,0.5859826324324838,0.22688529441871147,0.1871320731488048,0.22688529441871147,0.011592434411226371,17.0,1.4684064500000003,1.2970688439849625,2.765475293984963,0.17133760601503778,0.0,0.0,0.4013468634058377,0.2677974389533476,0.3308556976408148,0.2677974389533476,62.0,0.0,0.0,0.36203522504892366,0.2759295499021527,0.36203522504892366,0.2759295499021527,0.0,0.0,0.0,0.4026522698187894,0.27273758438693013,0.3246101457942806,0.27273758438693013,-0.08,0.01918222085835941,0.5222758942450849,0.4777241057549151,0.568913208169054,0.431086791830946,0.24713918216724626,0.003345393337428371,0.0,0.0,0.0,0.0,0.0,0.0,0.0,0.020253887748534788,0.10471214428759068,62.0,1.064,1.0,0.9961,1.0,0.9841676027821017,0.0,OPEN,6521bc8d8b125426dedac288
2218,2026-07-12T06:54:11+00:00,2026-07-12T19:35:24Z,soccer_norway_eliteserien,Eliteserien,Sarpsborg FK vs Viking FK,Draw,Matchbook,2026-07-12T17:15:00Z,4.5,0.2252778081945045,0.2300215072953229,0.5447006845101726,0.2300215072953229,0.006242197253433224,23.0,1.4553000000000003,1.2523191094619666,2.707619109461967,0.2029808905380337,0.0,0.0,0.406033984394501,0.2664507181848216,0.32751529742067753,0.2664507181848216,69.0,0.0,0.0,0.36203522504892366,0.2759295499021527,0.36203522504892366,0.2759295499021527,0.0,0.0,0.0,0.4088023595640306,0.27566901776238095,0.3155286226735885,0.27566901776238095,-0.08,0.0194483920852353,0.508239820823476,0.49176017917652404,0.5572480338843628,0.44275196611563716,0.24934186445510798,0.004408239442263739,0.0,0.0,0.0,0.0,0.0,0.0,0.0,0.019320357159785084,0.12203839004798578,69.0,1.078,1.0,0.9982,1.0005,0.9836541830464922,0.0,LOST,31fdce39f64aa5342b03b4cc
2486,2026-07-12T06:54:49+00:00,2026-07-17T10:39:02Z,soccer_mexico_ligamx,Liga MX,Necaxa vs Atlante FC,Atlante FC,Pinnacle,2026-07-17T01:00:00Z,3.93,0.48772839023673864,0.2535922112302947,0.25867939853296673,0.25867939853296673,0.028024586215131597,16.0,1.5042885625,1.2661295871559632,2.7704181496559634,0.23815897534403674,0.0,0.0,0.41003072486741055,0.26532489567925294,0.3246443794533366,0.3246443794533366,75.0,0.0,0.0,0.36203522504892366,0.2759295499021527,0.36203522504892366,0.36203522504892366,0.0,0.0,0.0,0.4184393935836201,0.2713928324294736,0.3101677739869064,0.3101677739869064,-0.08,0.01908764156117304,0.523464790566605,0.476535209433395,0.5680835515238599,0.4319164484761401,0.2884715798207892,0.021852739263469066,0.0,0.0,0.0,0.0,0.0,0.0,0.0,0.02979218128782246,0.1336933086957015,75.0,1.09,1.0,0.9995,1.0005,0.920429489102027,0.0,LOST,93f166694b86626b0b86d7ae
2653,2026-07-12T07:54:30+00:00,2026-07-12T17:03:59Z,soccer_norway_eliteserien,Eliteserien,Rosenborg vs Kristiansund BK,Draw,Betfair,2026-07-12T15:00:00Z,4.5,0.5848520488435492,0.22923176842563536,0.18591618273081537,0.22923176842563536,0.0,23.0,1.4553000000000003,1.2523191094619666,2.707619109461967,0.2029808905380337,0.0,0.0,0.406033984394501,0.2664507181848216,0.32751529742067753,0.2664507181848216,69.0,0.0,0.0,0.36203522504892366,0.2759295499021527,0.36203522504892366,0.2759295499021527,0.0,0.0,0.0,0.4088023595640306,0.27566901776238095,0.3155286226735885,0.27566901776238095,-0.08,0.0194483920852353,0.508239820823476,0.49176017917652404,0.5572480338843628,0.44275196611563716,0.24396060206752587,0.003781190015024444,0.0,0.0,0.0,0.0,0.0,0.0,0.0,0.01472883364189051,0.09782270930386638,69.0,1.078,1.0,0.9967,1.0005,0.9886564299549266,0.0,LOST,7709da5e7c09ec5afd758115
2911,2026-07-12T08:56:02+00:00,2026-07-23T08:37:11Z,soccer_usa_mls,MLS,FC Cincinnati vs Vancouver Whitecaps FC,FC Cincinnati,1xBet,2026-07-22T23:30:00Z,3.6,0.2756371044359693,0.2296404179489147,0.4947224776151161,0.2756371044359693,0.012700960534026251,8.0,1.4960080750000002,1.273137684501845,2.7691457595018454,0.22287039049815527,0.0,0.0,0.4080349088527372,0.26588455940314754,0.32608053174411533,0.4080349088527372,72.0,0.0,0.0,0.36203522504892366,0.2759295499021527,0.36203522504892366,0.36203522504892366,0.0,0.0,0.0,0.4148162676994535,0.2717383633989492,0.3134453689015973,0.4148162676994535,-0.08,0.01911194349735379,0.5231589008776668,0.4768410991223332,0.5682969158550849,0.4317030841449151,0.3166902497031967,0.018898129407348082,0.0,0.0,0.0,0.0,0.0,0.0,0.0,0.04105314526722742,0.14008489893150822,72.0,1.084,1.0,0.9933,1.0005,0.9369551315109427,0.0,WON,485c4b4069d6bef2619e4987
2919,2026-07-12T08:56:04+00:00,2026-07-23T08:37:11Z,soccer_usa_mls,MLS,Sporting Kansas City vs Minnesota United FC,Sporting Kansas City,1xBet,2026-07-23T00:30:00Z,3.61,0.27473425394481304,0.24578260859578832,0.4794831374593987,0.27473425394481304,0.030172867211332832,8.0,1.4960080750000002,1.273137684501845,2.7691457595018454,0.22287039049815527,0.0,0.0,0.4080349088527372,0.26588455940314754,0.32608053174411533,0.4080349088527372,72.0,0.0,0.0,0.36203522504892366,0.2759295499021527,0.36203522504892366,0.36203522504892366,0.0,0.0,0.0,0.4148162676994535,0.2717383633989492,0.3134453689015973,0.4148162676994535,-0.08,0.01911194349735379,0.5231589008776668,0.4768410991223332,0.5682969158550849,0.4317030841449151,0.31629243028254217,0.018898129407348082,0.0,0.0,0.0,0.0,0.0,0.0,0.0,0.041558176337729125,0.14181567331997713,72.0,1.084,1.0,0.9933,1.0005,0.9282191781722894,0.0,WON,d59f0c1975170be0e005180a
3214,2026-07-12T09:08:17+00:00,2026-07-23T08:37:11Z,soccer_usa_mls,MLS,Los Angeles FC vs Real Salt Lake,Real Salt Lake,Betsson,2026-07-23T02:30:00Z,4.45,0.5438917714304753,0.23496324619210268,0.22114498237742214,0.22114498237742214,0.02930753869075664,8.0,1.4960080750000002,1.273137684501845,2.7691457595018454,0.22287039049815527,0.0,0.0,0.4080349088527372,0.26588455940314754,0.32608053174411533,0.32608053174411533,72.0,0.0,0.0,0.36203522504892366,0.2759295499021527,0.36203522504892366,0.36203522504892366,0.0,0.0,0.0,0.4148162676994535,0.2717383633989492,0.3134453689015973,0.3134453689015973,-0.08,0.01911194349735379,0.5231589008776668,0.4768410991223332,0.5682969158550849,0.4317030841449151,0.2541320146456111,0.0173741917849089,0.0,0.0,0.0,0.0,0.0,0.0,0.0,0.03298703226818894,0.13088746517296945,72.0,1.084,1.0,0.9995,1.0005,0.9332236552998949,0.0,LOST,6becb0adb302d327ec0ee0c3
3227,2026-07-12T12:28:19+00:00,2026-07-12T14:02:56Z,soccer_sweden_allsvenskan,Allsvenskan,Malmo FF vs IFK Goteborg,Malmo FF,Pinnacle,2026-07-12T12:00:00Z,1.4,0.8334056750751238,0.1115784682496254,0.05501585667525087,0.8334056750751238,0.0,14.0,1.4526,1.254646840148699,2.7072468401486987,0.1979531598513009,0.0,0.0,0.40536592236190494,0.2666408941279083,0.3279931835101868,0.40536592236190494,68.0,0.0,0.0,0.36203522504892366,0.2759295499021527,0.36203522504892366,0.36203522504892366,0.0,0.0,0.0,0.4076024220844181,0.2757716584420645,0.3166259194735173,0.4076024220844181,-0.08,0.019455633363920033,0.5081488071633297,0.49185119283667034,0.557310232630726,0.442689767369274,0.7860463942643431,0.016504494932620992,0.52,0.68,0.0,0.0,0.0,0.15,0.55,-0.04735928081078067,0.10046495197008021,68.0,1.076,1.0,0.9995,1.0005,1.0,0.0,WON,88bbca62f26e150e23500a5a
3240,2026-07-12T13:00:55+00:00,2026-07-12T14:45:56Z,soccer_norway_eliteserien,Eliteserien,KFUM vs Bodø/Glimt,Bodø/Glimt,Pinnacle,2026-07-12T12:30:00Z,1.52,0.0833457486731233,0.16059877217886998,0.7560554791480067,0.7560554791480067,0.0,14.0,1.4553000000000003,1.2523191094619666,2.707619109461967,0.2029808905380337,0.0,0.0,0.406033984394501,0.2664507181848216,0.32751529742067753,0.32751529742067753,69.0,0.0,0.0,0.36203522504892366,0.2759295499021527,0.36203522504892366,0.36203522504892366,0.0,0.0,0.0,0.4088023595640306,0.27566901776238095,0.3155286226735885,0.3155286226735885,-0.08,0.0194483920852353,0.508239820823476,0.49176017917652404,0.5572480338843628,0.44275196611563716,0.7087157139064044,0.01662646723998564,0.542,0.68,0.0,0.0,0.0,0.15,0.55,-0.04733976524160233,0.07724788513773473,69.0,1.078,1.0,0.9995,1.0005,1.0,0.0,WON,65be934425f27d901a38517e
3254,2026-07-12T13:08:41+00:00,2026-07-12T14:02:56Z,soccer_sweden_allsvenskan,Allsvenskan,Västerås SK vs Degerfors IF,Draw,Betfair,2026-07-12T12:00:00Z,4.5,0.6816032934458374,0.22969860677706275,0.08869809977709987,0.22969860677706275,0.009780907668231587,15.0,1.4526,1.254646840148699,2.7072468401486987,0.1979531598513009,0.0,0.0,0.40536592236190494,0.2666408941279083,0.3279931835101868,0.2666408941279083,68.0,0.0,0.0,0.36203522504892366,0.2759295499021527,0.36203522504892366,0.2759295499021527,0.0,0.0,0.0,0.4076024220844181,0.2757716584420645,0.3166259194735173,0.2757716584420645,-0.08,0.019455633363920033,0.5081488071633297,0.49185119283667034,0.557310232630726,0.442689767369274,0.244351932886937,0.0037363233087810825,0.952,0.68,0.0,0.0,0.0,0.15,0.55,0.014653326109874243,0.09958369799121636,68.0,1.076,1.0,0.9908,1.0005,1.0,0.0,LOST,5923bdee8ccb16a08cd11877
3255,2026-07-12T13:46:52+00:00,,soccer_epl,Premier League,Brentford vs Tottenham Hotspur,Tottenham Hotspur,1xBet,2026-08-22T16:30:00Z,3.15,0.40090639335875655,0.2607405179579876,0.3383530886832559,0.3383530886832559,0.0,20.0,1.4766869375,1.2897955607476634,2.7664824982476635,0.18689137675233658,0.0,0.0,0.40335862001574185,0.2672158303906449,0.32942554959361336,0.32942554959361336,65.0,0.0,0.0,0.36203522504892366,0.2759295499021527,0.36203522504892366,0.36203522504892366,0.0,0.0,0.0,0.4063152695074333,0.2724630250962993,0.3212217053962674,0.3212217053962674,-0.08,0.01916291051298319,0.5225182876855085,0.47748171231449155,0.5687439743880386,0.4312560256119614,0.33554655933804856,0.014561751678561566,0.962,0.85,0.0,0.0,0.0,0.15,0.55,-0.0028065293452073647,0.05697166191485281,65.0,1.07,1.0,0.9933,1.0005,1.0,0.0,OPEN,74604cd44c15e07029cb6c43
3268,2026-07-12T15:09:44+00:00,2026-07-12T17:03:59Z,soccer_norway_eliteserien,Eliteserien,Sandefjord vs HamKam,Sandefjord,Pinnacle,2026-07-12T15:00:00Z,2.0,0.5946406378398046,0.21756714109959782,0.18779222106059767,0.5946406378398046,0.0,23.0,1.4552909562288598,1.2522880934358755,2.7075790496647354,0.2030028627929843,0.0,0.0,0.4060029313282132,0.2664595451602702,0.32753752351151666,0.4060029313282132,68.95350000000008,0.0,0.0,0.36203522504892366,0.2759295499021527,0.36203522504892366,0.36203522504892366,0.0,0.0,0.0,0.40880627885517967,0.27567184723227345,0.31552187391254705,0.40880627885517967,-0.08000330000000001,0.01944937089555765,0.5082300270218859,0.4917699729781141,0.5572402191672605,0.4427597808327395,0.5473456140775138,0.016906101485682487,0.776,0.68,0.0,0.0,0.0,0.15,0.55,-0.04729502376229078,0.09469122815502762,68.9535,1.0780100000000001,1.0005,1.0,1.0,1.0,0.0,LOST,3c4330ca5f6386cedcaa08f2
3282,2026-07-12T15:20:28+00:00,2026-07-12T17:03:46Z,soccer_sweden_allsvenskan,Allsvenskan,IF Brommapojkarna vs IK Sirius,IK Sirius,Pinnacle,2026-07-12T14:30:00Z,1.26,0.024447084901923412,0.07685780003364354,0.8986951150644331,0.8986951150644331,0.0,13.0,1.4527975082905433,1.2547428003322616,2.707540308622805,0.19805470795828173,0.0,0.0,0.40535522906362736,0.26664394289212334,0.32800082804424935,0.32800082804424935,67.98399999999992,0.0,0.0,0.36203522504892366,0.2759295499021527,0.36203522504892366,0.36203522504892366,0.0,0.0,0.0,0.407646088864388,0.27572651102655765,0.3166274001090543,0.3166274001090543,-0.0798928,0.019427988551888764,0.5082205579340107,0.49177944206598934,0.5573504017089496,0.44264959829105044,0.8512912210562389,0.016225662448786243,0.389,0.68,0.0,0.0,0.0,0.15,0.55,-0.047403894008194225,0.07262693853086111,67.984,1.076032,0.9967,1.0,1.0,1.0,0.0,WON,02f1b3299b7b2c220f64be57
3285,2026-07-12T15:20:29+00:00,2026-07-19T17:02:44Z,soccer_sweden_allsvenskan,Allsvenskan,IF Elfsborg vs IK Sirius,IF Elfsborg,Unibet (SE),2026-07-19T14:30:00Z,3.45,0.3014867614129456,0.26300554217196187,0.4355076964150924,0.3014867614129456,0.0,9.0,1.4527975082905433,1.2547428003322616,2.707540308622805,0.19805470795828173,0.0,0.0,0.40535522906362736,0.26664394289212334,0.32800082804424935,0.40535522906362736,67.98399999999992,0.0,0.0,0.36203522504892366,0.2759295499021527,0.36203522504892366,0.36203522504892366,0.0,0.0,0.0,0.407646088864388,0.27572651102655765,0.3166274001090543,0.407646088864388,-0.0798928,0.019427988551888764,0.5082205579340107,0.49177944206598934,0.5573504017089496,0.44264959829105044,0.33276586050192514,0.016516657027724868,0.892,0.68,0.0,0.0,0.0,0.15,0.55,0.03127909908897952,0.1480422187316417,67.984,1.076032,0.9967,0.9982,1.0,1.0,0.0,LOST,bade1d08df25be1405893702
3316,2026-07-12T20:40:52+00:00,2026-07-22T08:35:59Z,soccer_mexico_ligamx,Liga MX,Toluca vs Pumas,Pumas,1xBet,2026-07-22T03:00:00Z,4.34,0.5077909551080262,0.23601907945817485,0.256189965433799,0.256189965433799,0.04221249935276772,6.0,1.5042885625,1.2661295871559632,2.7704181496559634,0.23815897534403674,0.0,0.0,0.41003072486741055,0.26532489567925294,0.3246443794533366,0.3246443794533366,75.0,0.0,0.0,0.36203522504892366,0.2759295499021527,0.36203522504892366,0.36203522504892366,0.0,0.0,0.0,0.4184393935836201,0.2713928324294736,0.3101677739869064,0.3101677739869064,-0.08,0.01908764156117304,0.523464790566605,0.476535209433395,0.5680835515238599,0.4319164484761401,0.27735053245134533,0.018577158421242045,0.905,0.68,0.0,0.0,0.0,0.15,0.55,0.021160567017546317,0.2037013108388388,75.0,1.09,1.0,0.9933,0.9835,1.0,0.0,WON,dcd85d7268ed4650ec0eadd6
3328,2026-07-13T09:36:08+00:00,2026-07-18T23:27:54Z,soccer_norway_eliteserien,Eliteserien,HamKam vs Tromso,HamKam,Betsson,2026-07-18T12:00:00Z,3.55,0.28322598722669023,0.27133303078685456,0.44544098198645504,0.28322598722669023,0.04133807584845561,14.0,1.4554487735009798,1.2517921203274818,2.7072408938284616,0.20365665317349801,0.0,0.0,0.41261736667755416,0.26649208075855324,0.3208905525638927,0.41261736667755416,72.52820116723181,0.06666666666666667,0.0,0.3495931707247679,0.2749221557442532,0.3754846735309788,0.3495931707247679,-0.16666666666666669,0.2,0.0,0.4089324574747474,0.2757240197112851,0.31534352281396755,0.4089324574747474,-0.08017880000000001,0.019493019821890112,0.508147350516655,0.49185264948334495,0.5571796137252557,0.4428203862747443,0.3194274939024768,0.025020871907458306,0.868,0.68,0.0,0.0,0.0,0.15,0.55,0.03620150667578659,0.13396760335379265,68.988,1.078282,0.9954,0.9995,0.9835,1.0,0.044444444444444446,LOST,19766604b8d236ab0b226459
3329,2026-07-13T09:36:08+00:00,2026-07-18T23:27:54Z,soccer_norway_eliteserien,Eliteserien,Lillestrom vs KFUM,KFUM,GTbets,2026-07-18T14:00:00Z,4.5,0.5213388686379525,0.2414561524855343,0.23720497887651312,0.23720497887651312,0.04043023144146751,12.0,1.4554487735009798,1.2517921203274818,2.7072408938284616,0.20365665317349801,0.0,0.0,0.41888794773148164,0.2638285811573739,0.3172834711111446,0.3172834711111446,85.02383407321958,0.0,0.03333333333333333,0.4439301721376863,0.2639437891775865,0.29212603868472725,0.29212603868472725,0.5,0.0,0.1,0.4089324574747474,0.2757240197112851,0.31534352281396755,0.31534352281396755,-0.08017880000000001,0.019493019821890112,0.508147350516655,0.49185264948334495,0.5571796137252557,0.4428203862747443,0.2619600353588317,0.009332197380491916,0.919,0.68,0.0,0.0,0.0,0.15,0.55,0.0247550564823186,0.1788201591147427,68.988,1.078282,0.9954,1.0033,0.9835,1.0,0.022222222222222223,LOST,a885c420876e7c15c1cc165d
3331,2026-07-13T09:36:09+00:00,2026-07-21T00:20:52Z,soccer_sweden_allsvenskan,Allsvenskan,Kalmar FF vs Malmo FF,Kalmar FF,Coolbet,2026-07-20T17:00:00Z,2.9,0.3762160823562774,0.26459485759960016,0.3591890600441225,0.3762160823562774,0.0,9.0,1.4536620180654736,1.253769061735378,2.707431079800852,0.19989295633009552,0.0,0.0,0.3904730452346391,0.27296629705056197,0.33656065771479904,0.3904730452346391,40.71937985273065,0.0,0.06666666666666667,0.26675000000000004,0.26000000000000006,0.47325,0.26675000000000004,-0.5,0.0,0.2,0.40811464644986034,0.27563302375436954,0.31625232979577017,0.40811464644986034,-0.0796017,0.01935580200828474,0.5081938520761995,0.4918061479238005,0.5572459327213586,0.4427540672786414,0.37538715021827707,0.05686869178450961,0.862,0.68,0.0,0.0,0.0,0.15,0.55,-0.0008289321380003378,0.08862273563300338,68.10849999999999,1.07677,0.9922,1.0005,0.9835,0.9703894802020268,0.044444444444444446,LOST,c59ff0a69d1436f011344c86
3332,2026-07-13T09:36:09+00:00,,soccer_germany_bundesliga2,2. Bundesliga,1. FC Heidenheim vs VfL Osnabrück,Draw,Winamax (DE),2026-08-08T11:00:00Z,4.4,0.5879183082515179,0.252873405912154,0.15920828583632812,0.252873405912154,0.05895589558955905,9.0,1.4364000000000001,1.268796992481203,2.705196992481203,0.1676030075187971,0.0,0.0,0.4013468634058377,0.2677974389533476,0.3308556976408148,0.2677974389533476,62.0,0.0,0.0,0.36203522504892366,0.2759295499021527,0.36203522504892366,0.2759295499021527,0.0,0.0,0.0,0.40037581523968346,0.2763375197162663,0.3232866650440501,0.2763375197162663,-0.08,0.01949555475956999,0.5076474948055681,0.49235250519443186,0.5576529410285183,0.44234705897148174,0.260257068279593,0.0034515010818866446,0.976,0.85,0.0,0.0,0.0,0.15,0.55,0.007383662367438981,0.14513110043020938,62.0,1.064,1.0,1.0,0.9835,1.0,0.0,OPEN,c475d1726db0acd1efd86486
3333,2026-07-13T09:36:09+00:00,,soccer_germany_bundesliga2,2. Bundesliga,1. FC Magdeburg vs Eintracht Braunschweig,Eintracht Braunschweig,Tipico,2026-08-08T11:00:00Z,4.3,0.5201859048850921,0.24835603966114425,0.23145805545376363,0.23145805545376363,0.06395348837209314,9.0,1.4364000000000001,1.268796992481203,2.705196992481203,0.1676030075187971,0.0,0.0,0.4013468634058377,0.2677974389533476,0.3308556976408148,0.3308556976408148,62.0,0.0,0.0,0.36203522504892366,0.2759295499021527,0.36203522504892366,0.36203522504892366,0.0,0.0,0.0,0.40037581523968346,0.2763375197162663,0.3232866650440501,0.3232866650440501,-0.08,0.01949555475956999,0.5076474948055681,0.49235250519443186,0.5576529410285183,0.44234705897148174,0.2641068350807714,0.013825402287021062,0.878,0.85,0.0,0.0,0.0,0.15,0.55,0.03264877962700774,0.13565939084731693,62.0,1.064,1.0,1.0,0.9835,1.0,0.0,OPEN,6c9a245abbe91bc970176ef3
3335,2026-07-13T09:36:10+00:00,,soccer_germany_bundesliga2,2. Bundesliga,FC St. Pauli vs Greuther Fürth,Draw,Tipico,2026-08-09T11:30:00Z,4.0,0.5331423472498029,0.2681797031395219,0.1986779496106752,0.2681797031395219,0.06385615865044114,9.0,1.4364000000000001,1.268796992481203,2.705196992481203,0.1676030075187971,0.0,0.0,0.4013468634058377,0.2677974389533476,0.3308556976408148,0.2677974389533476,62.0,0.0,0.0,0.36203522504892366,0.2759295499021527,0.36203522504892366,0.2759295499021527,0.0,0.0,0.0,0.40037581523968346,0.2763375197162663,0.3232866650440501,0.2763375197162663,-0.08,0.01949555475956999,0.5076474948055681,0.49235250519443186,0.5576529410285183,0.44234705897148174,0.2703342106452372,0.0034515010818866446,0.99,0.85,0.0,0.0,0.0,0.15,0.55,0.0021545075057153307,0.08133684258094886,62.0,1.064,1.0,1.0,0.9835,1.0,0.0,OPEN,ae72ddc26bfef3126b8cb7c6
3363,2026-07-13T17:58:43+00:00,2026-07-25T08:12:49Z,soccer_mexico_ligamx,Liga MX,Atlante FC vs América,Atlante FC,Marathon Bet,2026-07-25T03:00:00Z,4.5,0.2278317734708122,0.26761399885451986,0.504554227674668,0.2278317734708122,0.04376023477147073,9.0,1.5042885625,1.2661295871559632,2.7704181496559634,0.23815897534403674,0.0,0.0,0.41003072486741055,0.26532489567925294,0.3246443794533366,0.41003072486741055,75.0,0.0,0.0,0.36203522504892366,0.2759295499021527,0.36203522504892366,0.36203522504892366,0.0,0.0,0.0,0.4184393935836201,0.2713928324294736,0.3101677739869064,0.4184393935836201,-0.08,0.01908764156117304,0.523464790566605,0.476535209433395,0.5680835515238599,0.4319164484761401,0.27460598239895395,0.020161194199114326,0.809,0.68,0.0,0.0,0.0,0.15,0.55,0.04677420892814174,0.23572692079529278,75.0,1.09,1.0,1.0,0.9835,1.0,0.0,LOST,77fdbdec0652aee7853dd75e
3364,2026-07-13T17:58:43+00:00,2026-07-27T08:29:16Z,soccer_mexico_ligamx,Liga MX,Pachuca vs Querétaro,Draw,Coolbet,2026-07-27T01:00:00Z,4.2,0.5581662967770329,0.24955013963097977,0.19228356359198723,0.24955013963097977,0.044913419913420016,9.0,1.5042885625,1.2661295871559632,2.7704181496559634,0.23815897534403674,0.0,0.0,0.41003072486741055,0.26532489567925294,0.3246443794533366,0.26532489567925294,75.0,0.0,0.0,0.36203522504892366,0.2759295499021527,0.36203522504892366,0.2759295499021527,0.0,0.0,0.0,0.4184393935836201,0.2713928324294736,0.3101677739869064,0.2713928324294736,-0.08,0.01908764156117304,0.523464790566605,0.476535209433395,0.5680835515238599,0.4319164484761401,0.2568037160801149,0.0032757673905604956,0.975,0.68,0.0,0.0,0.0,0.15,0.55,0.007253576449135102,0.07857560753648252,75.0,1.09,1.0,1.0,0.9835,1.0,0.0,LOST,0506daf82b86dda831436ef2
3373,2026-07-14T08:16:23+00:00,,soccer_england_league1,League One,Leyton Orient vs Sheffield Wednesday,Leyton Orient,888sport,2026-08-15T14:00:00Z,3.2,0.3186777387283063,0.2599031622382336,0.42141909903346003,0.3186777387283063,0.06318456555132568,9.0,1.431,1.2735849056603774,2.7045849056603775,0.15741509433962264,0.0,0.0,0.4000033586052737,0.26818892303058517,0.33180771836414114,0.4000033586052737,60.0,0.0,0.0,0.36203522504892366,0.2759295499021527,0.36203522504892366,0.36203522504892366,0.0,0.0,0.0,0.39795683151970035,0.27650671157340223,0.3255364569068974,0.39795683151970035,-0.08,0.019507491210034922,0.5074977503425347,0.49250224965746525,0.5577553463573915,0.44224465364260845,0.3429690015477138,0.013366277552541125,0.917,0.68,0.0,0.0,0.0,0.15,0.55,0.024291262819407522,0.0975008049526842,60.0,1.06,1.0,1.05,0.9835,1.0,0.0,OPEN,b58601a363e9f4e0d5fc0322
3378,2026-07-14T08:16:29+00:00,2026-07-28T00:19:59Z,soccer_denmark_superliga,Danish Superliga,Randers FC vs Silkeborg IF,Silkeborg IF,Codere (IT),2026-07-27T17:00:00Z,4.5,0.537895597056541,0.24421917782393063,0.21788522511952838,0.21788522511952838,0.03418803418803407,18.0,1.4418000000000002,1.2640449438202248,2.705844943820225,0.17775505617977538,0.0,0.0,0.40268851535954364,0.267408954739361,0.3299025299010953,0.3299025299010953,64.0,0.0,0.0,0.36203522504892366,0.2759295499021527,0.36203522504892366,0.36203522504892366,0.0,0.0,0.0,0.4027897785255205,0.27615852707807437,0.321051694396405,0.321051694396405,-0.08,0.01948292686603237,0.507805987310504,0.49219401268949603,0.5575445715759576,0.4424554284240424,0.25345430718700945,0.014624231827840523,0.865,0.68,0.0,0.0,0.0,0.15,0.55,0.03556908206748108,0.14054438234154265,64.0,1.068,1.0,1.0,0.9835,1.0,0.0,LOST,2bc62f483970678622fd92e7
3384,2026-07-14T08:16:36+00:00,,soccer_germany_bundesliga2,2. Bundesliga,1. FC Nürnberg vs Dynamo Dresden,Dynamo Dresden,Marathon Bet,2026-08-09T11:30:00Z,4.05,0.48239683255005916,0.26482468005628,0.2527784873936608,0.2527784873936608,0.020275556616408785,10.0,1.4364000000000001,1.268796992481203,2.705196992481203,0.1676030075187971,0.0,0.0,0.4013468634058377,0.2677974389533476,0.3308556976408148,0.3308556976408148,62.0,0.0,0.0,0.36203522504892366,0.2759295499021527,0.36203522504892366,0.36203522504892366,0.0,0.0,0.0,0.40037581523968346,0.2763375197162663,0.3232866650440501,0.3232866650440501,-0.08,0.01949555475956999,0.5076474948055681,0.49235250519443186,0.5576529410285183,0.44234705897148174,0.2779800458654045,0.013825402287021062,0.9,0.85,0.0,0.0,0.0,0.15,0.55,0.025201558471743657,0.12581918575488804,62.0,1.064,1.0,1.0,0.9835,1.0,0.0,OPEN,0afc3d0d3ab85b391a6b0d5b
3390,2026-07-14T08:16:51+00:00,2026-07-25T07:42:44Z,soccer_argentina_primera_division,Argentina Primera Division,Velez Sarsfield BA vs Instituto de Córdoba,Instituto de Córdoba,Unibet (SE),2026-07-24T22:00:00Z,4.3,0.4544126553998421,0.3105245861711914,0.23506275842896654,0.23506275842896654,0.0037737358651588337,12.0,1.4546056375,1.309375,2.7639806375,0.1452306375000001,0.0,0.0,0.39798481406640107,0.26878182461202627,0.3332333613215727,0.3332333613215727,57.0,0.0,0.0,0.36203522504892366,0.2759295499021527,0.36203522504892366,0.36203522504892366,0.0,0.0,0.0,0.39652170177078694,0.2731455310291804,0.33033276720003274,0.33033276720003274,-0.08,0.019210912623037424,0.5219160660132003,0.4780839339867997,0.5691645104976465,0.4308354895023535,0.26740359639800165,0.01140103075025033,0.88,0.68,0.0,0.0,0.0,0.15,0.55,0.03234083796903511,0.14983546451140706,57.0,1.054,1.0,0.9961,0.9835,1.0,0.0,LOST,98106b3e8887ca1d54edc39b
3402,2026-07-14T17:19:19+00:00,2026-07-17T00:21:58Z,soccer_norway_eliteserien,Eliteserien,Vålerenga vs Aalesund,Aalesund,Betfair,2026-07-16T17:00:00Z,4.4,0.5442597805219334,0.23050849512323557,0.22523172435483102,0.22523172435483102,0.01634320735444339,21.0,1.4554487735009798,1.2517921203274818,2.7072408938284616,0.20365665317349801,0.0,0.0,0.4060259708110342,0.26645299596283994,0.3275210332261259,0.3275210332261259,68.98800000000006,0.0,0.0,0.36203522504892366,0.2759295499021527,0.36203522504892366,0.36203522504892366,0.0,0.0,0.0,0.4089324574747474,0.2757240197112851,0.31534352281396755,0.31534352281396755,-0.08017880000000001,0.019493019821890112,0.508147350516655,0.49185264948334495,0.5571796137252557,0.4428203862747443,0.2566905547185237,0.016696446552290852,0.874,0.68,0.0,0.0,0.0,0.15,0.55,0.03145883036369268,0.12943844076150435,68.988,1.078282,0.9954,0.9625,0.9835,1.0,0.0,LOST,9ffbd0fe9e1a85518c356883
3419,2026-07-14T17:19:37+00:00,2026-07-17T10:39:02Z,soccer_mexico_ligamx,Liga MX,Tijuana vs Tigres,Tijuana,Betfair,2026-07-17T03:10:00Z,3.7,0.26504999351771824,0.2727592099029144,0.46219079657936735,0.26504999351771824,0.02881727881727869,19.0,1.5042885625,1.2661295871559632,2.7704181496559634,0.23815897534403674,0.0,0.0,0.41003072486741055,0.26532489567925294,0.3246443794533366,0.41003072486741055,75.0,0.0,0.0,0.36203522504892366,0.2759295499021527,0.36203522504892366,0.36203522504892366,0.0,0.0,0.0,0.4184393935836201,0.2713928324294736,0.3101677739869064,0.4184393935836201,-0.08,0.01908764156117304,0.523464790566605,0.476535209433395,0.5680835515238599,0.4319164484761401,0.309339270423755,0.020161194199114326,0.848,0.68,0.0,0.0,0.0,0.15,0.55,0.044289276906036734,0.14455530056789345,75.0,1.09,1.0,0.9625,0.9835,1.0,0.0,WON,eb80f1d3ebbbe132a4fb9409
3427,2026-07-15T08:21:59+00:00,,soccer_belgium_first_div,Belgian Pro League,Charleroi vs Leuven,Leuven,1xBet,2026-08-09T14:00:00Z,4.18,0.4630319499566301,0.29441985602401827,0.24254819401935163,0.24254819401935163,0.023548175250961645,10.0,1.4711666125,1.2946353189493434,2.765801931449343,0.17653129355065666,0.0,0.0,0.40201792629812527,0.2676028233043014,0.33037925039757343,0.33037925039757343,63.0,0.0,0.0,0.36203522504892366,0.2759295499021527,0.36203522504892366,0.36203522504892366,0.0,0.0,0.0,0.4038745628461584,0.27264851419757563,0.32347692295626584,0.32347692295626584,-0.08,0.019175956360388102,0.5223545101241142,0.47764548987588584,0.5688583156476003,0.43114168435239975,0.2710850955361709,0.01376189678065578,0.89,0.68,0.0,0.0,0.0,0.15,0.55,0.028536901516819257,0.1331356993411943,63.0,1.066,1.0,0.9933,0.9835,1.0,0.0,OPEN,8cb7d9296dfd15103c2c8d04
3436,2026-07-15T11:49:00+00:00,,soccer_belgium_first_div,Belgian Pro League,SV Zulte-Waregem vs Genk,SV Zulte-Waregem,Tipico,2026-08-09T14:00:00Z,3.5,0.28436684862088196,0.27920195081493615,0.4364312005641819,0.28436684862088196,0.03654485049833878,11.0,1.4711666125,1.2946353189493434,2.765801931449343,0.17653129355065666,0.0,0.0,0.40201792629812527,0.2676028233043014,0.33037925039757343,0.40201792629812527,63.0,0.0,0.0,0.36203522504892366,0.2759295499021527,0.36203522504892366,0.36203522504892366,0.0,0.0,0.0,0.4038745628461584,0.27264851419757563,0.32347692295626584,0.4038745628461584,-0.08,0.019175956360388102,0.5223545101241142,0.47764548987588584,0.5688583156476003,0.43114168435239975,0.3203413577778742,0.015168294508591114,0.879,0.68,0.0,0.0,0.0,0.15,0.55,0.03597450915699224,0.12119475222255982,63.0,1.066,1.0,1.0,0.9835,1.0,0.0,OPEN,fd77b6fe9f863ae1cd01f97a
3441,2026-07-15T11:49:02+00:00,2026-07-17T00:21:58Z,soccer_norway_eliteserien,Eliteserien,Vålerenga vs Aalesund,Draw,Betfair,2026-07-16T17:00:00Z,4.5,0.5446376334453977,0.22955653953693325,0.22580582701766908,0.22955653953693325,0.011292702303938196,21.0,1.4554487735009798,1.2517921203274818,2.7072408938284616,0.20365665317349801,0.0,0.0,0.4060259708110342,0.26645299596283994,0.3275210332261259,0.26645299596283994,68.98800000000006,0.0,0.0,0.36203522504892366,0.2759295499021527,0.36203522504892366,0.2759295499021527,0.0,0.0,0.0,0.4089324574747474,0.2757240197112851,0.31534352281396755,0.2757240197112851,-0.08017880000000001,0.019493019821890112,0.508147350516655,0.49185264948334495,0.5571796137252557,0.4428203862747443,0.24423652996872935,0.0037977202192535637,0.952,0.68,0.0,0.0,0.0,0.15,0.55,0.014679990431796103,0.09906438485928204,68.988,1.078282,0.9954,0.9625,0.9835,1.0,0.0,LOST,28dc0e4b9444c45334dc2f90
3449,2026-07-15T11:49:05+00:00,2026-07-23T08:37:11Z,soccer_usa_mls,MLS,Inter Miami CF vs Chicago Fire,Chicago Fire,1xBet,2026-07-22T23:30:00Z,4.09,0.5385227709034057,0.21280532521257267,0.24867190388402166,0.24867190388402166,0.02851875253732361,8.0,1.4960080750000002,1.273137684501845,2.7691457595018454,0.22287039049815527,0.0,0.0,0.4080349088527372,0.26588455940314754,0.32608053174411533,0.32608053174411533,72.0,0.0,0.0,0.36203522504892366,0.2759295499021527,0.36203522504892366,0.36203522504892366,0.0,0.0,0.0,0.4148162676994535,0.2717383633989492,0.3134453689015973,0.3134453689015973,-0.08,0.01911194349735379,0.5231589008776668,0.4768410991223332,0.5682969158550849,0.4317030841449151,0.27281279791331886,0.0173741917849089,0.898,0.68,0.0,0.0,0.0,0.15,0.55,0.0241408940292972,0.11580434346547408,72.0,1.084,1.0,0.9933,0.9835,1.0,0.0,LOST,14dd36c5ce69b4888d0d03ce
3450,2026-07-15T11:49:05+00:00,2026-07-23T08:37:11Z,soccer_usa_mls,MLS,FC Cincinnati vs Vancouver Whitecaps FC,Draw,Coolbet,2026-07-22T23:30:00Z,4.4,0.27287751123543025,0.23443307057543955,0.49268941818913026,0.23443307057543955,0.012202083630655114,10.0,1.4960080750000002,1.273137684501845,2.7691457595018454,0.22287039049815527,0.0,0.0,0.4080349088527372,0.26588455940314754,0.32608053174411533,0.26588455940314754,72.0,0.0,0.0,0.36203522504892366,0.2759295499021527,0.36203522504892366,0.2759295499021527,0.0,0.0,0.0,0.4148162676994535,0.2717383633989492,0.3134453689015973,0.2717383633989492,-0.08,0.01911194349735379,0.5231589008776668,0.4768410991223332,0.5682969158550849,0.4317030841449151,0.2467834102403953,0.0031145928517986145,0.959,0.68,0.0,0.0,0.0,0.15,0.55,0.012350339664955745,0.08584700505773935,72.0,1.084,1.0,0.9987,0.9835,1.0,0.0,LOST,1fd87407e348ce26241dd8fe
3486,2026-07-15T13:25:40+00:00,2026-07-19T08:25:56Z,soccer_mexico_ligamx,Liga MX,Querétaro vs América,Querétaro,Tipico,2026-07-19T03:10:00Z,3.8,0.25981769595183474,0.27163769550215194,0.4685446085460134,0.25981769595183474,0.028740550563400413,19.0,1.5042885625,1.2661295871559632,2.7704181496559634,0.23815897534403674,0.0,0.0,0.41003072486741055,0.26532489567925294,0.3246443794533366,0.41003072486741055,75.0,0.0,0.0,0.36203522504892366,0.2759295499021527,0.36203522504892366,0.36203522504892366,0.0,0.0,0.0,0.4184393935836201,0.2713928324294736,0.3101677739869064,0.4184393935836201,-0.08,0.01908764156117304,0.523464790566605,0.476535209433395,0.5680835515238599,0.4319164484761401,0.30573072559533243,0.020161194199114326,0.842,0.68,0.0,0.0,0.0,0.15,0.55,0.045913029643497694,0.16177675726226326,75.0,1.09,1.0,1.0,0.9835,1.0,0.0,LOST,0a4d5c6521d52e3322f0f7bb
3487,2026-07-18T13:49:16+00:00,,soccer_spain_la_liga,La Liga,Espanyol vs Levante,Levante,Betfair,2026-08-16T17:00:00Z,4.1,0.47030572474049886,0.2818585099000254,0.2478357653594758,0.2478357653594758,0.0074492370539469555,18.0,1.4849674250000002,1.2826033921933084,2.7675708171933087,0.2023640328066918,0.0,0.0,0.40536592236190494,0.2666408941279083,0.3279931835101868,0.3279931835101868,68.0,0.0,0.0,0.36203522504892366,0.2759295499021527,0.36203522504892366,0.36203522504892366,0.0,0.0,0.0,0.40996652394640876,0.2721666650393462,0.317866811014245,0.317866811014245,-0.08,0.01914206687282688,0.5227801260433966,0.47721987395660337,0.5685612121324471,0.43143878786755285,0.2727586580677155,0.015766315418923732,0.896,0.85,0.0,0.0,0.0,0.15,0.55,0.02492289270823969,0.1183104980776335,68.0,1.076,1.0,0.9625,0.9835,1.0,0.0,OPEN,caf6e2be8752be8390fd0715
3488,2026-07-18T13:49:16+00:00,,soccer_spain_la_liga,La Liga,Celta Vigo vs CA Osasuna,CA Osasuna,Betfair,2026-08-16T19:30:00Z,4.0,0.46343247744724064,0.28126748844630894,0.2553000341064504,0.2553000341064504,0.0074123989218328745,18.0,1.4849674250000002,1.2826033921933084,2.7675708171933087,0.2023640328066918,0.0,0.0,0.40536592236190494,0.2666408941279083,0.3279931835101868,0.3279931835101868,68.0,0.0,0.0,0.36203522504892366,0.2759295499021527,0.36203522504892366,0.36203522504892366,0.0,0.0,0.0,0.40996652394640876,0.2721666650393462,0.317866811014245,0.317866811014245,-0.08,0.01914206687282688,0.5227801260433966,0.47721987395660337,0.5685612121324471,0.43143878786755285,0.2778740985121873,0.015766315418923732,0.904,0.85,0.0,0.0,0.0,0.15,0.55,0.022574064405736893,0.11149639404874923,68.0,1.076,1.0,0.9625,0.9835,1.0,0.0,OPEN,8880fa446756635ff8db5f8e
3489,2026-07-18T13:49:17+00:00,,soccer_germany_bundesliga,Bundesliga,Augsburg vs FC Schalke 04,Draw,Coolbet,2026-08-29T13:30:00Z,4.0,0.44415346051476845,0.2652469460572731,0.2905995934279585,0.2652469460572731,0.008448540706605279,8.0,1.49048775,1.277853009259259,2.7683407592592593,0.21263474074074096,0.0,0.0,0.40670150971100605,0.26626127228284463,0.3270372180061494,0.26626127228284463,70.0,0.0,0.0,0.36203522504892366,0.2759295499021527,0.36203522504892366,0.2759295499021527,0.0,0.0,0.0,0.41239407504199443,0.2719571969195761,0.31564872803842947,0.2719571969195761,-0.08,0.019127334529482065,0.5229653184127979,0.4770346815872021,0.5684319782794429,0.4315680217205571,0.26733158773925403,0.003004960276754841,0.989,0.85,0.0,0.0,0.0,0.15,0.55,0.0020846416819809144,0.06932635095701611,70.0,1.08,1.0,0.9987,0.9835,1.0,0.0,OPEN,7564eb1b8bec10a4e3de66bf
3490,2026-07-18T13:49:17+00:00,,soccer_germany_bundesliga,Bundesliga,SC Freiburg vs Werder Bremen,Draw,Coolbet,2026-08-29T13:30:00Z,3.85,0.4552959067062091,0.2778616749811945,0.2668424183125963,0.2778616749811945,0.009903338670461892,10.0,1.49048775,1.277853009259259,2.7683407592592593,0.21263474074074096,0.0,0.0,0.40670150971100605,0.26626127228284463,0.3270372180061494,0.26626127228284463,70.0,0.0,0.0,0.36203522504892366,0.2759295499021527,0.36203522504892366,0.2759295499021527,0.0,0.0,0.0,0.41239407504199443,0.2719571969195761,0.31564872803842947,0.2719571969195761,-0.08,0.019127334529482065,0.5229653184127979,0.4770346815872021,0.5684319782794429,0.4315680217205571,0.2756871715796526,0.003004960276754841,0.989,0.85,0.0,0.0,0.0,0.15,0.55,-0.002174503401541905,0.06139561058166265,70.0,1.08,1.0,0.9987,0.9835,1.0,0.0,OPEN,971834fb773b5c2eb585cdab
3491,2026-07-18T13:49:18+00:00,,soccer_italy_serie_a,Serie A,Bologna vs Lazio,Lazio,Betfair,2026-08-24T16:30:00Z,3.85,0.4443001972061697,0.29193001062046403,0.26376979217336627,0.26376979217336627,0.008086935688745633,13.0,1.462886125,1.3019634433962264,2.7648495683962264,0.16092268160377365,0.0,0.0,0.4000033586052737,0.26818892303058517,0.33180771836414114,0.33180771836414114,60.0,0.0,0.0,0.36203522504892366,0.2759295499021527,0.36203522504892366,0.36203522504892366,0.0,0.0,0.0,0.4002038408335367,0.27290829366967445,0.32688786549678883,0.32688786549678883,-0.08,0.019194227209341552,0.5221252732538473,0.4778747267461527,0.5690183897811574,0.4309816102188426,0.286036016201657,0.01257168956164717,0.911,0.85,0.0,0.0,0.0,0.15,0.55,0.022266224028290704,0.10123866237637946,60.0,1.06,1.0,0.9625,0.9835,1.0,0.0,OPEN,96395c9ae12d8fa6b1c9b522
3503,2026-07-18T13:49:25+00:00,2026-07-18T20:22:45Z,soccer_sweden_allsvenskan,Allsvenskan,AIK vs GAIS,AIK,Betfair,2026-07-18T13:01:00Z,3.6,0.2846893402305276,0.37273861894494703,0.34257204082452536,0.2846893402305276,0.0,14.0,1.4536620180654736,1.253769061735378,2.707431079800852,0.19989295633009552,0.0,0.0,0.4019026727551774,0.26858145471907324,0.3295158725257493,0.4019026727551774,59.929361175189364,0.0,0.03333333333333333,0.2995030117159058,0.26527370209385964,0.43522328619023454,0.2995030117159058,-0.5,0.0,0.1,0.40811464644986034,0.27563302375436954,0.31625232979577017,0.40811464644986034,-0.0796017,0.01935580200828474,0.5081938520761995,0.4918061479238005,0.5572459327213586,0.4427540672786414,0.31354032695345846,0.041987445599382306,0.858,0.68,0.0,0.0,0.0,0.15,0.55,0.02885098672293085,0.1287451770324506,68.10849999999999,1.07677,0.9922,0.9625,0.9835,1.0,0.022222222222222223,WON,f9a36727781df137d64d572f
3511,2026-07-18T13:49:29+00:00,2026-07-23T08:37:11Z,soccer_usa_mls,MLS,Philadelphia Union vs New York Red Bulls,New York Red Bulls,LeoVegas (SE),2026-07-22T23:30:00Z,4.5,0.5397472660942059,0.2261356402444047,0.23411709366138952,0.23411709366138952,0.021350922621130586,22.0,1.4960080750000002,1.273137684501845,2.7691457595018454,0.22287039049815527,0.0,0.0,0.4080349088527372,0.26588455940314754,0.32608053174411533,0.32608053174411533,72.0,0.0,0.0,0.36203522504892366,0.2759295499021527,0.36203522504892366,0.36203522504892366,0.0,0.0,0.0,0.4148162676994535,0.2717383633989492,0.3134453689015973,0.3134453689015973,-0.08,0.01911194349735379,0.5231589008776668,0.4768410991223332,0.5682969158550849,0.4317030841449151,0.26227122816400794,0.0173741917849089,0.883,0.68,0.0,0.0,0.0,0.15,0.55,0.028154134502618416,0.18022052673803568,72.0,1.084,1.0,1.0,0.9835,1.0,0.0,LOST,c7bb662c7408f8ea47e90f52
3512,2026-07-18T13:49:29+00:00,2026-07-23T08:37:11Z,soccer_usa_mls,MLS,Charlotte FC vs Atlanta United FC,Atlanta United FC,LeoVegas (SE),2026-07-23T00:15:00Z,4.5,0.524336991918157,0.2512645921383473,0.2243984159434958,0.2243984159434958,0.012139321366253952,20.0,1.4960080750000002,1.273137684501845,2.7691457595018454,0.22287039049815527,0.0,0.0,0.4080349088527372,0.26588455940314754,0.32608053174411533,0.32608053174411533,72.0,0.0,0.0,0.36203522504892366,0.2759295499021527,0.36203522504892366,0.36203522504892366,0.0,0.0,0.0,0.4148162676994535,0.2717383633989492,0.3134453689015973,0.3134453689015973,-0.08,0.01911194349735379,0.5231589008776668,0.4768410991223332,0.5682969158550849,0.4317030841449151,0.25551359684039887,0.0173741917849089,0.873,0.68,0.0,0.0,0.0,0.15,0.55,0.031115180896903072,0.14981118578179498,72.0,1.084,1.0,1.0,0.9835,1.0,0.0,LOST,45f672374fed596d0bde4e3e
3513,2026-07-18T13:49:29+00:00,2026-07-23T08:37:11Z,soccer_usa_mls,MLS,Austin FC vs Seattle Sounders FC,Austin FC,1xBet,2026-07-23T00:30:00Z,3.64,0.27599228032036616,0.25839033692394775,0.46561738275568604,0.27599228032036616,0.0,20.0,1.4960080750000002,1.273137684501845,2.7691457595018454,0.22287039049815527,0.0,0.0,0.4080349088527372,0.26588455940314754,0.32608053174411533,0.4080349088527372,72.0,0.0,0.0,0.36203522504892366,0.2759295499021527,0.36203522504892366,0.36203522504892366,0.0,0.0,0.0,0.4148162676994535,0.2717383633989492,0.3134453689015973,0.4148162676994535,-0.08,0.01911194349735379,0.5231589008776668,0.4768410991223332,0.5682969158550849,0.4317030841449151,0.3159155897865224,0.018898129407348082,0.862,0.68,0.0,0.0,0.0,0.15,0.55,0.03992330946615624,0.14993274682294166,72.0,1.084,1.0,0.9933,0.9835,1.0,0.0,WON,ebb92e2a1fc9e7b06b48eb9b
3515,2026-07-18T13:49:29+00:00,2026-07-23T08:37:11Z,soccer_usa_mls,MLS,LA Galaxy vs St. Louis City SC,St. Louis City SC,LeoVegas (SE),2026-07-23T02:30:00Z,3.75,0.482308293850237,0.24331736098975362,0.2743743451600093,0.2743743451600093,0.016666666666666607,22.0,1.4960080750000002,1.273137684501845,2.7691457595018454,0.22287039049815527,0.0,0.0,0.4080349088527372,0.26588455940314754,0.32608053174411533,0.32608053174411533,72.0,0.0,0.0,0.36203522504892366,0.2759295499021527,0.36203522504892366,0.36203522504892366,0.0,0.0,0.0,0.4148162676994535,0.2717383633989492,0.3134453689015973,0.3134453689015973,-0.08,0.01911194349735379,0.5231589008776668,0.4768410991223332,0.5682969158550849,0.4317030841449151,0.2898764880520162,0.0173741917849089,0.922,0.68,0.0,0.0,0.0,0.15,0.55,0.01550214289200691,0.08703683019506081,72.0,1.084,1.0,1.0,0.9835,1.0,0.0,WON,a9d1d7a96cd19b2316c46f3e
3518,2026-07-18T13:49:30+00:00,2026-07-26T06:57:31Z,soccer_brazil_campeonato,Brazil Serie A,Atletico Paranaense vs Internacional,Internacional,Unibet (SE),2026-07-25T21:30:00Z,4.3,0.47440863277663636,0.29204677578976246,0.2335445914336013,0.2335445914336013,0.023393320613967372,16.0,1.4573658,1.3068951231060606,2.7642609231060606,0.15047067689393945,0.0,0.0,0.3986580862607787,0.2685834301359262,0.3327584836032951,0.3327584836032951,58.0,0.0,0.0,0.36203522504892366,0.2759295499021527,0.36203522504892366,0.36203522504892366,0.0,0.0,0.0,0.3977503374719097,0.27306898432986876,0.3291806781982215,0.3291806781982215,-0.08,0.019205528929053806,0.5219835541832746,0.4780164458167254,0.5691173699574466,0.43088263004255345,0.2662436128539174,0.011788384944739416,0.879,0.85,0.0,0.0,0.0,0.15,0.55,0.03269902142031611,0.1448475352718448,58.0,1.056,1.0,0.9961,0.9835,1.0,0.0,LOST,42d50c9f1038e8963d78431b
3519,2026-07-18T13:49:30+00:00,2026-07-27T05:54:12Z,soccer_brazil_campeonato,Brazil Serie A,Cruzeiro vs Botafogo,Botafogo,1xBet,2026-07-26T19:00:00Z,4.37,0.510489499552659,0.2645453487638421,0.224965151683499,0.224965151683499,0.03292651919654199,16.0,1.4573658,1.3068951231060606,2.7642609231060606,0.15047067689393945,0.0,0.0,0.3986580862607787,0.2685834301359262,0.3327584836032951,0.3327584836032951,58.0,0.0,0.0,0.36203522504892366,0.2759295499021527,0.36203522504892366,0.36203522504892366,0.0,0.0,0.0,0.3977503374719097,0.27306898432986876,0.3291806781982215,0.3291806781982215,-0.08,0.019205528929053806,0.5219835541832746,0.4780164458167254,0.5691173699574466,0.43088263004255345,0.26052540271256686,0.011788384944739416,0.87,0.85,0.0,0.0,0.0,0.15,0.55,0.035560251029067846,0.1384960098539172,58.0,1.056,1.0,0.9933,0.9835,1.0,0.0,WON,939905fee52c5140c80b6cdf
3527,2026-07-18T13:49:35+00:00,2026-07-18T23:08:08Z,soccer_fifa_world_cup,FIFA World Cup,France vs England,England,Betclic (FR),2026-07-18T21:00:00Z,4.0,0.5110148928828344,0.23857143932831093,0.25041366778885477,0.25041366778885477,0.0035591556210112785,25.0,1.4300532112257027,1.3312887032909253,2.761341914516628,0.09876450793477742,0.0,0.0,0.38323362066230715,0.27421687993439176,0.34254949940330104,0.34254949940330104,32.95917928947961,0.0,0.03333333333333333,0.29440530698500744,0.26435469326241684,0.4412399997525757,0.4412399997525757,-0.5,0.0,0.1,0.38565754621227294,0.27373681039368325,0.3406056433940438,0.3406056433940438,-0.07998330000000001,0.01924945458050842,0.5212804441058861,0.47871955589411386,0.5693986877032798,0.43060131229672016,0.28204484391747,0.039240742022221616,0.831,1.0,1.0,0.0,0.0,0.9,0.55,0.03163117612861521,0.1281793756698799,48.1635,1.0364300000000002,1.0005,1.0033,0.9835,1.0,0.022222222222222223,WON,c524a0900078016941bc7a48
3528,2026-07-18T13:49:35+00:00,2026-07-20T03:38:40Z,soccer_fifa_world_cup,FIFA World Cup,Spain vs Argentina,Argentina,Betfair,2026-07-19T19:00:00Z,3.8,0.416905344008763,0.3163054344436169,0.26678922154762014,0.26678922154762014,0.0,25.0,1.4300532112257027,1.3312887032909253,2.761341914516628,0.09876450793477742,0.0,0.0,0.3920188743243407,0.2705685004181053,0.33741262525755406,0.33741262525755406,48.16350000000011,0.0,0.0,0.36203522504892366,0.2759295499021527,0.36203522504892366,0.36203522504892366,0.0,0.0,0.0,0.38565754621227294,0.27373681039368325,0.3406056433940438,0.3406056433940438,-0.07998330000000001,0.01924945458050842,0.5212804441058861,0.47871955589411386,0.5693986877032798,0.43060131229672016,0.29163130345009547,0.00823828610280586,0.91,1.0,1.0,0.0,0.0,0.9,0.55,0.024842081902475333,0.10819895311036265,48.1635,1.0364300000000002,1.0005,0.9625,0.9835,1.0,0.0,LOST,a8546a5b0ace27a2c7311176
3534,2026-07-19T08:25:51+00:00,,soccer_france_ligue_one,Ligue 1,Le Havre vs AS Monaco,Le Havre,1xBet,2026-08-22T19:00:00Z,3.65,0.2793229518183984,0.2521700030512927,0.46850704513030894,0.2793229518183984,0.006934248418857036,19.0,1.4684064500000003,1.2970688439849625,2.765475293984963,0.17133760601503778,0.0,0.0,0.4013468634058377,0.2677974389533476,0.3308556976408148,0.4013468634058377,62.0,0.0,0.0,0.36203522504892366,0.2759295499021527,0.36203522504892366,0.36203522504892366,0.0,0.0,0.0,0.4026522698187894,0.27273758438693013,0.3246101457942806,0.4026522698187894,-0.08,0.01918222085835941,0.5222758942450849,0.4777241057549151,0.568913208169054,0.431086791830946,0.31616023939828564,0.014762461164818157,0.875,0.85,0.0,0.0,0.0,0.15,0.55,0.036837287579887246,0.1539848738037426,62.0,1.064,1.0,0.9933,0.9389,1.0,0.0,OPEN,f562bbf95a3dc9ce718bb5d6
3537,2026-07-19T08:25:53+00:00,,soccer_england_league1,League One,Oxford United vs Milton Keynes Dons,Milton Keynes Dons,Tipico,2026-08-15T11:30:00Z,3.5,0.42479059290882354,0.2772500815129783,0.2979593255781982,0.2979593255781982,0.04385704385704381,12.0,1.431,1.2735849056603774,2.7045849056603775,0.15741509433962264,0.0,0.0,0.4000033586052737,0.26818892303058517,0.33180771836414114,0.33180771836414114,60.0,0.0,0.0,0.36203522504892366,0.2759295499021527,0.36203522504892366,0.36203522504892366,0.0,0.0,0.0,0.39795683151970035,0.27650671157340223,0.3255364569068974,0.3255364569068974,-0.08,0.019507491210034922,0.5074977503425347,0.49250224965746525,0.5577553463573915,0.44224465364260845,0.3091383338217368,0.01303008676435624,0.943,0.68,0.0,0.0,0.0,0.15,0.55,0.011179008243538568,0.08198416837607869,60.0,1.06,1.0,1.0005,0.9389,1.0,0.0,OPEN,31fb27cfcd24c4541a9e5a3d
3556,2026-07-19T15:07:44+00:00,2026-07-26T17:07:43Z,soccer_norway_eliteserien,Eliteserien,SK Brann vs Vålerenga,Vålerenga,Codere (IT),2026-07-26T12:30:00Z,4.3,0.5296176841711157,0.23594817887672606,0.23443413695215837,0.23443413695215837,0.0025682712471430946,17.0,1.4601464097712178,1.2536968411752314,2.713843250946449,0.2064495685959864,0.0,0.0,0.3899318507995021,0.27313377818977413,0.3369343710107237,0.3369343710107237,39.94660937983224,0.0,0.06666666666666667,0.27931555986234236,0.2622633759625469,0.4584210641751108,0.4584210641751108,-0.5,0.0,0.2,0.40980672852229005,0.275153022239458,0.3150402492382519,0.3150402492382519,-0.07963,0.019323630556130955,0.5097602451730832,0.49023975482691684,0.5582934384463814,0.44170656155361865,0.26714924400859597,0.05743738447725858,0.799,0.68,0.0,0.0,0.0,0.15,0.55,0.0327151070564376,0.1487417492369627,69.25,1.0792000000000002,0.98,1.0,0.921,0.9598392665002082,0.044444444444444446,WON,0c8452221fb79ad95f269326
3557,2026-07-19T15:07:44+00:00,2026-07-28T00:22:43Z,soccer_norway_eliteserien,Eliteserien,Rosenborg vs Fredrikstad FK,Fredrikstad FK,1xBet,2026-07-27T17:00:00Z,4.4,0.5098089962043665,0.2583536297238889,0.23183737407174465,0.23183737407174465,0.04122621564482021,12.0,1.4601464097712178,1.2536968411752314,2.713843250946449,0.2064495685959864,0.0,0.0,0.4195571961809642,0.2636627962077197,0.3167800076113162,0.3167800076113162,85.95961232286135,0.03333333333333333,0.0,0.46975,0.26,0.27025,0.27025,0.5,0.1,0.0,0.40980672852229005,0.275153022239458,0.3150402492382519,0.3150402492382519,-0.07963,0.019323630556130955,0.5097602451730832,0.49023975482691684,0.5582934384463814,0.44170656155361865,0.25602540381322675,0.017746610736949643,0.912,0.68,0.0,0.0,0.0,0.15,0.55,0.024188029741482098,0.1265117767781978,69.25,1.0792000000000002,0.98,0.9954,0.921,1.0,0.022222222222222223,LOST,a133b3d3659f0549d5713673
3559,2026-07-19T15:07:45+00:00,2026-07-26T17:07:45Z,soccer_sweden_allsvenskan,Allsvenskan,Malmo FF vs IF Elfsborg,IF Elfsborg,Betsson,2026-07-26T14:30:00Z,4.3,0.5063633510541025,0.24858156956009925,0.2450550793857982,0.2450550793857982,0.012572321610921477,14.0,1.4535245878802003,1.2521848363784356,2.705709424258636,0.20133975150176475,0.0,0.0,0.4434660106810712,0.25946608565502877,0.2970679036639001,0.2970679036639001,113.92827169318421,0.06666666666666667,0.03333333333333333,0.552495460214416,0.2484471292711562,0.19905741051442782,0.19905741051442782,1.0,0.2,0.1,0.40840972488981275,0.2757313634152336,0.3158589116949536,0.3158589116949536,-0.07968000000000001,0.019381870587442618,0.5077728291292526,0.4922271708707474,0.5568892539480303,0.44311074605196965,0.25596366707299845,0.048643084907390846,0.886,0.68,0.0,0.0,0.0,0.15,0.55,0.010908587687200239,0.10064376841389322,68.35000000000001,1.0774000000000001,0.9867,1.0,0.921,0.9994379178057,0.06666666666666667,WON,826ac532d8d154ca84c69b33
3560,2026-07-19T15:07:45+00:00,2026-07-28T00:21:39Z,soccer_sweden_allsvenskan,Allsvenskan,BK Hacken vs AIK,AIK,Pinnacle,2026-07-27T17:00:00Z,3.88,0.4897099618732585,0.2427723002786907,0.2675177378480508,0.2675177378480508,0.0,10.0,1.4535245878802003,1.2521848363784356,2.705709424258636,0.20133975150176475,0.0,0.0,0.3997499199459449,0.26921381548859846,0.33103626456545676,0.33103626456545676,56.769961686274776,0.0,0.03333333333333333,0.28234606607138896,0.26218066603150686,0.4554732678971041,0.4554732678971041,-0.5,0.0,0.1,0.40840972488981275,0.2757313634152336,0.3158589116949536,0.3158589116949536,-0.07968000000000001,0.019381870587442618,0.5077728291292526,0.4922271708707474,0.5568892539480303,0.44311074605196965,0.2893748288948513,0.05347184912247414,0.827,0.68,0.0,0.0,0.0,0.15,0.55,0.021857091046800503,0.12277433611202282,68.35000000000001,1.0774000000000001,0.9867,0.9974,0.921,0.9686022304103553,0.022222222222222223,LOST,d7e5a31a299ca171999470dd
3571,2026-07-19T15:07:48+00:00,2026-07-26T08:32:37Z,soccer_usa_mls,MLS,Columbus Crew SC vs FC Cincinnati,FC Cincinnati,Coolbet,2026-07-25T23:00:00Z,4.0,0.5253270685295733,0.21820010296393252,0.2564728285064941,0.2564728285064941,0.00909415532057034,14.0,1.4960080750000002,1.273137684501845,2.7691457595018454,0.22287039049815527,0.0,0.0,0.4080349088527372,0.26588455940314754,0.32608053174411533,0.32608053174411533,72.0,0.0,0.0,0.36203522504892366,0.2759295499021527,0.36203522504892366,0.36203522504892366,0.0,0.0,0.0,0.4148162676994535,0.2717383633989492,0.3134453689015973,0.3134453689015973,-0.08,0.01911194349735379,0.5231589008776668,0.4768410991223332,0.5682969158550849,0.4317030841449151,0.27753410266576173,0.0173741917849089,0.905,0.68,0.0,0.0,0.0,0.15,0.55,0.021061274159267618,0.11013641066304691,72.0,1.084,1.0,0.9987,0.921,1.0,0.0,LOST,8be8bb3eb3fb2fa907b1e9a4
3572,2026-07-19T15:07:48+00:00,2026-07-26T08:32:37Z,soccer_usa_mls,MLS,New England Revolution vs Atlanta United FC,Atlanta United FC,GTbets,2026-07-25T23:30:00Z,3.79,0.47477092735274445,0.25422074470993844,0.27100832793731705,0.27100832793731705,0.020159029201603618,14.0,1.4960080750000002,1.273137684501845,2.7691457595018454,0.22287039049815527,0.0,0.0,0.4080349088527372,0.26588455940314754,0.32608053174411533,0.32608053174411533,72.0,0.0,0.0,0.36203522504892366,0.2759295499021527,0.36203522504892366,0.36203522504892366,0.0,0.0,0.0,0.4148162676994535,0.2717383633989492,0.3134453689015973,0.3134453689015973,-0.08,0.01911194349735379,0.5231589008776668,0.4768410991223332,0.5682969158550849,0.4317030841449151,0.2875826825256209,0.0173741917849089,0.919,0.68,0.0,0.0,0.0,0.15,0.55,0.016574354588303863,0.0899383667721032,72.0,1.084,1.0,1.002,0.921,1.0,0.0,LOST,6a7093546e787e2607dbd793
3573,2026-07-19T15:07:48+00:00,2026-07-26T08:32:37Z,soccer_usa_mls,MLS,D.C. United vs Toronto FC,Toronto FC,GTbets,2026-07-25T23:30:00Z,3.95,0.4868529684150578,0.25005431718563165,0.2630927143993104,0.2630927143993104,0.0110831089982244,14.0,1.4960080750000002,1.273137684501845,2.7691457595018454,0.22287039049815527,0.0,0.0,0.4080349088527372,0.26588455940314754,0.32608053174411533,0.32608053174411533,72.0,0.0,0.0,0.36203522504892366,0.2759295499021527,0.36203522504892366,0.36203522504892366,0.0,0.0,0.0,0.4148162676994535,0.2717383633989492,0.3134453689015973,0.3134453689015973,-0.08,0.01911194349735379,0.5231589008776668,0.4768410991223332,0.5682969158550849,0.4317030841449151,0.28209655126889055,0.0173741917849089,0.911,0.68,0.0,0.0,0.0,0.15,0.55,0.019003836869580126,0.11428137751211764,72.0,1.084,1.0,1.002,0.921,1.0,0.0,LOST,3c480f4b2b3bed04bf52c961
3574,2026-07-19T15:07:48+00:00,2026-07-26T08:32:37Z,soccer_usa_mls,MLS,San Jose Earthquakes vs LA Galaxy,LA Galaxy,Coolbet,2026-07-26T02:30:00Z,4.5,0.5471614300911685,0.21359159380123824,0.2392469761075933,0.2392469761075933,0.03199508156682418,11.0,1.4960080750000002,1.273137684501845,2.7691457595018454,0.22287039049815527,0.0,0.0,0.4080349088527372,0.26588455940314754,0.32608053174411533,0.32608053174411533,72.0,0.0,0.0,0.36203522504892366,0.2759295499021527,0.36203522504892366,0.36203522504892366,0.0,0.0,0.0,0.4148162676994535,0.2717383633989492,0.3134453689015973,0.3134453689015973,-0.08,0.01911194349735379,0.5231589008776668,0.4768410991223332,0.5682969158550849,0.4317030841449151,0.2660192120866835,0.0173741917849089,0.888,0.68,0.0,0.0,0.0,0.15,0.55,0.026772235979090203,0.19708645439007566,72.0,1.084,1.0,0.9987,0.921,1.0,0.0,LOST,cb5904d7f732fc47f645a90a
3607,2026-07-19T17:02:46+00:00,2026-07-26T08:32:37Z,soccer_usa_mls,MLS,Houston Dynamo vs Austin FC,Draw,Coolbet,2026-07-26T00:30:00Z,4.5,0.5776299521224594,0.2311051036541974,0.1912649442233432,0.2311051036541974,0.029046658105546186,11.0,1.4960080750000002,1.273137684501845,2.7691457595018454,0.22287039049815527,0.0,0.0,0.4080349088527372,0.26588455940314754,0.32608053174411533,0.26588455940314754,72.0,0.0,0.0,0.36203522504892366,0.2759295499021527,0.36203522504892366,0.2759295499021527,0.0,0.0,0.0,0.4148162676994535,0.2717383633989492,0.3134453689015973,0.2717383633989492,-0.08,0.01911194349735379,0.5231589008776668,0.4768410991223332,0.5682969158550849,0.4317030841449151,0.24457213351183005,0.0031145928517986145,0.956,0.68,0.0,0.0,0.0,0.15,0.55,0.01346702985763265,0.1005746008032351,72.0,1.084,1.0,0.9987,0.921,1.0,0.0,LOST,a7a5f97adf171199cbeeb4b5
3608,2026-07-19T17:02:46+00:00,2026-07-26T08:32:37Z,soccer_usa_mls,MLS,St. Louis City SC vs Colorado Rapids,Colorado Rapids,1xBet,2026-07-26T00:30:00Z,3.99,0.4956354555350608,0.24141130534872648,0.26295323911621277,0.26295323911621277,0.028831524655467344,13.0,1.4960080750000002,1.273137684501845,2.7691457595018454,0.22287039049815527,0.0,0.0,0.4080349088527372,0.26588455940314754,0.32608053174411533,0.32608053174411533,72.0,0.0,0.0,0.36203522504892366,0.2759295499021527,0.36203522504892366,0.36203522504892366,0.0,0.0,0.0,0.4148162676994535,0.2717383633989492,0.3134453689015973,0.3134453689015973,-0.08,0.01911194349735379,0.5231589008776668,0.4768410991223332,0.5682969158550849,0.4317030841449151,0.2821044684665989,0.0173741917849089,0.911,0.68,0.0,0.0,0.0,0.15,0.55,0.019151229350386156,0.12559682918172976,72.0,1.084,1.0,0.9974,0.921,1.0,0.0,LOST,8dcc55edecbefddf79e72ed1
3609,2026-07-19T17:02:46+00:00,2026-07-26T08:32:37Z,soccer_usa_mls,MLS,Minnesota United FC vs Vancouver Whitecaps FC,Minnesota United FC,1xBet,2026-07-26T00:30:00Z,3.43,0.2976648128632399,0.2451045787146081,0.45723060842215196,0.2976648128632399,0.022314420273603863,11.0,1.4960080750000002,1.273137684501845,2.7691457595018454,0.22287039049815527,0.0,0.0,0.4080349088527372,0.26588455940314754,0.32608053174411533,0.4080349088527372,72.0,0.0,0.0,0.36203522504892366,0.2759295499021527,0.36203522504892366,0.36203522504892366,0.0,0.0,0.0,0.4148162676994535,0.2717383633989492,0.3134453689015973,0.4148162676994535,-0.08,0.01911194349735379,0.5231589008776668,0.4768410991223332,0.5682969158550849,0.4317030841449151,0.3312882495789985,0.018898129407348082,0.883,0.68,0.0,0.0,0.0,0.15,0.55,0.03362343671575857,0.1363186960559648,72.0,1.084,1.0,0.9974,0.921,1.0,0.0,LOST,3ee4276b647fe029f0832ded
3610,2026-07-19T17:02:46+00:00,2026-07-26T08:32:37Z,soccer_usa_mls,MLS,San Jose Earthquakes vs LA Galaxy,Draw,1xBet,2026-07-26T02:30:00Z,4.42,0.5366037306156393,0.23490561619468428,0.22849065318967643,0.23490561619468428,0.029861914950834123,11.0,1.4960080750000002,1.273137684501845,2.7691457595018454,0.22287039049815527,0.0,0.0,0.4080349088527372,0.26588455940314754,0.32608053174411533,0.26588455940314754,72.0,0.0,0.0,0.36203522504892366,0.2759295499021527,0.36203522504892366,0.2759295499021527,0.0,0.0,0.0,0.4148162676994535,0.2717383633989492,0.3134453689015973,0.2717383633989492,-0.08,0.01911194349735379,0.5231589008776668,0.4768410991223332,0.5682969158550849,0.4317030841449151,0.24709815242246874,0.0031145928517986145,0.96,0.68,0.0,0.0,0.0,0.15,0.55,0.012192536227784462,0.09217383370731191,72.0,1.084,1.0,0.9974,0.921,1.0,0.0,WON,7a3083ccfcf3a6a7d5492ae4
3628,2026-07-20T09:23:35+00:00,2026-07-23T00:24:57Z,soccer_norway_eliteserien,Eliteserien,Lillestrom vs Viking FK,Lillestrom,Coolbet,2026-07-22T17:00:00Z,3.2,0.3109464247210798,0.2561003531245291,0.43295322215439097,0.3109464247210798,0.00426104819009554,13.0,1.4601464097712178,1.2536968411752314,2.713843250946449,0.2064495685959864,0.0,0.0,0.433164821979719,0.26205338852465754,0.30478178949562357,0.433164821979719,98.6858056139599,0.03333333333333333,0.06666666666666667,0.5209952907759007,0.2532516071161608,0.22575310210793836,0.5209952907759007,1.0,0.1,0.2,0.40980672852229005,0.275153022239458,0.3150402492382519,0.40980672852229005,-0.07963,0.019323630556130955,0.5097602451730832,0.49023975482691684,0.5582934384463814,0.44170656155361865,0.3495307023990527,0.04600004696201438,0.813,0.68,0.0,0.0,0.0,0.15,0.55,0.0385842776779729,0.1184982476769687,69.25,1.0792000000000002,0.98,0.9987,0.9138,1.0,0.06666666666666667,LOST,8b54044b0d36816d28ae4716
3635,2026-07-20T09:23:38+00:00,2026-07-23T08:37:11Z,soccer_usa_mls,MLS,New England Revolution vs Toronto FC,Toronto FC,LeoVegas (SE),2026-07-22T23:30:00Z,4.1,0.4974964063468852,0.2527606711934074,0.2497429224597075,0.2497429224597075,0.011256911962619576,23.0,1.4960080750000002,1.273137684501845,2.7691457595018454,0.22287039049815527,0.0,0.0,0.4080349088527372,0.26588455940314754,0.32608053174411533,0.32608053174411533,72.0,0.0,0.0,0.36203522504892366,0.2759295499021527,0.36203522504892366,0.36203522504892366,0.0,0.0,0.0,0.4148162676994535,0.2717383633989492,0.3134453689015973,0.3134453689015973,-0.08,0.01911194349735379,0.5231589008776668,0.4768410991223332,0.5682969158550849,0.4317030841449151,0.27292301134988195,0.0173741917849089,0.899,0.68,0.0,0.0,0.0,0.15,0.55,0.02318008889017445,0.11898434653451595,72.0,1.084,1.0,1.0,0.9138,1.0,0.0,LOST,34041c5f3b3f88c73f8922be
3637,2026-07-20T09:23:38+00:00,2026-07-23T08:37:11Z,soccer_usa_mls,MLS,Houston Dynamo vs D.C. United,D.C. United,Betfair,2026-07-23T00:30:00Z,4.5,0.5299272634158814,0.25100960931706856,0.2190631272670501,0.2190631272670501,0.027068242470453585,23.0,1.4960080750000002,1.273137684501845,2.7691457595018454,0.22287039049815527,0.0,0.0,0.4080349088527372,0.26588455940314754,0.32608053174411533,0.32608053174411533,72.0,0.0,0.0,0.36203522504892366,0.2759295499021527,0.36203522504892366,0.36203522504892366,0.0,0.0,0.0,0.4148162676994535,0.2717383633989492,0.3134453689015973,0.3134453689015973,-0.08,0.01911194349735379,0.5231589008776668,0.4768410991223332,0.5682969158550849,0.4317030841449151,0.25199759788577514,0.0173741917849089,0.868,0.68,0.0,0.0,0.0,0.15,0.55,0.03293447061872504,0.133989190485988,72.0,1.084,1.0,0.95,0.9138,1.0,0.0,LOST,07b41f947d0aefde39a247cf
3639,2026-07-20T09:23:38+00:00,2026-07-23T08:37:11Z,soccer_usa_mls,MLS,Colorado Rapids vs San Diego FC,Draw,Betfair,2026-07-23T01:30:00Z,4.3,0.4527837688409952,0.24172540863045747,0.30549082252854737,0.24172540863045747,0.014313267966083343,21.0,1.4960080750000002,1.273137684501845,2.7691457595018454,0.22287039049815527,0.0,0.0,0.4080349088527372,0.26588455940314754,0.32608053174411533,0.26588455940314754,72.0,0.0,0.0,0.36203522504892366,0.2759295499021527,0.36203522504892366,0.2759295499021527,0.0,0.0,0.0,0.4148162676994535,0.2717383633989492,0.3134453689015973,0.2717383633989492,-0.08,0.01911194349735379,0.5231589008776668,0.4768410991223332,0.5682969158550849,0.4317030841449151,0.25153227608694767,0.0031145928517986145,0.967,0.68,0.0,0.0,0.0,0.15,0.55,0.009806867456490204,0.08158878717387497,72.0,1.084,1.0,0.95,0.9138,1.0,0.0,LOST,b60def1d99476eb51bdb7748
3656,2026-07-20T18:09:26+00:00,2026-07-25T00:20:33Z,soccer_denmark_superliga,Danish Superliga,Viborg FF vs OB Odense BK,OB Odense BK,Pinnacle,2026-07-24T17:00:00Z,4.02,0.49047568614611586,0.2570320547236069,0.25249225913027734,0.25249225913027734,0.02375011124782711,20.0,1.4418000000000002,1.2640449438202248,2.705844943820225,0.17775505617977538,0.0,0.0,0.40268851535954364,0.267408954739361,0.3299025299010953,0.3299025299010953,64.0,0.0,0.0,0.36203522504892366,0.2759295499021527,0.36203522504892366,0.36203522504892366,0.0,0.0,0.0,0.4027897785255205,0.27615852707807437,0.321051694396405,0.321051694396405,-0.08,0.01948292686603237,0.507805987310504,0.49219401268949603,0.5575445715759576,0.4424554284240424,0.27695121856719,0.014624231827840523,0.9,0.68,0.0,0.0,0.0,0.15,0.55,0.024458959436912675,0.11334389864010386,64.0,1.068,1.0,1.0,0.9066,1.0,0.0,LOST,b3bff4993aeebabf686eaa94
3669,2026-07-20T18:09:43+00:00,2026-07-26T08:32:37Z,soccer_usa_mls,MLS,CF Montreal vs Inter Miami CF,CF Montreal,LeoVegas (SE),2026-07-25T23:30:00Z,3.65,0.29732971620492304,0.23119742324674827,0.4714728605483287,0.29732971620492304,0.0,18.0,1.4960080750000002,1.273137684501845,2.7691457595018454,0.22287039049815527,0.0,0.0,0.4080349088527372,0.26588455940314754,0.32608053174411533,0.4080349088527372,72.0,0.0,0.0,0.36203522504892366,0.2759295499021527,0.36203522504892366,0.36203522504892366,0.0,0.0,0.0,0.4148162676994535,0.2717383633989492,0.3134453689015973,0.4148162676994535,-0.08,0.01911194349735379,0.5231589008776668,0.4768410991223332,0.5682969158550849,0.4317030841449151,0.33064817988826245,0.018898129407348082,0.883,0.68,0.0,0.0,0.0,0.15,0.55,0.033318463683339405,0.20686585659215795,72.0,1.084,1.0,1.0,0.9066,1.0,0.0,LOST,1fdc02c1be4286d5124045fc
3676,2026-07-20T18:09:57+00:00,2026-08-06T07:39:37Z,soccer_argentina_primera_division,Argentina Primera Division,Boca Juniors vs Estudiantes,Estudiantes,Codere (IT),2026-08-05T22:00:00Z,4.0,0.4307280637021829,0.3075805705147586,0.26169136578305857,0.26169136578305857,0.0435285053929122,8.0,1.4546056375,1.309375,2.7639806375,0.1452306375000001,0.0,0.0,0.39798481406640107,0.26878182461202627,0.3332333613215727,0.3332333613215727,57.0,0.0,0.0,0.36203522504892366,0.2759295499021527,0.36203522504892366,0.36203522504892366,0.0,0.0,0.0,0.39652170177078694,0.2731455310291804,0.33033276720003274,0.33033276720003274,-0.08,0.019210912623037424,0.5219160660132003,0.4780839339867997,0.5691645104976465,0.4308354895023535,0.2862793774695019,0.01140103075025033,0.908,0.68,0.0,0.0,0.0,0.15,0.55,0.024588011686443312,0.14511750987800753,57.0,1.054,1.0,1.0,0.9066,1.0,0.0,LOST,d4040ac2b236be8af791e616
3677,2026-07-20T18:09:59+00:00,2026-08-02T08:30:06Z,soccer_mexico_ligamx,Liga MX,Querétaro vs Tigres,Querétaro,Coolbet,2026-08-01T23:00:00Z,4.5,0.21703416362496855,0.2603686578360151,0.5225971785390163,0.21703416362496855,0.05068664169787773,8.0,1.5017511999306867,1.2655330099505169,2.7672842098812036,0.23621818998016986,0.0,0.0,0.4160161564804378,0.2674323652897843,0.31655147822977786,0.4160161564804378,71.29943962225389,0.06666666666666667,0.06666666666666667,0.3719684842290786,0.27650343888996076,0.35152807688096066,0.3719684842290786,0.0,0.2,0.2,0.41796248123818414,0.2715219315990748,0.31051558716274114,0.41796248123818414,-0.07963880000000001,0.019019986058717964,0.5227111561948002,0.47728884380519976,0.5675136371773262,0.43248636282267383,0.27178197167619,0.020326199679865747,0.795,0.68,0.0,0.0,0.0,0.15,0.55,0.05474780805122145,0.22301887254285502,74.364,1.089337,0.9954,0.9987,0.9066,1.0,0.08888888888888889,WON,7cffa759a35260097911d49f
3707,2026-07-21T08:36:06+00:00,2026-07-23T08:37:11Z,soccer_usa_mls,MLS,Austin FC vs Seattle Sounders FC,Austin FC,LeoVegas (SE),2026-07-23T01:30:00Z,3.6,0.2790232582854698,0.2593454438745156,0.4616312978400147,0.2790232582854698,0.004807757144205782,24.0,1.4960080750000002,1.273137684501845,2.7691457595018454,0.22287039049815527,0.0,0.0,0.4080349088527372,0.26588455940314754,0.32608053174411533,0.4080349088527372,72.0,0.0,0.0,0.36203522504892366,0.2759295499021527,0.36203522504892366,0.36203522504892366,0.0,0.0,0.0,0.4148162676994535,0.2717383633989492,0.3134453689015973,0.4148162676994535,-0.08,0.01911194349735379,0.5231589008776668,0.4768410991223332,0.5682969158550849,0.4317030841449151,0.31806647976363145,0.018898129407348082,0.865,0.68,0.0,0.0,0.0,0.15,0.55,0.03904322147816164,0.1450393271490733,72.0,1.084,1.0,1.0,0.9066,1.0,0.0,WON,79f73cc994ac42a0b20452c4
3714,2026-07-21T08:36:10+00:00,2026-07-26T07:01:58Z,soccer_argentina_primera_division,Argentina Primera Division,River Plate vs Barracas Central,Draw,Unibet (SE),2026-07-25T22:15:00Z,4.5,0.6438406907639429,0.23413609136665792,0.12202321786939921,0.23413609136665792,0.021522921522921568,15.0,1.4546056375,1.309375,2.7639806375,0.1452306375000001,0.0,0.0,0.39798481406640107,0.26878182461202627,0.3332333613215727,0.26878182461202627,57.0,0.0,0.0,0.36203522504892366,0.2759295499021527,0.36203522504892366,0.2759295499021527,0.0,0.0,0.0,0.39652170177078694,0.2731455310291804,0.33033276720003274,0.2731455310291804,-0.08,0.019210912623037424,0.5219160660132003,0.4780839339867997,0.5691645104976465,0.4308354895023535,0.24704246081236553,0.002240809810401667,0.958,0.68,0.0,0.0,0.0,0.15,0.55,0.01290636944570761,0.1116910736556449,57.0,1.054,1.0,0.9862,0.9066,1.0,0.0,LOST,aff71449b4e204a833f7563a
3715,2026-07-21T17:25:46+00:00,,soccer_spain_la_liga,La Liga,Sevilla vs Rayo Vallecano,Rayo Vallecano,Betfair,2026-08-15T19:30:00Z,3.65,0.4195688885472498,0.295653240618035,0.28477787083471523,0.28477787083471523,0.0,19.0,1.4849674250000002,1.2826033921933084,2.7675708171933087,0.2023640328066918,0.0,0.0,0.40536592236190494,0.2666408941279083,0.3279931835101868,0.3279931835101868,68.0,0.0,0.0,0.36203522504892366,0.2759295499021527,0.36203522504892366,0.36203522504892366,0.0,0.0,0.0,0.40996652394640876,0.2721666650393462,0.317866811014245,0.317866811014245,-0.08,0.01914206687282688,0.5227801260433966,0.47721987395660337,0.5685612121324471,0.43143878786755285,0.2980469879791757,0.015766315418923732,0.931,0.85,0.0,0.0,0.0,0.15,0.55,0.013269117144460496,0.08787150612399142,68.0,1.076,1.0,0.95,0.9,1.0,0.0,OPEN,f31e8578c7a71a499f158e11
3744,2026-07-21T17:25:58+00:00,2026-07-26T08:32:37Z,soccer_usa_mls,MLS,Columbus Crew SC vs FC Cincinnati,FC Cincinnati,1xBet,2026-07-25T23:15:00Z,4.25,0.5304853577475426,0.22400158052538843,0.24551306172706902,0.24551306172706902,0.021226062796880996,19.0,1.4960080750000002,1.273137684501845,2.7691457595018454,0.22287039049815527,0.0,0.0,0.4080349088527372,0.26588455940314754,0.32608053174411533,0.32608053174411533,72.0,0.0,0.0,0.36203522504892366,0.2759295499021527,0.36203522504892366,0.36203522504892366,0.0,0.0,0.0,0.4148162676994535,0.2717383633989492,0.3134453689015973,0.3134453689015973,-0.08,0.01911194349735379,0.5231589008776668,0.4768410991223332,0.5682969158550849,0.4317030841449151,0.2700910477141455,0.0173741917849089,0.894,0.68,0.0,0.0,0.0,0.15,0.55,0.024577985987076473,0.14788695278511832,72.0,1.084,1.0,0.985,0.9,1.0,0.0,LOST,6ed54dde7268e26903a151ee
3746,2026-07-21T17:25:58+00:00,2026-07-26T08:32:37Z,soccer_usa_mls,MLS,CF Montreal vs Inter Miami CF,Draw,Coolbet,2026-07-25T23:30:00Z,4.2,0.2829792258772043,0.24944597209640795,0.46757480202638774,0.24944597209640795,0.0,18.0,1.4960080750000002,1.273137684501845,2.7691457595018454,0.22287039049815527,0.0,0.0,0.4080349088527372,0.26588455940314754,0.32608053174411533,0.26588455940314754,72.0,0.0,0.0,0.36203522504892366,0.2759295499021527,0.36203522504892366,0.2759295499021527,0.0,0.0,0.0,0.4148162676994535,0.2717383633989492,0.3134453689015973,0.2717383633989492,-0.08,0.01911194349735379,0.5231589008776668,0.4768410991223332,0.5682969158550849,0.4317030841449151,0.2566519303195437,0.0031145928517986145,0.975,0.68,0.0,0.0,0.0,0.15,0.55,0.007205958223135744,0.0779381073420835,72.0,1.084,1.0,0.9967,0.9,1.0,0.0,LOST,e63f905b7ea10523f1c54b7a
3748,2026-07-21T17:25:59+00:00,2026-07-22T05:56:23Z,soccer_brazil_campeonato,Brazil Serie A,Atletico Mineiro vs Bahia,Bahia,Betfair,2026-07-21T22:30:00Z,4.1,0.47726191767313275,0.2734866271902492,0.24925145513661812,0.24925145513661812,0.004368787726032997,24.0,1.457497691567021,1.3050402614358287,2.76253795300285,0.15245743013119228,0.0,0.0,0.3988387886938997,0.26853029103654336,0.332630920269557,0.332630920269557,58.268499999999904,0.0,0.0,0.36203522504892366,0.2759295499021527,0.36203522504892366,0.36203522504892366,0.0,0.0,0.0,0.39817155203002724,0.27314931327088127,0.3286791346990913,0.3286791346990913,-0.08001470000000001,0.01921661180446349,0.5215685950142409,0.4784314049857591,0.5687597991709019,0.4312402008290981,0.27661033998874895,0.011955251347010233,0.895,0.85,0.0,0.0,0.0,0.15,0.55,0.027358884852130838,0.13410239395387058,58.268499999999996,1.0567980000000001,0.9961,0.95,0.9,1.0,0.0,LOST,d9dd9246c4b87b92205a0774
3767,2026-07-22T17:25:01+00:00,2026-07-26T17:07:43Z,soccer_norway_eliteserien,Eliteserien,Sarpsborg FK vs HamKam,HamKam,1xBet,2026-07-26T15:00:00Z,4.39,0.49889464237584874,0.25508308320878426,0.24602227441536711,0.24602227441536711,0.0,19.0,1.4601464097712178,1.2536968411752314,2.713843250946449,0.2064495685959864,0.0,0.0,0.4415613673631048,0.26180793121418183,0.2966307014227134,0.2966307014227134,103.50903775967875,0.06666666666666667,0.1,0.48765017562079804,0.25940599331939485,0.25294383105980717,0.25294383105980717,0.7777777777777778,0.2,0.3,0.40980672852229005,0.275153022239458,0.3150402492382519,0.3150402492382519,-0.07963,0.019323630556130955,0.5097602451730832,0.49023975482691684,0.5582934384463814,0.44170656155361865,0.2613431007253591,0.026801877732323523,0.927,0.68,0.0,0.0,0.0,0.15,0.55,0.015320826309991986,0.14729621218432642,69.25,1.0792000000000002,0.98,0.9882,0.9,1.0,0.11111111111111112,LOST,ce750d434fac87dcbbb2e09c
3773,2026-07-22T17:25:03+00:00,2026-07-23T08:37:11Z,soccer_usa_mls,MLS,Columbus Crew SC vs New York City FC,New York City FC,Betfair,2026-07-22T23:30:00Z,4.2,0.49247308021008085,0.258222416213014,0.24930450357690515,0.24930450357690515,0.0,24.0,1.4960080750000002,1.273137684501845,2.7691457595018454,0.22287039049815527,0.0,0.0,0.4080349088527372,0.26588455940314754,0.32608053174411533,0.32608053174411533,72.0,0.0,0.0,0.36203522504892366,0.2759295499021527,0.36203522504892366,0.36203522504892366,0.0,0.0,0.0,0.4148162676994535,0.2717383633989492,0.3134453689015973,0.3134453689015973,-0.08,0.01911194349735379,0.5231589008776668,0.4768410991223332,0.5682969158550849,0.4317030841449151,0.2725411433782925,0.0173741917849089,0.898,0.68,0.0,0.0,0.0,0.15,0.55,0.02323663980138735,0.1446728021888286,72.0,1.084,1.0,0.95,0.9,1.0,0.0,WON,27bdfcf0b74617575c88f66d
3774,2026-07-23T08:36:51+00:00,,soccer_spain_la_liga,La Liga,Real Racing Club de Santander vs Villarreal,Real Racing Club de Santander,Betfair,2026-08-16T15:00:00Z,3.45,0.2893245751929404,0.2695119868792348,0.4411634379278248,0.2893245751929404,0.011885539222314723,18.0,1.4849674250000002,1.2826033921933084,2.7675708171933087,0.2023640328066918,0.0,0.0,0.40536592236190494,0.2666408941279083,0.3279931835101868,0.40536592236190494,68.0,0.0,0.0,0.36203522504892366,0.2759295499021527,0.36203522504892366,0.36203522504892366,0.0,0.0,0.0,0.40996652394640876,0.2721666650393462,0.317866811014245,0.40996652394640876,-0.08,0.01914206687282688,0.5227801260433966,0.47721987395660337,0.5685612121324471,0.43143878786755285,0.32439141556144757,0.017226563890552327,0.879,0.85,0.0,0.0,0.0,0.15,0.55,0.03506684036850716,0.11915038368699427,68.0,1.076,1.0,0.95,0.9,1.0,0.0,OPEN,880526ba52b696c94fa867e2
3798,2026-07-23T08:37:03+00:00,2026-07-26T08:32:37Z,soccer_usa_mls,MLS,Orlando City SC vs Nashville SC,Orlando City SC,BetOnline.ag,2026-07-25T23:30:00Z,3.45,0.2916249620994187,0.2544676879867741,0.45390734991380727,0.2916249620994187,0.009338640538885556,22.0,1.4960080750000002,1.273137684501845,2.7691457595018454,0.22287039049815527,0.0,0.0,0.4080349088527372,0.26588455940314754,0.32608053174411533,0.4080349088527372,72.0,0.0,0.0,0.36203522504892366,0.2759295499021527,0.36203522504892366,0.36203522504892366,0.0,0.0,0.0,0.4148162676994535,0.2717383633989492,0.3134453689015973,0.4148162676994535,-0.08,0.01911194349735379,0.5231589008776668,0.4768410991223332,0.5682969158550849,0.4317030841449151,0.3268109029178543,0.018898129407348082,0.877,0.68,0.0,0.0,0.0,0.15,0.55,0.035185940818435624,0.1274976150665974,72.0,1.084,1.0,1.05,0.9,1.0,0.0,WON,d1624818cf7e9661650b1d33
3820,2026-07-23T17:27:31+00:00,2026-07-30T07:57:42Z,soccer_brazil_campeonato,Brazil Serie A,Fluminense vs Bahia,Bahia,Nordic Bet,2026-07-30T00:30:00Z,4.45,0.5216319837224419,0.257547736346781,0.22082027993077719,0.22082027993077719,0.031926308330802566,16.0,1.4570900361665493,1.303979237262666,2.7610692734292153,0.15311079890388335,0.0,0.0,0.39942526242227877,0.27023213397540125,0.33034260360232004,0.33034260360232004,53.635355774102024,0.03333333333333333,0.03333333333333333,0.36146932395466974,0.2770613520906604,0.36146932395466974,0.36146932395466974,0.0,0.1,0.1,0.398284208099073,0.27323761368758015,0.3284781782133469,0.3284781782133469,-0.0800588,0.019234425952658063,0.5212147235985208,0.47878527640147917,0.568478703841571,0.43152129615842905,0.25935683053324,0.013452855466411638,0.867,0.85,0.0,0.0,0.0,0.15,0.55,0.038536550602462805,0.15413789587291804,58.38399999999999,1.05708,0.9908,1.0,0.9,1.0,0.044444444444444446,LOST,9b34bf1218197a208a6569a5
3821,2026-07-23T17:27:32+00:00,2026-07-31T08:02:25Z,soccer_brazil_campeonato,Brazil Serie A,Corinthians vs Atletico Paranaense,Atletico Paranaense,1xBet,2026-07-30T22:30:00Z,4.37,0.4896787007461826,0.2862167569323237,0.22410454232149374,0.22410454232149374,0.04195376506589321,10.0,1.4570900361665493,1.303979237262666,2.7610692734292153,0.15311079890388335,0.0,0.0,0.3903232023524828,0.2720116963128055,0.33766510133471184,0.33766510133471184,43.17967928947951,0.0,0.03333333333333333,0.29440530698500744,0.26435469326241684,0.4412399997525757,0.4412399997525757,-0.5,0.0,0.1,0.398284208099073,0.27323761368758015,0.3284781782133469,0.3284781782133469,-0.0800588,0.019234425952658063,0.5212147235985208,0.47878527640147917,0.568478703841571,0.43152129615842905,0.2610937760574037,0.0433853405196489,0.808,0.85,0.0,0.0,0.0,0.15,0.55,0.036989233735909954,0.14097980137085409,58.38399999999999,1.05708,0.9908,0.9854,0.9,0.9756048736858846,0.022222222222222223,LOST,4d3ff9a7465ad8c37810e631
3835,2026-07-24T08:33:37+00:00,2026-07-26T01:51:58Z,soccer_switzerland_superleague,Swiss Super League,FC Luzern vs FC Thun,Draw,Betfair,2026-07-25T18:30:00Z,4.3,0.47475573780713237,0.24030334543387102,0.2849409167589967,0.24030334543387102,0.003709318453053001,22.0,1.4364000000000001,1.268796992481203,2.705196992481203,0.1676030075187971,0.0,0.0,0.4013468634058377,0.2677974389533476,0.3308556976408148,0.2677974389533476,62.0,0.0,0.0,0.36203522504892366,0.2759295499021527,0.36203522504892366,0.2759295499021527,0.0,0.0,0.0,0.40037581523968346,0.2763375197162663,0.3232866650440501,0.2763375197162663,-0.08,0.01949555475956999,0.5076474948055681,0.49235250519443186,0.5576529410285183,0.44234705897148174,0.2516317195708275,0.0034515010818866446,0.963,0.68,0.0,0.0,0.0,0.15,0.55,0.011328374136956448,0.08201639415455819,62.0,1.064,1.0,0.95,0.9,1.0,0.0,LOST,e7079a089518d1fd37c3c920
3848,2026-07-24T08:33:42+00:00,2026-07-26T06:57:31Z,soccer_brazil_campeonato,Brazil Serie A,Vasco da Gama vs Mirassol,Mirassol,Matchbook,2026-07-25T23:30:00Z,3.9,0.459477679868211,0.2819082296559991,0.2586140904757898,0.2586140904757898,0.005390116881495155,24.0,1.4570900361665493,1.303979237262666,2.7610692734292153,0.15311079890388335,0.0,0.0,0.39520786113311573,0.27054765513854095,0.33424448372834326,0.33424448372834326,50.20486117518933,0.0,0.03333333333333333,0.29440530698500744,0.26435469326241684,0.4412399997525757,0.4412399997525757,-0.5,0.0,0.1,0.398284208099073,0.27323761368758015,0.3284781782133469,0.3284781782133469,-0.0800588,0.019234425952658063,0.5212147235985208,0.47878527640147917,0.568478703841571,0.43152129615842905,0.2847284480167103,0.04364773167636005,0.837,0.85,0.0,0.0,0.0,0.15,0.55,0.026114357540920508,0.11044094726517018,58.38399999999999,1.05708,0.9908,0.99,0.9,0.99657952430795,0.022222222222222223,LOST,fecc12286d7c889bf3b579bb
3853,2026-07-24T08:33:44+00:00,2026-07-27T05:51:58Z,soccer_argentina_primera_division,Argentina Primera Division,Estudiantes vs Independiente,Independiente,Unibet (SE),2026-07-26T20:15:00Z,4.0,0.43584554993190694,0.313969617736605,0.2501848323314882,0.2501848323314882,0.02716401245813005,15.0,1.4546056375,1.309375,2.7639806375,0.1452306375000001,0.0,0.0,0.39798481406640107,0.26878182461202627,0.3332333613215727,0.3332333613215727,57.0,0.0,0.0,0.36203522504892366,0.2759295499021527,0.36203522504892366,0.36203522504892366,0.0,0.0,0.0,0.39652170177078694,0.2731455310291804,0.33033276720003274,0.33033276720003274,-0.08,0.019210912623037424,0.5219160660132003,0.4780839339867997,0.5691645104976465,0.4308354895023535,0.2778732435088167,0.01140103075025033,0.896,0.68,0.0,0.0,0.0,0.15,0.55,0.02768841117732851,0.11149297403526681,57.0,1.054,1.0,0.987,0.9,1.0,0.0,WON,b2e792534d30344628abeca3
3854,2026-07-24T08:33:45+00:00,2026-07-29T07:02:08Z,soccer_argentina_primera_division,Argentina Primera Division,Banfield vs Sarmiento de Junin,Sarmiento de Junin,Nordic Bet,2026-07-28T22:00:00Z,3.95,0.4310800338038419,0.30808335275106774,0.26083661344509035,0.26083661344509035,0.033522097203847245,10.0,1.4546056375,1.309375,2.7639806375,0.1452306375000001,0.0,0.0,0.39798481406640107,0.26878182461202627,0.3332333613215727,0.3332333613215727,57.0,0.0,0.0,0.36203522504892366,0.2759295499021527,0.36203522504892366,0.36203522504892366,0.0,0.0,0.0,0.39652170177078694,0.2731455310291804,0.33033276720003274,0.33033276720003274,-0.08,0.019210912623037424,0.5219160660132003,0.4780839339867997,0.5691645104976465,0.4308354895023535,0.28538469507368097,0.01140103075025033,0.907,0.68,0.0,0.0,0.0,0.15,0.55,0.024548081628590623,0.12726954554103997,57.0,1.054,1.0,1.0,0.9,1.0,0.0,LOST,3e921f1b86987fc29bb22aff
3856,2026-07-24T08:33:46+00:00,2026-07-25T08:12:49Z,soccer_mexico_ligamx,Liga MX,Atlante FC vs América,Draw,Betfair,2026-07-25T03:00:00Z,4.4,0.18189830576294524,0.24415608084056484,0.57394561339649,0.24415608084056484,0.0,18.0,1.5011276414769092,1.2657196894280687,2.766847330904978,0.23540795204884057,0.0,0.0,0.38911050895141613,0.2742549955557232,0.33663449549286073,0.2742549955557232,36.659147821229,0.03333333333333333,0.06666666666666667,0.2263016928767604,0.25335033811121854,0.5203479690120211,0.25335033811121854,-1.0,0.1,0.2,0.4177839885807335,0.27151949129611386,0.3106965201231526,0.27151949129611386,-0.0794617,0.018980898415219494,0.5226060459829497,0.4773939540170503,0.5674352705051073,0.43256472949489266,0.2522585218909982,0.008272405930210365,0.969,0.68,0.0,0.0,0.0,0.15,0.55,0.00810244105043334,0.10993749632039207,74.097,1.0890305,0.9974,0.95,0.9,1.0,0.06666666666666667,WON,09264565f51184b6b937ff41
3862,2026-07-24T17:41:39+00:00,,soccer_netherlands_eredivisie,Eredivisie,Go Ahead Eagles vs Willem II,Draw,Tipico,2026-08-08T16:45:00Z,4.4,0.5529097855379739,0.23752238077539997,0.20956783368662618,0.23752238077539997,0.022911624114029028,20.0,1.4960080750000002,1.273137684501845,2.7691457595018454,0.22287039049815527,0.0,0.0,0.4080349088527372,0.26588455940314754,0.32608053174411533,0.26588455940314754,72.0,0.0,0.0,0.36203522504892366,0.2759295499021527,0.36203522504892366,0.2759295499021527,0.0,0.0,0.0,0.4148162676994535,0.2717383633989492,0.3134453689015973,0.2717383633989492,-0.08,0.01911194349735379,0.5231589008776668,0.4768410991223332,0.5682969158550849,0.4317030841449151,0.2487566915289372,0.0031145928517986145,0.962,0.68,0.0,0.0,0.0,0.15,0.55,0.01123431075353723,0.09452944272732378,72.0,1.084,1.0,0.9987,0.9,1.0,0.0,OPEN,9da05fd45448689cff09592a
3885,2026-07-24T17:41:51+00:00,2026-07-25T07:42:44Z,soccer_argentina_primera_division,Argentina Primera Division,Platense vs Union Santa Fe,Union Santa Fe,Betfair,2026-07-25T00:15:00Z,3.6,0.3770619570433422,0.3363210292599607,0.286617013696697,0.286617013696697,0.00047166808456466924,16.0,1.4547048640031537,1.3088433524710164,2.7635482164741703,0.14586151153213733,0.0,0.0,0.3980343136523973,0.26876721662264136,0.3331984697249615,0.3331984697249615,57.07349999999997,0.0,0.0,0.36203522504892366,0.2759295499021527,0.36203522504892366,0.36203522504892366,0.0,0.0,0.0,0.39666050292077387,0.2731595372036661,0.3301799598755601,0.3301799598755601,-0.07998330000000001,0.019208717863488267,0.5218119324264435,0.4781880675735565,0.5690702695290043,0.4309297304709957,0.30238758088399087,0.011450747207328334,0.933,0.68,0.0,0.0,0.0,0.15,0.55,0.01577056718729386,0.08859529118236709,57.0735,1.0542500000000001,0.9995,0.95,0.9,1.0,0.0,LOST,cc85af6433136fed3634981e
3902,2026-07-25T08:12:48+00:00,2026-07-26T01:51:58Z,soccer_switzerland_superleague,Swiss Super League,FC Lausanne-Sport vs Grasshopper Zürich,Grasshopper Zürich,Betfair,2026-07-25T16:00:00Z,4.3,0.5153562535319118,0.24397422025592477,0.24066952621216348,0.24066952621216348,0.0,24.0,1.4364000000000001,1.268796992481203,2.705196992481203,0.1676030075187971,0.0,0.0,0.4013468634058377,0.2677974389533476,0.3308556976408148,0.3308556976408148,62.0,0.0,0.0,0.36203522504892366,0.2759295499021527,0.36203522504892366,0.36203522504892366,0.0,0.0,0.0,0.40037581523968346,0.2763375197162663,0.3232866650440501,0.3232866650440501,-0.08,0.01949555475956999,0.5076474948055681,0.49235250519443186,0.5576529410285183,0.44234705897148174,0.2692919963521306,0.013825402287021062,0.888,0.68,0.0,0.0,0.0,0.15,0.55,0.028622470139967104,0.15795558431416135,62.0,1.064,1.0,0.95,0.9,1.0,0.0,LOST,0cab2322dba66741bb86b6af
3918,2026-07-25T08:12:55+00:00,2026-07-29T07:02:08Z,soccer_argentina_primera_division,Argentina Primera Division,San Lorenzo vs Gimnasia Mendoza,Gimnasia Mendoza,Unibet (SE),2026-07-28T22:00:00Z,4.1,0.4285909838627748,0.30833395686921405,0.26307505926801117,0.26307505926801117,0.02992335927349843,9.0,1.4547048640031537,1.3088433524710164,2.7635482164741703,0.14586151153213733,0.0,0.0,0.3980343136523973,0.26876721662264136,0.3331984697249615,0.3331984697249615,57.07349999999997,0.0,0.0,0.36203522504892366,0.2759295499021527,0.36203522504892366,0.36203522504892366,0.0,0.0,0.0,0.39666050292077387,0.2731595372036661,0.3301799598755601,0.3301799598755601,-0.07998330000000001,0.019208717863488267,0.5218119324264435,0.4781880675735565,0.5690702695290043,0.4309297304709957,0.28694939729408075,0.011450747207328334,0.909,0.68,0.0,0.0,0.0,0.15,0.55,0.023874338026069586,0.17649252890573108,57.0735,1.0542500000000001,0.9995,0.987,0.9,1.0,0.0,LOST,5ae3d6cf481a98c3646f1d1a
3919,2026-07-25T08:12:55+00:00,2026-07-30T07:02:02Z,soccer_argentina_primera_division,Argentina Primera Division,Defensa y Justicia vs Deportivo Riestra,Deportivo Riestra,Unibet (SE),2026-07-29T20:00:00Z,3.9,0.4260338597004503,0.31118567867054936,0.26278046162900043,0.26278046162900043,0.04243117665936458,11.0,1.4547048640031537,1.3088433524710164,2.7635482164741703,0.14586151153213733,0.0,0.0,0.3980343136523973,0.26876721662264136,0.3331984697249615,0.3331984697249615,57.07349999999997,0.0,0.0,0.36203522504892366,0.2759295499021527,0.36203522504892366,0.36203522504892366,0.0,0.0,0.0,0.39666050292077387,0.2731595372036661,0.3301799598755601,0.3301799598755601,-0.07998330000000001,0.019208717863488267,0.5218119324264435,0.4781880675735565,0.5690702695290043,0.4309297304709957,0.2865954521384486,0.011450747207328334,0.909,0.68,0.0,0.0,0.0,0.15,0.55,0.023814990509448186,0.1177222633399495,57.0735,1.0542500000000001,0.9995,0.987,0.9,1.0,0.0,LOST,9b69ba77e6f45d28cf76bac5
3920,2026-07-25T08:12:55+00:00,2026-07-30T07:02:02Z,soccer_argentina_primera_division,Argentina Primera Division,Gimnasia La Plata vs River Plate,Gimnasia La Plata,1xBet,2026-07-29T22:15:00Z,3.85,0.2634592933420069,0.29745287759083766,0.43908782906715554,0.2634592933420069,0.04103650123182523,11.0,1.4547048640031537,1.3088433524710164,2.7635482164741703,0.14586151153213733,0.0,0.0,0.3980343136523973,0.26876721662264136,0.3331984697249615,0.3980343136523973,57.07349999999997,0.0,0.0,0.36203522504892366,0.2759295499021527,0.36203522504892366,0.36203522504892366,0.0,0.0,0.0,0.39666050292077387,0.2731595372036661,0.3301799598755601,0.39666050292077387,-0.07998330000000001,0.019208717863488267,0.5218119324264435,0.4781880675735565,0.5690702695290043,0.4309297304709957,0.30487724506050695,0.012816740571849918,0.863,0.68,0.0,0.0,0.0,0.15,0.55,0.041417951718500046,0.17377739348295185,57.0735,1.0542500000000001,0.9995,0.9854,0.9,1.0,0.0,WON,76abc121252f51f5f33c2348
3921,2026-07-25T08:12:56+00:00,2026-08-03T05:47:54Z,soccer_argentina_primera_division,Argentina Primera Division,Lanus vs Instituto de Córdoba,Instituto de Córdoba,1xBet,2026-08-03T00:30:00Z,3.75,0.40767071237005614,0.3075757772776599,0.2847535103522841,0.2847535103522841,0.052485380116959135,7.0,1.4547048640031537,1.3088433524710164,2.7635482164741703,0.14586151153213733,0.0,0.0,0.3980343136523973,0.26876721662264136,0.3331984697249615,0.3331984697249615,57.07349999999997,0.0,0.0,0.36203522504892366,0.2759295499021527,0.36203522504892366,0.36203522504892366,0.0,0.0,0.0,0.39666050292077387,0.2731595372036661,0.3301799598755601,0.3301799598755601,-0.07998330000000001,0.019208717863488267,0.5218119324264435,0.4781880675735565,0.5690702695290043,0.4309297304709957,0.30180200775408017,0.011450747207328334,0.931,0.68,0.0,0.0,0.0,0.15,0.55,0.017048497401796092,0.13175752907780058,57.0735,1.0542500000000001,0.9995,0.9854,0.9,1.0,0.0,WON,5311385489e8ce18f2cfc01e
3955,2026-07-25T11:26:42+00:00,2026-08-07T05:12:59Z,soccer_argentina_primera_division,Argentina Primera Division,Union Santa Fe vs Lanus,Lanus,Codere (IT),2026-08-06T22:00:00Z,3.65,0.4156046716356941,0.304428562421365,0.2799667659429409,0.2799667659429409,0.041707422198683286,8.0,1.4547227337172726,1.3070189763158448,2.7617417100331174,0.14770375740142772,0.0,0.0,0.4014105217218957,0.2687146798279749,0.32987479845012935,0.32987479845012935,59.24778274320864,0.03333333333333333,0.0,0.3502714419592149,0.2744261811437528,0.37530237689703233,0.37530237689703233,-0.16666666666666669,0.1,0.0,0.39704129348381206,0.2732555371180689,0.32970316939811906,0.32970316939811906,-0.08003279999999999,0.019228755694160438,0.5213767638670752,0.4786232361329248,0.568705223028162,0.43129477697183805,0.2991656808126357,0.01785120591744759,0.916,0.68,0.0,0.0,0.0,0.15,0.55,0.019198914869694828,0.09195473496612028,57.391999999999996,1.0549920000000002,0.9933,1.0,0.9,1.0,0.022222222222222223,LOST,4e70c8ff3c9283aca3616ecb
3973,2026-07-25T12:00:25+00:00,2026-08-02T23:32:13Z,soccer_denmark_superliga,Danish Superliga,Silkeborg IF vs FC Copenhagen,Silkeborg IF,Codere (IT),2026-08-02T16:00:00Z,4.5,0.21445291808247008,0.22909912560978585,0.5564479563077441,0.21445291808247008,0.044733044733044736,8.0,1.4418969539220832,1.2638648504259646,2.7057618043480476,0.17803210349611853,0.0,0.0,0.40269957604579565,0.26740576215699907,0.3298946617972054,0.40269957604579565,64.01649999999995,0.0,0.0,0.36203522504892366,0.2759295499021527,0.36203522504892366,0.36203522504892366,0.0,0.0,0.0,0.40285294704709157,0.2761603557355586,0.32098669721734985,0.40285294704709157,-0.08000330000000001,0.01948388442633414,0.5077856517796142,0.4922143482203858,0.5575226515213029,0.44247734847869713,0.26206369240403726,0.014932660490205002,0.806,0.68,0.0,0.0,0.0,0.15,0.55,0.047610774321567184,0.17928661581816763,64.0165,1.068112,0.9995,1.0,0.9,1.0,0.0,LOST,c488cfcc22a27fc6b43144db
3988,2026-07-25T17:04:10+00:00,2026-07-26T01:51:58Z,soccer_switzerland_superleague,Swiss Super League,Servette vs FC Basel,FC Basel,Betfair,2026-07-25T16:00:00Z,4.2,0.4153423161060317,0.3368203349309577,0.24783734896301068,0.24783734896301068,0.004412254412254457,15.0,1.4364000000000001,1.268796992481203,2.705196992481203,0.1676030075187971,0.0,0.0,0.4013468634058377,0.2677974389533476,0.3308556976408148,0.3308556976408148,62.0,0.0,0.0,0.36203522504892366,0.2759295499021527,0.36203522504892366,0.36203522504892366,0.0,0.0,0.0,0.40037581523968346,0.2763375197162663,0.3232866650440501,0.3232866650440501,-0.08,0.01949555475956999,0.5076474948055681,0.49235250519443186,0.5576529410285183,0.44234705897148174,0.2742254201674459,0.013825402287021062,0.895,0.68,0.0,0.0,0.0,0.15,0.55,0.026388071204435204,0.15174676470327286,62.0,1.064,1.0,0.95,0.9,1.0,0.0,WON,2cf02023068811630c8e6f2a
3989,2026-07-25T17:04:11+00:00,2026-07-26T17:07:30Z,soccer_switzerland_superleague,Swiss Super League,FC St Gallen vs FC Zurich,FC Zurich,Coolbet,2026-07-26T14:30:00Z,4.5,0.5567399127168188,0.22557391325728005,0.2176861740259012,0.2176861740259012,0.014466700907378893,16.0,1.4364000000000001,1.268796992481203,2.705196992481203,0.1676030075187971,0.0,0.0,0.4013468634058377,0.2677974389533476,0.3308556976408148,0.3308556976408148,62.0,0.0,0.0,0.36203522504892366,0.2759295499021527,0.36203522504892366,0.36203522504892366,0.0,0.0,0.0,0.40037581523968346,0.2763375197162663,0.3232866650440501,0.3232866650440501,-0.08,0.01949555475956999,0.5076474948055681,0.49235250519443186,0.5576529410285183,0.44234705897148174,0.2537436523548878,0.013825402287021062,0.864,0.68,0.0,0.0,0.0,0.15,0.55,0.03605747832898662,0.14184643559699528,62.0,1.064,1.0,0.9886,0.9,1.0,0.0,LOST,3870f139d5e8b893b90a0475
3992,2026-07-25T17:04:11+00:00,2026-08-02T15:51:20Z,soccer_denmark_superliga,Danish Superliga,FC Nordsjaelland vs Randers FC,Randers FC,Codere (IT),2026-08-02T12:00:00Z,4.0,0.5053904960878622,0.23348859495321556,0.26112090895892226,0.26112090895892226,0.055860805860805884,9.0,1.4418969539220832,1.2638648504259646,2.7057618043480476,0.17803210349611853,0.0,0.0,0.40269957604579565,0.26740576215699907,0.3298946617972054,0.3298946617972054,64.01649999999995,0.0,0.0,0.36203522504892366,0.2759295499021527,0.36203522504892366,0.36203522504892366,0.0,0.0,0.0,0.40285294704709157,0.2761603557355586,0.32098669721734985,0.32098669721734985,-0.08000330000000001,0.01948388442633414,0.5077856517796142,0.4922143482203858,0.5575226515213029,0.44247734847869713,0.28337381635734815,0.01464771366511739,0.909,0.68,0.0,0.0,0.0,0.15,0.55,0.022252907398425892,0.1334952654293926,64.0165,1.068112,0.9995,1.0,0.9,1.0,0.0,LOST,59e684fd6a38ef0f74c81de1
3993,2026-07-25T17:04:11+00:00,2026-08-02T16:12:47Z,soccer_denmark_superliga,Danish Superliga,Brondby IF vs Viborg FF,Viborg FF,Codere (IT),2026-08-02T14:00:00Z,3.95,0.491049682256926,0.24182345829736773,0.26712685944570613,0.26712685944570613,0.04148970698930299,9.0,1.4418969539220832,1.2638648504259646,2.7057618043480476,0.17803210349611853,0.0,0.0,0.39909019879469376,0.26939990433886885,0.33150989686643734,0.33150989686643734,55.837361175189265,0.0,0.03333333333333333,0.2995030117159058,0.26527370209385964,0.43522328619023454,0.43522328619023454,-0.5,0.0,0.1,0.40285294704709157,0.2761603557355586,0.32098669721734985,0.32098669721734985,-0.08000330000000001,0.01948388442633414,0.5077856517796142,0.4922143482203858,0.5575226515213029,0.44247734847869713,0.2897238755256372,0.04387005866706981,0.848,0.68,0.0,0.0,0.0,0.15,0.55,0.022597016079931087,0.14440930832626697,64.0165,1.068112,0.9995,1.0,0.9,0.9791827482819169,0.022222222222222223,LOST,0b99a0c261595830319918ed
4015,2026-07-25T17:04:20+00:00,2026-07-27T08:29:16Z,soccer_mexico_ligamx,Liga MX,Necaxa vs Monterrey,Necaxa,Matchbook,2026-07-26T23:00:00Z,3.25,0.30843898835425043,0.2542476274002806,0.437313384245469,0.30843898835425043,0.0,19.0,1.4996275006237059,1.2654068465774235,2.765034347201129,0.23422065404628234,0.0,0.0,0.4184426703494647,0.26396643480627907,0.31759089484425623,0.4184426703494647,84.27944271065348,0.03333333333333333,0.0,0.4412399997525757,0.26435469326241684,0.29440530698500744,0.4412399997525757,0.5,0.1,0.0,0.4174036737227229,0.27177320889714157,0.31082311738013557,0.4174036737227229,-0.07999730000000001,0.019119653894484334,0.5221697166063664,0.47783028339363365,0.5671958691565904,0.43280413084340963,0.34596843459976434,0.009241776473727892,0.871,0.68,0.0,0.0,0.0,0.15,0.55,0.03752944624551391,0.12439741244923419,73.821,1.08862075,0.9969,0.99,0.9,1.0,0.022222222222222223,WON,e7af5962049d9e4329cf6e1b
4037,2026-07-26T08:32:52+00:00,2026-08-02T08:30:10Z,soccer_usa_mls,MLS,Inter Miami CF vs Columbus Crew SC,Columbus Crew SC,Pinnacle,2026-08-01T23:30:00Z,4.05,0.5013453115728485,0.22989395967086454,0.26876072875628704,0.26876072875628704,0.019768176630921674,15.0,1.4982225661847037,1.2745393709769595,2.772761937161663,0.22368319520774427,0.0,0.0,0.4277483311979687,0.2624482160693421,0.3098034527326892,0.3098034527326892,94.60595146005504,0.03333333333333333,0.03333333333333333,0.5211818064848173,0.25268405366910435,0.22613413984607833,0.22613413984607833,1.0,0.1,0.1,0.4151968909409671,0.2712868208742554,0.31351628818477756,0.31351628818477756,-0.0790368,0.018862272325627094,0.5240279943628694,0.4759720056371306,0.5688333750290859,0.43116662497091407,0.27624204886927295,0.035750765120664385,0.911,0.68,0.0,0.0,0.0,0.15,0.55,0.007481320112985912,0.11878029792055544,72.294,1.0842053333333335,0.9918,0.985,0.9,1.0,0.044444444444444446,LOST,09982c47ff2fdcb009f12f70
4038,2026-07-26T08:32:52+00:00,2026-08-02T08:30:10Z,soccer_usa_mls,MLS,Vancouver Whitecaps FC vs Los Angeles FC,Los Angeles FC,Nordic Bet,2026-08-01T23:30:00Z,4.25,0.532526937775132,0.23624903207010722,0.2312240301547608,0.2312240301547608,0.028379364414015784,14.0,1.4982225661847037,1.2745393709769595,2.772761937161663,0.22368319520774427,0.0,0.0,0.3959826288776287,0.2722687024531255,0.3317486686692459,0.3317486686692459,45.91203941256796,0.06666666666666667,0.03333333333333333,0.23394791544972224,0.2547264443200084,0.5113256402302694,0.5113256402302694,-1.0,0.2,0.1,0.4151968909409671,0.2712868208742554,0.31351628818477756,0.31351628818477756,-0.0790368,0.018862272325627094,0.5240279943628694,0.4759720056371306,0.5688333750290859,0.43116662497091407,0.26916381493821995,0.08346162275615066,0.745,0.68,0.0,0.0,0.0,0.15,0.55,0.037939784783459135,0.14394621348743475,72.294,1.0842053333333335,0.9918,1.0,0.9,0.8701587828578735,0.06666666666666667,LOST,8c7a4975a9400175aa915844
4039,2026-07-26T08:32:52+00:00,2026-08-02T08:30:10Z,soccer_usa_mls,MLS,Sporting Kansas City vs Houston Dynamo,Sporting Kansas City,1xBet,2026-08-02T00:30:00Z,3.41,0.3014117562279623,0.256625800233954,0.4419624435380837,0.3014117562279623,0.0009651434722892649,13.0,1.4982225661847037,1.2745393709769595,2.772761937161663,0.22368319520774427,0.0,0.0,0.4209728616857732,0.2642397091379852,0.3147874291762415,0.4209728616857732,84.6075648568541,0.03333333333333333,0.03333333333333333,0.4639448882001721,0.26142026148236425,0.2746348503174636,0.4639448882001721,0.6666666666666667,0.1,0.1,0.4151968909409671,0.2712868208742554,0.31351628818477756,0.4151968909409671,-0.0790368,0.018862272325627094,0.5240279943628694,0.4759720056371306,0.5688333750290859,0.43116662497091407,0.34197607984868666,0.019631343739462744,0.85,0.68,0.0,0.0,0.0,0.15,0.55,0.040564323620724374,0.1661384322840216,72.294,1.0842053333333335,0.9918,0.9673,0.9,1.0,0.044444444444444446,LOST,0eb70fed07cdb05eaa3575ef
4040,2026-07-26T08:32:52+00:00,2026-08-02T08:30:10Z,soccer_usa_mls,MLS,Colorado Rapids vs Austin FC,Austin FC,1xBet,2026-08-02T01:30:00Z,4.26,0.52276351673636,0.23215570113969175,0.2450807821239481,0.2450807821239481,0.03093069312605512,13.0,1.4982225661847037,1.2745393709769595,2.772761937161663,0.22368319520774427,0.0,0.0,0.40775415593762815,0.2688731603059735,0.3233726837563984,0.3233726837563984,62.31854835194573,0.03333333333333333,0.06666666666666667,0.3434398223716387,0.2744319252277042,0.3821282524006572,0.3821282524006572,0.0,0.1,0.2,0.4151968909409671,0.2712868208742554,0.31351628818477756,0.31351628818477756,-0.0790368,0.018862272325627094,0.5240279943628694,0.4759720056371306,0.5688333750290859,0.43116662497091407,0.2731241071287172,0.028656062783430754,0.878,0.68,0.0,0.0,0.0,0.15,0.55,0.02804332500476911,0.1635086963683352,72.294,1.0842053333333335,0.9918,0.9673,0.9,1.0,0.06666666666666667,LOST,c710d8aee1c4491b9c429b33
4043,2026-07-26T08:32:54+00:00,,soccer_brazil_campeonato,Brazil Serie A,Chapecoense vs Vasco da Gama,Chapecoense,Pinnacle,2026-07-31T00:00:00Z,3.51,0.2897042727269399,0.2817661407758132,0.4285295864972469,0.2897042727269399,0.03270087141054878,6.0,1.4570900361665493,1.303979237262666,2.7610692734292153,0.15311079890388335,0.0,0.0,0.3989165116500021,0.268507449192695,0.332576039157303,0.3989165116500021,58.384000000000015,0.0,0.0,0.36203522504892366,0.2759295499021527,0.36203522504892366,0.36203522504892366,0.0,0.0,0.0,0.398284208099073,0.27323761368758015,0.3284781782133469,0.398284208099073,-0.0800588,0.019234425952658063,0.5212147235985208,0.47878527640147917,0.568478703841571,0.43152129615842905,0.3237196924217055,0.013334012770941376,0.889,0.85,0.0,0.0,0.0,0.15,0.55,0.034015419694765625,0.1362561204001862,58.38399999999999,1.05708,0.9908,0.985,0.9,1.0,0.0,OPEN,6b329be62c4dd88f8717b057
4052,2026-07-26T08:32:56+00:00,2026-08-01T08:27:33Z,soccer_mexico_ligamx,Liga MX,Puebla vs Guadalajara,Puebla,Pinnacle,2026-08-01T01:00:00Z,4.16,0.23840359657875856,0.24923708204969044,0.5123593213715509,0.23840359657875856,0.009974167623421515,11.0,1.4996275006237059,1.2654068465774235,2.765034347201129,0.23422065404628234,0.0,0.0,0.40924699612510435,0.2655440736013356,0.3252089302735601,0.40924699612510435,73.82099999999991,0.0,0.0,0.36203522504892366,0.2759295499021527,0.36203522504892366,0.36203522504892366,0.0,0.0,0.0,0.4174036737227229,0.27177320889714157,0.31082311738013557,0.4174036737227229,-0.07999730000000001,0.019119653894484334,0.5221697166063664,0.47783028339363365,0.5671958691565904,0.43280413084340963,0.2852366475731887,0.0197934312848119,0.821,0.68,0.0,0.0,0.0,0.15,0.55,0.04683305099443011,0.186584453904465,73.821,1.08862075,0.9969,0.985,0.9,1.0,0.0,LOST,574a2f22a705da96f66e3e95
4067,2026-07-26T17:07:38+00:00,2026-08-02T01:47:14Z,soccer_switzerland_superleague,Swiss Super League,FC Zurich vs Servette,FC Zurich,Coolbet,2026-08-01T16:00:00Z,4.3,0.23861096945991475,0.23194676624989644,0.5294422642901888,0.23861096945991475,0.023139565475425616,9.0,1.4368215669304087,1.2682394750322106,2.7050610419626193,0.16858209189819817,0.0,0.0,0.411410485522341,0.2658738975632731,0.32271561691438577,0.411410485522341,73.922204311227,0.0,0.03333333333333333,0.42922158669464394,0.2661904176368158,0.30458799566854017,0.42922158669464394,0.5,0.0,0.1,0.400594723100756,0.2763506858351169,0.32305459106412704,0.400594723100756,-0.0800747,0.019513561521930123,0.5076142358895814,0.49238576411041857,0.5576144535388348,0.44238554646116524,0.28885575312423184,0.010970102098018141,0.809,0.68,0.0,0.0,0.0,0.15,0.55,0.05024478366431709,0.24207973843419683,62.0315,1.0643900000000002,0.9987,0.97,0.9,1.0,0.022222222222222223,WON,465a6459f255f9b8a579ed45
4068,2026-07-26T17:07:38+00:00,2026-08-02T17:05:26Z,soccer_switzerland_superleague,Swiss Super League,Grasshopper Zürich vs FC Lugano,Grasshopper Zürich,Pinnacle,2026-08-02T14:30:00Z,3.89,0.24903850351628268,0.2593145270465803,0.491646969437137,0.24903850351628268,0.0418707904329334,12.0,1.4368215669304087,1.2682394750322106,2.7050610419626193,0.16858209189819817,0.0,0.0,0.40459171508954256,0.26779982190972257,0.3276084630007348,0.40459171508954256,63.88728274320864,0.03333333333333333,0.0,0.3457509638284571,0.2736112341148811,0.3806378020566618,0.3457509638284571,-0.16666666666666669,0.1,0.0,0.400594723100756,0.2763506858351169,0.32305459106412704,0.400594723100756,-0.0800747,0.019513561521930123,0.5076142358895814,0.49238576411041857,0.5576144535388348,0.44238554646116524,0.29395701447012024,0.021965441051070542,0.843,0.68,0.0,0.0,0.0,0.15,0.55,0.04491851095383756,0.14349278628876783,62.0315,1.0643900000000002,0.9987,0.9803,0.9,1.0,0.022222222222222223,LOST,1223ccf8c513783bfc377470
4069,2026-07-26T17:07:38+00:00,2026-08-01T23:26:17Z,soccer_denmark_superliga,Danish Superliga,Lyngby vs AGF Aarhus,Lyngby,Tipico,2026-08-01T16:00:00Z,3.9,0.2533039416874246,0.25965652032621,0.4870395379863653,0.2533039416874246,0.017417208169262066,17.0,1.4418969539220832,1.2638648504259646,2.7057618043480476,0.17803210349611853,0.0,0.0,0.40269957604579565,0.26740576215699907,0.3298946617972054,0.40269957604579565,64.01649999999995,0.0,0.0,0.36203522504892366,0.2759295499021527,0.36203522504892366,0.36203522504892366,0.0,0.0,0.0,0.40285294704709157,0.2761603557355586,0.32098669721734985,0.40285294704709157,-0.08000330000000001,0.01948388442633414,0.5077856517796142,0.4922143482203858,0.5575226515213029,0.44247734847869713,0.29860299175637206,0.014932660490205002,0.847,0.68,0.0,0.0,0.0,0.15,0.55,0.045299050068947466,0.1645516678498511,64.0165,1.068112,0.9995,0.9987,0.9,1.0,0.0,LOST,b7f19a641c057c3b92c07bbc
4071,2026-07-26T17:07:39+00:00,2026-08-02T17:05:39Z,soccer_norway_eliteserien,Eliteserien,Molde vs Sarpsborg FK,Sarpsborg FK,1xBet,2026-08-02T15:00:00Z,4.43,0.5520045939238205,0.2268125207896016,0.22118288528657787,0.22118288528657787,0.047069161529392556,13.0,1.4606687999861208,1.2539857900948803,2.7146545900810013,0.20668300989124044,0.0,0.0,0.3995094973742897,0.27023731614318275,0.3302531864825276,0.3302531864825276,53.65052934512981,0.0,0.06666666666666667,0.2970476754189246,0.2654573796166261,0.43749494496444924,0.43749494496444924,-0.5,0.0,0.2,0.4099066104829769,0.2750475814127735,0.31504580810424954,0.31504580810424954,-0.0794093,0.019265773481944193,0.509958255049173,0.490041744950827,0.5584144909951069,0.44158550900489313,0.2566027662072556,0.049264190449741646,0.808,0.68,0.0,0.0,0.0,0.15,0.55,0.035419880920677715,0.13675025429814225,69.165,1.0792686666666667,0.9752,0.95,0.9,0.9631884034416344,0.044444444444444446,LOST,c6825468803a28e4ad68c92f
4081,2026-07-26T17:07:44+00:00,2026-07-27T05:54:12Z,soccer_brazil_campeonato,Brazil Serie A,Grêmio vs Fluminense,Grêmio,Matchbook,2026-07-26T21:30:00Z,3.35,0.3128687863699657,0.2933530760753673,0.39377813755466695,0.3128687863699657,0.0,24.0,1.4568156544296629,1.302530785667312,2.7593464400969747,0.1542848687623508,0.0,0.0,0.39856765240780995,0.27049571104544856,0.3309366365467415,0.39856765240780995,52.37166588129061,0.03333333333333333,0.03333333333333333,0.3145041383304747,0.2686017312394697,0.4168941304300556,0.3145041383304747,-0.3333333333333333,0.1,0.1,0.39847551413943055,0.2734086018358388,0.3281158840247306,0.39847551413943055,-0.0804112,0.01932726689966674,0.5207994322458103,0.47920056775418973,0.5681767610825685,0.43182323891743146,0.33312493335186844,0.03475138928330612,0.894,0.85,0.0,0.0,0.0,0.15,0.55,0.020256146981902756,0.11596852672875935,58.672,1.057568,0.9829,0.9862,0.9,1.0,0.044444444444444446,LOST,bb71f19658c6b7b318c9c71f
4082,2026-07-26T17:07:45+00:00,2026-07-30T07:57:42Z,soccer_brazil_campeonato,Brazil Serie A,Internacional vs Flamengo,Internacional,BetOnline.ag,2026-07-29T22:30:00Z,3.8,0.2645778962507089,0.2797914357802527,0.45563066796903845,0.2645778962507089,0.02057029365867491,17.0,1.4568156544296629,1.302530785667312,2.7593464400969747,0.1542848687623508,0.0,0.0,0.3939855356424632,0.2709180354668447,0.33509642889069213,0.3939855356424632,48.418104388767574,0.03333333333333333,0.0,0.29212603868472725,0.2639437891775865,0.4439301721376863,0.29212603868472725,-0.5,0.1,0.0,0.39847551413943055,0.2734086018358388,0.3281158840247306,0.39847551413943055,-0.0804112,0.01932726689966674,0.5207994322458103,0.47920056775418973,0.5681767610825685,0.43182323891743146,0.29697227936091686,0.04124622878615612,0.851,0.85,0.0,0.0,0.0,0.15,0.55,0.03239438311020798,0.12849466157148393,58.672,1.057568,0.9829,1.05,0.9,0.997873944589972,0.022222222222222223,LOST,6cb61a6300e3041165b5b866
4093,2026-07-27T09:59:46+00:00,,soccer_turkey_super_league,Turkish Super Lig,Kasimpasa SK vs Trabzonspor,Kasimpasa SK,1xBet,2026-08-15T16:00:00Z,3.45,0.29284356537271355,0.25612361777796544,0.45103281684932095,0.29284356537271355,0.009228291836987479,12.0,1.4472,1.2593283582089552,2.7065283582089554,0.18787164179104487,0.0,0.0,0.404028229728951,0.2670234474012805,0.3289483228697686,0.404028229728951,66.0,0.0,0.0,0.36203522504892366,0.2759295499021527,0.36203522504892366,0.36203522504892366,0.0,0.0,0.0,0.40519866565382573,0.2759698636360663,0.31883147071010803,0.40519866565382573,-0.08,0.019469616699289316,0.5079731252161227,0.4920268747838773,0.5574303112733258,0.44256968872667424,0.325977944173228,0.015705055741443846,0.886,0.68,0.0,0.0,0.0,0.15,0.55,0.03313437880051445,0.12462390739763674,66.0,1.072,1.0,0.95,0.9,1.0,0.0,OPEN,400f29a9c16e3c87109e1f5f
4094,2026-07-27T09:59:48+00:00,2026-08-01T00:51:41Z,soccer_austria_bundesliga,Austrian Bundesliga,LASK vs Grazer AK,LASK,BetOnline.ag,2026-07-31T17:30:00Z,2.1,0.5542969698175789,0.2495120297634127,0.1961910004190085,0.5542969698175789,0.0,20.0,1.4418000000000002,1.2640449438202248,2.705844943820225,0.17775505617977538,0.0,0.0,0.40268851535954364,0.267408954739361,0.3299025299010953,0.40268851535954364,64.0,0.0,0.0,0.36203522504892366,0.2759295499021527,0.36203522504892366,0.36203522504892366,0.0,0.0,0.0,0.4027897785255205,0.27615852707807437,0.321051694396405,0.4027897785255205,-0.08,0.01948292686603237,0.507805987310504,0.49219401268949603,0.5575445715759576,0.4424554284240424,0.5066832482972743,0.014914240498096367,0.816,0.85,0.0,0.0,0.0,0.15,0.55,-0.04761372152030463,0.06403482142427608,64.0,1.068,1.0,1.05,0.9,1.0,0.0,WON,aa8304edea28741198a4ba19
4097,2026-07-27T09:59:49+00:00,2026-08-02T17:05:26Z,soccer_switzerland_superleague,Swiss Super League,FC Sion vs FC Luzern,FC Luzern,Coolbet,2026-08-02T14:30:00Z,4.2,0.5167595932853344,0.24096760493092967,0.24227280178373586,0.24227280178373586,0.016731016731016624,14.0,1.4369462380437243,1.2681350539141008,2.705081291957825,0.1688111841296236,0.0,0.0,0.414187472146472,0.26510193397920745,0.3207105938743205,0.3207105938743205,78.0518340732196,0.0,0.03333333333333333,0.43954249051617034,0.2646139753378469,0.29584353414598275,0.29584353414598275,0.5,0.0,0.1,0.4006544144724628,0.27633617040802844,0.32300941511950876,0.32300941511950876,-0.08003279999999999,0.019503042214851107,0.5076191897707076,0.49238081022929236,0.5576080921075534,0.44239190789244665,0.26705267637746793,0.010446172199131699,0.919,0.68,0.0,0.0,0.0,0.15,0.55,0.02477987459373207,0.1216212407853654,62.016,1.06448,0.9967,0.9645,0.9,1.0,0.022222222222222223,LOST,59b0a0f005190a1648abddbc
4108,2026-07-27T09:59:55+00:00,,soccer_brazil_campeonato,Brazil Serie A,Chapecoense vs Vasco da Gama,Chapecoense,Unibet (SE),2026-07-29T00:00:00Z,3.6,0.27327830755693167,0.29274678666529447,0.43397490577777387,0.27327830755693167,0.022345875287051786,9.0,1.4568156544296629,1.302530785667312,2.7593464400969747,0.1542848687623508,0.0,0.0,0.40205029876755866,0.2685302205164445,0.32941948071599697,0.40205029876755866,60.177292654173286,0.0,0.03333333333333333,0.3806378020566618,0.2736112341148811,0.3457509638284571,0.3806378020566618,0.16666666666666669,0.0,0.1,0.39847551413943055,0.2734086018358388,0.3281158840247306,0.39847551413943055,-0.0804112,0.01932726689966674,0.5207994322458103,0.47920056775418973,0.5681767610825685,0.43182323891743146,0.3149149416866719,0.007498336737686862,0.868,0.85,0.0,0.0,0.0,0.15,0.55,0.041636634129740224,0.13369379007201876,58.672,1.057568,0.9829,0.9733,0.9,1.0,0.022222222222222223,OPEN,79ec558f14d00a8423ea3dec
4110,2026-07-27T09:59:56+00:00,2026-07-30T07:57:42Z,soccer_brazil_campeonato,Brazil Serie A,Vitoria vs Palmeiras,Vitoria,Pinnacle,2026-07-30T00:30:00Z,4.13,0.24394497964106052,0.28540328617679306,0.4706517341821465,0.24394497964106052,0.021685290868033835,23.0,1.4568156544296629,1.302530785667312,2.7593464400969747,0.1542848687623508,0.0,0.0,0.3868872626094936,0.273081218945122,0.3400315184453844,0.3868872626094936,38.184939450316875,0.0,0.03333333333333333,0.2823805241264891,0.2621868780933314,0.4554325977801795,0.2823805241264891,-0.5,0.0,0.1,0.39847551413943055,0.2734086018358388,0.3281158840247306,0.39847551413943055,-0.0804112,0.01932726689966674,0.5207994322458103,0.47920056775418973,0.5681767610825685,0.43182323891743146,0.28071300006711675,0.044526464671287534,0.834,0.85,0.0,0.0,0.0,0.15,0.55,0.03676802042605623,0.15934469027719222,58.672,1.057568,0.9829,0.9803,0.9,0.9854357383298983,0.022222222222222223,LOST,36fc32a63694315e798b5e02
4126,2026-07-27T17:46:36+00:00,2026-08-03T00:38:38Z,soccer_norway_eliteserien,Eliteserien,SK Brann vs Rosenborg,Rosenborg,GTbets,2026-08-02T17:15:00Z,4.5,0.5404420210394918,0.23615293674377352,0.22340504221673477,0.22340504221673477,0.02556586875101763,18.0,1.4615679584682704,1.2547889802578442,2.716356938726115,0.20677897821042612,0.0,0.0,0.39150064763777126,0.27261096698165554,0.33588838538057325,0.33588838538057325,42.32154882017836,0.03333333333333333,0.03333333333333333,0.21375547209596824,0.2504543417150895,0.5357901861889421,0.5357901861889421,-1.0,0.1,0.1,0.4100007992803444,0.27487696644028764,0.3151222342793681,0.3151222342793681,-0.0791277,0.01918888087078413,0.5103735813198855,0.4896264186801145,0.5587010915009757,0.4412989084990243,0.2634050422167348,0.08926358426818362,0.715,0.68,0.0,0.0,0.0,0.15,0.55,0.04000000000000001,0.18532268997530643,69.169,1.0792552222222223,0.9724,0.9957,0.9,0.8427818683754958,0.044444444444444446,LOST,b96361c5e7022ad9d568888b
4127,2026-07-27T17:46:36+00:00,2026-08-01T17:05:17Z,soccer_sweden_allsvenskan,Allsvenskan,BK Hacken vs Kalmar FF,Kalmar FF,Coolbet,2026-08-01T13:00:00Z,4.5,0.5221107852137244,0.24089320757954277,0.23699600720673286,0.23699600720673286,0.0,19.0,1.455541625408887,1.252039178695699,2.707580804104586,0.20350244671318807,0.0,0.0,0.40805338317672685,0.2668212528159889,0.3251253640072842,0.3251253640072842,68.94515340476063,0.0,0.03333333333333333,0.37530237689703233,0.2744261811437528,0.3502714419592149,0.3502714419592149,0.16666666666666669,0.0,0.1,0.40899958820902504,0.27551398334414334,0.3154864284468316,0.3154864284468316,-0.07938769999999999,0.019299167798446426,0.5082304557031464,0.4917695442968536,0.5571523213382195,0.44284767866178054,0.26528058454497444,0.013196431103862644,0.894,0.68,0.0,0.0,0.0,0.15,0.55,0.02828457733824158,0.19376263045238495,68.29899999999999,1.0782100000000001,0.9803,0.9588,0.9,1.0,0.022222222222222223,LOST,f13fb980f596077ddc49ccc4
4131,2026-07-27T17:46:38+00:00,2026-08-01T07:11:28Z,soccer_usa_mls,MLS,New York City FC vs Toronto FC,Draw,1xBet,2026-07-31T23:30:00Z,4.37,0.5692533366508712,0.23687565009039194,0.19387101325873698,0.23687565009039194,0.005747491345746036,22.0,1.4996490120209698,1.2654164805724013,2.7650654925933713,0.23423253144856848,0.0,0.0,0.4301256550656566,0.2627868621176167,0.30708748281672676,0.2627868621176167,94.47132011875088,0.03333333333333333,0.06666666666666667,0.49899346201442285,0.25660737633005143,0.2443991616555257,0.25660737633005143,0.8333333333333334,0.1,0.2,0.417481970039058,0.27162146806398313,0.310896561896959,0.27162146806398313,-0.0793708,0.018969743764334912,0.5221772141982916,0.47782278580170845,0.5671264723128125,0.43287352768718745,0.24700253660452376,0.006397963554983911,0.968,0.68,0.0,0.0,0.0,0.15,0.55,0.010126886514131822,0.07940108496176879,74.574,1.0886244137931036,0.9435,0.95,0.9,1.0,0.06666666666666667,WON,2075b2522ac192beb3be53ec
4132,2026-07-27T17:46:38+00:00,2026-08-02T08:30:10Z,soccer_usa_mls,MLS,Philadelphia Union vs Atlanta United FC,Draw,1xBet,2026-08-01T23:30:00Z,4.42,0.5569494035816109,0.2362967066815444,0.20675388973684475,0.2362967066815444,0.00275949540655418,21.0,1.4996490120209698,1.2654164805724013,2.7650654925933713,0.23423253144856848,0.0,0.0,0.4362061881410824,0.26124858667354034,0.30254522518537724,0.26124858667354034,103.30302441992941,0.03333333333333333,0.06666666666666667,0.514796966888586,0.2541969896434166,0.23100604346799744,0.2541969896434166,0.8333333333333334,0.1,0.2,0.417481970039058,0.27162146806398313,0.310896561896959,0.27162146806398313,-0.0793708,0.018969743764334912,0.5221772141982916,0.47782278580170845,0.5671264723128125,0.43287352768718745,0.24624737058111018,0.007438346420623506,0.968,0.68,0.0,0.0,0.0,0.15,0.55,0.009950663899565781,0.08841337796850701,74.574,1.0886244137931036,0.9435,0.95,0.9,1.0,0.06666666666666667,LOST,ace09b2aff63c58ffc182ff6
4133,2026-07-27T17:46:38+00:00,2026-08-02T08:30:10Z,soccer_usa_mls,MLS,Vancouver Whitecaps FC vs Los Angeles FC,Draw,1xBet,2026-08-01T23:30:00Z,4.49,0.536933468712908,0.23176926997095612,0.23129726131613587,0.23176926997095612,0.005088394537058116,21.0,1.4996490120209698,1.2654164805724013,2.7650654925933713,0.23423253144856848,0.0,0.0,0.40118711010663466,0.2717105033774009,0.3271023865159645,0.2717105033774009,50.45007029956779,0.1,0.03333333333333333,0.23091059112205015,0.254814127314335,0.5142752815636148,0.254814127314335,-0.8888888888888888,0.3,0.1,0.417481970039058,0.27162146806398313,0.310896561896959,0.27162146806398313,-0.0793708,0.018969743764334912,0.5221772141982916,0.47782278580170845,0.5671264723128125,0.43287352768718745,0.24423402876064854,0.007533793921442597,0.959,0.68,0.0,0.0,0.0,0.15,0.55,0.012464758789692415,0.09661078913531207,74.574,1.0886244137931036,0.9435,0.95,0.9,1.0,0.08888888888888889,WON,29f9787e6096e17a941dbd5a
4135,2026-07-27T17:46:38+00:00,2026-08-02T08:30:10Z,soccer_usa_mls,MLS,Sporting Kansas City vs Houston Dynamo,Draw,1xBet,2026-08-02T00:30:00Z,4.12,0.2959136480935796,0.26578660973477236,0.43829974217164797,0.26578660973477236,0.0,21.0,1.4996490120209698,1.2654164805724013,2.7650654925933713,0.23423253144856848,0.0,0.0,0.4146763366961405,0.2669371109276054,0.31838655237625413,0.2669371109276054,72.13088053551982,0.03333333333333333,0.06666666666666667,0.38803685097170176,0.2735307322679323,0.3384324167603659,0.2735307322679323,0.33333333333333337,0.1,0.2,0.417481970039058,0.27162146806398313,0.310896561896959,0.27162146806398313,-0.0793708,0.018969743764334912,0.5221772141982916,0.47782278580170845,0.5671264723128125,0.43287352768718745,0.2676499408274413,0.002337368695552585,0.992,0.68,0.0,0.0,0.0,0.15,0.55,0.0018633310926689517,0.10271775620905821,74.574,1.0886244137931036,0.9435,0.95,0.9,1.0,0.06666666666666667,LOST,e929124d145d6ae62a7974be
4137,2026-07-27T17:46:39+00:00,2026-08-02T08:30:10Z,soccer_usa_mls,MLS,Minnesota United FC vs San Diego FC,Draw,1xBet,2026-08-02T00:30:00Z,4.34,0.4830479669184145,0.2409106313525554,0.27604140172903013,0.2409106313525554,0.018751370574453752,21.0,1.4996490120209698,1.2654164805724013,2.7650654925933713,0.23423253144856848,0.0,0.0,0.41602909857829595,0.26654256340915206,0.3174283380125521,0.26654256340915206,74.14890495987136,0.06666666666666667,0.03333333333333333,0.3819596506938408,0.2744576407454131,0.34358270856074624,0.2744576407454131,0.16666666666666666,0.2,0.1,0.417481970039058,0.27162146806398313,0.310896561896959,0.27162146806398313,-0.0793708,0.018969743764334912,0.5221772141982916,0.47782278580170845,0.5671264723128125,0.43287352768718745,0.251660811690572,0.002748493915257042,0.967,0.68,0.0,0.0,0.0,0.15,0.55,0.010750180338016585,0.09220792273708223,74.574,1.0886244137931036,0.9435,0.95,0.9,1.0,0.06666666666666667,WON,90d6c203183bd1540b2d954a
4139,2026-07-27T17:46:39+00:00,2026-08-02T08:30:10Z,soccer_usa_mls,MLS,Portland Timbers vs Seattle Sounders FC,Draw,1xBet,2026-08-02T02:30:00Z,4.29,0.4359756795089065,0.24265049575489872,0.32137382473619486,0.24265049575489872,0.0,21.0,1.4996490120209698,1.2654164805724013,2.7650654925933713,0.23423253144856848,0.0,0.0,0.4320136589635152,0.2613555391454269,0.30663080189105796,0.2613555391454269,100.91268682798045,0.0,0.06666666666666667,0.44196683332261283,0.2647748245947026,0.29325834208268464,0.2647748245947026,0.5,0.0,0.2,0.417481970039058,0.27162146806398313,0.310896561896959,0.27162146806398313,-0.0793708,0.018969743764334912,0.5221772141982916,0.47782278580170845,0.5671264723128125,0.43287352768718745,0.2513219445707077,0.00439414389399171,0.973,0.68,0.0,0.0,0.0,0.15,0.55,0.008671448815809002,0.07817114220833621,74.574,1.0886244137931036,0.9435,0.95,0.9,1.0,0.044444444444444446,LOST,411377a7459027482b7c362b
4140,2026-07-27T17:46:39+00:00,,soccer_usa_mls,MLS,Houston Dynamo vs LA Galaxy,Draw,1xBet,2026-08-16T00:30:00Z,4.44,0.558960455923257,0.23181722741941893,0.209222316657324,0.23181722741941893,0.0274675173460599,8.0,1.4996490120209698,1.2654164805724013,2.7650654925933713,0.23423253144856848,0.0,0.0,0.4394399223215115,0.26230035415277253,0.29825972352571606,0.26230035415277253,100.68449065229625,0.06666666666666667,0.1,0.4726678721577383,0.2616878362960172,0.2656442915462444,0.2616878362960172,0.4444444444444444,0.2,0.3,0.417481970039058,0.27162146806398313,0.310896561896959,0.27162146806398313,-0.0793708,0.018969743764334912,0.5221772141982916,0.47782278580170845,0.5671264723128125,0.43287352768718745,0.24476755104842407,0.004832017230686196,0.963,0.68,0.0,0.0,0.0,0.15,0.55,0.01295032362900514,0.08676792665500299,74.574,1.0886244137931036,0.9435,0.95,0.9,1.0,0.11111111111111112,OPEN,c23f2b9a10850d962129c188
4141,2026-07-27T17:46:40+00:00,,soccer_usa_mls,MLS,Real Salt Lake vs Minnesota United FC,Minnesota United FC,1xBet,2026-08-16T01:30:00Z,4.42,0.5495223128903547,0.23094791957492009,0.2195297675347252,0.2195297675347252,0.030523369863730387,8.0,1.4996490120209698,1.2654164805724013,2.7650654925933713,0.23423253144856848,0.0,0.0,0.417560167422717,0.26614101979734134,0.3162988127799417,0.3162988127799417,76.27148393344135,0.03333333333333333,0.06666666666666667,0.33441752734685337,0.27280816446444245,0.3927743081887041,0.3927743081887041,-0.16666666666666666,0.1,0.2,0.417481970039058,0.27162146806398313,0.310896561896959,0.310896561896959,-0.0793708,0.018969743764334912,0.5221772141982916,0.47782278580170845,0.5671264723128125,0.43287352768718745,0.2554291101142496,0.03475733555362008,0.847,0.68,0.0,0.0,0.0,0.15,0.55,0.03589934257952443,0.12899666670498333,74.574,1.0886244137931036,0.9435,0.95,0.9,1.0,0.06666666666666667,OPEN,feec423deb0b2d9457d0de0f
4145,2026-07-27T17:46:41+00:00,,soccer_brazil_campeonato,Brazil Serie A,Bahia vs Vasco da Gama,Vasco da Gama,1xBet,2026-08-09T19:00:00Z,4.47,0.5072854785081967,0.25565664129915644,0.2370578801926469,0.2370578801926469,0.03682840063079906,12.0,1.4554142187203447,1.301199024967064,2.7566132436874087,0.15421519375328074,0.0,0.0,0.4052474068468904,0.2685524364788839,0.3262001566742257,0.3262001566742257,61.949916734402336,0.03333333333333333,0.03333333333333333,0.36146932395466974,0.2770613520906604,0.36146932395466974,0.36146932395466974,0.0,0.1,0.1,0.3983324971515791,0.2736936584182495,0.32797384443017136,0.32797384443017136,-0.08093,0.01946651448818837,0.5201401883008331,0.4798598116991669,0.5677307223684331,0.43226927763156686,0.26972898786562294,0.014081484780069984,0.885,0.85,0.0,0.0,0.0,0.15,0.55,0.03267110767297604,0.20568857575933452,58.6,1.0576,0.98,0.95,0.9,1.0,0.044444444444444446,OPEN,b9b56d78d4582554720934e5
4147,2026-07-27T17:46:42+00:00,2026-07-29T07:02:08Z,soccer_argentina_primera_division,Argentina Primera Division,Rosario Central vs Racing Club,Racing Club,Betfair,2026-07-29T00:15:00Z,3.9,0.41929498823174305,0.31794299935241616,0.2627620124158409,0.2627620124158409,0.009811023762889892,15.0,1.4535876422025307,1.3023934300276088,2.7559810722301394,0.1511942121749219,0.0,0.0,0.3986816432352194,0.2685765001406296,0.33274185662415107,0.33274185662415107,58.03500000000008,0.0,0.0,0.36203522504892366,0.2759295499021527,0.36203522504892366,0.36203522504892366,0.0,0.0,0.0,0.3977184595379041,0.27355304118652146,0.32872849927557435,0.32872849927557435,-0.08004230000000001,0.01925864996040383,0.5199876399709993,0.4800123600290007,0.5675653429621778,0.43243465703782225,0.28585895278968243,0.011934974591752932,0.909,0.68,0.0,0.0,0.0,0.15,0.55,0.023096940373841524,0.11484991587976134,58.035000000000004,1.0564513750000002,0.9907,0.95,0.9,1.0,0.0,LOST,21c1dc6f8bbc2e072e8d0ae4
4159,2026-07-28T08:41:49+00:00,2026-08-02T17:05:39Z,soccer_norway_eliteserien,Eliteserien,Aalesund vs Tromso,Aalesund,Tipico,2026-08-02T15:00:00Z,4.1,0.24789697110079634,0.2540432862080878,0.4980597426911159,0.24789697110079634,0.017819557589028534,19.0,1.4615679584682704,1.2547889802578442,2.716356938726115,0.20677897821042612,0.0,0.0,0.3740651119531203,0.2791567977582469,0.3467780902886327,0.3740651119531203,15.495600918877013,0.06666666666666667,0.03333333333333333,0.2016620423743761,0.24891589015797125,0.5494220674676527,0.2016620423743761,-1.0,0.2,0.1,0.4100007992803444,0.27487696644028764,0.3151222342793681,0.4100007992803444,-0.0791277,0.01918888087078413,0.5103735813198855,0.4896264186801145,0.5587010915009757,0.4412989084990243,0.2765533027053094,0.08661103312906539,0.785,0.68,0.0,0.0,0.0,0.15,0.55,0.028656331604513086,0.1338685410917686,69.169,1.0792552222222223,0.9724,0.9967,0.9,0.8707904551516229,0.06666666666666667,LOST,87d542a6f3b816dbb523d9c6
4174,2026-07-28T08:41:54+00:00,,soccer_usa_mls,MLS,New York City FC vs Philadelphia Union,Philadelphia Union,1xBet,2026-08-16T22:00:00Z,4.45,0.5446576576590317,0.23056256262794644,0.2247797797130218,0.2247797797130218,0.03158673514960064,7.0,1.4996490120209698,1.2654164805724013,2.7650654925933713,0.23423253144856848,0.0,0.0,0.4146664191983529,0.2659410602071614,0.31939252059448575,0.31939252059448575,75.44295567238609,0.03333333333333333,0.03333333333333333,0.3494380248669914,0.27489421004115466,0.375667765091854,0.375667765091854,0.0,0.1,0.1,0.417481970039058,0.27162146806398313,0.310896561896959,0.310896561896959,-0.0793708,0.018969743764334912,0.5221772141982916,0.47782278580170845,0.5671264723128125,0.43287352768718745,0.2579802890718654,0.026029536047845955,0.865,0.68,0.0,0.0,0.0,0.15,0.55,0.03320050935884358,0.14801228636980102,74.574,1.0886244137931036,0.9435,0.95,0.9,1.0,0.044444444444444446,OPEN,79526ffd7a48740434fd1c5f
4179,2026-07-28T17:38:52+00:00,,soccer_efl_champ,Championship,Watford vs Southampton,Watford,LeoVegas (SE),2026-08-16T12:30:00Z,3.95,0.2745816641804571,0.26475079128866746,0.46066754453087544,0.2745816641804571,0.0,18.0,1.4573658,1.3068951231060606,2.7642609231060606,0.15047067689393945,0.0,0.0,0.3986580862607787,0.2685834301359262,0.3327584836032951,0.3986580862607787,58.0,0.0,0.0,0.36203522504892366,0.2759295499021527,0.36203522504892366,0.36203522504892366,0.0,0.0,0.0,0.3977503374719097,0.27306898432986876,0.3291806781982215,0.3977503374719097,-0.08,0.019205528929053806,0.5219835541832746,0.4780164458167254,0.5691173699574466,0.43088263004255345,0.31194718923803344,0.013166366668595001,0.874,0.72,0.0,0.0,0.0,0.15,0.55,0.03736552505757634,0.2321913974902321,58.0,1.056,1.0,0.9954,0.9,1.0,0.0,OPEN,862033c06c0f6101d2084066
4185,2026-07-28T17:38:57+00:00,,soccer_turkey_super_league,Turkish Super Lig,Amed SK vs Erzurum BB,Erzurum BB,Coolbet,2026-08-16T18:30:00Z,3.3,0.4263814366636999,0.2514365377342266,0.3221820256020736,0.3221820256020736,0.05250619401562795,4.0,1.4472,1.2593283582089552,2.7065283582089554,0.18787164179104487,0.0,0.0,0.404028229728951,0.2670234474012805,0.3289483228697686,0.3289483228697686,66.0,0.0,0.0,0.36203522504892366,0.2759295499021527,0.36203522504892366,0.36203522504892366,0.0,0.0,0.0,0.40519866565382573,0.2759698636360663,0.31883147071010803,0.31883147071010803,-0.08,0.019469616699289316,0.5079731252161227,0.4920268747838773,0.5574303112733258,0.44256968872667424,0.32406979410950887,0.01542489018912072,0.957,0.68,0.0,0.0,0.0,0.15,0.55,0.0018877685074352724,0.0694303205613791,66.0,1.072,1.0,0.9588,0.9,1.0,0.0,OPEN,d6492f0212c8cb5a21bdfa35
4198,2026-07-28T17:39:02+00:00,2026-08-02T08:30:10Z,soccer_usa_mls,MLS,St. Louis City SC vs Real Salt Lake,Draw,1xBet,2026-08-02T00:30:00Z,4.21,0.44288742163342965,0.25079740379284654,0.3063151745737239,0.25079740379284654,0.002518378994206927,22.0,1.4996490120209698,1.2654164805724013,2.7650654925933713,0.23423253144856848,0.0,0.0,0.44371869453583374,0.25936560564774497,0.2969156998164213,0.25936560564774497,114.49763625158073,0.06666666666666667,0.03333333333333333,0.5482479596655007,0.24909496776369958,0.2026570725707997,0.24909496776369958,1.0,0.2,0.1,0.417481970039058,0.27162146806398313,0.310896561896959,0.27162146806398313,-0.0793708,0.018969743764334912,0.5221772141982916,0.47782278580170845,0.5671264723128125,0.43287352768718745,0.255097179321319,0.00949867693448925,0.978,0.68,0.0,0.0,0.0,0.15,0.55,0.004299775528472438,0.07395912494275292,74.574,1.0886244137931036,0.9435,0.95,0.9,1.0,0.06666666666666667,WON,dfd457e7496e7b6728589bb4
4200,2026-07-28T17:39:02+00:00,2026-08-02T08:30:10Z,soccer_usa_mls,MLS,Colorado Rapids vs Austin FC,Draw,1xBet,2026-08-02T01:30:00Z,4.4,0.5456826333750783,0.2341554363263337,0.22016193029858816,0.2341554363263337,0.013789581205311485,21.0,1.4996490120209698,1.2654164805724013,2.7650654925933713,0.23423253144856848,0.0,0.0,0.4221713842989089,0.2669066230913628,0.3109219926097284,0.2669066230913628,76.04311595520488,0.06666666666666667,0.1,0.3385598907260596,0.2747883020667154,0.3866518072072249,0.2747883020667154,-0.16666666666666663,0.2,0.3,0.417481970039058,0.27162146806398313,0.310896561896959,0.27162146806398313,-0.0793708,0.018969743764334912,0.5221772141982916,0.47782278580170845,0.5671264723128125,0.43287352768718745,0.24791786198361807,0.0028417980860815173,0.959,0.68,0.0,0.0,0.0,0.15,0.55,0.01376242565728436,0.09083859272791961,74.574,1.0886244137931036,0.9435,0.95,0.9,1.0,0.11111111111111112,LOST,ae842f9fa53e8fd38df948ab
4204,2026-07-28T17:39:03+00:00,,soccer_usa_mls,MLS,San Jose Earthquakes vs St. Louis City SC,St. Louis City SC,Coolbet,2026-08-16T02:30:00Z,4.5,0.5502263844752604,0.22925853195609608,0.22051508356864358,0.22051508356864358,0.027377256036181574,8.0,1.4996490120209698,1.2654164805724013,2.7650654925933713,0.23423253144856848,0.0,0.0,0.3936423304853354,0.27388251323481094,0.33247515627985375,0.33247515627985375,40.31055694266874,0.06666666666666667,0.06666666666666667,0.2547122615250913,0.2590941190762573,0.48619361939865136,0.48619361939865136,-0.6666666666666667,0.2,0.2,0.417481970039058,0.27162146806398313,0.310896561896959,0.310896561896959,-0.0793708,0.018969743764334912,0.5221772141982916,0.47782278580170845,0.5671264723128125,0.43287352768718745,0.2607741814151047,0.07592138410276417,0.761,0.68,0.0,0.0,0.0,0.15,0.55,0.040259097846461145,0.17348381636797128,74.574,1.0886244137931036,0.9435,0.9588,0.9,0.9029783307847278,0.08888888888888889,OPEN,bb19a61eb14273d7517521cc
4208,2026-07-28T17:39:04+00:00,2026-07-31T08:02:25Z,soccer_brazil_campeonato,Brazil Serie A,Coritiba vs Cruzeiro,Coritiba,Betfair,2026-07-31T00:30:00Z,3.55,0.2879187226583658,0.28754438915492,0.42453688818671426,0.2879187226583658,0.010590396599546192,22.0,1.4554142187203447,1.301199024967064,2.7566132436874087,0.15421519375328074,0.0,0.0,0.39663616030322224,0.2710447857088621,0.33231905398791567,0.39663616030322224,49.69610818752358,0.03333333333333333,0.03333333333333333,0.352676367193506,0.2754775176104654,0.37184611519602867,0.352676367193506,0.0,0.1,0.1,0.3983324971515791,0.2736936584182495,0.32797384443017136,0.3983324971515791,-0.08093,0.01946651448818837,0.5201401883008331,0.4798598116991669,0.5677307223684331,0.43226927763156686,0.32041253095289823,0.018703893516617165,0.888,0.85,0.0,0.0,0.0,0.15,0.55,0.03249380829453241,0.13746448488278862,58.6,1.0576,0.98,0.95,0.9,1.0,0.044444444444444446,LOST,b6c9442615322eb4effa92dd
4219,2026-07-29T08:48:25+00:00,2026-08-02T01:47:14Z,soccer_switzerland_superleague,Swiss Super League,FC Basel vs FC Lausanne-Sport,FC Lausanne-Sport,Betfair,2026-08-01T16:00:00Z,3.75,0.48002176578350597,0.24219054125023257,0.2777876929662615,0.2777876929662615,0.004761904761904745,22.0,1.4369462380437243,1.2681350539141008,2.705081291957825,0.1688111841296236,0.0,0.0,0.41477770416706844,0.2658839146594909,0.3193383811734407,0.3193383811734407,75.71243908769254,0.03333333333333333,0.03333333333333333,0.45766305077357167,0.26237907336204963,0.27995787586437876,0.27995787586437876,0.6666666666666667,0.1,0.1,0.4006544144724628,0.27633617040802844,0.32300941511950876,0.32300941511950876,-0.08003279999999999,0.019503042214851107,0.5076191897707076,0.49238081022929236,0.5576080921075534,0.44239190789244665,0.28919194018240735,0.017445748769344824,0.947,0.68,0.0,0.0,0.0,0.15,0.55,0.011404247216145857,0.08446977568402758,62.016,1.06448,0.9967,0.95,0.9,1.0,0.044444444444444446,WON,9010cfd2396c3491ea9fd214
4221,2026-07-29T08:48:25+00:00,2026-08-02T01:47:14Z,soccer_switzerland_superleague,Swiss Super League,FC Thun vs BSC Young Boys,FC Thun,Betfair,2026-08-01T18:30:00Z,2.78,0.37945169578006316,0.24359042690100133,0.37695787731893543,0.37945169578006316,0.0,22.0,1.4369462380437243,1.2681350539141008,2.705081291957825,0.1688111841296236,0.0,0.0,0.4141874721464721,0.26510193397920745,0.32071059387432044,0.4141874721464721,78.05183407321982,0.03333333333333333,0.0,0.4554325977801795,0.2621868780933314,0.2823805241264891,0.4554325977801795,0.5,0.1,0.0,0.4006544144724628,0.27633617040802844,0.32300941511950876,0.4006544144724628,-0.08003279999999999,0.019503042214851107,0.5076191897707076,0.49238081022929236,0.5576080921075534,0.44239190789244665,0.390280858265983,0.020766146145378077,0.931,0.68,0.0,0.0,0.0,0.15,0.55,0.010829162485919863,0.0849807859794327,62.016,1.06448,0.9967,0.95,0.9,1.0,0.022222222222222223,LOST,7116d1be36c3b6b1fe08a547
4245,2026-07-29T08:48:39+00:00,2026-08-02T06:52:27Z,soccer_argentina_primera_division,Argentina Primera Division,Racing Club vs CA Tigre BA,CA Tigre BA,Betfair,2026-08-01T23:30:00Z,4.4,0.45454614912841784,0.31169848275034834,0.2337553681212339,0.2337553681212339,0.004398826979472137,13.0,1.4535876422025307,1.3023934300276088,2.7559810722301394,0.1511942121749219,0.0,0.0,0.40774926284177093,0.2669080435497291,0.3253426936085001,0.3253426936085001,68.49344271065344,0.0,0.03333333333333333,0.42922158669464394,0.2661904176368158,0.30458799566854017,0.30458799566854017,0.5,0.0,0.1,0.3977184595379041,0.27355304118652146,0.32872849927557435,0.32872849927557435,-0.08004230000000001,0.01925864996040383,0.5199876399709993,0.4800123600290007,0.5675653429621778,0.43243465703782225,0.26339439309106183,0.009206340650652851,0.904,0.68,0.0,0.0,0.0,0.15,0.55,0.029639024969827926,0.15893532960067214,58.035000000000004,1.0564513750000002,0.9907,0.95,0.9,1.0,0.022222222222222223,WON,6f3af70e6a041bd531d08aed
4246,2026-07-29T08:48:39+00:00,2026-08-03T05:47:54Z,soccer_argentina_primera_division,Argentina Primera Division,Newells Old Boys vs Boca Juniors,Newells Old Boys,Nordic Bet,2026-08-02T20:00:00Z,3.7,0.276749067410205,0.30457454637306985,0.4186763862167251,0.276749067410205,0.034159159159159014,12.0,1.4535876422025307,1.3023934300276088,2.7559810722301394,0.1511942121749219,0.0,0.0,0.4119881884409325,0.26572085410190677,0.3222909574571607,0.4119881884409325,74.7446123228612,0.0,0.03333333333333333,0.44885306850722667,0.26319185289326635,0.287955078599507,0.44885306850722667,0.5,0.0,0.1,0.3977184595379041,0.27355304118652146,0.32872849927557435,0.3977184595379041,-0.08004230000000001,0.01925864996040383,0.5199876399709993,0.4800123600290007,0.5675653429621778,0.43243465703782225,0.31942502998611844,0.01940063235615589,0.839,0.68,0.0,0.0,0.0,0.15,0.55,0.04267596257591344,0.18187261094863838,58.035000000000004,1.0564513750000002,0.9907,0.9967,0.9,1.0,0.022222222222222223,LOST,87ee8eb507a5ab9739ca2a45
4274,2026-07-29T17:20:17+00:00,2026-08-02T08:30:10Z,soccer_usa_mls,MLS,Portland Timbers vs Seattle Sounders FC,Draw,1xBet,2026-08-02T02:45:00Z,4.3,0.4429132893223642,0.2419372832093822,0.31514942746825364,0.2419372832093822,0.0,23.0,1.4996490120209698,1.2654164805724013,2.7650654925933713,0.23423253144856848,0.0,0.0,0.4320136589635152,0.2613555391454269,0.30663080189105796,0.2613555391454269,100.91268682798045,0.0,0.06666666666666667,0.44196683332261283,0.2647748245947026,0.29325834208268464,0.2647748245947026,0.5,0.0,0.2,0.417481970039058,0.27162146806398313,0.310896561896959,0.27162146806398313,-0.0793708,0.018969743764334912,0.5221772141982916,0.47782278580170845,0.5671264723128125,0.43287352768718745,0.2508539688741492,0.00439414389399171,0.972,0.68,0.0,0.0,0.0,0.15,0.55,0.008916685664766971,0.07867206615884137,74.574,1.0886244137931036,0.9435,0.95,0.9,1.0,0.044444444444444446,LOST,5c63a932444233464ee248f5
4283,2026-07-29T17:20:20+00:00,2026-07-30T07:02:02Z,soccer_argentina_primera_division,Argentina Primera Division,Barracas Central vs Aldosivi Mar del Plata,Aldosivi Mar del Plata,Betfair,2026-07-29T17:30:00Z,4.1,0.40330244545324295,0.34297903265079555,0.25371852189596156,0.25371852189596156,0.005016433143054888,16.0,1.4531269645826257,1.2987414839663778,2.7518684485490033,0.1543854806162479,0.0,0.0,0.40926200336893265,0.2664716645943881,0.3242663320366792,0.3242663320366792,70.76270431122725,0.03333333333333333,0.0,0.43522328619023454,0.26527370209385964,0.2995030117159058,0.2995030117159058,0.5,0.1,0.0,0.3983295373685424,0.27383062301395056,0.327839839617507,0.327839839617507,-0.0803552,0.01935304069199245,0.5189945744361293,0.4810054255638707,0.566772014429111,0.43322798557088904,0.2760390710767689,0.010825890080011233,0.926,0.68,0.0,0.0,0.0,0.15,0.55,0.022320549180807336,0.13176019141475237,58.87200000000001,1.057768,0.9775,0.95,0.9,1.0,0.022222222222222223,LOST,5f5338dbe51c3eb5a497daad
4285,2026-07-29T17:20:20+00:00,2026-07-31T07:01:40Z,soccer_argentina_primera_division,Argentina Primera Division,Talleres vs Velez Sarsfield BA,Velez Sarsfield BA,Pinnacle,2026-07-30T22:00:00Z,3.69,0.38990517696912363,0.33048059224188925,0.27961423078898706,0.27961423078898706,0.0,16.0,1.4531269645826257,1.2987414839663778,2.7518684485490033,0.1543854806162479,0.0,0.0,0.3955446911189124,0.2704472316131293,0.3340080772679584,0.3340080772679584,50.69286117518938,0.0,0.03333333333333333,0.2995030117159058,0.26527370209385964,0.43522328619023454,0.43522328619023454,-0.5,0.0,0.1,0.3983295373685424,0.27383062301395056,0.327839839617507,0.327839839617507,-0.0803552,0.01935304069199245,0.5189945744361293,0.4810054255638707,0.566772014429111,0.43322798557088904,0.29952731148824596,0.041510514358894995,0.858,0.68,0.0,0.0,0.0,0.15,0.55,0.0199130806992589,0.10525577939162756,58.87200000000001,1.057768,0.9775,0.9753,0.9,1.0,0.022222222222222223,WON,a2a7195f26d3ad283bc4918b
4293,2026-07-30T08:34:18+00:00,,soccer_portugal_primeira_liga,Primeira Liga,Gil Vicente vs Rio Ave FC,Rio Ave FC,Coolbet,2026-08-09T19:30:00Z,4.5,0.5256464326333881,0.25776375611485103,0.2165898112517609,0.2165898112517609,0.022503022503022496,11.0,1.473926775,1.2922109082397002,2.7661376832397,0.18171586676029983,0.0,0.0,0.40268851535954364,0.267408954739361,0.3299025299010953,0.3299025299010953,64.0,0.0,0.0,0.36203522504892366,0.2759295499021527,0.36203522504892366,0.36203522504892366,0.0,0.0,0.0,0.40509556514733064,0.2725569889615148,0.3223474458911546,0.3223474458911546,-0.08,0.019169519193702134,0.5224353122416815,0.4775646877583185,0.5688019012560139,0.43119809874398607,0.25296768867040265,0.014161364612919825,0.863,0.68,0.0,0.0,0.0,0.15,0.55,0.036377877418641735,0.1383545990168118,64.0,1.068,1.0,0.9588,0.9,1.0,0.0,OPEN,6b19816ecb33be049107aade
4294,2026-07-30T08:34:18+00:00,,soccer_portugal_primeira_liga,Primeira Liga,Santa Clara vs Nacional,Nacional,Tipico,2026-08-10T19:15:00Z,4.3,0.4732138478571958,0.2850987913926471,0.24168736075015707,0.24168736075015707,0.02172529154420233,11.0,1.473926775,1.2922109082397002,2.7661376832397,0.18171586676029983,0.0,0.0,0.40268851535954364,0.267408954739361,0.3299025299010953,0.3299025299010953,64.0,0.0,0.0,0.36203522504892366,0.2759295499021527,0.36203522504892366,0.36203522504892366,0.0,0.0,0.0,0.40509556514733064,0.2725569889615148,0.3223474458911546,0.3223474458911546,-0.08,0.019169519193702134,0.5224353122416815,0.4775646877583185,0.5688019012560139,0.43119809874398607,0.27002738227288453,0.014161364612919825,0.889,0.68,0.0,0.0,0.0,0.15,0.55,0.028340021522727465,0.1611177437734035,64.0,1.068,1.0,0.9967,0.9,1.0,0.0,OPEN,ec32ed741cc2527218d4c040
4299,2026-07-30T08:34:23+00:00,2026-08-01T17:05:17Z,soccer_sweden_allsvenskan,Allsvenskan,BK Hacken vs Kalmar FF,Draw,Matchbook,2026-08-01T13:00:00Z,4.4,0.5249386302585572,0.23796844080113666,0.23709292894030612,0.23796844080113666,0.003107385460326517,21.0,1.4547393002208053,1.2506297789082226,2.705369079129028,0.20410952131258275,0.0,0.0,0.40893443045015004,0.2675176931533433,0.32354787639650673,0.2675176931533433,67.2140636295022,0.03333333333333333,0.03333333333333333,0.36097231258063955,0.2769718277392255,0.362055859680135,0.2769718277392255,0.0,0.1,0.1,0.40903508952056433,0.2757546308199762,0.3152102796594594,0.2757546308199762,-0.0798768,0.019428440742331465,0.507689575687654,0.49231042431234595,0.5567741411548349,0.4432258588451651,0.2504838338757967,0.003582324804025789,0.961,0.68,0.0,0.0,0.0,0.15,0.55,0.012515393074660042,0.1021288690535056,68.30799999999999,1.0785200000000001,0.9753,0.9845,0.9,1.0,0.044444444444444446,WON,d3d3092dd3f64998b0177cc3
4316,2026-07-30T08:34:29+00:00,2026-08-03T05:47:54Z,soccer_argentina_primera_division,Argentina Primera Division,Deportivo Riestra vs Barracas Central,Barracas Central,Betfair,2026-08-02T17:30:00Z,4.4,0.4411902211139372,0.3300186137749245,0.22879116511113823,0.22879116511113823,0.007287641515829391,14.0,1.4531269645826257,1.2987414839663778,2.7518684485490033,0.1543854806162479,0.0,0.0,0.40411256933164774,0.26886911983610406,0.32701831083224825,0.32701831083224825,60.35361931837531,0.03333333333333333,0.03333333333333333,0.3960995531516296,0.2717756573336347,0.3321247895147358,0.3321247895147358,0.0,0.1,0.1,0.3983295373685424,0.27383062301395056,0.327839839617507,0.327839839617507,-0.0803552,0.01935304069199245,0.5189945744361293,0.4810054255638707,0.566772014429111,0.43322798557088904,0.26352875139455667,0.0018965011623217527,0.891,0.68,0.0,0.0,0.0,0.15,0.55,0.03473758628341844,0.15952650613604935,58.87200000000001,1.057768,0.9775,0.95,0.9,1.0,0.044444444444444446,WON,929291d80ae7c585dcd205ff
4318,2026-07-30T08:34:29+00:00,2026-08-03T05:47:54Z,soccer_argentina_primera_division,Argentina Primera Division,River Plate vs Rosario Central,Rosario Central,Betfair,2026-08-02T22:15:00Z,4.4,0.4584124843957664,0.3049699135507227,0.2366176020535109,0.2366176020535109,0.011765382773006872,14.0,1.4531269645826257,1.2987414839663778,2.7518684485490033,0.1543854806162479,0.0,0.0,0.3936741826462895,0.2719239497262109,0.3344018676274997,0.3344018676274997,45.50784340173982,0.03333333333333333,0.03333333333333333,0.31497765212957024,0.26868702308181885,0.416335324788611,0.416335324788611,-0.3333333333333333,0.1,0.1,0.3983295373685424,0.27383062301395056,0.327839839617507,0.327839839617507,-0.0803552,0.01935304069199245,0.5189945744361293,0.4810054255638707,0.566772014429111,0.43322798557088904,0.2703265080048543,0.035944473845573165,0.841,0.68,0.0,0.0,0.0,0.15,0.55,0.033708905951343404,0.189436635221359,58.87200000000001,1.057768,0.9775,0.95,0.9,1.0,0.044444444444444446,WON,68be68aff6f4ab25842c67ee
4326,2026-07-30T17:40:39+00:00,,soccer_portugal_primeira_liga,Primeira Liga,Estoril vs Famalicão,Estoril,Pinnacle,2026-08-07T19:15:00Z,3.49,0.29047245908641994,0.2876839991877101,0.4218435417258701,0.29047245908641994,0.017331821055645236,12.0,1.473926775,1.2922109082397002,2.7661376832397,0.18171586676029983,0.0,0.0,0.40268851535954364,0.267408954739361,0.3299025299010953,0.40268851535954364,64.0,0.0,0.0,0.36203522504892366,0.2759295499021527,0.36203522504892366,0.36203522504892366,0.0,0.0,0.0,0.40509556514733064,0.2725569889615148,0.3223474458911546,0.40509556514733064,-0.08,0.019169519193702134,0.5224353122416815,0.4775646877583185,0.5688019012560139,0.43119809874398607,0.3243469609885967,0.01557633468909902,0.884,0.68,0.0,0.0,0.0,0.15,0.55,0.03387450190217678,0.13197089385020266,64.0,1.068,1.0,0.97,0.9,1.0,0.0,OPEN,ca5aa2e2a9809b1b50580a7f
4333,2026-07-30T17:40:44+00:00,2026-08-02T17:05:39Z,soccer_norway_eliteserien,Eliteserien,Molde vs Sarpsborg FK,Draw,Betfair,2026-08-02T15:00:00Z,4.5,0.5701229117251433,0.22834739493584788,0.20152969333900886,0.22834739493584788,0.008300012116805977,20.0,1.4638427846422775,1.2544516500775567,2.718294434719834,0.2093911345647208,0.0,0.0,0.39695736970049766,0.271956220706121,0.33108640959338137,0.271956220706121,47.34848429447269,0.0,0.1,0.29459356645618473,0.26564096532560993,0.4397654682182053,0.26564096532560993,-0.5,0.0,0.3,0.41069815925199227,0.274646397084415,0.31465544366359266,0.274646397084415,-0.0788268,0.01910346793737633,0.510846048948531,0.48915395105146897,0.5589610790404079,0.4410389209595921,0.24367298074765364,0.0037038582450325498,0.953,0.68,0.0,0.0,0.0,0.15,0.55,0.015325585811805764,0.09652841336444151,69.476,1.08024,0.9671,0.95,0.9,1.0,0.06666666666666667,WON,bfc0a2187e963b8549e9f307
4336,2026-07-30T17:40:46+00:00,2026-08-02T08:30:10Z,soccer_usa_mls,MLS,D.C. United vs Nashville SC,D.C. United,Betfair,2026-08-01T23:30:00Z,3.1,0.3211043387845905,0.2732435627215358,0.4056520984938737,0.3211043387845905,0.00449930121787756,23.0,1.4996490120209698,1.2654164805724013,2.7650654925933713,0.23423253144856848,0.0,0.0,0.4322042302141378,0.2622839906669445,0.30551177911891775,0.4322042302141378,97.35700444822099,0.06666666666666667,0.03333333333333333,0.466249866955226,0.2616015042929114,0.27214862875186263,0.466249866955226,0.6666666666666666,0.2,0.1,0.417481970039058,0.27162146806398313,0.310896561896959,0.417481970039058,-0.0793708,0.018969743764334912,0.5221772141982916,0.47782278580170845,0.5671264723128125,0.43287352768718745,0.35791587560155336,0.02005658092035583,0.865,0.68,0.0,0.0,0.0,0.15,0.55,0.036811536816962864,0.10953921436481551,74.574,1.0886244137931036,0.9435,0.95,0.9,1.0,0.06666666666666667,LOST,d1de1f6a60e08a9462f88d79
4343,2026-07-30T17:40:47+00:00,2026-08-02T08:30:10Z,soccer_usa_mls,MLS,LA Galaxy vs FC Dallas,Draw,1xBet,2026-08-02T02:30:00Z,4.22,0.43526630877325584,0.247820671468912,0.31691301975783215,0.247820671468912,0.0008557135334386068,23.0,1.4996490120209698,1.2654164805724013,2.7650654925933713,0.23423253144856848,0.0,0.0,0.40513975150689946,0.26953827983670964,0.32532196865639096,0.26953827983670964,58.928711066692955,0.1,0.0,0.3217615889345179,0.27053044951943656,0.40770796154604544,0.27053044951943656,-0.2777777777777778,0.3,0.0,0.417481970039058,0.27162146806398313,0.310896561896959,0.27162146806398313,-0.0793708,0.018969743764334912,0.5221772141982916,0.47782278580170845,0.5671264723128125,0.43287352768718745,0.25602987228977564,0.0008494193901893033,0.975,0.68,0.0,0.0,0.0,0.15,0.55,0.008209200820863627,0.08044606106285324,74.574,1.0886244137931036,0.9435,0.95,0.9,1.0,0.06666666666666667,WON,875064ad35d35f106465333b
4352,2026-07-30T17:40:49+00:00,2026-07-31T07:01:40Z,soccer_argentina_primera_division,Argentina Primera Division,Central Córdoba vs Atlético Tucuman,Central Córdoba,Betfair,2026-07-31T00:15:00Z,3.5,0.29054425030123643,0.3164072687923945,0.39304848090636907,0.29054425030123643,0.01844143776844387,16.0,1.4532413691876924,1.2930136719003387,2.7462550410880313,0.16022769728735375,0.0,0.0,0.3960901356367378,0.27028495550701487,0.33362490885624746,0.3960901356367378,51.48336117518945,0.03333333333333333,0.0,0.30458799566854017,0.2661904176368158,0.42922158669464394,0.30458799566854017,-0.5,0.1,0.0,0.39957257674616947,0.27407230871255833,0.32635511454127214,0.39957257674616947,-0.0802925,0.019362555164461448,0.517637316160105,0.482362683839895,0.5655952524206178,0.4344047475793822,0.3170090069740168,0.03688493429342664,0.874,0.68,0.0,0.0,0.0,0.15,0.55,0.026464756672780365,0.10953152440905889,59.662499999999994,1.06015,0.97,0.95,0.9,1.0,0.022222222222222223,LOST,c033a226a1f2bd48e9abab8a
4358,2026-07-30T17:40:51+00:00,,soccer_argentina_primera_division,Argentina Primera Division,CA Tigre BA vs River Plate,CA Tigre BA,1xBet,2026-08-09T20:00:00Z,3.4,0.29406582203016607,0.305072192329165,0.400861985640669,0.29406582203016607,0.05389641316670346,8.0,1.4532413691876924,1.2930136719003387,2.7462550410880313,0.16022769728735375,0.0,0.0,0.4152142854242746,0.26673887986753764,0.31804683470818784,0.4152142854242746,73.09131944999584,0.03333333333333333,0.06666666666666667,0.36118703631393984,0.2776259273721203,0.36118703631393984,0.36118703631393984,0.0,0.1,0.2,0.39957257674616947,0.27407230871255833,0.32635511454127214,0.39957257674616947,-0.0802925,0.019362555164461448,0.517637316160105,0.482362683839895,0.5655952524206178,0.4344047475793822,0.32801817159627655,0.019590989861947253,0.883,0.68,0.0,0.0,0.0,0.15,0.55,0.033952349566110485,0.11526178342734017,59.662499999999994,1.06015,0.97,0.95,0.9,1.0,0.06666666666666667,OPEN,6576b80b503993a609884c54
4359,2026-07-30T17:40:51+00:00,2026-08-01T08:27:33Z,soccer_mexico_ligamx,Liga MX,Puebla vs Guadalajara,Draw,Matchbook,2026-08-01T01:00:00Z,4.4,0.2064467729704409,0.23683322974813012,0.5567199972814291,0.23683322974813012,0.022594364699627834,19.0,1.498561585305612,1.2656397332593967,2.764201318565009,0.2329218520462153,0.0,0.0,0.40905808748252,0.26559701834628896,0.3253448941711911,0.26559701834628896,73.53700000000003,0.0,0.0,0.36203522504892366,0.2759295499021527,0.36203522504892366,0.2759295499021527,0.0,0.0,0.0,0.4171247948535814,0.27175665499311985,0.31111855015329887,0.27175665499311985,-0.0796293,0.019037525293023216,0.5219691593113158,0.4780308406886842,0.5670349283461357,0.43296507165386433,0.2482751235698582,0.003220175889485785,0.962,0.68,0.0,0.0,0.0,0.15,0.55,0.011441893821728083,0.09241054370737611,73.537,1.0881336666666668,0.9965,0.9845,0.9,1.0,0.0,WON,e67eb209dc4df6309cf9dd19
4367,2026-07-31T08:56:20+00:00,2026-08-01T17:04:44Z,soccer_spl,Scottish Premiership,Falkirk F.C. vs St Mirren,St Mirren,Matchbook,2026-08-01T14:00:00Z,3.9,0.4712737396806026,0.266851435836018,0.26187482448337945,0.26187482448337945,0.012117419884410063,19.0,1.4364000000000001,1.268796992481203,2.705196992481203,0.1676030075187971,0.0,0.0,0.4013468634058377,0.2677974389533476,0.3308556976408148,0.3308556976408148,62.0,0.0,0.0,0.36203522504892366,0.2759295499021527,0.36203522504892366,0.36203522504892366,0.0,0.0,0.0,0.40037581523968346,0.2763375197162663,0.3232866650440501,0.3232866650440501,-0.08,0.01949555475956999,0.5076474948055681,0.49235250519443186,0.5576529410285183,0.44234705897148174,0.28386323914127043,0.013825402287021062,0.909,0.68,0.0,0.0,0.0,0.15,0.55,0.021988414657890976,0.10706663265095462,62.0,1.064,1.0,0.9845,0.9,1.0,0.0,WON,96cece64777715abe4e9cc46
4370,2026-07-31T08:56:22+00:00,,soccer_belgium_first_div,Belgian Pro League,Gent vs KV Mechelen,KV Mechelen,Tipico,2026-08-09T11:30:00Z,3.8,0.45349038934308294,0.2764853136963915,0.2700242969605256,0.2700242969605256,0.008890149903059363,18.0,1.4711666125,1.2946353189493434,2.765801931449343,0.17653129355065666,0.0,0.0,0.40201792629812527,0.2676028233043014,0.33037925039757343,0.33037925039757343,63.0,0.0,0.0,0.36203522504892366,0.2759295499021527,0.36203522504892366,0.36203522504892366,0.0,0.0,0.0,0.4038745628461584,0.27264851419757563,0.32347692295626584,0.32347692295626584,-0.08,0.019175956360388102,0.5223545101241142,0.47764548987588584,0.5688583156476003,0.43114168435239975,0.2894154554890478,0.01376189678065578,0.917,0.68,0.0,0.0,0.0,0.15,0.55,0.01939115852852219,0.09977873085838151,63.0,1.066,1.0,0.9967,0.9,1.0,0.0,OPEN,6bb94b771ba718ed623594a4
4385,2026-07-31T17:43:54+00:00,2026-08-03T00:38:38Z,soccer_norway_eliteserien,Eliteserien,SK Brann vs Rosenborg,Draw,Betfair,2026-08-02T17:15:00Z,4.3,0.49967443522853955,0.24394069434288765,0.2563848704285729,0.24394069434288765,0.005118912095656292,22.0,1.4638427846422775,1.2544516500775567,2.718294434719834,0.2093911345647208,0.0,0.0,0.38368443561618093,0.2760153230192911,0.34030024136452797,0.2760153230192911,28.901611698848566,0.03333333333333333,0.06666666666666667,0.20838837910664615,0.25012644264338013,0.5414851782499738,0.25012644264338013,-1.0,0.1,0.2,0.41069815925199227,0.274646397084415,0.31465544366359266,0.274646397084415,-0.0788268,0.01910346793737633,0.510846048948531,0.48915395105146897,0.5589610790404079,0.4410389209595921,0.25247217412151357,0.01078457671988599,0.964,0.68,0.0,0.0,0.0,0.15,0.55,0.008531479778625922,0.0856303487225083,69.476,1.08024,0.9671,0.95,0.9,1.0,0.06666666666666667,LOST,75f85e56092c51f54c4be21e
4387,2026-07-31T17:43:54+00:00,2026-08-02T15:51:16Z,soccer_sweden_allsvenskan,Allsvenskan,IF Brommapojkarna vs Malmo FF,IF Brommapojkarna,Unibet (SE),2026-08-02T12:00:00Z,3.5,0.29551625151262645,0.2630034261057394,0.4414803223816342,0.29551625151262645,0.0,22.0,1.4547393002208053,1.2506297789082226,2.705369079129028,0.20410952131258275,0.0,0.0,0.38037992076600463,0.2807941092096459,0.33882597002434955,0.38037992076600463,16.259195581812374,0.1,0.13333333333333333,0.23880657116925,0.2581268527335018,0.5030665760972483,0.23880657116925,-0.5833333333333334,0.3,0.4,0.40903508952056433,0.2757546308199762,0.3152102796594594,0.40903508952056433,-0.0798768,0.019428440742331465,0.507689575687654,0.49231042431234595,0.5567741411548349,0.4432258588451651,0.30849674800690907,0.07743444573228045,0.831,0.68,0.0,0.0,0.0,0.15,0.55,0.012980496494282623,0.0797386180241817,68.30799999999999,1.0785200000000001,0.9753,0.9645,0.9,0.9438611072476031,0.15555555555555556,LOST,f1cd364b2b4a59ec146cc941
4389,2026-07-31T17:43:56+00:00,2026-08-02T08:30:10Z,soccer_usa_mls,MLS,CF Montreal vs New England Revolution,Draw,1xBet,2026-08-01T23:30:00Z,4.04,0.457635556112958,0.2612356622460733,0.2811287816409686,0.2612356622460733,0.0,23.0,1.4996490120209698,1.2654164805724013,2.7650654925933713,0.23423253144856848,0.0,0.0,0.3893607640670205,0.27513706933611065,0.33550216659686877,0.27513706933611065,34.62573719656859,0.06666666666666667,0.06666666666666667,0.24583747506598905,0.25749826415134724,0.49666426078266374,0.25749826415134724,-0.6666666666666666,0.2,0.2,0.417481970039058,0.27162146806398313,0.310896561896959,0.27162146806398313,-0.0793708,0.018969743764334912,0.5221772141982916,0.47782278580170845,0.5671264723128125,0.43287352768718745,0.2638090986535323,0.006948215336676976,0.982,0.68,0.0,0.0,0.0,0.15,0.55,0.0025734364074589955,0.06578875856027055,74.574,1.0886244137931036,0.9435,0.95,0.9,1.0,0.08888888888888889,WON,ab27b2700eb838a10d7b8739
4402,2026-07-31T17:43:59+00:00,2026-08-02T06:52:27Z,soccer_argentina_primera_division,Argentina Primera Division,Gimnasia Mendoza vs Union Santa Fe,Gimnasia Mendoza,Betfair,2026-08-01T18:30:00Z,3.3,0.3056247584463389,0.31261350416617123,0.38176173738748986,0.3056247584463389,0.005106005106005007,14.0,1.4491940948604605,1.2948683675014476,2.7440624623619083,0.15432572735901284,0.0,0.0,0.40534285113275526,0.26950834340572855,0.32514880546151625,0.40534285113275526,59.106746040956764,0.06666666666666667,0.03333333333333333,0.38134856967786646,0.2745508442187621,0.3441005861033715,0.38134856967786646,0.16666666666666669,0.2,0.1,0.39816121610201893,0.27422828370043506,0.32761050019754606,0.39816121610201893,-0.0801037,0.019333202205122635,0.5171066156581596,0.48289338434184037,0.5652817441845764,0.43471825581542356,0.3366920184600287,0.008662894576408241,0.901,0.68,0.0,0.0,0.0,0.15,0.55,0.031067260013689812,0.11108366091809474,59.940999999999995,1.05791425,0.9678,0.95,0.9,1.0,0.06666666666666667,WON,8e1b5eeaf496b84cfb34e9ea
4406,2026-07-31T17:44:00+00:00,2026-08-04T04:11:05Z,soccer_argentina_primera_division,Argentina Primera Division,Atlético Huracán vs Atlético Tucuman,Atlético Tucuman,Betfair,2026-08-04T00:15:00Z,4.2,0.44559254681599786,0.31929737965832333,0.23511007352567884,0.23511007352567884,0.014394583827797236,14.0,1.4491940948604605,1.2948683675014476,2.7440624623619083,0.15432572735901284,0.0,0.0,0.3881160421748389,0.27269962747900545,0.3391843303461556,0.3391843303461556,39.959402022820925,0.0,0.03333333333333333,0.28234606607138896,0.26218066603150686,0.4554732678971041,0.4554732678971041,-0.5,0.0,0.1,0.39816121610201893,0.27422828370043506,0.32761050019754606,0.32761050019754606,-0.0801037,0.019333202205122635,0.5171066156581596,0.48289338434184037,0.5652817441845764,0.43471825581542356,0.268491027471447,0.049116410393113874,0.804,0.68,0.0,0.0,0.0,0.15,0.55,0.03338095394576815,0.12766231538007733,59.940999999999995,1.05791425,0.9678,0.95,0.9,0.9717112546845376,0.022222222222222223,LOST,7cbe4ab25e690e4208e696d3
4408,2026-07-31T17:44:02+00:00,2026-08-01T08:27:33Z,soccer_mexico_ligamx,Liga MX,Atlético San Luis vs Tijuana,Tijuana,Betfair,2026-08-01T03:00:00Z,3.5,0.42653217491195655,0.2787193285428426,0.2947484965452009,0.2947484965452009,0.0,19.0,1.498561585305612,1.2656397332593967,2.764201318565009,0.2329218520462153,0.0,0.0,0.3901361101082723,0.27400575205497363,0.3358581378367541,0.3358581378367541,37.86846232959448,0.03333333333333333,0.06666666666666667,0.2217383031646378,0.25252905559477884,0.5257326412405834,0.5257326412405834,-1.0,0.1,0.2,0.4171247948535814,0.27175665499311985,0.31111855015329887,0.31111855015329887,-0.0796293,0.019037525293023216,0.5219691593113158,0.4780308406886842,0.5670349283461357,0.43296507165386433,0.31580440664018694,0.09011244480888059,0.768,0.68,0.0,0.0,0.0,0.15,0.55,0.02105591009498603,0.10531542324065435,73.537,1.0881336666666668,0.9965,0.95,0.9,0.8671559989066916,0.06666666666666667,LOST,713334026d841bd9adc766c3
4410,2026-07-31T17:44:03+00:00,,soccer_japan_j_league,J-League,Yokohama F Marinos vs Kashima Antlers,Yokohama F Marinos,Tipico,2026-08-07T10:25:00Z,3.9,0.2498585082586937,0.2742698079162619,0.4758716838250444,0.2498585082586937,0.04050116550116556,10.0,1.4364000000000001,1.268796992481203,2.705196992481203,0.1676030075187971,0.0,0.0,0.4013468634058377,0.2677974389533476,0.3308556976408148,0.4013468634058377,62.0,0.0,0.0,0.36203522504892366,0.2759295499021527,0.36203522504892366,0.36203522504892366,0.0,0.0,0.0,0.40037581523968346,0.2763375197162663,0.3232866650440501,0.40037581523968346,-0.08,0.01949555475956999,0.5076474948055681,0.49235250519443186,0.5576529410285183,0.44234705897148174,0.29662865634775565,0.01413389641605908,0.845,0.68,0.0,0.0,0.0,0.15,0.55,0.046770148089061936,0.1568517597562471,62.0,1.064,1.0,0.9967,0.9,1.0,0.0,OPEN,6c3f8231d08a866117cd46b8
4432,2026-08-01T08:27:29+00:00,2026-08-02T08:30:10Z,soccer_usa_mls,MLS,CF Montreal vs New England Revolution,New England Revolution,Betfair,2026-08-01T23:30:00Z,3.7,0.46130452246680986,0.2601153266886762,0.2785801508445139,0.2785801508445139,0.0,23.0,1.4996490120209698,1.2654164805724013,2.7650654925933713,0.23423253144856848,0.0,0.0,0.3893607640670205,0.27513706933611065,0.33550216659686877,0.33550216659686877,34.62573719656859,0.06666666666666667,0.06666666666666667,0.24583747506598905,0.25749826415134724,0.49666426078266374,0.49666426078266374,-0.6666666666666666,0.2,0.2,0.417481970039058,0.27162146806398313,0.310896561896959,0.310896561896959,-0.0793708,0.018969743764334912,0.5221772141982916,0.47782278580170845,0.5671264723128125,0.43287352768718745,0.30358349386371164,0.08029564778520691,0.79,0.68,0.0,0.0,0.0,0.15,0.55,0.025003343019197766,0.12325892729573318,74.574,1.0886244137931036,0.9435,0.95,0.9,0.9070241677554904,0.08888888888888889,LOST,ec3e4eb0c1bc49a9f80063ee
4448,2026-08-01T08:27:33+00:00,2026-08-04T04:11:05Z,soccer_argentina_primera_division,Argentina Primera Division,Velez Sarsfield BA vs Independiente,Independiente,Unibet (SE),2026-08-03T22:00:00Z,3.45,0.373151773189709,0.3257459668376138,0.3011022599726772,0.3011022599726772,0.0,15.0,1.4491940948604605,1.2948683675014476,2.7440624623619083,0.15432572735901284,0.0,0.0,0.40973394767027294,0.2682181182795771,0.3220479340501501,0.3220479340501501,65.47311059518493,0.06666666666666667,0.03333333333333333,0.36118703631393984,0.2776259273721203,0.36118703631393984,0.36118703631393984,0.0,0.2,0.1,0.39816121610201893,0.27422828370043506,0.32761050019754606,0.32761050019754606,-0.0801037,0.019333202205122635,0.5171066156581596,0.48289338434184037,0.5652817441845764,0.43471825581542356,0.31237895467403637,0.015379139955450554,0.946,0.68,0.0,0.0,0.0,0.15,0.55,0.011276694701359169,0.07770739362542556,59.940999999999995,1.05791425,0.9678,0.9645,0.9,1.0,0.06666666666666667,LOST,f3240f774afc64c3940b7d5c
4460,2026-08-01T17:05:16+00:00,,soccer_sweden_allsvenskan,Allsvenskan,Mjällby AIF vs IF Elfsborg,IF Elfsborg,Unibet (SE),2026-08-08T15:30:00Z,3.85,0.4479885186281805,0.2692256644183416,0.2827858169534778,0.2827858169534778,0.009216150725584793,14.0,1.4547393002208053,1.2506297789082226,2.705369079129028,0.20410952131258275,0.0,0.0,0.4182814910212885,0.2668015772982579,0.31491693168045365,0.31491693168045365,74.51999803286584,0.03333333333333333,0.1,0.3787616261263861,0.27546808025672714,0.3457702936168869,0.3457702936168869,0.0,0.1,0.3,0.40903508952056433,0.2757546308199762,0.3152102796594594,0.3152102796594594,-0.0798768,0.019428440742331465,0.507689575687654,0.49231042431234595,0.5567741411548349,0.4432258588451651,0.2968974926334571,0.013716970263556658,0.944,0.68,0.0,0.0,0.0,0.15,0.55,0.014111675679979285,0.1430553466388098,68.30799999999999,1.0785200000000001,0.9753,0.9645,0.9,1.0,0.08888888888888889,OPEN,9436cf644262c5d12b414bd0
4462,2026-08-01T17:05:17+00:00,,soccer_germany_bundesliga2,2. Bundesliga,FC St. Pauli vs Greuther Fürth,Greuther Fürth,Tipico,2026-08-09T11:30:00Z,4.2,0.5160478891337454,0.2430576247326659,0.24089448613358863,0.24089448613358863,0.022854596384008108,14.0,1.4364000000000001,1.268796992481203,2.705196992481203,0.1676030075187971,0.0,0.0,0.4013468634058377,0.2677974389533476,0.3308556976408148,0.3308556976408148,62.0,0.0,0.0,0.36203522504892366,0.2759295499021527,0.36203522504892366,0.36203522504892366,0.0,0.0,0.0,0.40037581523968346,0.2763375197162663,0.3232866650440501,0.3232866650440501,-0.08,0.01949555475956999,0.5076474948055681,0.49235250519443186,0.5576529410285183,0.44234705897148174,0.2696435565704096,0.013825402287021062,0.888,0.85,0.0,0.0,0.0,0.15,0.55,0.028749070436820984,0.13250293759572052,62.0,1.064,1.0,0.9967,0.9,1.0,0.0,OPEN,6bd7ca039d3254ed23f2d9e4
4463,2026-08-01T17:05:19+00:00,,soccer_france_ligue_two,Ligue 2,Sochaux vs Saint Etienne,Sochaux,Marathon Bet,2026-08-08T18:45:00Z,4.25,0.225825083983495,0.2649200445183792,0.5092548714981259,0.225825083983495,0.06343234592382307,8.0,1.4175000000000002,1.2857142857142858,2.703214285714286,0.1317857142857144,0.0,0.0,0.3966370515363982,0.2691809100852947,0.3341820383783071,0.3966370515363982,55.0,0.0,0.0,0.36203522504892366,0.2759295499021527,0.36203522504892366,0.36203522504892366,0.0,0.0,0.0,0.39188778436307475,0.27688595154314677,0.3312262640937785,0.39188778436307475,-0.08,0.019534246511322795,0.5071623472594373,0.4928376527405627,0.5579847788049828,0.44201522119501724,0.2739814562231895,0.011522673501909594,0.826,0.72,0.0,0.0,0.0,0.15,0.55,0.04815637223969449,0.1644211889485554,55.0,1.05,1.0,0.9982,0.9,1.0,0.0,OPEN,9c822596f408329ce11ae4eb
4466,2026-08-01T17:05:19+00:00,2026-08-02T08:30:10Z,soccer_usa_mls,MLS,FC Cincinnati vs San Jose Earthquakes,San Jose Earthquakes,Matchbook,2026-08-01T23:30:00Z,3.85,0.5130171840674612,0.21887240110391717,0.2681104148286216,0.2681104148286216,0.0,24.0,1.4989297686386922,1.264795434639057,2.7637252032777493,0.23413433399963512,0.0,0.0,0.4286904471406341,0.26614938249266484,0.3051601703667012,0.3051601703667012,81.75341385447791,0.13333333333333333,0.06666666666666667,0.39760228710171025,0.2736437467313968,0.3287539661668928,0.3287539661668928,0.16666666666666669,0.4,0.2,0.417310964596705,0.2719417416740454,0.31074729372924964,0.31074729372924964,-0.0803807,0.019218214298992065,0.5218545093136042,0.4781454906863958,0.5669993013228537,0.4330006986771463,0.28536182505914254,0.009613800547298056,0.945,0.68,0.0,0.0,0.0,0.15,0.55,0.017251410230520958,0.09864302647769874,74.8485,1.0886305,0.9483,0.9894,0.9,1.0,0.13333333333333333,LOST,254a3690f4b86bd10585db57
4487,2026-08-01T17:05:25+00:00,,soccer_japan_j_league,J-League,Avispa Fukuoka vs Vissel Kobe,Avispa Fukuoka,Coolbet,2026-08-08T10:00:00Z,4.2,0.2402024992217026,0.2908357065731147,0.4689617942051828,0.2402024992217026,0.034657443314816794,7.0,1.4364000000000001,1.268796992481203,2.705196992481203,0.1676030075187971,0.0,0.0,0.4013468634058377,0.2677974389533476,0.3308556976408148,0.4013468634058377,62.0,0.0,0.0,0.36203522504892366,0.2759295499021527,0.36203522504892366,0.36203522504892366,0.0,0.0,0.0,0.40037581523968346,0.2763375197162663,0.3232866650440501,0.40037581523968346,-0.08,0.01949555475956999,0.5076474948055681,0.49235250519443186,0.5576529410285183,0.44234705897148174,0.2879410757951331,0.01413389641605908,0.835,0.68,0.0,0.0,0.0,0.15,0.55,0.04773857657343053,0.20935251833955903,62.0,1.064,1.0,0.9529,0.9,1.0,0.0,OPEN,f10c903c4c1b45d2aa07e9b3
4497,2026-08-02T08:30:06+00:00,2026-08-02T23:32:13Z,soccer_denmark_superliga,Danish Superliga,Silkeborg IF vs FC Copenhagen,Draw,Betfair,2026-08-02T16:00:00Z,4.4,0.2201452193101544,0.23452517338682874,0.5453296073030169,0.23452517338682874,0.0005778120184900537,25.0,1.4420438530474997,1.263311072023669,2.705354925071169,0.1787327810238306,0.0,0.0,0.40599776507969626,0.2673996666777721,0.32660256824253175,0.2673996666777721,65.94278274320858,0.03333333333333333,0.0,0.3457509638284571,0.2736112341148811,0.3806378020566618,0.2736112341148811,-0.16666666666666669,0.1,0.0,0.40299094837567206,0.2762111274150542,0.3207979242092738,0.2762111274150542,-0.080153,0.01952171826430371,0.5076861249048742,0.4923138750951258,0.5574469785310389,0.44255302146896114,0.24781281307477915,0.0035057022437876384,0.958,0.68,0.0,0.0,0.0,0.15,0.55,0.013287639687950409,0.09037637752902827,64.087,1.0684005,0.9961,0.95,0.9,1.0,0.022222222222222223,LOST,fdc4c56c2b2445ea43f19145
4504,2026-08-02T08:30:09+00:00,,soccer_france_ligue_two,Ligue 2,Clermont vs Stade de Reims,Clermont,Tipico,2026-08-08T18:45:00Z,4.0,0.24174293847900924,0.2775470321581875,0.4807100293628032,0.24174293847900924,0.04069767441860472,11.0,1.4175000000000002,1.2857142857142858,2.703214285714286,0.1317857142857144,0.0,0.0,0.3966370515363982,0.2691809100852947,0.3341820383783071,0.3966370515363982,55.0,0.0,0.0,0.36203522504892366,0.2759295499021527,0.36203522504892366,0.36203522504892366,0.0,0.0,0.0,0.39188778436307475,0.27688595154314677,0.3312262640937785,0.39188778436307475,-0.08,0.019534246511322795,0.5071623472594373,0.4928376527405627,0.5579847788049828,0.44201522119501724,0.289381878152731,0.011522673501909594,0.843,0.72,0.0,0.0,0.0,0.15,0.55,0.047638939673721736,0.1575275126109239,55.0,1.05,1.0,0.9967,0.9,1.0,0.0,OPEN,0c9be266a50b03c75ea6e142
4505,2026-08-02T08:30:10+00:00,,soccer_usa_mls,MLS,Real Salt Lake vs Minnesota United FC,Draw,1xBet,2026-08-16T01:30:00Z,4.42,0.5474460317655153,0.23253031478478553,0.22002365344969904,0.23253031478478553,0.023917259211376773,10.0,1.4989297686386922,1.264795434639057,2.7637252032777493,0.23413433399963512,0.0,0.0,0.417753779319785,0.26608890279365943,0.31615731788655543,0.26608890279365943,76.54598393344133,0.03333333333333333,0.06666666666666667,0.33441752734685337,0.27280816446444245,0.3927743081887041,0.27280816446444245,-0.16666666666666666,0.1,0.2,0.417310964596705,0.2719417416740454,0.31074729372924964,0.2719417416740454,-0.0803807,0.019218214298992065,0.5218545093136042,0.4781454906863958,0.5669993013228537,0.4330006986771463,0.24629011037496085,0.0025736745620140848,0.959,0.68,0.0,0.0,0.0,0.15,0.55,0.013759795590175317,0.08860228785732693,74.8485,1.0886305,0.9483,0.95,0.9,1.0,0.06666666666666667,OPEN,f54a9df8edc32eedd49bb9dc
4511,2026-08-02T08:30:12+00:00,2026-08-04T04:11:05Z,soccer_argentina_primera_division,Argentina Primera Division,Sarmiento de Junin vs Independiente Rivadavia,Sarmiento de Junin,Betfair,2026-08-03T19:45:00Z,3.7,0.270429995855836,0.3113147896004953,0.4182552145436688,0.270429995855836,0.009517582098227173,16.0,1.4491940948604605,1.2948683675014476,2.7440624623619083,0.15432572735901284,0.0,0.0,0.3878043863050734,0.2737257856559482,0.3384698280389785,0.3878043863050734,37.149881881105195,0.06666666666666667,0.0,0.3109053348823311,0.2679534954817563,0.42114116963591275,0.3109053348823311,-0.5,0.2,0.0,0.39816121610201893,0.27422828370043506,0.32761050019754606,0.39816121610201893,-0.0801037,0.019333202205122635,0.5171066156581596,0.48289338434184037,0.5652817441845764,0.43471825581542356,0.3025124605084848,0.03513762834049799,0.867,0.68,0.0,0.0,0.0,0.15,0.55,0.0320824646526488,0.11929610388139378,59.940999999999995,1.05791425,0.9678,0.95,0.9,1.0,0.044444444444444446,WON,266d80bc6c5b1e0b2b27c91e
4513,2026-08-02T15:51:03+00:00,,soccer_spain_la_liga,La Liga,Rayo Vallecano vs Alavés,Alavés,1xBet,2026-08-20T19:00:00Z,4.42,0.4491911912839039,0.30554400665613857,0.24526480205995757,0.24526480205995757,0.0,9.0,1.4849674250000002,1.2826033921933084,2.7675708171933087,0.2023640328066918,0.0,0.0,0.40536592236190494,0.2666408941279083,0.3279931835101868,0.3279931835101868,68.0,0.0,0.0,0.36203522504892366,0.2759295499021527,0.36203522504892366,0.36203522504892366,0.0,0.0,0.0,0.40996652394640876,0.2721666650393462,0.317866811014245,0.317866811014245,-0.08,0.01914206687282688,0.5227801260433966,0.47721987395660337,0.5685612121324471,0.43143878786755285,0.2713470506499498,0.015766315418923732,0.894,0.85,0.0,0.0,0.0,0.15,0.55,0.026082248589992224,0.19935396387277815,68.0,1.076,1.0,0.95,0.9,1.0,0.0,OPEN,265232d54a41cb545a5f079f
4514,2026-08-02T15:51:03+00:00,,soccer_spain_la_liga,La Liga,Real Betis vs Real Sociedad,Real Sociedad,1xBet,2026-08-21T19:00:00Z,3.71,0.43260124516212006,0.2843265072744641,0.2830722475634158,0.2830722475634158,0.0008706353045975224,8.0,1.4849674250000002,1.2826033921933084,2.7675708171933087,0.2023640328066918,0.0,0.0,0.40536592236190494,0.2666408941279083,0.3279931835101868,0.3279931835101868,68.0,0.0,0.0,0.36203522504892366,0.2759295499021527,0.36203522504892366,0.36203522504892366,0.0,0.0,0.0,0.40996652394640876,0.2721666650393462,0.317866811014245,0.317866811014245,-0.08,0.01914206687282688,0.5227801260433966,0.47721987395660337,0.5685612121324471,0.43143878786755285,0.29717363996855395,0.015766315418923732,0.93,0.85,0.0,0.0,0.0,0.15,0.55,0.014101392405138136,0.10251420428333513,68.0,1.076,1.0,0.95,0.9,1.0,0.0,OPEN,acd95db2872f04d8620e386b
4520,2026-08-02T15:51:13+00:00,2026-08-02T17:05:23Z,soccer_austria_bundesliga,Austrian Bundesliga,Austria Lustenau vs Ried,Austria Lustenau,Betfair,2026-08-02T15:00:00Z,4.1,0.24911363557195237,0.3671563393439666,0.38373002508408105,0.24911363557195237,0.007439187873256481,16.0,1.4421524682542404,1.263691260846307,2.7058437291005473,0.17846120740793348,0.0,0.0,0.4027193508833045,0.2674000547116251,0.32988059440507045,0.4027193508833045,64.04600000000005,0.0,0.0,0.36203522504892366,0.2759295499021527,0.36203522504892366,0.36203522504892366,0.0,0.0,0.0,0.4029514475161732,0.2761590609890863,0.32088949149474055,0.4029514475161732,-0.0800432,0.01949278113422892,0.5078056899011649,0.4921943100988351,0.5575329881563511,0.4424670118436489,0.29561396566179343,0.01496166580579884,0.843,0.85,0.0,0.0,0.0,0.15,0.55,0.04650033008984106,0.2120172592133529,64.04599999999999,1.0682800000000001,1.0,0.95,0.9,1.0,0.0,LOST,07aaaf8bfacced7be5bbb13d
4521,2026-08-02T15:51:13+00:00,2026-08-02T17:05:23Z,soccer_austria_bundesliga,Austrian Bundesliga,Wolfsberger AC vs Austria Wien,Draw,Betfair,2026-08-02T15:00:00Z,4.5,0.6679635364388774,0.23363876849066886,0.09839769507045369,0.23363876849066886,0.013404096074028704,16.0,1.4421524682542404,1.263691260846307,2.7058437291005473,0.17846120740793348,0.0,0.0,0.4027193508833045,0.2674000547116251,0.32988059440507045,0.2674000547116251,64.04600000000005,0.0,0.0,0.36203522504892366,0.2759295499021527,0.36203522504892366,0.2759295499021527,0.0,0.0,0.0,0.4029514475161732,0.2761590609890863,0.32088949149474055,0.2761590609890863,-0.0800432,0.01949278113422892,0.5078056899011649,0.4921943100988351,0.5575329881563511,0.4424670118436489,0.24714362923485358,0.0035533421682119168,0.956,0.85,0.0,0.0,0.0,0.15,0.55,0.013504860744184721,0.11214633155684117,64.04599999999999,1.0682800000000001,1.0,0.95,0.9,1.0,0.0,LOST,87b8c4528ae41a4eaeb89686
4522,2026-08-02T15:51:13+00:00,,soccer_austria_bundesliga,Austrian Bundesliga,Rheindorf Altach vs WSG Tirol,WSG Tirol,1xBet,2026-08-07T17:30:00Z,3.98,0.4755264741521289,0.2610071077324696,0.26346641811540156,0.26346641811540156,0.05780390045465422,9.0,1.4421524682542404,1.263691260846307,2.7058437291005473,0.17846120740793348,0.0,0.0,0.40596974045903145,0.26740761762111404,0.3266226419198546,0.3266226419198546,65.90178274320819,0.0,0.03333333333333333,0.3806378020566618,0.2736112341148811,0.3457509638284571,0.3457509638284571,0.16666666666666669,0.0,0.1,0.4029514475161732,0.2761590609890863,0.32088949149474055,0.32088949149474055,-0.0800432,0.01949278113422892,0.5078056899011649,0.4921943100988351,0.5575329881563511,0.4424670118436489,0.28503399524439443,0.009425345892701357,0.923,0.85,0.0,0.0,0.0,0.15,0.55,0.021567577128992876,0.13443530107268975,64.04599999999999,1.0682800000000001,1.0,0.95,0.9,1.0,0.022222222222222223,OPEN,840d422355217d1843fbe5bc
4523,2026-08-02T15:51:15+00:00,,soccer_norway_eliteserien,Eliteserien,Kristiansund BK vs Molde,Kristiansund BK,1xBet,2026-08-09T17:15:00Z,4.25,0.23649182076676167,0.23813448664585374,0.5253736925873846,0.23649182076676167,0.048268582795437,7.0,1.4638427846422775,1.2544516500775567,2.718294434719834,0.2093911345647208,0.0,0.0,0.3994966004515956,0.26928838749651585,0.3312150120518885,0.3994966004515956,56.39961902923943,0.03333333333333333,0.0,0.287955078599507,0.26319185289326635,0.44885306850722667,0.287955078599507,-0.5,0.1,0.0,0.41069815925199227,0.274646397084415,0.31465544366359266,0.41069815925199227,-0.0788268,0.01910346793737633,0.510846048948531,0.48915395105146897,0.5589610790404079,0.4410389209595921,0.2795631267398408,0.0471437266185396,0.815,0.68,0.0,0.0,0.0,0.15,0.55,0.04307130597307912,0.18814328864432328,69.476,1.08024,0.9671,0.95,0.9,0.9620123065244405,0.022222222222222223,OPEN,bf37eb86d051f4037302b07d
4524,2026-08-02T15:51:15+00:00,,soccer_sweden_allsvenskan,Allsvenskan,Örgryte IS vs AIK,Örgryte IS,Unibet (SE),2026-08-08T13:00:00Z,4.1,0.25436651266094895,0.2365469955513565,0.5090864917876946,0.25436651266094895,0.011365087472864355,15.0,1.4547544430671866,1.2490672426778968,2.7038216857450834,0.20568720038928978,0.0,0.0,0.4004933819620041,0.2699490162441755,0.32955760179382043,0.4004933819620041,55.05419221430326,0.0,0.06666666666666667,0.33177700566882845,0.2717130126440536,0.396509981687118,0.33177700566882845,-0.16666666666666663,0.0,0.2,0.40922818620266005,0.2761148683189607,0.3146569454783792,0.40922818620266005,-0.0810848,0.019728330596488597,0.5073109726633753,0.4926890273366247,0.5565833961690779,0.4434166038309221,0.29616022459106933,0.031221452100435802,0.844,0.68,0.0,0.0,0.0,0.15,0.55,0.04179371193012038,0.2142569208233842,68.32,1.0792,0.9733,0.9588,0.9,1.0,0.044444444444444446,OPEN,d294e4c02d7b7c4b0d2cbea8
4526,2026-08-02T15:51:16+00:00,,soccer_sweden_allsvenskan,Allsvenskan,Halmstads BK vs GAIS,Halmstads BK,Unibet (FR),2026-08-09T14:30:00Z,4.45,0.23531775121358542,0.2482453045324099,0.5164369442540047,0.23531775121358542,0.028417536400977994,13.0,1.4547544430671866,1.2490672426778968,2.7038216857450834,0.20568720038928978,0.0,0.0,0.41431520156725316,0.2660358058951786,0.31964899253756834,0.41431520156725316,74.9396841600911,0.0,0.06666666666666667,0.37022174546251785,0.2757254490502216,0.35405280548726065,0.37022174546251785,0.0,0.0,0.2,0.40922818620266005,0.2761148683189607,0.3146569454783792,0.40922818620266005,-0.0810848,0.019728330596488597,0.5073109726633753,0.4926890273366247,0.5565833961690779,0.4434166038309221,0.2866216897380886,0.01685038422185504,0.819,0.68,0.0,0.0,0.0,0.15,0.55,0.051303938524503184,0.2754665193344943,68.32,1.0792,0.9733,1.0096,0.9,1.0,0.044444444444444446,OPEN,1b1999d21c500829bbfc4a88
4527,2026-08-02T15:51:16+00:00,,soccer_sweden_allsvenskan,Allsvenskan,Västerås SK vs Djurgardens IF,Västerås SK,1xBet,2026-08-10T17:00:00Z,3.77,0.25084902982813245,0.24551621596760217,0.5036347542042654,0.25084902982813245,0.060324777743783864,5.0,1.4547544430671866,1.2490672426778968,2.7038216857450834,0.20568720038928978,0.0,0.0,0.4308993969023939,0.26259206924053197,0.30650853385707416,0.4308993969023939,95.58025359181016,0.1,0.0,0.41855739679729986,0.26887566885556724,0.312566934347133,0.41855739679729986,0.2777777777777778,0.3,0.0,0.40922818620266005,0.2761148683189607,0.3146569454783792,0.40922818620266005,-0.0810848,0.019728330596488597,0.5073109726633753,0.4926890273366247,0.5565833961690779,0.4434166038309221,0.30546229377523515,0.008667100330607986,0.816,0.68,0.0,0.0,0.0,0.15,0.55,0.0546132639471027,0.15159284753263647,68.32,1.0792,0.9733,0.95,0.9,1.0,0.06666666666666667,OPEN,0c69be21c77077ef84c99653
4532,2026-08-02T15:51:18+00:00,,soccer_usa_mls,MLS,Nashville SC vs Inter Miami CF,Draw,1xBet,2026-08-16T00:30:00Z,4.32,0.4319532189433608,0.24030983335763884,0.3277369476990004,0.24030983335763884,0.003411306042884865,10.0,1.4964115089063763,1.265928115089495,2.7623396239958713,0.23048339381688132,0.0,0.0,0.3984942213669313,0.2742889241017895,0.3272168545312793,0.2742889241017895,42.14720326319653,0.06666666666666667,0.13333333333333333,0.2569193278982434,0.26074845112370676,0.48233222097804973,0.26074845112370676,-0.6666666666666667,0.2,0.4,0.41528282289988955,0.2743668031257876,0.31035037397432297,0.2743668031257876,-0.08990880000000001,0.02150917267122454,0.5215207764451251,0.47847922355487493,0.567988572825065,0.432011427174935,0.25131701984468896,0.0063954991902828075,0.965,0.68,0.0,0.0,0.0,0.15,0.55,0.011007186487050125,0.08568952572905641,81.50400000000002,1.0872289230769232,0.92,0.95,0.9,1.0,0.13333333333333333,OPEN,675bb2f64f5426e925dc3fc1
4537,2026-08-02T15:51:19+00:00,,soccer_usa_mls,MLS,Orlando City SC vs Chicago Fire,Orlando City SC,Marathon Bet,2026-08-19T23:30:00Z,3.22,0.31216751738716975,0.22589868771359953,0.46193379489923075,0.31216751738716975,0.023473434908951818,9.0,1.4964115089063763,1.265928115089495,2.7623396239958713,0.23048339381688132,0.0,0.0,0.4330936846035411,0.261099198267226,0.305807117129233,0.4330936846035411,102.43307722921638,0.03333333333333333,0.03333333333333333,0.49911022362052176,0.256052892181883,0.24483688419759536,0.49911022362052176,1.0,0.1,0.1,0.41528282289988955,0.2743668031257876,0.31035037397432297,0.41528282289988955,-0.08990880000000001,0.02150917267122454,0.5215207764451251,0.47847922355487493,0.567988572825065,0.432011427174935,0.35110807525695875,0.0333697172906345,0.832,0.68,0.0,0.0,0.0,0.15,0.55,0.038940557869789005,0.13056800232740717,81.50400000000002,1.0872289230769232,0.92,0.9982,0.9,1.0,0.044444444444444446,OPEN,df06d1f22199b825120003d6
4538,2026-08-02T15:51:19+00:00,,soccer_usa_mls,MLS,Real Salt Lake vs FC Dallas,FC Dallas,Marathon Bet,2026-08-20T01:30:00Z,3.72,0.48947513931073544,0.23090161583690189,0.27962324485236273,0.27962324485236273,0.01640790724892094,9.0,1.4964115089063763,1.265928115089495,2.7623396239958713,0.23048339381688132,0.0,0.0,0.41453081768593464,0.26694998796903524,0.31851919434503023,0.31851919434503023,72.0368052154891,0.06666666666666667,0.03333333333333333,0.3261655877166218,0.2713230461264182,0.40251136615696,0.40251136615696,-0.16666666666666666,0.2,0.1,0.41528282289988955,0.2743668031257876,0.31035037397432297,0.31035037397432297,-0.08990880000000001,0.02150917267122454,0.5215207764451251,0.47847922355487493,0.567988572825065,0.432011427174935,0.2967606587903908,0.038916032145349146,0.886,0.68,0.0,0.0,0.0,0.15,0.55,0.01713741393802809,0.10394965070025397,81.50400000000002,1.0872289230769232,0.92,0.9982,0.9,1.0,0.06666666666666667,OPEN,925926b5a789ae0f20e3ea36
4540,2026-08-02T15:51:21+00:00,,soccer_brazil_campeonato,Brazil Serie A,Mirassol vs Flamengo,Mirassol,1xBet,2026-08-16T21:30:00Z,4.03,0.24046983847311526,0.27516737786121304,0.4843627836656718,0.24046983847311526,0.03549527965545751,12.0,1.4498815572600938,1.296865647229639,2.7467472044897328,0.1530159100304549,0.0,0.0,0.4118269361918856,0.26766583162379776,0.32050723218431665,0.4118269361918856,68.31220400483805,0.06666666666666667,0.03333333333333333,0.4135692624424995,0.26963647050910505,0.31679426704839553,0.4135692624424995,0.3333333333333333,0.2,0.1,0.39757889275577846,0.27476517144160484,0.3276559358026167,0.39757889275577846,-0.0829175,0.019998931075763116,0.517756401387311,0.48224359861268895,0.5661500970316299,0.4338499029683701,0.29525474069768964,0.007594361096409982,0.818,0.85,0.0,0.0,0.0,0.15,0.55,0.05478490222457438,0.18987660501168935,58.165,1.05735,0.9529,0.95,0.9,1.0,0.06666666666666667,OPEN,36f78783b6094d8e584052b2
4548,2026-08-02T15:51:22+00:00,,soccer_argentina_primera_division,Argentina Primera Division,CA Tigre BA vs River Plate,CA Tigre BA,1xBet,2026-08-08T20:00:00Z,3.4,0.29625187807124753,0.30369114545500975,0.40005697647374266,0.29625187807124753,0.05208124205313536,7.0,1.4483401555311477,1.294013013517943,2.7423531690490908,0.15432714201320463,0.0,0.0,0.42931678249833455,0.26391196293139046,0.306771254570275,0.42931678249833455,89.93856298510099,0.06666666666666667,0.06666666666666667,0.44716991438730314,0.26504181316171066,0.28778827245098626,0.44716991438730314,0.5,0.2,0.2,0.39815028198111746,0.2742701635986789,0.3275795544202036,0.39815028198111746,-0.07986130000000001,0.019283549000104427,0.5166926706551043,0.48330732934489573,0.5649319676735365,0.4350680323264635,0.3387883684331557,0.021453754954882116,0.854,0.68,0.0,0.0,0.0,0.15,0.55,0.04253649036190815,0.15188045267272932,60.249,1.057952,0.9756,0.95,0.9,1.0,0.08888888888888889,OPEN,644a4236e46aa8e3fbd27636
4557,2026-08-02T16:28:46+00:00,2026-08-02T17:05:23Z,soccer_austria_bundesliga,Austrian Bundesliga,Austria Lustenau vs Ried,Draw,Pinnacle,2026-08-02T15:00:00Z,2.44,0.19581469891880401,0.5101950465494887,0.2939902545317073,0.5101950465494887,0.0,16.0,1.4421524682542404,1.263691260846307,2.7058437291005473,0.17846120740793348,0.0,0.0,0.4027193508833045,0.2674000547116251,0.32988059440507045,0.2674000547116251,64.04600000000005,0.0,0.0,0.36203522504892366,0.2759295499021527,0.36203522504892366,0.2759295499021527,0.0,0.0,0.0,0.4029514475161732,0.2761590609890863,0.32088949149474055,0.2761590609890863,-0.0800432,0.01949278113422892,0.5078056899011649,0.4921943100988351,0.5575329881563511,0.4424670118436489,0.46076358129640255,0.0035533421682119168,0.743,0.85,0.0,0.0,0.0,0.15,0.55,-0.049431465253086115,0.12426313836322223,64.04599999999999,1.0682800000000001,1.0,0.96,0.9,1.0,0.0,WON,736dee19d591c9b693fb3a45
4559,2026-08-02T16:28:47+00:00,,soccer_austria_bundesliga,Austrian Bundesliga,Grazer AK vs Austria Lustenau,Austria Lustenau,BetOnline.ag,2026-08-08T15:00:00Z,3.6,0.4346632944083636,0.272197290977345,0.29313941461429144,0.29313941461429144,0.02930494528394023,13.0,1.4421524682542404,1.263691260846307,2.7058437291005473,0.17846120740793348,0.0,0.0,0.3957553559798103,0.27039216163394186,0.33385248238624793,0.33385248238624793,50.969619029239375,0.03333333333333333,0.0,0.287955078599507,0.26319185289326635,0.44885306850722667,0.44885306850722667,-0.5,0.1,0.0,0.4029514475161732,0.2761590609890863,0.32088949149474055,0.32088949149474055,-0.0800432,0.01949278113422892,0.5078056899011649,0.4921943100988351,0.5575329881563511,0.4424670118436489,0.30847940159672005,0.049066678502244804,0.852,0.85,0.0,0.0,0.0,0.15,0.55,0.01533998698242861,0.11052584574819213,64.04599999999999,1.0682800000000001,1.0,1.05,0.9,0.9701652696290732,0.022222222222222223,OPEN,d459f915e5f437165e042b62
4566,2026-08-02T17:05:27+00:00,2026-08-02T22:51:26Z,soccer_spl,Scottish Premiership,Hibernian vs Motherwell,Hibernian,Matchbook,2026-08-02T15:30:00Z,3.7,0.278266125095206,0.5835390851034806,0.13819478980131356,0.278266125095206,0.0,12.0,1.4367525638536929,1.2684407300117384,2.705193293865431,0.16831183384195447,0.0,0.0,0.40138445527053146,0.2677865206808138,0.3308290240486548,0.40138445527053146,62.05600000000004,0.0,0.0,0.36203522504892366,0.2759295499021527,0.36203522504892366,0.36203522504892366,0.0,0.0,0.0,0.4005463868280493,0.2763216822887109,0.3231319308832399,0.4005463868280493,-0.0799732,0.019488405794016173,0.5076465897209581,0.4923534102790419,0.5576332443601362,0.44236675563986383,0.3150376851717574,0.01418279772734377,0.875,0.68,0.0,0.0,0.0,0.15,0.55,0.03677156007655141,0.1656394351355024,62.056,1.0642800000000001,1.0018,0.9954,0.9,1.0,0.0,LOST,9978052117cff28d62f4bf40
4575,2026-08-03T05:47:44+00:00,,soccer_portugal_primeira_liga,Primeira Liga,Vitória SC vs Arouca,Arouca,Betfair,2026-08-08T17:00:00Z,4.3,0.5015583597359003,0.26508254731615566,0.23335909294794396,0.23335909294794396,0.03588223925787548,15.0,1.473926775,1.2922109082397002,2.7661376832397,0.18171586676029983,0.0,0.0,0.40268851535954364,0.267408954739361,0.3299025299010953,0.3299025299010953,64.0,0.0,0.0,0.36203522504892366,0.2759295499021527,0.36203522504892366,0.36203522504892366,0.0,0.0,0.0,0.40509556514733064,0.2725569889615148,0.3223474458911546,0.3223474458911546,-0.08,0.019169519193702134,0.5224353122416815,0.4775646877583185,0.5688019012560139,0.43119809874398607,0.26433373721639486,0.014161364612919825,0.881,0.68,0.0,0.0,0.0,0.15,0.55,0.030974644268450896,0.1366350700304979,64.0,1.068,1.0,0.9513,0.9,1.0,0.0,OPEN,22c139e228d5cb7292503b20
4577,2026-08-03T05:47:46+00:00,,soccer_austria_bundesliga,Austrian Bundesliga,Wolfsberger AC vs RB Salzburg,Wolfsberger AC,Tipico,2026-08-09T15:00:00Z,3.8,0.2617358307969792,0.25154603514207785,0.486718134060943,0.2617358307969792,0.04238916088671285,12.0,1.4427080236600496,1.2628300973332025,2.705538120993252,0.17987792632684707,0.0,0.0,0.4161678224880457,0.26457629723726833,0.319255880274686,0.4161678224880457,80.92211232286144,0.03333333333333333,0.0,0.46975,0.26,0.27025,0.46975,0.5,0.1,0.0,0.40323501634046716,0.2762457327305685,0.3205192509289642,0.40323501634046716,-0.08040749999999999,0.01958167593080956,0.507730937204451,0.49226906279554905,0.5574856871919465,0.44251431280805353,0.30969617879480343,0.025247825013598568,0.808,0.85,0.0,0.0,0.0,0.15,0.55,0.047960347997824226,0.17684547942025297,64.21249999999999,1.0688499999999999,0.998,0.9922,0.9,1.0,0.022222222222222223,OPEN,53fff980728842aa4d3e8913
4578,2026-08-03T05:47:47+00:00,,soccer_denmark_superliga,Danish Superliga,Randers FC vs Lyngby,Lyngby,Codere (IT),2026-08-09T14:00:00Z,3.7,0.4641486562462086,0.261088254834325,0.2747630889194665,0.2747630889194665,0.013707513912599945,17.0,1.4422617333805223,1.2618963112665789,2.704158044647101,0.18036542211394346,0.0,0.0,0.4029422720122904,0.27017537065826214,0.3268823573294475,0.3268823573294475,55.82163972058849,0.06666666666666667,0.03333333333333333,0.3304845272502974,0.2721003344476731,0.39741513830202935,0.39741513830202935,-0.16666666666666666,0.2,0.1,0.40329344686130775,0.2763710246421808,0.3203355284965115,0.3203355284965115,-0.080612,0.01963797645261639,0.5073932945657043,0.49260670543429574,0.5572364148499965,0.44276358515000347,0.29545873874691075,0.03257492002504195,0.89,0.68,0.0,0.0,0.0,0.15,0.55,0.020695649827444262,0.09319733336356983,64.294,1.06908,0.9862,0.9974,0.9,1.0,0.06666666666666667,OPEN,c44ad85a3468048bcc404fd0
4588,2026-08-03T05:47:51+00:00,,soccer_usa_mls,MLS,New York City FC vs Philadelphia Union,Draw,1xBet,2026-08-16T22:00:00Z,4.37,0.5371697801216477,0.23499917692949637,0.22783104294885598,0.23499917692949637,0.0030026025192251282,11.0,1.4964115089063763,1.265928115089495,2.7623396239958713,0.23048339381688132,0.0,0.0,0.4167563135847706,0.26730890608480473,0.31593478033042466,0.26730890608480473,72.03994759548324,0.06666666666666667,0.06666666666666667,0.31106931666910254,0.2692281864613658,0.4197024968695315,0.2692281864613658,-0.33333333333333337,0.2,0.2,0.41528282289988955,0.2743668031257876,0.31035037397432297,0.2743668031257876,-0.08990880000000001,0.02150917267122454,0.5215207764451251,0.47847922355487493,0.567988572825065,0.432011427174935,0.2481482605231876,0.0030743506109844458,0.961,0.68,0.0,0.0,0.0,0.15,0.55,0.013149083593691241,0.0844078984863299,81.50400000000002,1.0872289230769232,0.92,0.95,0.9,1.0,0.08888888888888889,OPEN,00e22dc9dfc96e62fb66f452
4591,2026-08-03T05:47:51+00:00,,soccer_usa_mls,MLS,FC Cincinnati vs New York City FC,Draw,1xBet,2026-08-19T23:30:00Z,4.36,0.4400660953415522,0.2339423647977947,0.32599153986065316,0.2339423647977947,0.020299308116675352,11.0,1.4964115089063763,1.265928115089495,2.7623396239958713,0.23048339381688132,0.0,0.0,0.43339395788860874,0.2659021740407305,0.3007038680706608,0.2659021740407305,84.80052947865939,0.16666666666666666,0.06666666666666667,0.3591334783865608,0.27970884663541296,0.36115767497802626,0.27970884663541296,-0.06666666666666665,0.5,0.2,0.41528282289988955,0.2743668031257876,0.31035037397432297,0.2743668031257876,-0.08990880000000001,0.02150917267122454,0.5215207764451251,0.47847922355487493,0.567988572825065,0.432011427174935,0.24934914875686554,0.005149356714808084,0.956,0.68,0.0,0.0,0.0,0.15,0.55,0.01540678395907083,0.08716228857993391,81.50400000000002,1.0872289230769232,0.92,0.95,0.9,1.0,0.15555555555555556,OPEN,5aa88e2d3751b54fb7932354
4599,2026-08-03T05:47:54+00:00,,soccer_argentina_primera_division,Argentina Primera Division,Belgrano de Cordoba vs Independiente Rivadavia,Independiente Rivadavia,Codere (IT),2026-08-15T22:00:00Z,4.3,0.4582155476496232,0.29183801021707734,0.24994644213329945,0.24994644213329945,0.03823057213578762,8.0,1.4483401555311477,1.294013013517943,2.7423531690490908,0.15432714201320463,0.0,0.0,0.40017072303177315,0.2681400189832433,0.3316892579849836,0.3316892579849836,60.249000000000024,0.0,0.0,0.36203522504892366,0.2759295499021527,0.36203522504892366,0.36203522504892366,0.0,0.0,0.0,0.39815028198111746,0.2742701635986789,0.3275795544202036,0.3275795544202036,-0.07986130000000001,0.019283549000104427,0.5166926706551043,0.48330732934489573,0.5649319676735365,0.4350680323264635,0.27758514835032266,0.012348287688392835,0.897,0.68,0.0,0.0,0.0,0.15,0.55,0.027638706217023218,0.19361613790638743,60.249,1.057952,0.9756,0.9974,0.9,1.0,0.0,OPEN,e5e612e10cf4705624ada75d
4600,2026-08-03T05:47:54+00:00,,soccer_argentina_primera_division,Argentina Primera Division,Newells Old Boys vs Deportivo Riestra,Deportivo Riestra,Codere (IT),2026-08-15T22:00:00Z,4.3,0.4411384117322433,0.3098351789388295,0.24902640932892728,0.24902640932892728,0.03987954544783889,8.0,1.4483401555311477,1.294013013517943,2.7423531690490908,0.15432714201320463,0.0,0.0,0.4029448666118376,0.26924581688174587,0.32780931650641654,0.32780931650641654,58.52545982478631,0.0,0.06666666666666667,0.3437756488104185,0.27387427252959523,0.38235007865998627,0.38235007865998627,0.0,0.0,0.2,0.39815028198111746,0.2742701635986789,0.3275795544202036,0.3275795544202036,-0.07986130000000001,0.019283549000104427,0.5166926706551043,0.48330732934489573,0.5649319676735365,0.4350680323264635,0.27881993064498395,0.022633164582937917,0.881,0.68,0.0,0.0,0.0,0.15,0.55,0.02979352131605667,0.19892570177343094,60.249,1.057952,0.9756,0.9974,0.9,1.0,0.044444444444444446,OPEN,b5a1d01c857017a1abc5de49
4601,2026-08-03T05:47:54+00:00,,soccer_argentina_primera_division,Argentina Primera Division,Platense vs Boca Juniors,Platense,1xBet,2026-08-16T00:15:00Z,3.34,0.2976157955045728,0.311867961485447,0.39051624300998034,0.2976157955045728,0.05222075967729145,8.0,1.4483401555311477,1.294013013517943,2.7423531690490908,0.15432714201320463,0.0,0.0,0.4140322925836069,0.266103265235737,0.31986444218065613,0.4140322925836069,74.56948004593228,0.03333333333333333,0.03333333333333333,0.4371400574636121,0.2655115469451714,0.2973483955912165,0.4371400574636121,0.3333333333333333,0.1,0.1,0.39815028198111746,0.2742701635986789,0.3275795544202036,0.39815028198111746,-0.07986130000000001,0.019283549000104427,0.5166926706551043,0.48330732934489573,0.5649319676735365,0.4350680323264635,0.33586728842510527,0.01561572615250756,0.867,0.68,0.0,0.0,0.0,0.15,0.55,0.03825149292053248,0.12179674333985147,60.249,1.057952,0.9756,0.95,0.9,1.0,0.044444444444444446,OPEN,69832bd7ee814f244d6bf2cf
4602,2026-08-03T05:47:54+00:00,,soccer_argentina_primera_division,Argentina Primera Division,Barracas Central vs Rosario Central,Barracas Central,Codere (IT),2026-08-16T23:15:00Z,3.55,0.28492074625771474,0.3058444290233694,0.4092348247189158,0.28492074625771474,0.0475750269016304,8.0,1.4483401555311477,1.294013013517943,2.7423531690490908,0.15432714201320463,0.0,0.0,0.4225778314228303,0.2647457332255821,0.31267643535158773,0.4225778314228303,83.63867813170131,0.06666666666666667,0.03333333333333333,0.4553604483258577,0.2632623833130036,0.2813771683611386,0.4553604483258577,0.6666666666666667,0.2,0.1,0.39815028198111746,0.2742701635986789,0.3275795544202036,0.39815028198111746,-0.07986130000000001,0.019283549000104427,0.5166926706551043,0.48330732934489573,0.5649319676735365,0.4350680323264635,0.3294485411079666,0.023663301924431522,0.84,0.68,0.0,0.0,0.0,0.15,0.55,0.04452779485025188,0.16954232093328137,60.249,1.057952,0.9756,0.9974,0.9,1.0,0.06666666666666667,OPEN,b7b6e448ad1239657f2240d0
4625,2026-08-03T13:55:33+00:00,,soccer_usa_mls,MLS,San Jose Earthquakes vs St. Louis City SC,Draw,1xBet,2026-08-16T02:30:00Z,4.5,0.5278018927464441,0.2359378758406435,0.23626023141291247,0.2359378758406435,0.0012284491887999405,16.0,1.4964115089063763,1.265928115089495,2.7623396239958713,0.23048339381688132,0.0,0.0,0.39715894849183897,0.2748183853103894,0.3280226661977716,0.2748183853103894,39.94781719348688,0.1,0.1,0.25960584021152516,0.261230716661175,0.4791634431272998,0.261230716661175,-0.5555555555555556,0.3,0.3,0.41528282289988955,0.2743668031257876,0.31035037397432297,0.2743668031257876,-0.08990880000000001,0.02150917267122454,0.5215207764451251,0.47847922355487493,0.567988572825065,0.432011427174935,0.2485644806332205,0.0062556818042056594,0.961,0.68,0.0,0.0,0.0,0.15,0.55,0.012626604792577018,0.1185401628494922,81.50400000000002,1.0872289230769232,0.92,0.95,0.9,1.0,0.13333333333333333,OPEN,7ae8ad188e44f34a48ff3c73
4628,2026-08-03T13:55:33+00:00,,soccer_usa_mls,MLS,Austin FC vs FC Dallas,Draw,1xBet,2026-08-17T00:30:00Z,4.11,0.32848888144730326,0.25389367719304107,0.41761744135965573,0.25389367719304107,0.011424944462075537,16.0,1.4964115089063763,1.265928115089495,2.7623396239958713,0.23048339381688132,0.0,0.0,0.42429514370716165,0.2673360057026805,0.3083688505901579,0.2673360057026805,75.7034337039617,0.16666666666666666,0.03333333333333333,0.35912827470715564,0.27909634866475713,0.3617753766280871,0.27909634866475713,0.06666666666666671,0.5,0.1,0.41528282289988955,0.2743668031257876,0.31035037397432297,0.2743668031257876,-0.08990880000000001,0.02150917267122454,0.5215207764451251,0.47847922355487493,0.567988572825065,0.432011427174935,0.2615181467550891,0.0043184678543646765,0.976,0.68,0.0,0.0,0.0,0.15,0.55,0.007624469562048042,0.07483958316341632,81.50400000000002,1.0872289230769232,0.92,0.95,0.9,1.0,0.13333333333333333,OPEN,4cd0e582829fb8dafc39cd19
4639,2026-08-03T17:46:08+00:00,,soccer_turkey_super_league,Turkish Super Lig,Basaksehir vs Kocaelispor,Draw,Tipico,2026-08-16T16:00:00Z,4.4,0.6098243078273284,0.23351188140822707,0.15666381076444452,0.23351188140822707,0.02346625474378783,13.0,1.4472,1.2593283582089552,2.7065283582089554,0.18787164179104487,0.0,0.0,0.404028229728951,0.2670234474012805,0.3289483228697686,0.2670234474012805,66.0,0.0,0.0,0.36203522504892366,0.2759295499021527,0.36203522504892366,0.2759295499021527,0.0,0.0,0.0,0.40519866565382573,0.2759698636360663,0.31883147071010803,0.2759698636360663,-0.08,0.019469616699289316,0.5079731252161227,0.4920268747838773,0.5574303112733258,0.44256968872667424,0.24702696453186257,0.0036444300125550114,0.956,0.68,0.0,0.0,0.0,0.15,0.55,0.013515083123635502,0.08691864394019544,66.0,1.072,1.0,0.9886,0.9,1.0,0.0,OPEN,ee4fb310df71cdd1dced9acb
4642,2026-08-03T17:46:10+00:00,,soccer_norway_eliteserien,Eliteserien,Sandefjord vs KFUM,KFUM,Coolbet,2026-08-07T17:00:00Z,3.63,0.45005015053631475,0.2613526305607702,0.28859721890291506,0.28859721890291506,0.027193520730789178,19.0,1.4738541496586368,1.2666931863653774,2.7405473360240142,0.2071609632932594,0.0,0.0,0.4299189065767892,0.26377118043640785,0.30630991298680293,0.30630991298680293,90.73218939826516,0.06666666666666667,0.06666666666666667,0.4362431625399677,0.26670718494833917,0.2970496525116931,0.2970496525116931,0.3333333333333333,0.2,0.2,0.4107348158511545,0.27321384966867285,0.3160513344801726,0.3160513344801726,-0.0781513,0.018831625471024904,0.516255113614186,0.48374488638581403,0.5631478877215758,0.43685211227842424,0.2957031361327831,0.008111603809289387,0.974,0.68,0.0,0.0,0.0,0.15,0.55,0.007105917229868031,0.07340238416200262,69.96900000000001,1.0786772941176472,0.9464,0.95,0.9,1.0,0.08888888888888889,OPEN,ff2b00b5720aecd6652b5329
4646,2026-08-03T17:46:12+00:00,,soccer_spain_segunda_division,Segunda Division,Real Sociedad B vs CD Castellón,Real Sociedad B,Tipico,2026-08-14T18:30:00Z,4.1,0.23277052845842766,0.2405471905849204,0.5266822809566519,0.23277052845842766,0.034849303962196654,8.0,1.4256000000000002,1.2784090909090908,2.704009090909091,0.14719090909090937,0.0,0.0,0.3986580862607787,0.2685834301359262,0.3327584836032951,0.3986580862607787,58.0,0.0,0.0,0.36203522504892366,0.2759295499021527,0.36203522504892366,0.36203522504892366,0.0,0.0,0.0,0.39553288428759265,0.2766659717526806,0.3278011439597268,0.39553288428759265,-0.08,0.019518726982684587,0.5073568578650366,0.4926431421349634,0.5578517135181429,0.4421482864818571,0.2807522645562886,0.012614149388369198,0.831,0.72,0.0,0.0,0.0,0.15,0.55,0.04798173609786094,0.15108428468078317,58.0,1.056,1.0,0.9886,0.9,1.0,0.0,OPEN,f1277af11eecbac41b931b71
4648,2026-08-03T17:46:13+00:00,,soccer_france_ligue_two,Ligue 2,Nantes vs Red Star,Red Star,Tipico,2026-08-08T18:45:00Z,4.3,0.4993999159672636,0.27253034445671037,0.22806973957602608,0.22806973957602608,0.032112966151566,16.0,1.4175000000000002,1.2857142857142858,2.703214285714286,0.1317857142857144,0.0,0.0,0.3966370515363982,0.2691809100852947,0.3341820383783071,0.3341820383783071,55.0,0.0,0.0,0.36203522504892366,0.2759295499021527,0.36203522504892366,0.36203522504892366,0.0,0.0,0.0,0.39188778436307475,0.27688595154314677,0.3312262640937785,0.3312262640937785,-0.08,0.019534246511322795,0.5071623472594373,0.4928376527405627,0.5579847788049828,0.44201522119501724,0.26324112510921627,0.01107284321217898,0.873,0.72,0.0,0.0,0.0,0.15,0.55,0.035171385533190186,0.13193683796962996,55.0,1.05,1.0,0.9886,0.9,1.0,0.0,OPEN,b3dd0321f9fd8cfafe9a7c7d
4661,2026-08-04T04:11:08+00:00,,soccer_greece_super_league,Greek Super League,Kalamata FC vs Aris Thessaloniki,Kalamata FC,1xBet,2026-08-22T17:00:00Z,4.04,0.23692413093300288,0.30294607029366494,0.46012979877333215,0.23692413093300288,0.03598629093678607,5.0,1.4445000000000001,1.2616822429906542,2.7061822429906544,0.18281775700934588,0.0,0.0,0.40335862001574185,0.2672158303906449,0.32942554959361336,0.40335862001574185,65.0,0.0,0.0,0.36203522504892366,0.2759295499021527,0.36203522504892366,0.36203522504892366,0.0,0.0,0.0,0.40399486004567725,0.27606539612005354,0.3199397438342692,0.40399486004567725,-0.08,0.019476356496240577,0.5078884819529854,0.4921115180470146,0.5574881732312102,0.44251182676878975,0.2844747768292405,0.015308463148514964,0.829,0.68,0.0,0.0,0.0,0.15,0.55,0.047550645896237614,0.14927809839013162,65.0,1.07,1.0,0.95,0.9,1.0,0.0,OPEN,985fa9d7ccc407c5595dbe3b
4677,2026-08-04T04:11:14+00:00,,soccer_usa_mls,MLS,New York Red Bulls vs Nashville SC,Draw,1xBet,2026-08-19T23:30:00Z,4.22,0.34519313893628345,0.24799185569726162,0.4068150053664548,0.24799185569726162,0.022611236481184793,12.0,1.4964115089063763,1.265928115089495,2.7623396239958713,0.23048339381688132,0.0,0.0,0.4185936982631134,0.2658680177197554,0.3155382840171313,0.2658680177197554,77.71839426569008,0.03333333333333333,0.06666666666666667,0.3348839509601754,0.2728921076696127,0.39222394137021194,0.2728921076696127,-0.16666666666666666,0.1,0.2,0.41528282289988955,0.2743668031257876,0.31035037397432297,0.2743668031257876,-0.08990880000000001,0.02150917267122454,0.5215207764451251,0.47847922355487493,0.567988572825065,0.432011427174935,0.2565400504025674,0.0033927159402124215,0.974,0.68,0.0,0.0,0.0,0.15,0.55,0.008548194705305767,0.0825990126988343,81.50400000000002,1.0872289230769232,0.92,0.95,0.9,1.0,0.06666666666666667,OPEN,46d6a9ebe4c2e228dcdbba77
4678,2026-08-04T04:11:14+00:00,,soccer_usa_mls,MLS,Sporting Kansas City vs St. Louis City SC,Draw,1xBet,2026-08-20T00:00:00Z,4.33,0.3033529873431534,0.23878829339696037,0.4578587192598862,0.23878829339696037,0.025500226523539338,10.0,1.4964115089063763,1.265928115089495,2.7623396239958713,0.23048339381688132,0.0,0.0,0.38877236226474327,0.27729339886443777,0.33393423887081897,0.27729339886443777,29.07311092677778,0.1,0.1,0.2624408952013491,0.26173964763151153,0.4758194571671394,0.26173964763151153,-0.4444444444444445,0.3,0.3,0.41528282289988955,0.2743668031257876,0.31035037397432297,0.2743668031257876,-0.08990880000000001,0.02150917267122454,0.5215207764451251,0.47847922355487493,0.567988572825065,0.432011427174935,0.2508025137826271,0.006509388494851522,0.962,0.68,0.0,0.0,0.0,0.15,0.55,0.012014220385666713,0.08597488467877534,81.50400000000002,1.0872289230769232,0.92,0.95,0.9,1.0,0.13333333333333333,OPEN,a82b5f88a7f6d1585b478799
4686,2026-08-04T17:39:30+00:00,,soccer_england_league2,League Two,Newport County vs Rochdale,Newport County,Pinnacle,2026-08-15T11:30:00Z,3.17,0.32335969410351967,0.28459829204029036,0.39204201385619003,0.32335969410351967,0.01719068238739152,13.0,1.431,1.2735849056603774,2.7045849056603775,0.15741509433962264,0.0,0.0,0.4000033586052737,0.26818892303058517,0.33180771836414114,0.4000033586052737,60.0,0.0,0.0,0.36203522504892366,0.2759295499021527,0.36203522504892366,0.36203522504892366,0.0,0.0,0.0,0.39795683151970035,0.27650671157340223,0.3255364569068974,0.39795683151970035,-0.08,0.019507491210034922,0.5074977503425347,0.49250224965746525,0.5577553463573915,0.44224465364260845,0.34546116169078467,0.013366277552541125,0.922,0.68,0.0,0.0,0.0,0.15,0.55,0.022101467587265,0.09511188255978742,60.0,1.06,1.0,0.9581,0.9,1.0,0.0,OPEN,4c15c711a05a1139c2792914
4687,2026-08-05T12:37:34+00:00,,soccer_epl,Premier League,Everton vs Crystal Palace,Crystal Palace,Unibet (SE),2026-08-22T14:00:00Z,3.8,0.4471257489840382,0.2771032769305334,0.2757709740854285,0.2757709740854285,0.0,21.0,1.4766869375,1.2897955607476634,2.7664824982476635,0.18689137675233658,0.0,0.0,0.40335862001574185,0.2672158303906449,0.32942554959361336,0.32942554959361336,65.0,0.0,0.0,0.36203522504892366,0.2759295499021527,0.36203522504892366,0.36203522504892366,0.0,0.0,0.0,0.4063152695074333,0.2724630250962993,0.3212217053962674,0.3212217053962674,-0.08,0.01916291051298319,0.5225182876855085,0.47748171231449155,0.5687439743880386,0.4312560256119614,0.2927162079478812,0.014561751678561566,0.923,0.85,0.0,0.0,0.0,0.15,0.55,0.016945233862452724,0.11232159020194854,65.0,1.07,1.0,0.95,0.9,1.0,0.0,OPEN,34a15e6ee8fc1b69dfbccabb
4697,2026-08-05T12:37:40+00:00,,soccer_spl,Scottish Premiership,Motherwell vs Falkirk F.C.,Falkirk F.C.,Betfair,2026-08-09T14:00:00Z,4.5,0.5261596490970667,0.2498759106120848,0.2239644402908485,0.2239644402908485,0.028083028083027983,17.0,1.436916960425115,1.268323676020303,2.705240636445418,0.16859328440481214,0.0,0.0,0.42439687532198295,0.26328522533929016,0.312317899338727,0.312317899338727,89.83922246170512,0.03333333333333333,0.03333333333333333,0.5317717950738247,0.2510676783675284,0.217160526558647,0.217160526558647,1.0,0.1,0.1,0.40062171214478415,0.2762995822019502,0.3230787056532655,0.3230787056532655,-0.0799097,0.019472440732031415,0.5076581710895782,0.4923418289104218,0.557628244570112,0.44237175542988805,0.2454953037707057,0.04278406750203588,0.878,0.68,0.0,0.0,0.0,0.15,0.55,0.021530863479857193,0.10472886696817563,62.0315,1.0643900000000002,1.0013,0.9513,0.9,1.0,0.044444444444444446,OPEN,4c0178b377cf9c1758d062d9
4705,2026-08-05T12:37:46+00:00,,soccer_france_ligue_two,Ligue 2,Montpellier vs Dijon,Dijon,Betfair,2026-08-08T18:45:00Z,4.1,0.4804740231182711,0.2734382093813472,0.24608776750038158,0.24608776750038158,0.02596125432420293,19.0,1.4175000000000002,1.2857142857142858,2.703214285714286,0.1317857142857144,0.0,0.0,0.3966370515363982,0.2691809100852947,0.3341820383783071,0.3341820383783071,55.0,0.0,0.0,0.36203522504892366,0.2759295499021527,0.36203522504892366,0.36203522504892366,0.0,0.0,0.0,0.39188778436307475,0.27688595154314677,0.3312262640937785,0.3312262640937785,-0.08,0.019534246511322795,0.5071623472594373,0.4928376527405627,0.5579847788049828,0.44201522119501724,0.2753753138315591,0.01107284321217898,0.891,0.72,0.0,0.0,0.0,0.15,0.55,0.029287546331177527,0.12903878670939228,55.0,1.05,1.0,0.9513,0.9,1.0,0.0,OPEN,ae4e4906bef6f57c40212578
4719,2026-08-05T12:37:49+00:00,,soccer_argentina_primera_division,Argentina Primera Division,Deportivo Riestra vs Estudiantes,Deportivo Riestra,Betsson,2026-08-08T17:45:00Z,3.45,0.28794173562498965,0.33793797226944594,0.3741202921055644,0.28794173562498965,0.043602517387683726,13.0,1.4367315070720013,1.2850304908035057,2.721761997875507,0.15170101626849553,0.0,0.0,0.41495989274831524,0.26770121253884094,0.3173388947128439,0.41495989274831524,69.90613765610608,0.1,0.03333333333333333,0.437630414522415,0.26649575063146347,0.2958738348461216,0.437630414522415,0.3333333333333333,0.3,0.1,0.3968806549678956,0.2758413713586344,0.32727797367347,0.3968806549678956,-0.08119080000000001,0.019714231819389805,0.5116910549259766,0.48830894507402345,0.561270242232303,0.43872975776769696,0.3307000837465076,0.01725631608153479,0.856,0.68,0.0,0.0,0.0,0.15,0.55,0.042758348121517964,0.14091528892545124,60.692,1.05738,0.9774,1.0067,0.9,1.0,0.08888888888888889,OPEN,885813a4ee34a59c27bed983
4735,2026-08-06T08:23:35+00:00,,soccer_germany_bundesliga2,2. Bundesliga,FC Energie Cottbus vs Hannover 96,FC Energie Cottbus,Betfair,2026-08-09T11:30:00Z,3.4,0.2969455008200672,0.2562868121450739,0.44676768703485886,0.2969455008200672,0.023341474874200685,21.0,1.4364000000000001,1.268796992481203,2.705196992481203,0.1676030075187971,0.0,0.0,0.4013468634058377,0.2677974389533476,0.3308556976408148,0.4013468634058377,62.0,0.0,0.0,0.36203522504892366,0.2759295499021527,0.36203522504892366,0.36203522504892366,0.0,0.0,0.0,0.40037581523968346,0.2763375197162663,0.3232866650440501,0.40037581523968346,-0.08,0.01949555475956999,0.5076474948055681,0.49235250519443186,0.5576529410285183,0.44234705897148174,0.32800041099404176,0.01413389641605908,0.894,0.85,0.0,0.0,0.0,0.15,0.55,0.031054910173974548,0.11520139737974189,62.0,1.064,1.0,0.95,0.9,1.0,0.0,OPEN,f53301a5b973d5303ca568bc
4737,2026-08-06T08:23:36+00:00,,soccer_italy_serie_b,Serie B,Südtirol vs Virtus Entella,Virtus Entella,Pinnacle,2026-08-22T15:00:00Z,4.38,0.4706364081771885,0.3011494365851879,0.2282141552376237,0.2282141552376237,0.02639031026390315,17.0,1.4202000000000001,1.2832699619771861,2.703469961977186,0.136930038022814,0.0,0.0,0.3973111322206422,0.2689809836131015,0.3337078841662564,0.3337078841662564,56.0,0.0,0.0,0.36203522504892366,0.2759295499021527,0.36203522504892366,0.36203522504892366,0.0,0.0,0.0,0.3931040316795908,0.2768151684440763,0.330080799876333,0.330080799876333,-0.08,0.019529252778349493,0.5072249226397468,0.49277507736025317,0.5579419676881635,0.4420580323118365,0.2629555845020533,0.011459211178971826,0.873,0.72,0.0,0.0,0.0,0.15,0.55,0.03474142926442961,0.15174546011899337,56.0,1.052,1.0,0.9581,0.9,1.0,0.0,OPEN,84495db52e39b1682b0ea032
4748,2026-08-06T08:23:38+00:00,,soccer_usa_mls,MLS,Seattle Sounders FC vs Vancouver Whitecaps FC,Seattle Sounders FC,LeoVegas (SE),2026-08-17T02:30:00Z,3.45,0.2896674036881919,0.2441742826010577,0.4661583137107505,0.2896674036881919,0.0007876354320808243,16.0,1.4964115089063763,1.265928115089495,2.7623396239958713,0.23048339381688132,0.0,0.0,0.4250415323396023,0.27020420618155483,0.3047542614788429,0.4250415323396023,67.11109851142442,0.13333333333333333,0.16666666666666666,0.3182856285093078,0.27361475170210825,0.4080996197885839,0.3182856285093078,-0.2,0.4,0.5,0.41528282289988955,0.2743668031257876,0.31035037397432297,0.41528282289988955,-0.08990880000000001,0.02150917267122454,0.5215207764451251,0.47847922355487493,0.567988572825065,0.432011427174935,0.3189372096091012,0.04954120340699754,0.852,0.68,0.0,0.0,0.0,0.15,0.55,0.02926980592090933,0.10033337315139934,81.50400000000002,1.0872289230769232,0.92,0.9954,0.9,1.0,0.19999999999999998,OPEN,f41d79ceb9e6cf0590bbd6f5
4752,2026-08-06T08:23:38+00:00,,soccer_usa_mls,MLS,LA Galaxy vs San Jose Earthquakes,Draw,1xBet,2026-08-20T02:30:00Z,4.26,0.3979938491977935,0.24352309628901203,0.35848305451319457,0.24352309628901203,0.02752043395906556,10.0,1.4964115089063763,1.265928115089495,2.7623396239958713,0.23048339381688132,0.0,0.0,0.4313562688959054,0.26629477448166894,0.3023489566224256,0.26629477448166894,82.54405883756594,0.13333333333333333,0.1,0.3605113705260055,0.2798071388400053,0.35968149063398913,0.2798071388400053,0.02777777777777779,0.4,0.3,0.41528282289988955,0.2743668031257876,0.31035037397432297,0.2743668031257876,-0.08990880000000001,0.02150917267122454,0.5215207764451251,0.47847922355487493,0.567988572825065,0.432011427174935,0.2554009991570879,0.005040166092978519,0.965,0.68,0.0,0.0,0.0,0.15,0.55,0.011877902868075885,0.08800825640919441,81.50400000000002,1.0872289230769232,0.92,0.95,0.9,1.0,0.15555555555555556,OPEN,b22a4c3969f05958b3de4000
4760,2026-08-06T08:23:41+00:00,,soccer_mexico_ligamx,Liga MX,Atlas vs Tigres,Atlas,Tipico,2026-08-16T03:00:00Z,3.4,0.3020975160039168,0.2891921550592303,0.40871032893685294,0.3020975160039168,0.004901960784313708,13.0,1.4953712219393505,1.264901038576624,2.7602722605159746,0.2304701833627265,0.0,0.0,0.44040349437060067,0.26021469702611927,0.29938180860328006,0.44040349437060067,109.41597435665732,0.0,0.1,0.4371904674113825,0.2660337103345344,0.2967758222540832,0.4371904674113825,0.5,0.0,0.3,0.4163068867912036,0.27234727756052823,0.3113458356482682,0.4163068867912036,-0.0809675,0.0193809722647994,0.5210225871678054,0.47897741283219464,0.5665323133849193,0.4334676866150807,0.3447319679907893,0.011235442985096412,0.858,0.68,0.0,0.0,0.0,0.15,0.55,0.04263445198687249,0.17208869116868364,73.275,1.087292105263158,0.9957,0.9886,0.9,1.0,0.06666666666666667,OPEN,b66af8570b1714628d8708c1
4767,2026-08-06T11:50:59+00:00,,soccer_spain_la_liga,La Liga,Atlético Madrid vs Villarreal,Draw,1xBet,2026-08-23T15:00:00Z,3.92,0.49905171074733623,0.2701725708756439,0.23077571837701988,0.2701725708756439,0.0,10.0,1.4849674250000002,1.2826033921933084,2.7675708171933087,0.2023640328066918,0.0,0.0,0.40536592236190494,0.2666408941279083,0.3279931835101868,0.2666408941279083,68.0,0.0,0.0,0.36203522504892366,0.2759295499021527,0.36203522504892366,0.2759295499021527,0.0,0.0,0.0,0.40996652394640876,0.2721666650393462,0.317866811014245,0.2721666650393462,-0.08,0.01914206687282688,0.5227801260433966,0.47721987395660337,0.5685612121324471,0.43143878786755285,0.27065227147408755,0.0028934238260785337,0.992,0.85,0.0,0.0,0.0,0.15,0.55,0.0004797005984436553,0.060956904178423255,68.0,1.076,1.0,0.95,0.9,1.0,0.0,OPEN,4880337fde20816969bbe8c4
4776,2026-08-06T11:51:07+00:00,,soccer_norway_eliteserien,Eliteserien,Kristiansund BK vs Molde,Draw,Betfair,2026-08-09T17:15:00Z,4.3,0.20331436980256684,0.24186409737349218,0.554821532823941,0.24186409737349218,0.0,19.0,1.4738541496586368,1.2666931863653774,2.7405473360240142,0.2071609632932594,0.0,0.0,0.40507551822730076,0.26959588024992026,0.3253286015227791,0.26959588024992026,58.69528294165701,0.03333333333333333,0.06666666666666667,0.28652703938907825,0.26418921606321344,0.4492837445477084,0.26418921606321344,-0.3333333333333333,0.1,0.2,0.4107348158511545,0.27321384966867285,0.3160513344801726,0.27321384966867285,-0.0781513,0.018831625471024904,0.516255113614186,0.48374488638581403,0.5631478877215758,0.43685211227842424,0.251820652701505,0.003723474103094235,0.97,0.68,0.0,0.0,0.0,0.15,0.55,0.009956555328012817,0.08282880661647152,69.96900000000001,1.0786772941176472,0.9464,0.95,0.9,1.0,0.06666666666666667,OPEN,00a97fd8123b80378079183f
4801,2026-08-06T11:51:13+00:00,,soccer_argentina_primera_division,Argentina Primera Division,Estudiantes vs Gimnasia La Plata,Gimnasia La Plata,1xBet,2026-08-15T19:45:00Z,4.03,0.44708999175819636,0.2956371281140873,0.2572728801277163,0.2572728801277163,0.04178975146717079,9.0,1.4353961409866849,1.282079812739912,2.7174759537265967,0.15331632824677288,0.0,0.0,0.3812191759401832,0.27677477487090274,0.3420060491889141,0.3420060491889141,25.5597233659293,0.06666666666666667,0.03333333333333333,0.22219319865466974,0.25261092406018254,0.5251958772851477,0.5251958772851477,-1.0,0.2,0.1,0.39714066556040944,0.27610981771895915,0.3267495167206314,0.3267495167206314,-0.0813257,0.019767877409686163,0.5106465122703708,0.48935348772962917,0.5604443954940342,0.43955560450596576,0.2914833379270166,0.08402214820019668,0.752,0.68,0.0,0.0,0.0,0.15,0.55,0.034210457799300265,0.17467785184587692,61.400999999999996,1.058104,0.9713,0.95,0.9,0.8626120129991579,0.06666666666666667,OPEN,78dda1686757e72ef72fde84
4808,2026-08-06T11:51:15+00:00,,soccer_japan_j_league,J-League,Cerezo Osaka vs Fagiano Okayama,Fagiano Okayama,Betfair,2026-08-08T10:00:00Z,4.2,0.5011814995982693,0.25683080243143475,0.241987697970296,0.241987697970296,0.02966301695884277,12.0,1.4364000000000001,1.268796992481203,2.705196992481203,0.1676030075187971,0.0,0.0,0.4013468634058377,0.2677974389533476,0.3308556976408148,0.3308556976408148,62.0,0.0,0.0,0.36203522504892366,0.2759295499021527,0.36203522504892366,0.36203522504892366,0.0,0.0,0.0,0.40037581523968346,0.2763375197162663,0.3232866650440501,0.3232866650440501,-0.08,0.01949555475956999,0.5076474948055681,0.49235250519443186,0.5576529410285183,0.44234705897148174,0.27044643052369693,0.013825402287021062,0.889,0.68,0.0,0.0,0.0,0.15,0.55,0.028458732553400923,0.13587500819952725,62.0,1.064,1.0,0.95,0.9,1.0,0.0,OPEN,d35687438788f92102d700c2
4809,2026-08-06T11:51:15+00:00,,soccer_japan_j_league,J-League,Tokyo Verdy vs Kawasaki Frontale,Tokyo Verdy,Betfair,2026-08-09T09:00:00Z,3.4,0.29554032854840684,0.2971200803079732,0.40733959114361995,0.29554032854840684,0.020876763648448593,11.0,1.4364000000000001,1.268796992481203,2.705196992481203,0.1676030075187971,0.0,0.0,0.4013468634058377,0.2677974389533476,0.3308556976408148,0.4013468634058377,62.0,0.0,0.0,0.36203522504892366,0.2759295499021527,0.36203522504892366,0.36203522504892366,0.0,0.0,0.0,0.40037581523968346,0.2763375197162663,0.3232866650440501,0.40037581523968346,-0.08,0.01949555475956999,0.5076474948055681,0.49235250519443186,0.5576529410285183,0.44234705897148174,0.327184185927641,0.01413389641605908,0.892,0.68,0.0,0.0,0.0,0.15,0.55,0.03164385737923414,0.11242623215397929,62.0,1.064,1.0,0.95,0.9,1.0,0.0,OPEN,2c757959e3054d44da827db6
4822,2026-08-07T05:12:57+00:00,,soccer_england_league1,League One,Reading vs Luton,Reading,Pinnacle,2026-08-15T11:30:00Z,3.32,0.3083666873312187,0.2690162468362947,0.42261706583248654,0.3083666873312187,0.03534959826493678,14.0,1.431,1.2735849056603774,2.7045849056603775,0.15741509433962264,0.0,0.0,0.4000033586052737,0.26818892303058517,0.33180771836414114,0.4000033586052737,60.0,0.0,0.0,0.36203522504892366,0.2759295499021527,0.36203522504892366,0.36203522504892366,0.0,0.0,0.0,0.39795683151970035,0.27650671157340223,0.3255364569068974,0.39795683151970035,-0.08,0.019507491210034922,0.5074977503425347,0.49250224965746525,0.5577553463573915,0.44224465364260845,0.33539692662125803,0.013366277552541125,0.907,0.68,0.0,0.0,0.0,0.15,0.55,0.027030239290039337,0.11351779638257664,60.0,1.06,1.0,0.9581,0.9,1.0,0.0,OPEN,e5b284430c79991ad26fb7c9
4825,2026-08-07T05:13:00+00:00,,soccer_belgium_first_div,Belgian Pro League,Westerlo vs Union Saint-Gilloise,Westerlo,Betfair,2026-08-08T18:45:00Z,4.5,0.21848562662853513,0.25399325104345144,0.5275211223280134,0.21848562662853513,0.03648851477956794,22.0,1.4711666125,1.2946353189493434,2.765801931449343,0.17653129355065666,0.0,0.0,0.40201792629812527,0.2676028233043014,0.33037925039757343,0.40201792629812527,63.0,0.0,0.0,0.36203522504892366,0.2759295499021527,0.36203522504892366,0.36203522504892366,0.0,0.0,0.0,0.4038745628461584,0.27264851419757563,0.32347692295626584,0.4038745628461584,-0.08,0.019175956360388102,0.5223545101241142,0.47764548987588584,0.5688583156476003,0.43114168435239975,0.26605869950716055,0.015168294508591114,0.81,0.68,0.0,0.0,0.0,0.15,0.55,0.047573072878625416,0.19726414778222257,63.0,1.066,1.0,0.95,0.9,1.0,0.0,OPEN,866a959ef415b58059e6ba08
4829,2026-08-07T05:13:02+00:00,,soccer_switzerland_superleague,Swiss Super League,FC Basel vs FC Thun,Draw,Betfair,2026-08-09T14:30:00Z,4.4,0.5097268027261947,0.23470521077805445,0.2555679864957509,0.23470521077805445,0.015597877300004948,21.0,1.4383098860447272,1.2689808425341096,2.707290728578837,0.16932904351061762,0.0,0.0,0.40970378930321016,0.26907357375422647,0.3212226369425634,0.26907357375422647,62.91473132456802,0.06666666666666667,0.06666666666666667,0.37751953767364643,0.2756573898607696,0.3468230724655839,0.2756573898607696,0.0,0.2,0.2,0.4008934179874529,0.27606785873563594,0.32303872327691124,0.27606785873563594,-0.0795023,0.019362257973731367,0.5081595504849954,0.4918404495150046,0.5579518489922259,0.44204815100777406,0.249048139821923,0.00286331749872054,0.957,0.68,0.0,0.0,0.0,0.15,0.55,0.014342929043868552,0.09581181521646132,61.793,1.0646300000000002,0.9907,0.95,0.9,1.0,0.08888888888888889,OPEN,f1f173991e407f12c65a4fcb
4830,2026-08-07T05:13:02+00:00,,soccer_denmark_superliga,Danish Superliga,SonderjyskE vs Viborg FF,SonderjyskE,Pinnacle,2026-08-07T17:00:00Z,3.73,0.267080932522128,0.24304311799844378,0.4898759494794283,0.267080932522128,0.007330964506073956,24.0,1.4415682448872262,1.2630847429686156,2.704652987855842,0.17848350191861062,0.0,0.0,0.40885065684195415,0.2675588671734235,0.3235904759846224,0.40885065684195415,67.02291925425087,0.0,0.06666666666666667,0.35683720975724265,0.2762269908648109,0.36693579937794646,0.35683720975724265,0.0,0.0,0.2,0.4028647637985728,0.2763585201222117,0.3207767160792155,0.4028647637985728,-0.0805712,0.019627358895509706,0.507514399609854,0.492485600390146,0.5573702620290438,0.44262973797095617,0.30808750936757784,0.019880700075718395,0.858,0.68,0.0,0.0,0.0,0.15,0.55,0.04100657684544984,0.14916640994106523,64.19200000000001,1.0683200000000002,0.9771,0.9581,0.9,1.0,0.044444444444444446,OPEN,22b30c453b8577f1fe985a60
4832,2026-08-07T05:13:03+00:00,,soccer_sweden_allsvenskan,Allsvenskan,Mjällby AIF vs IF Elfsborg,Mjällby AIF,Unibet (SE),2026-08-08T15:30:00Z,2.85,0.36799721517597433,0.27996696880514366,0.35203581601888195,0.36799721517597433,0.0,21.0,1.4543569523196394,1.249458420507235,2.7038153728268743,0.20489853181240436,0.0,0.0,0.41802258803080683,0.26687078317457336,0.31510662879461987,0.41802258803080683,74.16099803286592,0.03333333333333333,0.1,0.3787616261263861,0.27546808025672714,0.3457702936168869,0.3787616261263861,0.0,0.1,0.3,0.4090671818288085,0.27607562607265385,0.3148571920985376,0.4090671818288085,-0.0808687,0.01967666077711866,0.5073094281508498,0.4926905718491502,0.5565773252541414,0.4434226747458586,0.3798846072372718,0.015220859637186756,0.948,0.68,0.0,0.0,0.0,0.15,0.55,0.011887392061297464,0.08267113062622466,67.949,1.078883625,0.9678,0.95,0.9,1.0,0.08888888888888889,OPEN,f565ca570c1df651db95eee1
4848,2026-08-07T05:13:07+00:00,,soccer_usa_mls,MLS,Orlando City SC vs Chicago Fire,Draw,1xBet,2026-08-19T23:30:00Z,4.49,0.337967479292959,0.2515844144768041,0.4104481062302368,0.2515844144768041,0.007150107566491926,10.0,1.4964115089063763,1.265928115089495,2.7623396239958713,0.23048339381688132,0.0,0.0,0.4330936846035411,0.261099198267226,0.305807117129233,0.261099198267226,102.43307722921638,0.03333333333333333,0.03333333333333333,0.49911022362052176,0.256052892181883,0.24483688419759536,0.256052892181883,1.0,0.1,0.1,0.41528282289988955,0.2743668031257876,0.31035037397432297,0.2743668031257876,-0.08990880000000001,0.02150917267122454,0.5215207764451251,0.47847922355487493,0.567988572825065,0.432011427174935,0.25702063693870403,0.008011433287923302,0.979,0.68,0.0,0.0,0.0,0.15,0.55,0.005436222461899953,0.15402265985478114,81.50400000000002,1.0872289230769232,0.92,0.95,0.9,1.0,0.044444444444444446,OPEN,b1e8adebaebfa7b1bb8aaa09
4857,2026-08-07T05:13:10+00:00,,soccer_argentina_primera_division,Argentina Primera Division,Banfield vs Belgrano de Cordoba,Banfield,Betsson,2026-08-10T22:00:00Z,3.35,0.31126048666148054,0.3146415267157137,0.37409798662280574,0.31126048666148054,0.018693317100609397,12.0,1.4353961409866849,1.282079812739912,2.7174759537265967,0.15331632824677288,0.0,0.0,0.4095454394776762,0.2664053075090992,0.32404925301322474,0.4095454394776762,71.12563495653747,0.03333333333333333,0.0,0.44065381962184486,0.2644442279745776,0.29490195240357764,0.44065381962184486,0.5,0.1,0.0,0.39714066556040944,0.27610981771895915,0.3267495167206314,0.39714066556040944,-0.0813257,0.019767877409686163,0.5106465122703708,0.48935348772962917,0.5604443954940342,0.43955560450596576,0.34239735645832525,0.0165137646192819,0.88,0.68,0.0,0.0,0.0,0.15,0.55,0.031136869796844713,0.14703114413538954,61.400999999999996,1.058104,0.9713,1.0106,0.9,1.0,0.022222222222222223,OPEN,f0f632dd86bbfa8672b3094c
4861,2026-08-07T05:13:10+00:00,,soccer_argentina_primera_division,Argentina Primera Division,Central Córdoba vs Instituto de Córdoba,Central Córdoba,Unibet (SE),2026-08-16T18:00:00Z,3.75,0.28443202877952883,0.30644091466721934,0.4091270565532517,0.28443202877952883,0.008351216022889796,10.0,1.4353961409866849,1.282079812739912,2.7174759537265967,0.15331632824677288,0.0,0.0,0.384483047715081,0.27666124230932737,0.3388557099755916,0.384483047715081,27.93587766692749,0.06666666666666667,0.06666666666666667,0.28346453952889056,0.2642643239782222,0.4522711364928872,0.28346453952889056,-0.5,0.2,0.2,0.39714066556040944,0.27610981771895915,0.3267495167206314,0.39714066556040944,-0.0813257,0.019767877409686163,0.5106465122703708,0.48935348772962917,0.5604443954940342,0.43955560450596576,0.3078696792039373,0.049362053752741816,0.866,0.68,0.0,0.0,0.0,0.15,0.55,0.023437650424408485,0.15451129701476485,61.400999999999996,1.058104,0.9713,0.95,0.9,1.0,0.08888888888888889,OPEN,d0effc00766998851d294c32
