id,snapshot_hash,source_hash,sport_key,league,event,home_team,away_team,selection,bookmaker,commence_time,captured_at,hours_to_start,selected_odds,market_home_probability,market_draw_probability,market_away_probability,market_selection_probability,fair_home_odds,fair_draw_odds,fair_away_odds,market_overround,bookmaker_count,is_closing_window
1,1822d89e41add9d9c22ba98a7ba336fddc1530c6,220782d4bbf9063a0e1d6cd0,soccer_germany_bundesliga2,2. Bundesliga,1. FC Heidenheim vs 1. FC Kaiserslautern,1. FC Heidenheim,1. FC Kaiserslautern,1. FC Heidenheim,Pinnacle,2026-10-09T16:30:00Z,2026-10-01T11:57:18+00:00,196.54487657833334,1.88,0.5238956095889542,0.25324310113414517,0.22286128927690066,0.5238956095889542,1.9087772099953173,3.9487748946428,4.4870960014842245,0.0,13,0
2,27db9ad794380c3f1160a59524ad65cefc705c84,7714c2d04349a54d7f501687,soccer_germany_bundesliga2,2. Bundesliga,SV Darmstadt 98 vs FC Energie Cottbus,SV Darmstadt 98,FC Energie Cottbus,SV Darmstadt 98,Tipico,2026-10-10T11:00:00Z,2026-10-01T11:57:18+00:00,215.04487657833334,2.2,0.443822767408556,0.24200255064997386,0.31417468194147014,0.443822767408556,2.2531516484359657,4.132187852211416,3.1829426668642165,0.020509545099709037,13,0
3,8a45d7f1b0346f5633be698f61331b1b49fcccd9,2f94fce843ba71fa75242f2c,soccer_germany_bundesliga2,2. Bundesliga,FC St. Pauli vs Karlsruher SC,FC St. Pauli,Karlsruher SC,FC St. Pauli,Pinnacle,2026-10-11T11:30:00Z,2026-10-01T11:57:18+00:00,239.54487657833334,1.69,0.5806426529618376,0.2137291877028004,0.20562815933536205,0.5806426529618376,1.7222296620805162,4.678818137794745,4.863147164436195,0.0,13,0
4,417a79d8e7b0857ce30e41c6b498377efc109b73,da58f30dd81f3b7da7cd5c3d,soccer_germany_bundesliga2,2. Bundesliga,Hertha Berlin vs Greuther Fürth,Hertha Berlin,Greuther Fürth,Hertha Berlin,Pinnacle,2026-10-11T11:30:00Z,2026-10-01T11:57:18+00:00,239.54487657833334,1.61,0.6075630683701623,0.20671716892065517,0.18571976270918264,0.6075630683701623,1.6459196617769773,4.837527551394789,5.384456588854754,0.0,13,0
5,cc3f72be373899a9e5a3114bacbbfa4e86e880d1,c58dc22e7fe948e508e8e999,soccer_australia_aleague,A-League,Sydney FC vs Western Sydney Wanderers,Sydney FC,Western Sydney Wanderers,Sydney FC,William Hill,2026-10-16T09:00:00Z,2026-10-01T11:57:18+00:00,357.04487657833334,1.73,0.5393469608238171,0.2292986274937201,0.23135441168246282,0.5393469608238171,1.8540940667813641,4.361125101053592,4.322372729907196,0.06583956012970549,6,0
6,71c6a538a81297cde63c141da5523625c0e075e2,767d7d309dda6308a5d96422,soccer_australia_aleague,A-League,Macarthur FC vs Perth Glory,Macarthur FC,Perth Glory,Macarthur FC,888sport,2026-10-17T06:00:00Z,2026-10-01T11:57:18+00:00,378.04487657833334,1.67,0.5527231101623309,0.2338796854986675,0.21339720433900167,0.5527231101623309,1.809224151503828,4.275702688191349,4.686097004398452,0.07607512248230819,6,0
7,b379cde8ae635efda093f5d4968e8f57bee882f7,312c4bb563295a975e3fd569,soccer_australia_aleague,A-League,Central Coast Mariners vs Newcastle Jets FC,Central Coast Mariners,Newcastle Jets FC,Newcastle Jets FC,William Hill,2026-10-17T08:40:00Z,2026-10-01T11:57:18+00:00,380.71154324500003,1.8,0.24355390402697175,0.24124416892595402,0.5152019270470742,0.5152019270470742,4.105867257579487,4.145177910214832,1.9409865287802572,0.07503607503607501,6,0
8,b3e7d5d2207ff720b236268c944eb4163b83a1bc,afd2d3d81a0edf8f5a3e272d,soccer_australia_aleague,A-League,Wellington Phoenix FC vs Melbourne Victory,Wellington Phoenix FC,Melbourne Victory,Melbourne Victory,William Hill,2026-10-18T02:00:00Z,2026-10-01T11:57:18+00:00,398.04487657833334,2.0,0.2816948573211897,0.25422474151327973,0.4640804011655306,0.4640804011655306,3.549940561604913,3.9335274531010342,2.1547990337202685,0.077002905770029,6,0
9,ae240c9c0e1e84068d27afb3874555cfd8197c64,291741d3be134bff24ad19c4,soccer_australia_aleague,A-League,Central Coast Mariners vs Newcastle Jets FC,Central Coast Mariners,Newcastle Jets FC,Central Coast Mariners,Betsson,2026-10-17T08:40:00Z,2026-10-01T11:57:18+00:00,380.71154324500003,3.95,0.24299072634433858,0.24033065136933868,0.5166786222863228,0.24299072634433858,4.1153833936152555,4.1609340893567754,1.9354390850834151,0.06846037225784052,8,0
10,3dc58cd10c8a83db0809f4db4388f152d1c2c1d9,812d4ba7fa1eff88f39b3749,soccer_australia_aleague,A-League,Western Sydney Wanderers vs Auckland FC,Western Sydney Wanderers,Auckland FC,Auckland FC,William Hill,2026-10-24T06:00:00Z,2026-10-01T11:57:18+00:00,546.0448765783333,2.15,0.3008748504272808,0.2657466002938277,0.4333785492788916,0.4333785492788916,3.3236410373943586,3.7629832287386984,2.3074515378389697,0.07341120994534345,6,0
11,74638023e945261e5e9569821ae7ec27459ab526,dbbe9608a2aa4f8dae69ca0b,soccer_australia_aleague,A-League,Sydney FC vs Adelaide United,Sydney FC,Adelaide United,Sydney FC,William Hill,2026-10-25T04:00:00Z,2026-10-01T11:57:18+00:00,568.0448765783333,1.95,0.47638151263422746,0.25732598919292604,0.2662924981728465,0.47638151263422746,2.099157867127002,3.886121270285941,3.7552691377393397,0.06848325640530928,6,0
12,5c7c690bbd53bd9bdd30805ef86d3b14635f7fbb,6da390ddd72f9bb3dae402b2,soccer_australia_aleague,A-League,Brisbane Roar vs Perth Glory,Brisbane Roar,Perth Glory,Brisbane Roar,William Hill,2026-10-23T09:00:00Z,2026-10-01T11:57:18+00:00,525.0448765783333,2.1,0.4456366161136883,0.2664314973645935,0.2879318865217183,0.4456366161136883,2.243980776806019,3.7533099873382,3.4730436148640016,0.06959706959706957,6,0
13,3bbc85f4b2d749ee88fce60d339a9cfe66d19dad,1f6c6293ee22784340bb381f,soccer_australia_aleague,A-League,Newcastle Jets FC vs Macarthur FC,Newcastle Jets FC,Macarthur FC,Newcastle Jets FC,William Hill,2026-10-24T04:00:00Z,2026-10-01T11:57:18+00:00,544.0448765783333,2.0,0.46842977573540884,0.24325083318058124,0.2883193910840099,0.46842977573540884,2.134791705821978,4.11098283580239,3.4683758044862896,0.06743256743256731,6,0
14,2b3ff01a338aa04b99c5a4d05c5b57722651c391,b781cca4fff96a94a10f6a80,soccer_australia_aleague,A-League,Wellington Phoenix FC vs Central Coast Mariners,Wellington Phoenix FC,Central Coast Mariners,Wellington Phoenix FC,William Hill,2026-10-25T02:00:00Z,2026-10-01T11:57:18+00:00,566.0448765783333,1.8,0.5171318046574467,0.24523627062200476,0.23763192472054867,0.5171318046574467,1.9337429858184996,4.0777002417450365,4.208188782614053,0.06871345029239762,6,0
15,137e158d78b00168d423b53da9c23f23077086a4,7bc637c9bcd840aa1a897b05,soccer_australia_aleague,A-League,Sydney FC vs Western Sydney Wanderers,Sydney FC,Western Sydney Wanderers,Western Sydney Wanderers,Codere (IT),2026-10-16T09:00:00Z,2026-10-01T11:57:18+00:00,357.04487657833334,4.0,0.5091624508145012,0.24413104278961636,0.2467065063958825,0.2467065063958825,1.964009715171085,4.096160769123348,4.053399379728275,0.023997890295358593,9,0
16,14e031c6f288a176e604b24f28127b23da9db0c0,843da245586b29c048e05551,soccer_australia_aleague,A-League,Wellington Phoenix FC vs Central Coast Mariners,Wellington Phoenix FC,Central Coast Mariners,Central Coast Mariners,Codere (IT),2026-10-25T02:00:00Z,2026-10-01T11:57:18+00:00,566.0448765783333,4.0,0.49699915668499395,0.2563737061290928,0.24662713718591328,0.24662713718591328,2.012075848719832,3.9005560090334153,4.0547038392055645,0.06260844418739153,10,0
17,79a31c3339416995a90d2e79d4eccd819fe751bd,5572a9e72cb826af6cf86607,soccer_sweden_allsvenskan,Allsvenskan,IFK Goteborg vs Västerås SK,IFK Goteborg,Västerås SK,IFK Goteborg,Betsson,2026-10-09T17:00:00Z,2026-10-01T11:57:18+00:00,197.04487657833334,1.74,0.5491493247209639,0.23827634270449582,0.21257433257454034,0.5491493247209639,1.8209983241045125,4.196807742849126,4.704236809255156,0.03400436749354019,10,0
18,91e9b5fb949a47cc00f5525236cd39f7c9d70b60,b0d2aede8e4243fd56c1bd2a,soccer_sweden_allsvenskan,Allsvenskan,AIK vs IF Brommapojkarna,AIK,IF Brommapojkarna,AIK,Betsson,2026-10-10T13:00:00Z,2026-10-01T11:57:18+00:00,217.04487657833334,1.97,0.4766686046645007,0.25299966140545316,0.27033173393004617,0.4766686046645007,2.097893568433864,3.9525744597634707,3.6991587538101256,0.041008234917774056,10,0
19,d37580b2037f3cb0af6dced0dbc7382d63c9693a,11bd0552474dfe7dd1120fea,soccer_sweden_allsvenskan,Allsvenskan,Mjällby AIF vs Degerfors IF,Mjällby AIF,Degerfors IF,Degerfors IF,Pinnacle,2026-10-10T15:30:00Z,2026-10-01T11:57:18+00:00,219.54487657833334,3.8,0.4858140639279453,0.26077811091707703,0.25340782515497773,0.25340782515497773,2.058400680941006,3.834677674760758,3.946208051738046,0.04251123836959425,10,0
20,3c42ad628b51fc1797aa876f9cc9295ea93031dd,e23a1a1a39b5690559a2e169,soccer_sweden_allsvenskan,Allsvenskan,Mjällby AIF vs Degerfors IF,Mjällby AIF,Degerfors IF,Mjällby AIF,Betsson,2026-10-10T15:30:00Z,2026-10-01T11:57:18+00:00,219.54487657833334,1.97,0.4858140639279453,0.26077811091707703,0.25340782515497773,0.4858140639279453,2.058400680941006,3.834677674760758,3.946208051738046,0.04251123836959425,10,0
21,9928842c3ea8fe56e25f23c013674789c30cf438,d3be78459eb9e570d80848b7,soccer_sweden_allsvenskan,Allsvenskan,Hammarby IF vs Djurgardens IF,Hammarby IF,Djurgardens IF,Hammarby IF,1xBet,2026-10-11T12:00:00Z,2026-10-01T11:57:18+00:00,240.04487657833334,1.76,0.5252440229738046,0.234323303192606,0.24043267383358935,0.5252440229738046,1.9038769719610362,4.267607985954488,4.159168485944344,0.034931995187428067,10,0
22,a8728ad7630625016b706ffb5675646d453d3d2b,4b720a071aacbcf70f39279b,soccer_sweden_allsvenskan,Allsvenskan,BK Hacken vs Örgryte IS,BK Hacken,Örgryte IS,BK Hacken,Betsson,2026-10-11T14:30:00Z,2026-10-01T11:57:18+00:00,242.54487657833334,1.41,0.6809327874032198,0.18853633222519756,0.1305308803715825,0.6809327874032198,1.4685737248951738,5.304017470784084,7.661022412116567,0.01928837516915105,10,0
23,df1d431e17f7c4e845931fcd4d2c5d33cdf040b4,11f01f8f04e7a6998159f478,soccer_sweden_allsvenskan,Allsvenskan,IF Elfsborg vs Halmstads BK,IF Elfsborg,Halmstads BK,IF Elfsborg,Betsson,2026-10-12T17:00:00Z,2026-10-01T11:57:18+00:00,269.04487657833334,1.37,0.6880563604063864,0.19476665286511158,0.11717698672850194,0.6880563604063864,1.453369313248366,5.134349157258272,8.534098955087412,0.03416527389963919,10,0
24,4cf3e9c12282bd2e9b2b2714e2b909770dfaa18b,8098e641e3261a92696c73c9,soccer_sweden_allsvenskan,Allsvenskan,Malmo FF vs Kalmar FF,Malmo FF,Kalmar FF,Malmo FF,Pinnacle,2026-10-12T17:00:00Z,2026-10-01T11:57:18+00:00,269.04487657833334,1.78,0.5344001895827599,0.24055492485328628,0.22504488556395386,0.5344001895827599,1.871256821186316,4.157054779110829,4.443557992860128,0.043192872897398926,8,0
25,a9346fa6119df1f1d4f25f8fc56ceeab68138d02,2838e35f6a4d9be9332846ea,soccer_sweden_allsvenskan,Allsvenskan,AIK vs IF Brommapojkarna,AIK,IF Brommapojkarna,IF Brommapojkarna,Coolbet,2026-10-10T13:00:00Z,2026-10-01T11:57:18+00:00,217.04487657833334,3.9,0.4787006760932539,0.25290711288841833,0.2683922110183279,0.2683922110183279,2.088988066950617,3.9540208599874225,3.725890539840265,0.027182364345067933,12,0
26,ab3fd390fc97550ce3cebb93381407d89b4e8c94,e39dcc768c692cf9b6322492,soccer_sweden_allsvenskan,Allsvenskan,GAIS vs IK Sirius,GAIS,IK Sirius,GAIS,Unibet (SE),2026-10-10T13:00:00Z,2026-10-01T11:57:18+00:00,217.04487657833334,2.7,0.37277563465802965,0.2727682745721441,0.3544560907698263,0.37277563465802965,2.682578760592447,3.6661155025032484,2.8212239147256506,0.005291005291005346,16,0
27,e0283a2b072c33889a809fa531522366730ebee2,a50e0a18a81923df5fe7309b,soccer_argentina_primera_division,Argentina Primera Division,Atlético Tucuman vs Barracas Central,Atlético Tucuman,Barracas Central,Atlético Tucuman,1xBet,2026-10-03T20:00:00Z,2026-10-01T11:57:18+00:00,56.04487657833334,1.94,0.4932014718370201,0.3076034436691435,0.19919508449383638,0.4932014718370201,2.027568969482826,3.2509388974058244,5.020204201027574,0.050594636480021604,7,0
28,fff49f154d32c30a68a03e9ba5e29363c41835c5,7fcdda96bd04932fff720329,soccer_argentina_primera_division,Argentina Primera Division,Argentinos Juniors vs CA Tigre BA,Argentinos Juniors,CA Tigre BA,Argentinos Juniors,1xBet,2026-10-03T22:15:00Z,2026-10-01T11:57:18+00:00,58.29487657833334,1.66,0.5767521530122472,0.27003003662170755,0.15321781036604518,0.5767521530122472,1.7338470169157134,3.7032917245459154,6.5266563829031945,0.047676979594679425,7,0
29,3c564f9bbf20e203f8c62bfa113f1c50a002fa53,5a3c74c13b83e527f858b2a8,soccer_argentina_primera_division,Argentina Primera Division,Atlético Huracán vs Aldosivi Mar del Plata,Atlético Huracán,Aldosivi Mar del Plata,Atlético Huracán,1xBet,2026-10-04T00:30:00Z,2026-10-01T11:57:18+00:00,60.54487657833334,1.93,0.49092769561090227,0.30095749492538837,0.20811480946370947,0.49092769561090227,2.036959839382491,3.322728348227095,4.8050400765658985,0.05298633683405041,7,0
30,512bfbebb885cb7fcc64ef3b482c44c5efc9243f,103b71837420543afa65f614,soccer_argentina_primera_division,Argentina Primera Division,Boca Juniors vs Union Santa Fe,Boca Juniors,Union Santa Fe,Boca Juniors,1xBet,2026-10-04T22:15:00Z,2026-10-01T11:57:18+00:00,82.29487657833333,1.66,0.5753498545302209,0.2612888072897703,0.16336133818000892,0.5753498545302209,1.7380729170714926,3.8271826886598945,6.121399415191454,0.05280004038244002,7,0
31,d97961cde2a3805ae5cfc4eb56fe0e0181fde0e1,f64ed6557d12179ccf2cc77f,soccer_argentina_primera_division,Argentina Primera Division,Estudiantes de Río Cuarto vs Racing Club,Estudiantes de Río Cuarto,Racing Club,Racing Club,1xBet,2026-10-05T00:30:00Z,2026-10-01T11:57:18+00:00,84.54487657833333,1.96,0.21039297584454242,0.29935860180339613,0.49024842235206145,0.49024842235206145,4.753010389181869,3.340475249335746,2.0397821887978895,0.051125338147655075,5,0
32,885c4cbdc93b8878744a0aec2dbb4f10666c17d7,892588bfcc95fed2ec66a147,soccer_argentina_primera_division,Argentina Primera Division,Deportivo Riestra vs Central Córdoba,Deportivo Riestra,Central Córdoba,Deportivo Riestra,1xBet,2026-10-05T19:45:00Z,2026-10-01T11:57:18+00:00,103.79487657833333,1.95,0.49194687649924895,0.307643636664112,0.20040948683663917,0.49194687649924895,2.0327398094609648,3.2505141690670127,4.989783746191293,0.04902269861286257,7,0
33,7d714954efbd29d59470d58073c4e744485fbe75,bfd62f56a3c973c5935b4e58,soccer_argentina_primera_division,Argentina Primera Division,Independiente Rivadavia vs Gimnasia La Plata,Independiente Rivadavia,Gimnasia La Plata,Independiente Rivadavia,1xBet,2026-10-03T00:30:00Z,2026-10-01T11:57:18+00:00,36.54487657833334,1.72,0.549463454177258,0.26396351298783155,0.18657303283491058,0.549463454177258,1.8199572553871766,3.788402376831903,5.359831401169597,0.05001282127147566,4,0
34,ad57138c29eabc349e5c3c371c8556ce53f43ee1,6fcec465c1fcc76e1e0d352a,soccer_argentina_primera_division,Argentina Primera Division,Estudiantes vs Gimnasia Mendoza,Estudiantes,Gimnasia Mendoza,Estudiantes,Betsson,2026-10-05T22:00:00Z,2026-10-01T11:57:18+00:00,106.04487657833333,1.75,0.5507676099866933,0.27162620926597725,0.17760618074732962,0.5507676099866933,1.8156478011191695,3.6815298593693395,5.630434683028538,0.029556650246305383,4,0
35,3cee25572b8566424cc21408d5fc69ba7837fd93,0c15d9c810d912bfa34ca9f4,soccer_argentina_primera_division,Argentina Primera Division,Velez Sarsfield BA vs Platense,Velez Sarsfield BA,Platense,Velez Sarsfield BA,Betsson,2026-10-05T22:00:00Z,2026-10-01T11:57:18+00:00,106.04487657833333,1.95,0.48954379084919425,0.2958348072936465,0.2146214018571593,0.48954379084919425,2.04271817698951,3.380264848305687,4.659367571671847,0.04366112417422463,4,0
36,d7739282a84cf6068f910679b5a88bb7030bea19,e3657d4f2c38ad1202f91ccf,soccer_argentina_primera_division,Argentina Primera Division,Banfield vs Rosario Central,Banfield,Rosario Central,Rosario Central,1xBet,2026-10-06T00:15:00Z,2026-10-01T11:57:18+00:00,108.29487657833333,2.02,0.23454909104218816,0.2960859301889015,0.4693649787689104,0.4693649787689104,4.263499788281553,3.3773979039193267,2.130538163760925,0.05362716799063261,6,0
37,4e2c57c33e78637e36731991d93fb7ec0e0e039a,f5fffcb26c9f200b753a05c7,soccer_argentina_primera_division,Argentina Primera Division,Sarmiento de Junin vs River Plate,Sarmiento de Junin,River Plate,River Plate,Codere (IT),2026-10-07T22:30:00Z,2026-10-01T11:57:18+00:00,154.54487657833334,1.73,0.1855100409086342,0.2843390168985137,0.5301509421928522,0.5301509421928522,5.390543795376075,3.516928527458896,1.886255253765505,0.07803468208092479,5,0
38,3835bee66c5cfc12fad1b2f527223333ee179bd8,72cd3a9024e7ac4107846668,soccer_argentina_primera_division,Argentina Primera Division,Platense vs Argentinos Juniors,Platense,Argentinos Juniors,Platense,Codere (IT),2026-10-11T20:00:00Z,2026-10-01T11:57:18+00:00,248.04487657833334,3.5,0.2785958488707066,0.3112832613030344,0.41012088982625905,0.2785958488707066,3.5894289310250618,3.2125081053635567,2.438305447995184,0.05162272222450737,7,0
39,8c3ca28252e2337bb121e961976449ae41fe9c25,93fa53762e1985ded7e4079a,soccer_argentina_primera_division,Argentina Primera Division,Barracas Central vs Atlético Huracán,Barracas Central,Atlético Huracán,Barracas Central,1xBet,2026-10-11T20:00:00Z,2026-10-01T11:57:18+00:00,248.04487657833334,3.25,0.29678442297047497,0.3359156747738795,0.3672999022556455,0.29678442297047497,3.3694490768455294,2.976937592070232,2.7225708306995053,0.05243206405997114,7,0
40,fb351116cfc7c0478791aa5dd9d18a9328a5bc6a,240d4a375423059041fa100e,soccer_argentina_primera_division,Argentina Primera Division,Gimnasia La Plata vs Atlético Tucuman,Gimnasia La Plata,Atlético Tucuman,Atlético Tucuman,Codere (IT),2026-10-11T20:00:00Z,2026-10-01T11:57:18+00:00,248.04487657833334,3.9,0.4416295973324252,0.3021207098169452,0.25624969285062954,0.25624969285062954,2.2643409908219443,3.3099352924395666,3.902443701982932,0.048058145849943834,7,0
41,08741136085d14bee03652b20e0b7bbc6cbb3228,48fc08d0e8728e5b7490e3c8,soccer_argentina_primera_division,Argentina Primera Division,Gimnasia La Plata vs Atlético Tucuman,Gimnasia La Plata,Atlético Tucuman,Gimnasia La Plata,1xBet,2026-10-11T20:00:00Z,2026-10-01T11:57:18+00:00,248.04487657833334,2.1,0.4416295973324252,0.3021207098169452,0.25624969285062954,0.4416295973324252,2.2643409908219443,3.3099352924395666,3.902443701982932,0.048058145849943834,7,0
42,362d45eef64680154e2c9f1fc058345169978fab,5841a9304b96c8f317687348,soccer_argentina_primera_division,Argentina Primera Division,CA Tigre BA vs Banfield,CA Tigre BA,Banfield,CA Tigre BA,1xBet,2026-10-11T20:00:00Z,2026-10-01T11:57:18+00:00,248.04487657833334,1.97,0.45978403152857555,0.30070354827556944,0.23951242019585503,0.45978403152857555,2.174934167842778,3.325534419978258,4.17514882602863,0.05224092604898134,7,0
43,13f5b5b89cf06255901cd96c3c86dc1aa9d48364,773cab1757e58341883e9556,soccer_argentina_primera_division,Argentina Primera Division,Central Córdoba vs Estudiantes,Central Córdoba,Estudiantes,Central Córdoba,1xBet,2026-10-11T20:00:00Z,2026-10-01T11:57:18+00:00,248.04487657833334,3.88,0.25701622733085,0.3163217212760765,0.42666205139307356,0.25701622733085,3.8908049129237554,3.1613383866460083,2.3437753527292817,0.05189478518377744,7,0
44,416c102b55fe15658fd86a0e8f6e6887211cc1f0,563073a02137749ecf16722d,soccer_argentina_primera_division,Argentina Primera Division,Central Córdoba vs Estudiantes,Central Córdoba,Estudiantes,Estudiantes,1xBet,2026-10-11T20:00:00Z,2026-10-01T11:57:18+00:00,248.04487657833334,2.17,0.25701622733085,0.3163217212760765,0.42666205139307356,0.42666205139307356,3.8908049129237554,3.1613383866460083,2.3437753527292817,0.05189478518377744,7,0
45,e6e40aa705879d0ea7559a623f172f559d06e230,9e5cb3ee723f7718aa319da7,soccer_argentina_primera_division,Argentina Primera Division,River Plate vs Estudiantes de Río Cuarto,River Plate,Estudiantes de Río Cuarto,River Plate,1xBet,2026-10-11T20:00:00Z,2026-10-01T11:57:18+00:00,248.04487657833334,1.2,0.7072735387290763,0.18738178239024358,0.10534467888068018,0.7072735387290763,1.4138801259226152,5.336698089024406,9.492648424441647,0.05017921146953408,6,0
46,0a0220e140c130a7b587c9a4d503065b5d7438ec,816a7c18018593c907efdead,soccer_argentina_primera_division,Argentina Primera Division,Rosario Central vs Independiente Rivadavia,Rosario Central,Independiente Rivadavia,Rosario Central,1xBet,2026-10-11T20:00:00Z,2026-10-01T11:57:18+00:00,248.04487657833334,2.09,0.43932965617400443,0.3010212505719719,0.25964909325402374,0.43932965617400443,2.2761950757176566,3.3220246015850887,3.851351789708217,0.05315327400915204,7,0
47,2948c35abbc08841dd1d8c5256d161541c6727d8,a840d2f6c690b98fa139e64d,soccer_argentina_primera_division,Argentina Primera Division,Lanus vs Velez Sarsfield BA,Lanus,Velez Sarsfield BA,Velez Sarsfield BA,Codere (IT),2026-10-11T20:00:00Z,2026-10-01T11:57:18+00:00,248.04487657833334,3.65,0.4109955140100857,0.3204295099704057,0.2685749760195087,0.2685749760195087,2.433116581353879,3.12081118899554,3.7233550750735698,0.042844923336184504,7,0
48,b877d81e9c4736120ca2c419cabc5b2cf36969fa,683aea734faebec07ad9d4d3,soccer_argentina_primera_division,Argentina Primera Division,Sarmiento de Junin vs River Plate,Sarmiento de Junin,River Plate,River Plate,1xBet,2026-10-04T22:45:00Z,2026-10-01T11:57:18+00:00,82.79487657833333,1.76,0.1761508741353384,0.27506826977386306,0.5487808560907985,0.5487808560907985,5.676951675140088,3.6354611196053694,1.8222209993319174,0.026266563859768777,3,0
49,c0950b933d381698bec2fbbef488bd149ab1f45b,0fc066238543469561019243,soccer_argentina_primera_division,Argentina Primera Division,Sarmiento de Junin vs River Plate,Sarmiento de Junin,River Plate,River Plate,1xBet,2026-10-04T16:45:00Z,2026-10-01T11:57:18+00:00,76.79487657833333,1.75,0.1750524431333529,0.27400204403129985,0.5509455128353473,0.5509455128353473,5.712573798459995,3.6496078105379675,1.8150615200651516,0.02951331710652183,3,0
50,d3ed55089b852da6826874eee84bae9395ea3317,1b14cd08e792a9eb3a05718e,soccer_argentina_primera_division,Argentina Primera Division,Boca Juniors vs Union Santa Fe,Boca Juniors,Union Santa Fe,Boca Juniors,Unibet (SE),2026-10-03T00:30:00Z,2026-10-01T11:57:18+00:00,36.54487657833334,1.62,0.5796991093792738,0.2585886531541073,0.161712237466619,0.5796991093792738,1.7250328382784184,3.8671457072946067,6.18382390637828,0.04998671208716865,3,0
51,0260e839c45d3d498b7fc22eee08d75803bd68cf,8613674cb45f0edec62c0ccb,soccer_argentina_primera_division,Argentina Primera Division,Atlético Huracán vs Aldosivi Mar del Plata,Atlético Huracán,Aldosivi Mar del Plata,Atlético Huracán,1xBet,2026-10-04T17:45:00Z,2026-10-01T11:57:18+00:00,77.79487657833333,1.72,0.5553581668303265,0.2778422946561721,0.1667995385135015,0.5553581668303265,1.8006397667786902,3.5991640554131363,5.995220423940535,0.03379300965592269,11,0
52,4b6f7b90f81a73e6512a87acd4c9279abd7a449b,e0c898bd10fb321b1b717621,soccer_argentina_primera_division,Argentina Primera Division,Argentinos Juniors vs CA Tigre BA,Argentinos Juniors,CA Tigre BA,Argentinos Juniors,1xBet,2026-10-04T22:15:00Z,2026-10-01T11:57:18+00:00,82.29487657833333,1.9,0.5017041185482664,0.29345526821902995,0.20484061323270375,0.5017041185482664,1.9932066790553866,3.4076743827737905,4.881844397058002,0.03620781968026221,11,0
53,3e997ea423ed31498ad3e16fc01ae3d8898d6853,896382ef2a68e826e801b40b,soccer_argentina_primera_division,Argentina Primera Division,Central Córdoba vs Estudiantes,Central Córdoba,Estudiantes,Central Córdoba,1xBet,2026-10-10T20:00:00Z,2026-10-01T11:57:18+00:00,224.04487657833334,3.92,0.2556102250733808,0.31365765171033766,0.4307321232162815,0.2556102250733808,3.9122065626010034,3.1881893986871344,2.321628562395089,0.04064564894057976,9,0
54,72d08807a015fc31af0f3f9c527e772b24a3fec3,c4a501bcf6838f8fc4608f67,soccer_argentina_primera_division,Argentina Primera Division,Central Córdoba vs Estudiantes,Central Córdoba,Estudiantes,Estudiantes,1xBet,2026-10-10T20:00:00Z,2026-10-01T11:57:18+00:00,224.04487657833334,2.16,0.2556102250733808,0.31365765171033766,0.4307321232162815,0.4307321232162815,3.9122065626010034,3.1881893986871344,2.321628562395089,0.04064564894057976,9,0
55,95ea41cd557126d324acb4550cfbe73122826d35,7eafaa062b52473fff88b548,soccer_argentina_primera_division,Argentina Primera Division,CA Tigre BA vs Banfield,CA Tigre BA,Banfield,CA Tigre BA,1xBet,2026-10-10T22:15:00Z,2026-10-01T11:57:18+00:00,226.29487657833334,1.81,0.5076502077575353,0.29251234347460287,0.19983744876786197,0.5076502077575353,1.9698603186184878,3.4186591516840523,5.00406708635294,0.0397861766558667,8,0
56,6573501360b27428b592a2cb957888fbf9f97bbf,54983412c94d1f80be4288e0,soccer_argentina_primera_division,Argentina Primera Division,River Plate vs Estudiantes de Río Cuarto,River Plate,Estudiantes de Río Cuarto,River Plate,Betsson,2026-10-11T00:30:00Z,2026-10-01T11:57:18+00:00,228.54487657833334,1.24,0.7238202030007893,0.18611121927405702,0.09006857772515373,0.7238202030007893,1.3815585636519039,5.373131205633851,11.102651171549775,0.03600826314953132,9,0
57,3b8c527150439e2f4f8a0078942babb5670ff967,c5219d0913058d5419e7bfec,soccer_argentina_primera_division,Argentina Primera Division,Lanus vs Velez Sarsfield BA,Lanus,Velez Sarsfield BA,Velez Sarsfield BA,Codere (IT),2026-10-12T19:00:00Z,2026-10-01T11:57:18+00:00,271.04487657833334,3.65,0.4095456380533231,0.32498751696453065,0.26546684498214623,0.26546684498214623,2.441730315461935,3.0770412640468914,3.7669487504823973,0.03465636342348666,10,0
58,f1273689dc96eee9b234e1bd4464df59b1ee2504,bd5e00291d4fc73d8811440d,soccer_argentina_primera_division,Argentina Primera Division,Union Santa Fe vs Defensa y Justicia,Union Santa Fe,Defensa y Justicia,Defensa y Justicia,1xBet,2026-10-10T00:45:00Z,2026-10-01T11:57:18+00:00,204.79487657833334,3.31,0.39343099650262836,0.30842898544749464,0.298140018049877,0.298140018049877,2.5417417765489136,3.242237426385578,3.3541287296518045,0.04751523652581047,4,0
59,a689b0728c03b334f8e74818b9dae28c050c38e1,0ec522c1bbb90203d8762b2a,soccer_argentina_primera_division,Argentina Primera Division,Barracas Central vs Atlético Huracán,Barracas Central,Atlético Huracán,Barracas Central,1xBet,2026-10-10T17:45:00Z,2026-10-01T11:57:18+00:00,221.79487657833334,3.25,0.30949467717215984,0.3317762833042174,0.3587290395236228,0.30949467717215984,3.231073339086019,3.014079216394937,2.7876193165960537,0.037754960341771504,4,0
60,dddefcbaac7bc2c98d94db11e6b8862afcc8ec24,75f82e605f7a62e48cb13fc8,soccer_argentina_primera_division,Argentina Primera Division,San Lorenzo vs Deportivo Riestra,San Lorenzo,Deportivo Riestra,Deportivo Riestra,Nordic Bet,2026-10-11T17:45:00Z,2026-10-01T11:57:18+00:00,245.79487657833334,3.95,0.41467311088910636,0.331999868251605,0.25332702085928877,0.25332702085928877,2.4115380856402435,3.0120493880502184,3.947466782690556,0.042864655290442144,10,0
61,92a82f47068279dfb5ea5b359996440dd69d3a3c,29b5f6864ce75f429bb28a79,soccer_argentina_primera_division,Argentina Primera Division,Independiente vs Instituto de Córdoba,Independiente,Instituto de Córdoba,Instituto de Córdoba,Betfair,2026-10-02T22:15:00Z,2026-10-01T11:57:18+00:00,34.29487657833334,3.55,0.40757572457034047,0.3074460182679123,0.28497825716174724,0.28497825716174724,2.4535317971996085,3.252603516005166,3.509039636776298,0.022371028584781794,14,0
62,bda05a95d9f9bd1ecdcac7b3db7c3582100e6592,60db752d2f18bd2334b280c0,soccer_austria_bundesliga,Austrian Bundesliga,LASK vs Rapid Wien,LASK,Rapid Wien,LASK,Codere (IT),2026-10-11T15:00:00Z,2026-10-01T11:57:18+00:00,243.04487657833334,1.75,0.5176480145995834,0.23722173977670882,0.2451302456237079,0.5176480145995834,1.9318146149435744,4.215465247583447,4.0794639496876695,0.09099672257566982,5,0
63,4c9ebb29ffaff78834e649a5ce7ddb08e3f0cb77,4ead5c37940fe8b1be4d0b8a,soccer_austria_bundesliga,Austrian Bundesliga,Austria Wien vs Sturm Graz,Austria Wien,Sturm Graz,Sturm Graz,William Hill,2026-10-10T17:30:00Z,2026-10-01T11:57:18+00:00,221.54487657833334,2.05,0.27621788556739757,0.2577514662349436,0.4660306481976588,0.4660306481976588,3.6203303705183076,3.8797063489388175,2.145781621589547,0.058165619030255966,8,0
64,c6fd74f00b3081ad68d292713f1d136ef4726009,27eca47b618df4d13f460369,soccer_austria_bundesliga,Austrian Bundesliga,Rheindorf Altach vs Wolfsberger AC,Rheindorf Altach,Wolfsberger AC,Rheindorf Altach,1xBet,2026-10-11T12:30:00Z,2026-10-01T11:57:18+00:00,240.54487657833334,2.16,0.4370513461667125,0.26404391478444134,0.2989047390488461,0.4370513461667125,2.288060679301859,3.787248802216761,3.3455474917598513,0.07125789383853887,8,0
65,e90abe53a982f798ed58f8f89069cf1aa6215d89,a32400de0ee8146484c6b248,soccer_austria_bundesliga,Austrian Bundesliga,Rapid Wien vs Hartberg,Rapid Wien,Hartberg,Rapid Wien,William Hill,2026-10-16T17:30:00Z,2026-10-01T11:57:18+00:00,365.54487657833334,1.29,0.7171566984091656,0.1710359216076801,0.11180737998315432,0.7171566984091656,1.3943953981302164,5.846725007240213,8.943953432686348,0.06189330583877495,7,0
66,1ecc5ea6ab9737a5ec213126720bb2e68dae99f2,28d6f4b8cc50d0a4d19fe031,soccer_austria_bundesliga,Austrian Bundesliga,Austria Lustenau vs LASK,Austria Lustenau,LASK,LASK,1xBet,2026-10-17T15:00:00Z,2026-10-01T11:57:18+00:00,387.04487657833334,1.34,0.12246205154387407,0.18143458366135523,0.6961033647947708,0.6961033647947708,8.165794933149012,5.511628377677345,1.4365682606559815,0.05917150448390873,7,0
67,84ba8253af787628bb5bb4bc7fb520bd6a66e01f,f570fbc03a047ee9aa639681,soccer_austria_bundesliga,Austrian Bundesliga,RB Salzburg vs Rheindorf Altach,RB Salzburg,Rheindorf Altach,RB Salzburg,Codere (IT),2026-10-18T12:30:00Z,2026-10-01T11:57:18+00:00,408.54487657833334,1.2,0.7526109536547899,0.15267454892500573,0.09471449742020432,0.7526109536547899,1.3287077408903663,6.549880166937342,10.558045782193865,0.09090909090909083,6,0
68,c84ed5d11ba11237e10d0a8eed8c59812ce349a8,648152256b5caa1db54fa22d,soccer_austria_bundesliga,Austrian Bundesliga,Sturm Graz vs Grazer AK,Sturm Graz,Grazer AK,Sturm Graz,William Hill,2026-10-18T15:00:00Z,2026-10-01T11:57:18+00:00,411.04487657833334,1.67,0.5551369170515252,0.23966357037203104,0.2051995125764437,0.5551369170515252,1.8013574116296514,4.172515657876976,4.873305922827017,0.07355326297354914,7,0
69,d74830ac59f99889636db23383c06c721d22178e,6361eba7bc597176473c5ecc,soccer_austria_bundesliga,Austrian Bundesliga,Grazer AK vs RB Salzburg,Grazer AK,RB Salzburg,RB Salzburg,Pinnacle,2026-10-10T15:00:00Z,2026-10-01T11:57:18+00:00,219.04487657833334,1.4,0.14720872198504092,0.19115627096052717,0.6616350070544319,0.6616350070544319,6.793075753362074,5.2313219701094456,1.511407330836307,0.05474155474155484,10,0
70,071865d0899faecbf2e781d36f033d68e8c2bed8,6c85825d146a84e4b42e9736,soccer_austria_bundesliga,Austrian Bundesliga,Hartberg vs Austria Lustenau,Hartberg,Austria Lustenau,Hartberg,1xBet,2026-10-11T12:30:00Z,2026-10-01T11:57:18+00:00,240.54487657833334,2.14,0.4387091378848533,0.2646929409300139,0.2965979211851329,0.4387091378848533,2.2794145679784474,3.777962481683276,3.3715677979273897,0.04354406637231811,10,0
71,f654408665a71dd02a36b436663aefe3182eeefc,11bb40035ff13db65c65112e,soccer_austria_bundesliga,Austrian Bundesliga,Rheindorf Altach vs Wolfsberger AC,Rheindorf Altach,Wolfsberger AC,Wolfsberger AC,Pinnacle,2026-10-11T12:30:00Z,2026-10-01T11:57:18+00:00,240.54487657833334,3.7,0.48910262975039837,0.2475462055646249,0.2633511646849768,0.2633511646849768,2.044560669220539,4.039649881601348,3.7972112300935126,0.04481524170643336,10,0
72,6b78cf6c0a9dcbb6ab21c1ef6e108568635c866f,d8d1a244c275e95cadf20493,soccer_austria_bundesliga,Austrian Bundesliga,LASK vs Rapid Wien,LASK,Rapid Wien,Rapid Wien,Tipico,2026-10-11T15:00:00Z,2026-10-01T11:57:18+00:00,243.04487657833334,4.0,0.5180408097856377,0.23464227540404717,0.247316914810315,0.247316914810315,1.93034985103547,4.2618066087111925,4.0433950939707115,0.047101449275362306,10,0
73,3fcecf8d41544eb57014cad4d4fd3b720d004196,b351f690165516e0b21edb00,soccer_belgium_first_div,Belgian Pro League,SK Beveren vs Lommel SK,SK Beveren,Lommel SK,SK Beveren,1xBet,2026-10-09T18:45:00Z,2026-10-01T11:57:18+00:00,198.79487657833334,1.89,0.49836912300076786,0.2584699299567314,0.24316094704250082,0.49836912300076786,2.006544855706198,3.8689220063912377,4.112502489247236,0.04745790024977836,9,0
74,07d1230d8019d19962dcd5cfa73c12843e077073,bda20e653faeec8b0a6d6257,soccer_belgium_first_div,Belgian Pro League,Cercle Brugge KSV vs Anderlecht,Cercle Brugge KSV,Anderlecht,Anderlecht,1xBet,2026-10-10T14:00:00Z,2026-10-01T11:57:18+00:00,218.04487657833334,2.12,0.2828673022780741,0.268661058435406,0.44847163928651984,0.44847163928651984,3.535226560109606,3.7221620648101084,2.2297954037649177,0.04047584616438438,9,0
75,64c6ac145265ad3a186bc37bf4b454fb91a66107,d0de638518019bc840a23741,soccer_belgium_first_div,Belgian Pro League,RAAL La Louvière vs Club Brugge,RAAL La Louvière,Club Brugge,Club Brugge,Unibet (NL),2026-10-10T16:15:00Z,2026-10-01T11:57:18+00:00,220.29487657833334,1.35,0.12777082793019376,0.1922953449476746,0.6799338271221317,0.6799338271221317,7.826512641417174,5.200333894052971,1.470731356656531,0.06574074074074066,8,0
76,73b180706ce899f7ab736999cf5f65af27404e84,1efa1c56ce32dcdb83da4ce8,soccer_belgium_first_div,Belgian Pro League,Genk vs KV Kortrijk,Genk,KV Kortrijk,Genk,Unibet (NL),2026-10-10T18:45:00Z,2026-10-01T11:57:18+00:00,222.79487657833334,1.44,0.6410425983088843,0.2119149844371414,0.1470424172539743,0.6410425983088843,1.5599587338471277,4.718873479645899,6.800758710820036,0.025762742514660708,9,0
77,d44c213f6ba416f1e230b0e354feb5f0b31c2742,e7c2d63e658db1aa32710622,soccer_belgium_first_div,Belgian Pro League,Standard Liege vs Charleroi,Standard Liege,Charleroi,Charleroi,Winamax (DE),2026-10-11T11:30:00Z,2026-10-01T11:57:18+00:00,239.54487657833334,2.15,0.3075512994876564,0.2689073231472386,0.42354137736510494,0.42354137736510494,3.251490082031453,3.7187533172997895,2.3610444066199725,0.06829088224437063,8,0
78,2f3291cd3bfec26243e5265ac1d569827e8a041d,b278cca0d29e3ead191eb3b2,soccer_belgium_first_div,Belgian Pro League,Union Saint-Gilloise vs Leuven,Union Saint-Gilloise,Leuven,Union Saint-Gilloise,Unibet (SE),2026-10-11T14:00:00Z,2026-10-01T11:57:18+00:00,242.04487657833334,1.26,0.726492419176248,0.17212627136899186,0.10138130945476019,0.726492419176248,1.3764768545470518,5.809688387755012,9.86375107382327,0.06756383712905456,8,0
79,25f2eda12d76ca425e086127debcc4f842c14a7f,ea6ae29c77b8bc02d1363590,soccer_belgium_first_div,Belgian Pro League,KV Mechelen vs Sint Truiden,KV Mechelen,Sint Truiden,Sint Truiden,Unibet (SE),2026-10-11T17:15:00Z,2026-10-01T11:57:18+00:00,245.29487657833334,2.17,0.3109867862603204,0.2611850674103162,0.4278281463293634,0.4278281463293634,3.2155707064766457,3.828702804165374,2.337387122796148,0.07194060419866877,8,0
80,200f897f6221e45b9edcb6e686fd86b4a69405cb,b283b3fa95b9e086a44addd5,soccer_belgium_first_div,Belgian Pro League,Standard Liege vs Charleroi,Standard Liege,Charleroi,Standard Liege,Unibet (SE),2026-10-11T11:30:00Z,2026-10-01T11:57:18+00:00,239.54487657833334,3.15,0.3103387000082601,0.27281639122762164,0.41684490876411834,0.3103387000082601,3.222285844380297,3.6654689093283253,2.398973764522752,0.030472795178677625,13,0
81,f568b88671d07080fee17a5e7db6e9b339afd64e,7c71a14e83849dabffcb61d4,soccer_belgium_first_div,Belgian Pro League,Westerlo vs Royal Antwerp,Westerlo,Royal Antwerp,Westerlo,1xBet,2026-10-11T16:30:00Z,2026-10-01T11:57:18+00:00,244.54487657833334,2.2,0.42186219072385217,0.2645430351856084,0.3135947740905395,0.42186219072385217,2.3704423434680177,3.780103298876801,3.188828649648623,0.04522261445205311,14,0
82,27f8f5e608836c3667b1cd8fb28670c142943fda,7ddce56a1bad4f53d8beb67d,soccer_belgium_first_div,Belgian Pro League,KV Mechelen vs Sint Truiden,KV Mechelen,Sint Truiden,KV Mechelen,Betsson,2026-10-11T17:15:00Z,2026-10-01T11:57:18+00:00,245.29487657833334,3.2,0.3092398519057591,0.2678000334356355,0.42296011465860545,0.3092398519057591,3.233735865016357,3.734129481504883,2.3642891264278085,0.0339531604775507,14,0
83,3698f1739abb86b57dea0dd111e8c70988775469,22e8569f4b145148f3889257,soccer_belgium_first_div,Belgian Pro League,Cercle Brugge KSV vs Anderlecht,Cercle Brugge KSV,Anderlecht,Cercle Brugge KSV,Tipico,2026-10-10T14:00:00Z,2026-10-01T11:57:18+00:00,218.04487657833334,3.8,0.27855518075127633,0.2753192222700163,0.4461255969787074,0.27855518075127633,3.589952975575444,3.6321474096685518,2.241521237006555,0.016406689538770447,15,0
84,0e8924ec928cf0454632ddf6e290f506ccfec183,8078276ecbde313de75b25f8,soccer_brazil_campeonato,Brazil Serie A,Bragantino-SP vs Mirassol,Bragantino-SP,Mirassol,Bragantino-SP,1xBet,2026-10-07T22:30:00Z,2026-10-01T11:57:18+00:00,154.54487657833334,1.79,0.5300766212480064,0.26175147382331615,0.20817190492867757,0.5300766212480064,1.8865197217066683,3.8204178390796995,4.803722194609369,0.042881544108886116,12,0
85,256482010371e3d9d065e1975c3bb04878feb331,037ebb2500e1552c559ebc36,soccer_brazil_campeonato,Brazil Serie A,Internacional vs Corinthians,Internacional,Corinthians,Internacional,1xBet,2026-10-07T22:30:00Z,2026-10-01T11:57:18+00:00,154.54487657833334,2.19,0.44185988129246384,0.29016579504443746,0.2679743236630987,0.44185988129246384,2.2631608850184506,3.446305584870384,3.731700807489358,0.041341448441583495,12,0
86,b8db409c4bef4a6a120b58e563b35f1eb4f13510,76981f60f05233265a1089b7,soccer_brazil_campeonato,Brazil Serie A,Vitoria vs Chapecoense,Vitoria,Chapecoense,Vitoria,1xBet,2026-10-07T23:00:00Z,2026-10-01T11:57:18+00:00,155.04487657833334,1.72,0.5558810821317143,0.2571882999330618,0.18693061793522392,0.5558810821317143,1.7989459115341024,3.888201758245881,5.349578421371959,0.041413318289140966,12,0
87,707757893643d155c8daeace7375505f6d753c93,cfdc0c5e6d0865bd03bbf968,soccer_brazil_campeonato,Brazil Serie A,Cruzeiro vs Sao Paulo,Cruzeiro,Sao Paulo,Cruzeiro,1xBet,2026-10-08T00:30:00Z,2026-10-01T11:57:18+00:00,156.54487657833334,1.86,0.512014753932063,0.2683713909253896,0.2196138551425475,0.512014753932063,1.9530687198374868,3.726179592212986,4.553446772977586,0.041460099952516094,12,0
88,981aae7b17e0585c7c0c42896a77d1cbd0b7e2e0,2bd0a63896fb5ab1498bdf0b,soccer_brazil_campeonato,Brazil Serie A,Santos vs Flamengo,Santos,Flamengo,Flamengo,1xBet,2026-10-08T22:30:00Z,2026-10-01T11:57:18+00:00,178.54487657833334,1.92,0.24076194102717505,0.2622431123762857,0.49699494659653926,0.49699494659653926,4.1534803870314745,3.813255535821762,2.012092893193541,0.04183604336043367,12,0
89,cc3a5fdcc0d0f80075ac616b5d5badceb1ee31e2,7b5812a4a758d5c69d5516cb,soccer_brazil_campeonato,Brazil Serie A,Santos vs Flamengo,Santos,Flamengo,Santos,1xBet,2026-10-08T22:30:00Z,2026-10-01T11:57:18+00:00,178.54487657833334,4.0,0.24076194102717505,0.2622431123762857,0.49699494659653926,0.24076194102717505,4.1534803870314745,3.813255535821762,2.012092893193541,0.04183604336043367,12,0
90,11942ed6bb8e5b0d8e2091cdbee29d8e25572c4c,9cc753e02211fd7d0b24f1cb,soccer_brazil_campeonato,Brazil Serie A,Atletico Paranaense vs Atletico Mineiro,Atletico Paranaense,Atletico Mineiro,Atletico Paranaense,Betsson,2026-10-08T23:00:00Z,2026-10-01T11:57:18+00:00,179.04487657833334,2.02,0.4754320825928551,0.27972261093406764,0.2448453064730773,0.4754320825928551,2.1033498508268913,3.5749702058790884,4.084211432943919,0.041254272368193234,11,0
91,1886caffe880b48472bc701b6347a2a548ad0aaf,4dcfaa24e947ca97312f73dc,soccer_brazil_campeonato,Brazil Serie A,Palmeiras vs Bahia,Palmeiras,Bahia,Palmeiras,1xBet,2026-10-09T00:30:00Z,2026-10-01T11:57:18+00:00,180.54487657833334,1.66,0.5812558007702646,0.23830992455092231,0.18043427467881296,0.5812558007702646,1.7204129381157605,4.196216342581733,5.542184276130895,0.039483992505145116,10,0
92,1797317299efa03d6ff14bf58bc765dff031ca04,2f7c5ad6bf86f04e1add20f5,soccer_brazil_campeonato,Brazil Serie A,Fluminense vs Coritiba,Fluminense,Coritiba,Fluminense,1xBet,2026-10-09T00:30:00Z,2026-10-01T11:57:18+00:00,180.54487657833334,1.56,0.6144964743387364,0.2410513818520165,0.14445214380924712,0.6144964743387364,1.6273486370708738,4.148493123403493,6.922707919935937,0.04060971708030525,10,0
93,4f41dcf60419ee1871ee543adf7a581c47b2b439,a5240e2f7b30055651a2dcaa,soccer_brazil_campeonato,Brazil Serie A,Internacional vs Corinthians,Internacional,Corinthians,Corinthians,Pinnacle,2026-10-07T22:30:00Z,2026-10-01T11:57:18+00:00,154.54487657833334,3.67,0.43717782497912133,0.2925569604745397,0.2702652145463389,0.2702652145463389,2.2873987262454536,3.4181377820509136,3.700069214155353,0.031215372224285165,13,0
94,6a95bc09fe04e9d0e014552ad61cd0d6b4b5e7bd,fb2103cc11acb179b148ed33,soccer_brazil_campeonato,Brazil Serie A,Sao Paulo vs Santos,Sao Paulo,Santos,Santos,Pinnacle,2026-10-02T23:00:00Z,2026-10-01T11:57:18+00:00,35.04487657833334,3.77,0.45736109985379236,0.27945887500257954,0.2631800251436282,0.2631800251436282,2.1864561728570195,3.578344040749357,3.7996804637975803,0.03405806254381982,12,0
95,586ea02a14dc3f704895810403e9384883956e4e,e3a14bfb4c3156606944cf67,soccer_brazil_campeonato,Brazil Serie A,Sao Paulo vs Santos,Sao Paulo,Santos,Sao Paulo,MyBookie.ag,2026-10-02T23:00:00Z,2026-10-01T11:57:18+00:00,35.04487657833334,2.07,0.45736109985379236,0.27945887500257954,0.2631800251436282,0.45736109985379236,2.1864561728570195,3.578344040749357,3.7996804637975803,0.03405806254381982,12,0
96,bc5b2e04c9df74fadf0444c30f340af6d3b8b30a,889ebc8d8f3cb9b858513026,soccer_brazil_campeonato,Brazil Serie A,Atletico Mineiro vs Bragantino-SP,Atletico Mineiro,Bragantino-SP,Atletico Mineiro,1xBet,2026-10-03T21:30:00Z,2026-10-01T11:57:18+00:00,57.54487657833334,2.09,0.4565978561263601,0.2764310688641509,0.266971075009489,0.4565978561263601,2.190111027860931,3.6175383762359914,3.7457241387084976,0.039665278899728706,12,0
97,8d5e7c64dc9b4bcb0c4ffd667eafe13d46919345,e59d509fdd8ab5412917c667,soccer_brazil_campeonato,Brazil Serie A,Vasco da Gama vs Remo,Vasco da Gama,Remo,Vasco da Gama,Unibet (SE),2026-10-10T20:00:00Z,2026-10-01T11:57:18+00:00,224.04487657833334,1.34,0.6901946163591186,0.19128053455366745,0.11852484908721395,0.6901946163591186,1.4488667055607471,5.2279234911873935,8.437049341983736,0.07535028936947907,4,0
98,0f62d3fdfed71c9e2d92a5b848bb951cc5a7e16a,a0fd017e1dbf3ef701f316b1,soccer_brazil_campeonato,Brazil Serie A,Sao Paulo vs Vitoria,Sao Paulo,Vitoria,Sao Paulo,Unibet (NL),2026-10-11T00:00:00Z,2026-10-01T11:57:18+00:00,228.04487657833334,1.67,0.5581443222494697,0.25764443790833447,0.18421123984219576,0.5581443222494697,1.7916512990219708,3.881318021527727,5.428550401466535,0.0688534293218559,4,0
99,eee753cf28fffa5e03f2c961d5e1b9d2fcd2350e,7544aa56016525acea93fde5,soccer_brazil_campeonato,Brazil Serie A,Atletico Mineiro vs Santos,Atletico Mineiro,Santos,Atletico Mineiro,Unibet (NL),2026-10-11T19:00:00Z,2026-10-01T11:57:18+00:00,247.04487657833334,1.97,0.4692251080738305,0.2711601435256552,0.25961474840051435,0.4692251080738305,2.131173253078892,3.6878576143156057,3.8518612912440333,0.07524706343951548,4,0
100,b337d6ed487b2f1be9c5c046c7825716f6191a05,d351ed40d8c69032d30e2690,soccer_brazil_campeonato,Brazil Serie A,Palmeiras vs Corinthians,Palmeiras,Corinthians,Palmeiras,Unibet (SE),2026-10-11T20:30:00Z,2026-10-01T11:57:18+00:00,248.54487657833334,1.48,0.6280465982682755,0.2307764923582967,0.14117690937342783,0.6280465982682755,1.5922385421039116,4.333196981118119,7.083311317964147,0.06772626284821404,4,0
101,e29cc88654783fcc986cf2817c7c3e7a86611ca4,af4c28a34728cf8bd09c468b,soccer_brazil_campeonato,Brazil Serie A,Flamengo vs Fluminense,Flamengo,Fluminense,Flamengo,Unibet (SE),2026-10-11T20:30:00Z,2026-10-01T11:57:18+00:00,248.54487657833334,1.32,0.7053981175074925,0.18604442432567433,0.10855745816683317,0.7053981175074925,1.417639167415808,5.375060304142632,9.21171163074932,0.06476530005941772,4,0
102,6a43a1462dc81fc6446610ad14c78e78d19cb022,1b0c1debe1ce0ebeb1fccd83,soccer_brazil_campeonato,Brazil Serie A,Bahia vs Mirassol,Bahia,Mirassol,Bahia,Unibet (NL),2026-10-11T22:30:00Z,2026-10-01T11:57:18+00:00,250.54487657833334,1.68,0.5510696501022304,0.2456092882287578,0.20332106166901176,0.5510696501022304,1.8146526483802679,4.071507259402222,4.918329620115348,0.07578729432276354,4,0
103,9ca2b6f6a7dce76b0c7c3b16b2ce97a7923e40ac,508d5dd62cb994f97fe0f0c2,soccer_brazil_campeonato,Brazil Serie A,Chapecoense vs Atletico Paranaense,Chapecoense,Atletico Paranaense,Atletico Paranaense,Unibet (SE),2026-10-12T22:30:00Z,2026-10-01T11:57:18+00:00,274.54487657833334,2.0,0.25978526878833563,0.275420272195948,0.46479445901571637,0.46479445901571637,3.849332968971257,3.6308147981516377,2.1514886432116147,0.07189542483660127,4,0
104,9822dd50d06463609c4e9be5362381dbcd935188,3896973835e49470904a22ed,soccer_brazil_campeonato,Brazil Serie A,Bragantino-SP vs Cruzeiro,Bragantino-SP,Cruzeiro,Bragantino-SP,Unibet (SE),2026-10-13T00:00:00Z,2026-10-01T11:57:18+00:00,276.04487657833334,2.0,0.4661749479512987,0.2562501970774175,0.2775748549712839,0.4661749479512987,2.1451174165293625,3.9024360230945825,3.6026318021618113,0.07248006542629315,4,0
105,8809b30241eab8dfaaa71a2aea7f381dd7fbda66,f7b4554ab8a8553096eb3565,soccer_brazil_campeonato,Brazil Serie A,Atletico Paranaense vs Atletico Mineiro,Atletico Paranaense,Atletico Mineiro,Atletico Mineiro,1xBet,2026-10-08T23:00:00Z,2026-10-01T11:57:18+00:00,179.04487657833334,3.96,0.4590697372640393,0.29039694732719695,0.2505333154087637,0.2505333154087637,2.1783182789608246,3.4435623693842654,3.9914851179310253,0.018341012791623257,17,0
106,eb6573ff984318e6890011af4a54d2b7fedf1214,4d1b2433a36951f158dbf217,soccer_germany_bundesliga,Bundesliga,Borussia Dortmund vs Werder Bremen,Borussia Dortmund,Werder Bremen,Borussia Dortmund,1xBet,2026-10-09T18:30:00Z,2026-10-01T11:57:18+00:00,198.54487657833334,1.45,0.6629839800026236,0.18300734569819613,0.15400867429918033,0.6629839800026236,1.5083320716075865,5.464261536523978,6.493140756847111,0.013632610531771672,9,0
107,0fb6077918f477e20a6cb05eb4434314debf2bd7,78bb5973ede681af51839c4f,soccer_germany_bundesliga,Bundesliga,Augsburg vs Bayern Munich,Augsburg,Bayern Munich,Bayern Munich,1xBet,2026-10-10T13:30:00Z,2026-10-01T11:57:18+00:00,217.54487657833334,1.22,0.10267350486575527,0.11957447870246085,0.7777520164317839,0.7777520164317839,9.73961102533211,8.36298858127006,1.2857568722069772,0.015909717091009412,9,0
108,28458829fcc28597e725a39423452de9d3a0ad65,646d8ded4c433ec389bedde4,soccer_germany_bundesliga,Bundesliga,TSG Hoffenheim vs Hamburger SV,TSG Hoffenheim,Hamburger SV,TSG Hoffenheim,1xBet,2026-10-10T13:30:00Z,2026-10-01T11:57:18+00:00,217.54487657833334,1.39,0.6947159614240821,0.17553318216905048,0.12975085640686754,0.6947159614240821,1.4394372024361197,5.6969285672547745,7.707078224318151,0.008117323302544888,9,0
109,2a2d4ad1a68d51445cf83a31a55c9aa8c6631b05,5649959acea1b68323fe472e,soccer_germany_bundesliga,Bundesliga,SC Paderborn vs VfB Stuttgart,SC Paderborn,VfB Stuttgart,VfB Stuttgart,1xBet,2026-10-10T13:30:00Z,2026-10-01T11:57:18+00:00,217.54487657833334,1.68,0.2115054463861007,0.21218407913037154,0.5763104744835279,0.5763104744835279,4.7280106355961715,4.712888941048086,1.7351758197630711,0.015409867454732717,9,0
110,6262373a8e546b3beb5c7c7b805c39efeab14bd3,37610d7f4be90ee72791de0c,soccer_germany_bundesliga,Bundesliga,RB Leipzig vs Eintracht Frankfurt,RB Leipzig,Eintracht Frankfurt,RB Leipzig,1xBet,2026-10-10T16:30:00Z,2026-10-01T11:57:18+00:00,220.54487657833334,1.53,0.6304592903352947,0.19136240406310764,0.17817830560159764,0.6304592903352947,1.5861452362263928,5.225686857854374,5.612355536907931,0.015428059904387004,9,0
111,299e12396b7fc65091e5417173eda9ef9e2bd55f,643c84dc1fa7a44afbf73376,soccer_germany_bundesliga,Bundesliga,1. FC Köln vs Borussia Monchengladbach,1. FC Köln,Borussia Monchengladbach,1. FC Köln,1xBet,2026-10-11T13:30:00Z,2026-10-01T11:57:18+00:00,241.54487657833334,1.9,0.5101092641523398,0.2380664752015423,0.25182426064611785,0.5101092641523398,1.9603643185381523,4.200507438745502,3.971023274065219,0.014411027568922208,9,0
112,d7fd928bb41fe64cb38f5f7f924978b1665f474c,f6fe733a64b95a979a2ffcdb,soccer_germany_bundesliga,Bundesliga,1. FC Köln vs Borussia Monchengladbach,1. FC Köln,Borussia Monchengladbach,Borussia Monchengladbach,1xBet,2026-10-11T13:30:00Z,2026-10-01T11:57:18+00:00,241.54487657833334,4.0,0.5101092641523398,0.2380664752015423,0.25182426064611785,0.25182426064611785,1.9603643185381523,4.200507438745502,3.971023274065219,0.014411027568922208,9,0
113,4862dc3cc4004f402a6a8d0c4e04333f20f012bc,876443fc6b93517201236325,soccer_germany_bundesliga,Bundesliga,SC Freiburg vs FC Schalke 04,SC Freiburg,FC Schalke 04,SC Freiburg,1xBet,2026-10-11T15:30:00Z,2026-10-01T11:57:18+00:00,243.54487657833334,1.67,0.5779574474604269,0.22541766802485536,0.19662488451471785,0.5779574474604269,1.730231186385864,4.436209498404253,5.085826254739122,0.016764353734227244,9,0
114,2966f00cb6467d3d13e95ec7340f91c902dcd172,e1b0a4e885afb5e1d12782b2,soccer_germany_bundesliga,Bundesliga,FSV Mainz 05 vs Bayer Leverkusen,FSV Mainz 05,Bayer Leverkusen,FSV Mainz 05,Nordic Bet,2026-10-10T13:30:00Z,2026-10-01T11:57:18+00:00,217.54487657833334,3.15,0.3310384198418151,0.2505885108589859,0.41837306929919904,0.3310384198418151,3.0207974061676723,3.990605940280844,2.390211209519442,0.0,14,0
115,0e109c468463986348857049acc77c49a7cca8d4,e37b7bcfb799ab1b3fb4de6e,soccer_germany_bundesliga,Bundesliga,Eintracht Frankfurt vs 1. FC Köln,Eintracht Frankfurt,1. FC Köln,1. FC Köln,1xBet,2026-10-16T18:30:00Z,2026-10-01T11:57:18+00:00,366.54487657833334,3.58,0.4848671674154411,0.2362300070296493,0.2789028255549096,0.2789028255549096,2.0624205291738917,4.233162469806343,3.5854781966098184,0.014937284844730891,9,0
116,87d08fe6caf6c2889158dcb26dec4d708eae326c,4c85a2aa8f89f3091e6c12c8,soccer_germany_bundesliga,Bundesliga,Eintracht Frankfurt vs 1. FC Köln,Eintracht Frankfurt,1. FC Köln,Eintracht Frankfurt,1xBet,2026-10-16T18:30:00Z,2026-10-01T11:57:18+00:00,366.54487657833334,2.01,0.4848671674154411,0.2362300070296493,0.2789028255549096,0.4848671674154411,2.0624205291738917,4.233162469806343,3.5854781966098184,0.014937284844730891,9,0
117,36d7afae8ea332a01a7eb003ac2b10e9fd4379b1,0cdb8f36550b009cd5109f2e,soccer_germany_bundesliga,Bundesliga,Union Berlin vs Borussia Dortmund,Union Berlin,Borussia Dortmund,Borussia Dortmund,1xBet,2026-10-17T13:30:00Z,2026-10-01T11:57:18+00:00,385.54487657833334,1.63,0.19792038575757764,0.213596765947062,0.5884828482953604,0.5884828482953604,5.052536635740231,4.681718824562357,1.6992848693834806,0.016565928205132252,9,0
118,60473f5bf5c3faa6d694fa50b34d0e8c07d4378a,0109cb13d28cfcdc5f29f987,soccer_germany_bundesliga,Bundesliga,FC Schalke 04 vs FSV Mainz 05,FC Schalke 04,FSV Mainz 05,FC Schalke 04,1xBet,2026-10-17T13:30:00Z,2026-10-01T11:57:18+00:00,385.54487657833334,3.17,0.3180192248234742,0.26458911542016267,0.4173916597563632,0.3180192248234742,3.1444639881600835,3.7794449647409656,2.395831293283897,0.015644672632534773,9,0
119,4c223d9bc2749b3e5b6a6740803b384f55d07a68,2db6b6c2a34a7a6618d6caf0,soccer_germany_bundesliga,Bundesliga,Hamburger SV vs VfB Stuttgart,Hamburger SV,VfB Stuttgart,VfB Stuttgart,1xBet,2026-10-17T13:30:00Z,2026-10-01T11:57:18+00:00,385.54487657833334,1.88,0.23450912322282097,0.2294392705018267,0.5360516062753523,0.5360516062753523,4.264226424358941,4.358451793421469,1.865492031538345,0.0025682712471430946,9,0
120,0a785c858f4aef6486a368ff58b227e2dbacefdb,cf1b0e4823e3d119f061da7e,soccer_germany_bundesliga,Bundesliga,Werder Bremen vs SC Paderborn,Werder Bremen,SC Paderborn,Werder Bremen,1xBet,2026-10-17T13:30:00Z,2026-10-01T11:57:18+00:00,385.54487657833334,1.88,0.5253489078174987,0.2341635510939735,0.2404875410885279,0.5253489078174987,1.9034968667858938,4.270519452443239,4.158219571266195,0.01450890921837189,9,0
121,a1d4ac33e9c3a0a169b98d492979b4db6483ee61,08572e6a5e01b6ccf09967b0,soccer_germany_bundesliga,Bundesliga,Bayern Munich vs RB Leipzig,Bayern Munich,RB Leipzig,Bayern Munich,1xBet,2026-10-17T16:30:00Z,2026-10-01T11:57:18+00:00,388.54487657833334,1.25,0.7724891980445107,0.13087565802755746,0.09663514392793178,0.7724891980445107,1.294516483248456,7.640840283602913,10.348202106945445,0.016743119266054984,9,0
122,bd663dbea7c95af2e20b707a9c30ce4b6b63c5f7,19d40be32c55da2cf0944372,soccer_germany_bundesliga,Bundesliga,Bayer Leverkusen vs SC Freiburg,Bayer Leverkusen,SC Freiburg,Bayer Leverkusen,1xBet,2026-10-18T13:30:00Z,2026-10-01T11:57:18+00:00,409.54487657833334,1.69,0.5655605039090997,0.21871745153004307,0.21572204456085722,0.5655605039090997,1.7681574174435737,4.57210886924878,4.635594855573004,0.01610459569572309,9,0
123,0a5aa9daf832c01731bfcab550dce26ead2781b8,884910851647254631f954fe,soccer_germany_bundesliga,Bundesliga,Borussia Monchengladbach vs TSG Hoffenheim,Borussia Monchengladbach,TSG Hoffenheim,Borussia Monchengladbach,1xBet,2026-10-18T15:30:00Z,2026-10-01T11:57:18+00:00,411.54487657833334,3.79,0.27045963758971237,0.22994371301081945,0.4995966493994683,0.27045963758971237,3.6974093765406923,4.348890373675697,2.001614704986579,0.014169821782659575,9,0
124,e6199ab3374f0b273ca27a09d71c077d5952005e,2ee912eb76e63dc50c84c4d8,soccer_germany_bundesliga,Bundesliga,Borussia Monchengladbach vs TSG Hoffenheim,Borussia Monchengladbach,TSG Hoffenheim,TSG Hoffenheim,1xBet,2026-10-18T15:30:00Z,2026-10-01T11:57:18+00:00,411.54487657833334,1.91,0.27045963758971237,0.22994371301081945,0.4995966493994683,0.4995966493994683,3.6974093765406923,4.348890373675697,2.001614704986579,0.014169821782659575,9,0
125,627597a5e177d11d946de244749d0f111b7bfad0,10e4a1c22501686edbe994e3,soccer_germany_bundesliga,Bundesliga,Hamburger SV vs VfB Stuttgart,Hamburger SV,VfB Stuttgart,Hamburger SV,1xBet,2026-10-17T13:30:00Z,2026-10-01T11:57:18+00:00,385.54487657833334,3.92,0.26389578179613254,0.23758376745181467,0.4985204507520527,0.26389578179613254,3.789374703884165,4.209041765459898,2.0059357614947,0.0,14,0
126,a84539f7e169e58ab3ae21b9a51f56988f5b4a79,b766f412712e81422a5c06df,soccer_efl_champ,Championship,West Ham United vs Queens Park Rangers,West Ham United,Queens Park Rangers,West Ham United,888sport,2026-10-09T19:00:00Z,2026-10-01T11:57:18+00:00,199.04487657833334,1.44,0.6175548488015776,0.21665920693638144,0.165785944262041,0.6175548488015776,1.6192893666701713,4.615543526353044,6.031874441776569,0.045584900626917335,10,0
127,9bdd1aeadac241c6deedafd4a2b29c9c0e6c1769,585ed6babcf523a9de5aa6c1,soccer_efl_champ,Championship,Charlton Athletic vs Bristol City,Charlton Athletic,Bristol City,Bristol City,888sport,2026-10-10T11:30:00Z,2026-10-01T11:57:18+00:00,215.54487657833334,2.2,0.2912756547527779,0.28737732693733614,0.4213470183098861,0.4213470183098861,3.433173983760354,3.479745638451339,2.3733406350214987,0.04717056429084532,10,0
128,b128b7b439409d2db58c70dbeb0a6e74b8ffd58f,77fb6e545ccd79729ea71979,soccer_efl_champ,Championship,Charlton Athletic vs Bristol City,Charlton Athletic,Bristol City,Charlton Athletic,Codere (IT),2026-10-10T11:30:00Z,2026-10-01T11:57:18+00:00,215.54487657833334,3.35,0.2912756547527779,0.28737732693733614,0.4213470183098861,0.2912756547527779,3.433173983760354,3.479745638451339,2.3733406350214987,0.04717056429084532,10,0
129,62ed62096ab1cb12cd5391a679d9af5855dc451e,f25e39a866882efa007c45f0,soccer_efl_champ,Championship,Sheffield United vs Lincoln City,Sheffield United,Lincoln City,Sheffield United,888sport,2026-10-10T14:00:00Z,2026-10-01T11:57:18+00:00,218.04487657833334,1.91,0.4829325594323963,0.26924394162662935,0.24782349894097438,0.4829325594323963,2.070682501041816,3.7141039978783903,4.035129857633783,0.03773291871874429,10,0
130,9746a5c08ba0d80a2064c8480cf93adbd3c27458,6faa22d52a6bb7f52bd60c8d,soccer_efl_champ,Championship,Middlesbrough vs Wolverhampton Wanderers,Middlesbrough,Wolverhampton Wanderers,Middlesbrough,Codere (IT),2026-10-10T14:00:00Z,2026-10-01T11:57:18+00:00,218.04487657833334,2.07,0.44284821339320324,0.2683594156673785,0.28879237093941823,0.44284821339320324,2.2581100470921487,3.7263458690768014,3.4626953501128885,0.05118203723816306,10,0
131,42403f30e2f8fd294b94b6b65b6370aaeb2cee8b,4334e910c7eeb189d7634adf,soccer_efl_champ,Championship,Southampton vs Portsmouth,Southampton,Portsmouth,Southampton,1xBet,2026-10-11T11:00:00Z,2026-10-01T11:57:18+00:00,239.04487657833334,1.5,0.5928656637278434,0.235133857799083,0.17200047847307354,0.5928656637278434,1.6867227454397709,4.252896666436185,5.813937315043858,0.048738155549301165,10,0
132,528b98d4a64c75e428d6b19cf5e3c4d1411d8c8b,c802e3d7ee2ebb8f759ab631,soccer_efl_champ,Championship,Sheffield United vs Lincoln City,Sheffield United,Lincoln City,Lincoln City,Codere (IT),2026-10-10T14:00:00Z,2026-10-01T11:57:18+00:00,218.04487657833334,4.0,0.46909312258530145,0.2708543266958143,0.26005255071888433,0.26005255071888433,2.131772886561893,3.692021509123095,3.845376625745908,0.016583440178149722,14,0
133,690915fe41df285be19113714230849a32ad3421,70804c9d54c822bd132b19c6,soccer_efl_champ,Championship,Middlesbrough vs Wolverhampton Wanderers,Middlesbrough,Wolverhampton Wanderers,Wolverhampton Wanderers,Codere (IT),2026-10-10T14:00:00Z,2026-10-01T11:57:18+00:00,218.04487657833334,3.4,0.4253015620008832,0.2648952640544149,0.30980317394470197,0.30980317394470197,2.3512728128610147,3.7750769292522333,3.2278558907808157,0.014702849586937239,14,0
134,b00072617866704a8aba48b4c5b50456238db345,2eee3fca5c4c046fae35de91,soccer_efl_champ,Championship,Watford vs Burnley,Watford,Burnley,Watford,Betfair,2026-10-10T14:00:00Z,2026-10-01T11:57:18+00:00,218.04487657833334,3.05,0.3214474758967597,0.27293310896703,0.4056194151362104,0.3214474758967597,3.1109281452910618,3.6639013998144097,2.465365223368787,0.028935796090401533,18,0
135,657a1a01ff0a36d4f12297bd7c8b6edf49ab1585,3e31308ae17cf1c4279b88ea,soccer_denmark_superliga,Danish Superliga,FC Nordsjaelland vs OB Odense BK,FC Nordsjaelland,OB Odense BK,FC Nordsjaelland,Pinnacle,2026-10-09T17:00:00Z,2026-10-01T11:57:18+00:00,197.04487657833334,1.62,0.5888193241289011,0.22256290031491693,0.18861777555618192,0.5888193241289011,1.6983138273856742,4.493111828543944,5.3017272473459895,0.053923722805228724,10,0
136,6482fcba1865924bf630e816af7dd5a45e09e8dc,9fce29b62f6969ce534291ca,soccer_denmark_superliga,Danish Superliga,Randers FC vs Viborg FF,Randers FC,Viborg FF,Viborg FF,Pinnacle,2026-10-11T12:00:00Z,2026-10-01T11:57:18+00:00,240.04487657833334,2.11,0.285586073794406,0.25845725300864725,0.4559566731969467,0.4559566731969467,3.5015713011268965,3.8691117713246874,2.1931908419905026,0.05034315714319737,11,0
137,ad7df3613bb7568d7e3948ec88315355418b399d,3a76374e8482433a3b9886d0,soccer_denmark_superliga,Danish Superliga,Brondby IF vs Lyngby,Brondby IF,Lyngby,Brondby IF,Pinnacle,2026-10-11T14:00:00Z,2026-10-01T11:57:18+00:00,242.04487657833334,1.81,0.523273097490014,0.23731553106808906,0.23941137144189698,0.523273097490014,1.9110479877461761,4.213799221227903,4.176911038006777,0.04208887256993976,11,0
138,5a8b7706570d1bfbc6210649cc0a51b84689a0f8,3b767ffd3e8f50e898dbe5be,soccer_denmark_superliga,Danish Superliga,AGF Aarhus vs SonderjyskE,AGF Aarhus,SonderjyskE,AGF Aarhus,888sport,2026-10-12T17:00:00Z,2026-10-01T11:57:18+00:00,269.04487657833334,1.61,0.5794070409353334,0.22446250021034267,0.19613045885432406,0.5794070409353334,1.7259023956383166,4.455087148467584,5.098647124171316,0.061233452537800215,10,0
139,e5a0e828f9d1574495176684d2e95a6e34fb7664,302fa2dcaac4841fc76bb1ca,soccer_norway_eliteserien,Eliteserien,SK Brann vs Viking FK,SK Brann,Viking FK,SK Brann,1xBet,2026-10-09T17:00:00Z,2026-10-01T11:57:18+00:00,197.04487657833334,3.21,0.298720809147278,0.24372066853991864,0.45755852231280336,0.298720809147278,3.347607429340388,4.103057840727248,2.185512784125053,0.047727338035196576,8,0
140,660cfa648261f332fc815388dc799438b6b9434d,b75f752dc81952d30fec3717,soccer_norway_eliteserien,Eliteserien,SK Brann vs Viking FK,SK Brann,Viking FK,Viking FK,1xBet,2026-10-09T17:00:00Z,2026-10-01T11:57:18+00:00,197.04487657833334,2.09,0.298720809147278,0.24372066853991864,0.45755852231280336,0.45755852231280336,3.347607429340388,4.103057840727248,2.185512784125053,0.047727338035196576,8,0
141,fffd3cb8c6c4626b2abae5fe7875f5845e26c22f,87d50f7b465f7478592f6202,soccer_norway_eliteserien,Eliteserien,Rosenborg vs Sandefjord,Rosenborg,Sandefjord,Rosenborg,1xBet,2026-10-10T16:00:00Z,2026-10-01T11:57:18+00:00,220.04487657833334,1.36,0.6806181408825561,0.18635405059721089,0.13302780852023302,0.6806181408825561,1.4692526395245682,5.366129669815542,7.517225241276555,0.0493300344712555,7,0
142,632f35ee869cb09d72ad9e7b1fc9063e9865f90b,35df28686b1bc417434bcca9,soccer_norway_eliteserien,Eliteserien,IK Start vs HamKam,IK Start,HamKam,IK Start,1xBet,2026-10-11T15:00:00Z,2026-10-01T11:57:18+00:00,243.04487657833334,2.0,0.4784092447723536,0.25413227057815535,0.26745848464949107,0.4784092447723536,2.090260610402377,3.9349587430395303,3.738898024904752,0.04773786509613509,8,0
143,ccdc11247c61329fbd1eef7742bc20192de5589b,311e8cee9d26b0b46c72fd94,soccer_norway_eliteserien,Eliteserien,IK Start vs HamKam,IK Start,HamKam,HamKam,Betsson,2026-10-11T15:00:00Z,2026-10-01T11:57:18+00:00,243.04487657833334,3.95,0.49431006575147785,0.24881982508970715,0.256870109158815,0.256870109158815,2.02302172115339,4.0189723613842645,3.893018161103869,0.02823656534118224,11,0
144,11197b0c2406060e13959de34871d13c2f6a76b6,7889227feffa90288336c61a,soccer_norway_eliteserien,Eliteserien,Lillestrom vs Molde,Lillestrom,Molde,Lillestrom,Betsson,2026-10-11T17:15:00Z,2026-10-01T11:57:18+00:00,245.29487657833334,3.2,0.313241810418024,0.24307880182346875,0.4436793877585073,0.313241810418024,3.1924218502807498,4.113892254274935,2.25387977803534,0.034198113207547065,11,0
145,0e477d3da1c420f37520bafe7f639bd03f60200e,08b987370b6d2b6a5cdc44d8,soccer_norway_eliteserien,Eliteserien,Lillestrom vs Molde,Lillestrom,Molde,Molde,1xBet,2026-10-11T17:15:00Z,2026-10-01T11:57:18+00:00,245.29487657833334,2.12,0.313241810418024,0.24307880182346875,0.4436793877585073,0.4436793877585073,3.1924218502807498,4.113892254274935,2.25387977803534,0.034198113207547065,11,0
146,9c5fb1da92236a66b9c34ce7d7a3e4b7d0fb26c7,d279bb7aa982dec8b529d8d3,soccer_netherlands_eredivisie,Eredivisie,PSV Eindhoven vs Heerenveen,PSV Eindhoven,Heerenveen,PSV Eindhoven,Unibet (NL),2026-10-09T18:00:00Z,2026-10-01T11:57:18+00:00,198.04487657833334,1.24,0.7613741589063097,0.1378085952259299,0.10081724586776034,0.7613741589063097,1.3134146835722253,7.25644143139659,9.918937889968518,0.02825075616833761,15,0
147,d5cd74a02a73c848fa9a372909563fdce5c51da2,02f8009a1fa5e807ab68f904,soccer_netherlands_eredivisie,Eredivisie,Go Ahead Eagles vs Sparta Rotterdam,Go Ahead Eagles,Sparta Rotterdam,Go Ahead Eagles,Codere (IT),2026-10-10T14:30:00Z,2026-10-01T11:57:18+00:00,218.54487657833334,1.89,0.5015993381546843,0.24176287770343993,0.2566377841418758,0.5015993381546843,1.993623045195522,4.136284319161095,3.8965423713570364,0.01719576719576721,15,0
148,3c9e737694eaecc58b695cbf65c63b4117d7dd58,fb641f075e3013de87ed0107,soccer_netherlands_eredivisie,Eredivisie,Go Ahead Eagles vs Sparta Rotterdam,Go Ahead Eagles,Sparta Rotterdam,Sparta Rotterdam,Pinnacle,2026-10-10T14:30:00Z,2026-10-01T11:57:18+00:00,218.54487657833334,4.0,0.5015993381546843,0.24176287770343993,0.2566377841418758,0.2566377841418758,1.993623045195522,4.136284319161095,3.8965423713570364,0.01719576719576721,15,0
149,03ede1caaf692add931662faeadf89bc5283179b,ab2e8edae48a711aae940d85,soccer_netherlands_eredivisie,Eredivisie,Feyenoord vs AZ Alkmaar,Feyenoord,AZ Alkmaar,AZ Alkmaar,Pinnacle,2026-10-10T16:45:00Z,2026-10-01T11:57:18+00:00,220.79487657833334,3.89,0.49926641747788714,0.24208050382112037,0.25865307870099247,0.25865307870099247,2.0029386415606267,4.1308572322657025,3.8661824750828413,0.013792360585263008,15,0
150,72d94db0a6864b204fefa4655dbd5f21c697aff5,f82d46f0fe9aed0e717ce8e1,soccer_netherlands_eredivisie,Eredivisie,Feyenoord vs AZ Alkmaar,Feyenoord,AZ Alkmaar,Feyenoord,1xBet,2026-10-10T16:45:00Z,2026-10-01T11:57:18+00:00,220.79487657833334,1.95,0.49926641747788714,0.24208050382112037,0.25865307870099247,0.49926641747788714,2.0029386415606267,4.1308572322657025,3.8661824750828413,0.013792360585263008,15,0
151,e541f6ff233b82f6d6fb20a271eabde4d3ee8e73,ec4ea2559845738b82becdf1,soccer_netherlands_eredivisie,Eredivisie,Fortuna Sittard vs FC Twente Enschede,Fortuna Sittard,FC Twente Enschede,FC Twente Enschede,Unibet (NL),2026-10-10T18:00:00Z,2026-10-01T11:57:18+00:00,222.04487657833334,1.43,0.14709827931853137,0.18511556010753183,0.6677861605739368,0.6677861605739368,6.798176053674752,5.40203103088206,1.4974853613925423,0.01904991560163971,15,0
152,687ba1364d277b72ec7a8779b207e940929db265,4a622fa41c1f3252357300e7,soccer_netherlands_eredivisie,Eredivisie,Ajax vs NEC Nijmegen,Ajax,NEC Nijmegen,Ajax,Unibet (NL),2026-10-10T19:00:00Z,2026-10-01T11:57:18+00:00,223.04487657833334,1.32,0.7278766820056216,0.16121166533749917,0.1109116526568792,0.7278766820056216,1.3738590955332688,6.203025059672227,9.016185189248244,0.01668506931664826,15,0
153,bbe83779bde905a24e0b7895851162d6b0ec89f2,869fa018fd73185692daf671,soccer_netherlands_eredivisie,Eredivisie,FC Utrecht vs Willem II,FC Utrecht,Willem II,FC Utrecht,Codere (IT),2026-10-11T10:15:00Z,2026-10-01T11:57:18+00:00,238.29487657833334,1.55,0.6224429018820921,0.20732579695748168,0.17023130116042628,0.6224429018820921,1.606573063932903,4.823326448879295,5.874360315542664,0.017429049885422154,15,0
154,3d0faf36538ba1af90f95fed61a1994ea701f71a,4d91ae83708516a88ea1ab24,soccer_netherlands_eredivisie,Eredivisie,SC Telstar vs ADO Den Haag,SC Telstar,ADO Den Haag,ADO Den Haag,Unibet (NL),2026-10-11T12:30:00Z,2026-10-01T11:57:18+00:00,240.54487657833334,3.65,0.4662513366312645,0.2497302960596884,0.2840183673090471,0.2840183673090471,2.144765969412869,4.004319923446487,3.5208990512640908,0.01177748078850649,15,0
155,1da632447fbff3afa42883fa01cf204ec0e440ac,61dc6d226f0cc71afaa36fd8,soccer_netherlands_eredivisie,Eredivisie,SC Telstar vs ADO Den Haag,SC Telstar,ADO Den Haag,SC Telstar,Codere (IT),2026-10-11T12:30:00Z,2026-10-01T11:57:18+00:00,240.54487657833334,2.05,0.4662513366312645,0.2497302960596884,0.2840183673090471,0.4662513366312645,2.144765969412869,4.004319923446487,3.5208990512640908,0.01177748078850649,15,0
156,d56d46811752d15cd00e20bcf84c9f79e67483c9,3f5d84a6b12808fb6adcb782,soccer_netherlands_eredivisie,Eredivisie,FC Zwolle vs SC Cambuur,FC Zwolle,SC Cambuur,FC Zwolle,Coolbet,2026-10-11T12:30:00Z,2026-10-01T11:57:18+00:00,240.54487657833334,1.98,0.4839061707293187,0.2457686761467551,0.27032515312392624,0.4839061707293187,2.066516321734131,4.068866772114088,3.699248806275774,0.03205881529981269,15,0
157,703106cadea9d38cb74f496e4d862a2cd05e0cee,c59b022a6bf634a6c17daf47,soccer_netherlands_eredivisie,Eredivisie,FC Zwolle vs SC Cambuur,FC Zwolle,SC Cambuur,SC Cambuur,1xBet,2026-10-11T12:30:00Z,2026-10-01T11:57:18+00:00,240.54487657833334,3.86,0.49126153300053294,0.24324681581830876,0.26549165118115825,0.26549165118115825,2.0355756207741083,4.111050731068734,3.766596785816251,0.014206323186170433,17,0
158,073117b8c9464c2206c6322ac7dc3a038ba3db5b,c485bf208bc5bc66fc2d1c10,soccer_greece_super_league,Greek Super League,AEK Athens vs OFI Crete,AEK Athens,OFI Crete,AEK Athens,1xBet,2026-10-10T16:30:00Z,2026-10-01T11:57:18+00:00,220.54487657833334,1.21,0.7726329827993803,0.1539587079747555,0.07340830922586432,0.7726329827993803,1.2942755774893668,6.495248064591249,13.622436077681312,0.05660501115046568,9,0
159,96d43e859ab0d9a23c0eb947ca1f3b8c5e7012b5,7d8990dcd8c08b18db5d7461,soccer_greece_super_league,Greek Super League,AE Kifisia FC vs Panetolikos Agrinio,AE Kifisia FC,Panetolikos Agrinio,AE Kifisia FC,1xBet,2026-10-11T14:00:00Z,2026-10-01T11:57:18+00:00,242.04487657833334,2.12,0.4354550410635203,0.28858501155238003,0.27595994738409957,0.4354550410635203,2.2964483257736106,3.4651834293843553,3.6237142725938156,0.05641855708292054,8,0
160,a8e0c838d7246ba50d1fc04b8596d25836a8a631,a74b7e476d43a93a0f652a32,soccer_greece_super_league,Greek Super League,Aris Thessaloniki vs Volos FC,Aris Thessaloniki,Volos FC,Aris Thessaloniki,1xBet,2026-10-11T16:00:00Z,2026-10-01T11:57:18+00:00,244.04487657833334,1.77,0.5193624021495923,0.26986027412409175,0.21077732372631608,0.5193624021495923,1.9254377980791326,3.7056213747865794,4.74434337774613,0.04683116184326841,10,0
161,b6e4f109cd199d8124419ca5126916b81be54249,fc3643e8b175b59df695b971,soccer_greece_super_league,Greek Super League,Olympiakos Piraeus vs Panathinaikos,Olympiakos Piraeus,Panathinaikos,Olympiakos Piraeus,1xBet,2026-10-11T18:00:00Z,2026-10-01T11:57:18+00:00,246.04487657833334,2.07,0.45203497217843386,0.27930341701729494,0.26866161080427126,0.45203497217843386,2.2122182166145885,3.580335717618801,3.7221544120366814,0.05639236074018683,10,0
162,d171fc01aa0536c4408f6bafde2b363b3ebcf346,18c2c2562ce7918aa051e392,soccer_greece_super_league,Greek Super League,Olympiakos Piraeus vs Panathinaikos,Olympiakos Piraeus,Panathinaikos,Panathinaikos,1xBet,2026-10-11T18:00:00Z,2026-10-01T11:57:18+00:00,246.04487657833334,3.68,0.4276739274398168,0.2833868413823375,0.28893923117784565,0.28893923117784565,2.3382299827962325,3.5287453543082066,3.460935352819873,0.029314888010540052,10,0
163,19844bb4c3eb5534234ce18267a4e17cffd0ab45,c3923f3cc9961385211de5cb,soccer_greece_super_league,Greek Super League,Levadiakos vs Volos FC,Levadiakos,Volos FC,Levadiakos,1xBet,2026-10-17T14:00:00Z,2026-10-01T11:57:18+00:00,386.04487657833334,2.11,0.4375493852242373,0.2909494928757112,0.2715011219000515,0.4375493852242373,2.285456302235496,3.4370226602429015,3.6832260323702566,0.059403734759185145,10,0
164,4370d77a88528fba4aeba687ea7544a58f5acb2d,b867364d9280abbd50ff9474,soccer_greece_super_league,Greek Super League,Atromitos Athens vs AEK Athens,Atromitos Athens,AEK Athens,AEK Athens,1xBet,2026-10-17T16:30:00Z,2026-10-01T11:57:18+00:00,388.54487657833334,1.38,0.1415866569219068,0.2222260848933321,0.6361872581847611,0.6361872581847611,7.062812426961656,4.499921782269607,1.5718642382956696,0.07056890349513711,10,0
165,338db4713dfe7d16c7d8bc28fc90a65ada43d1ad,5dd06d5a3b701c0c3fb40139,soccer_greece_super_league,Greek Super League,Panetolikos Agrinio vs Olympiakos Piraeus,Panetolikos Agrinio,Olympiakos Piraeus,Olympiakos Piraeus,Betsson,2026-10-18T14:00:00Z,2026-10-01T11:57:18+00:00,410.04487657833334,1.36,0.11853570941144806,0.20694922409772135,0.6745150664908307,0.6745150664908307,8.436276333648204,4.832103161342612,1.4825465726103153,0.07068127384346345,7,0
166,fc98cc187eebb8d9c3bdb7aed7fe9623d0050a83,58dcf951d8bbcf2ff1f8d8e0,soccer_greece_super_league,Greek Super League,Panathinaikos vs Asteras Tripolis,Panathinaikos,Asteras Tripolis,Panathinaikos,1xBet,2026-10-18T16:00:00Z,2026-10-01T11:57:18+00:00,412.04487657833334,1.26,0.7343558263247425,0.17389414440488016,0.09175002927037736,0.7343558263247425,1.3617376810431758,5.750624918523341,10.89917908421706,0.0689260689260689,9,0
167,19a6bb48ba681c15ce91269d01453a3e3e1ca560,4fb69ddd615de0f50c417d21,soccer_greece_super_league,Greek Super League,PAOK Thessaloniki vs Iraklis FC,PAOK Thessaloniki,Iraklis FC,PAOK Thessaloniki,1xBet,2026-10-18T18:00:00Z,2026-10-01T11:57:18+00:00,414.04487657833334,1.26,0.7388181748086418,0.1747432777257871,0.08643854746557109,0.7388181748086418,1.3535129942614175,5.72268079788015,11.56891258958632,0.060717797443461174,8,0
168,04085bb4ac270179c1e1e7de850c9a53bdbfcc5c,119dab597a30c1c3540bcce6,soccer_greece_super_league,Greek Super League,Iraklis FC vs Levadiakos,Iraklis FC,Levadiakos,Levadiakos,Pinnacle,2026-10-11T14:00:00Z,2026-10-01T11:57:18+00:00,242.04487657833334,3.52,0.39179556381293607,0.30515562592460116,0.3030488102624627,0.3030488102624627,2.552351512783981,3.2770164304527136,3.299798468550086,0.018217893217893355,11,0
169,98e81547b1c856c72872ce70f872a521a80905f4,387dc537e68bc32228269419,soccer_greece_super_league,Greek Super League,PAOK Thessaloniki vs Kalamata FC,PAOK Thessaloniki,Kalamata FC,PAOK Thessaloniki,Betsson,2026-10-12T15:00:00Z,2026-10-01T11:57:18+00:00,267.04487657833334,1.21,0.7752926393931018,0.14423643918865972,0.08047092141823853,0.7752926393931018,1.2898355397554127,6.933060782872008,12.426849132279882,0.041681944360179024,12,0
170,2229ecb24bcc7c0f6acccaf2f782e64dbc9c0cd8,471146e396ae3533751afc82,soccer_greece_super_league,Greek Super League,Atromitos Athens vs AEK Athens,Atromitos Athens,AEK Athens,Draw,888sport,2026-10-17T16:30:00Z,2026-10-01T11:57:18+00:00,388.54487657833334,4.0,0.1861662987490802,0.2612214863870493,0.5526122148638705,0.2612214863870493,5.371541501976285,3.8281690140845073,1.8095872170439415,0.11029411764705888,3,0
171,c44620ceb33efb7457c08c5788b4c51305b5d816,70e5209f781f98f8032ae16f,soccer_greece_super_league,Greek Super League,Panathinaikos vs Asteras Tripolis,Panathinaikos,Asteras Tripolis,Panathinaikos,1xBet,2026-10-18T14:30:00Z,2026-10-01T11:57:18+00:00,410.54487657833334,1.26,0.7326671195914414,0.17684758755035532,0.09048529285820338,0.7326671195914414,1.364876317307145,5.654586606759685,11.051519737766315,0.06733155405721769,9,0
172,bb2e18f2d285fb51565d94673e13d6374486a29c,2d0027105097c29710fe3dc1,soccer_spain_la_liga,La Liga,Rayo Vallecano vs Athletic Bilbao,Rayo Vallecano,Athletic Bilbao,Rayo Vallecano,1xBet,2026-10-10T12:00:00Z,2026-10-01T11:57:18+00:00,216.04487657833334,3.23,0.31426348794499304,0.279477895904909,0.40625861615009795,0.31426348794499304,3.1820432164713788,3.5781005033050812,2.4614862559137354,0.0,13,0
173,bb7d243a5c6bb22995ee3b1b6f8a09b68ea3f2f9,c972eddb0460ff218773b45b,soccer_spain_la_liga,La Liga,Alavés vs Atlético Madrid,Alavés,Atlético Madrid,Atlético Madrid,Unibet (SE),2026-10-10T14:15:00Z,2026-10-01T11:57:18+00:00,218.29487657833334,2.14,0.26496330309274146,0.2685679988739034,0.46646869803335506,0.46646869803335506,3.774107539903304,3.723451804358547,2.1437665682949953,0.0,12,0
174,2cca40edb1d955074c575ee725db8b7e665bf857,d70da78f7b4da35c4c749d44,soccer_spain_la_liga,La Liga,Real Madrid vs Villarreal,Real Madrid,Villarreal,Real Madrid,Unibet (SE),2026-10-10T19:00:00Z,2026-10-01T11:57:18+00:00,223.04487657833334,1.27,0.7548688786215981,0.14715574412596283,0.09797537725243907,0.7548688786215981,1.3247333786312863,6.795521343319204,10.20664607826356,0.00804793611447252,13,0
175,c5d60a411deff45f8b32c5169ff41db258900ac2,ba351f9b764409f2f62473b5,soccer_spain_la_liga,La Liga,Real Sociedad vs Deportivo La Coruña,Real Sociedad,Deportivo La Coruña,Real Sociedad,1xBet,2026-10-11T14:15:00Z,2026-10-01T11:57:18+00:00,242.29487657833334,1.94,0.49995983954465706,0.2750241063843369,0.22501605407100603,0.49995983954465706,2.0001606547253057,3.6360449021968053,4.444127349617641,0.015744939581372464,13,0
176,6956d97ec9b009ed7c6549b1355ac0c2890aaf49,4efbb152bebe3ee90008d6a9,soccer_spain_la_liga,La Liga,Real Betis vs CA Osasuna,Real Betis,CA Osasuna,Real Betis,1xBet,2026-10-11T16:30:00Z,2026-10-01T11:57:18+00:00,244.54487657833334,1.61,0.598354838493126,0.22600122349846324,0.17564393800841083,0.598354838493126,1.6712491245468355,4.424754806722539,5.693336253666291,0.017245452058247013,14,0
177,79319b1c5a7baaddbd0d71c1d58fbb38e6d902ec,1a3cf90cb70f171b36be3cde,soccer_spain_la_liga,La Liga,Real Racing Club de Santander vs Valencia,Real Racing Club de Santander,Valencia,Real Racing Club de Santander,Unibet (NL),2026-10-11T19:00:00Z,2026-10-01T11:57:18+00:00,247.04487657833334,1.94,0.5100176600212774,0.2552237777611677,0.23475856221755495,0.5100176600212774,1.9607164190320021,3.9181302336797788,4.259695538062131,0.0,13,0
178,791e8cfdbdb64656515be0d9ac29acbbc0b41535,8c76d39ad6e0cbe99637ec4c,soccer_spain_la_liga,La Liga,Alavés vs Atlético Madrid,Alavés,Atlético Madrid,Alavés,1xBet,2026-10-10T14:15:00Z,2026-10-01T11:57:18+00:00,218.29487657833334,3.85,0.263816991136049,0.26562392387614336,0.47055908498780763,0.263816991136049,3.7905064252829166,3.764721134329322,2.1251316400062925,0.005059755059754867,13,0
179,c19b4a0b443d04027b2341f53755ad9a5e9761a2,244cf70826f35dd921d075d1,soccer_spain_la_liga,La Liga,Real Sociedad vs Deportivo La Coruña,Real Sociedad,Deportivo La Coruña,Deportivo La Coruña,1xBet,2026-10-11T14:15:00Z,2026-10-01T11:57:18+00:00,242.29487657833334,3.98,0.4631200553092373,0.27768564621844627,0.25919429847231645,0.25919429847231645,2.159267318562298,3.601194421166921,3.858109556784121,0.009932633303725957,14,0
180,13df9fc4c94e9488fd802d315226253f873c75cb,62c52377884bfc7955bf4de3,soccer_spain_la_liga,La Liga,Málaga vs Espanyol,Málaga,Espanyol,Espanyol,1xBet,2026-10-09T19:00:00Z,2026-10-01T11:57:18+00:00,199.04487657833334,3.14,0.39341020522679193,0.28864993489833163,0.31793985987487655,0.31793985987487655,2.5418761046717715,3.4644040378953154,3.1452489171805773,0.015063014019892185,14,0
181,68033ff48d2ab11221597275dfdf3c403134329d,ecd6d099f96bdff416f99488,soccer_spain_la_liga,La Liga,Deportivo La Coruña vs Levante,Deportivo La Coruña,Levante,Deportivo La Coruña,1xBet,2026-10-16T19:00:00Z,2026-10-01T11:57:18+00:00,367.04487657833334,2.17,0.4522171531001353,0.2755350248715436,0.27224782202832104,0.4522171531001353,2.2113269988645654,3.629302664756349,3.6731239667951257,0.014846113586172605,9,0
182,8de8c244ccd224a521d478a1bd955209bcdbc7e8,19b95776620ff876681a929a,soccer_spain_la_liga,La Liga,Deportivo La Coruña vs Levante,Deportivo La Coruña,Levante,Levante,1xBet,2026-10-16T19:00:00Z,2026-10-01T11:57:18+00:00,367.04487657833334,3.61,0.4522171531001353,0.2755350248715436,0.27224782202832104,0.27224782202832104,2.2113269988645654,3.629302664756349,3.6731239667951257,0.014846113586172605,9,0
183,0c5815f664346e3a07ce24262bc218f510ec4236,f23769d680d1ac1631d74ffa,soccer_spain_la_liga,La Liga,Espanyol vs Atlético Madrid,Espanyol,Atlético Madrid,Atlético Madrid,Nordic Bet,2026-10-17T12:00:00Z,2026-10-01T11:57:18+00:00,384.04487657833334,1.78,0.21407427845952895,0.24693466126368213,0.5389910602767889,0.5389910602767889,4.671275816954588,4.0496542481420965,1.8553183414331,0.01716554196239528,9,0
184,1dc90343e2b5bdbd05aed27f8b323efed02c92eb,ba3f4fd4851c5d09364db76e,soccer_spain_la_liga,La Liga,Villarreal vs Elche CF,Villarreal,Elche CF,Villarreal,1xBet,2026-10-17T14:15:00Z,2026-10-01T11:57:18+00:00,386.29487657833334,1.52,0.6512446960396847,0.1972765871559939,0.1514787168043214,0.6512446960396847,1.535521142945421,5.0690252422567665,6.601587477743091,0.004048582995951566,10,0
185,47d4e969ff332fbf96329f694a2b65fe4a39137f,ebdc4fe2f23721eb6d306ee9,soccer_spain_la_liga,La Liga,Real Betis vs Barcelona,Real Betis,Barcelona,Barcelona,Betsson,2026-10-17T16:30:00Z,2026-10-01T11:57:18+00:00,388.54487657833334,1.52,0.1633782407201474,0.19345536611182107,0.6431663931680316,0.6431663931680316,6.120766116663677,5.169151004175196,1.5548076059669729,0.00042013597127810165,10,0
186,4a12a1a2a0c2836bfa640b81a765002bc303e4dc,65d876563c7133c907b66090,soccer_spain_la_liga,La Liga,Valencia vs Athletic Bilbao,Valencia,Athletic Bilbao,Athletic Bilbao,1xBet,2026-10-17T19:00:00Z,2026-10-01T11:57:18+00:00,391.04487657833334,2.17,0.27198021682827883,0.27870727602838874,0.44931250714333243,0.44931250714333243,3.6767380056593373,3.587993877483634,2.225622443403286,0.015271556963583732,10,0
187,37986a891b39e59d6b95ee5e593ab1e90b6dab33,f179b2afb6946d1d1dedb070,soccer_spain_la_liga,La Liga,Valencia vs Athletic Bilbao,Valencia,Athletic Bilbao,Valencia,1xBet,2026-10-17T19:00:00Z,2026-10-01T11:57:18+00:00,391.04487657833334,3.71,0.27198021682827883,0.27870727602838874,0.44931250714333243,0.27198021682827883,3.6767380056593373,3.587993877483634,2.225622443403286,0.015271556963583732,10,0
188,b7342b5064898f1df497a25a6e599b91f39a6834,0c95f693367a0f3b6ef05ebc,soccer_spain_la_liga,La Liga,CA Osasuna vs Real Racing Club de Santander,CA Osasuna,Real Racing Club de Santander,CA Osasuna,1xBet,2026-10-18T12:00:00Z,2026-10-01T11:57:18+00:00,408.04487657833334,1.96,0.5160495375479883,0.2648300967171978,0.2191203657348138,0.5160495375479883,1.9377984616583603,3.7760058709182993,4.563701765678096,0.0,10,0
189,49e727dde7e6c772128d2ce73debea65ca4c5e74,af8d47856b4b748153388b5a,soccer_spain_la_liga,La Liga,Celta Vigo vs Alavés,Celta Vigo,Alavés,Celta Vigo,1xBet,2026-10-18T14:15:00Z,2026-10-01T11:57:18+00:00,410.29487657833334,2.06,0.47779630423130204,0.2780924208432303,0.24411127492546775,0.47779630423130204,2.0929420992672605,3.5959268396017605,4.096492471743965,0.01446018135125926,10,0
190,a524b820ad29b10e0308be61086d34703b069d89,5c0551329efd0a365bcc6942,soccer_spain_la_liga,La Liga,Málaga vs Real Sociedad,Málaga,Real Sociedad,Málaga,1xBet,2026-10-18T16:30:00Z,2026-10-01T11:57:18+00:00,412.54487657833334,3.51,0.2854133261121108,0.269165839996138,0.44542083389175113,0.2854133261121108,3.5036906426968955,3.715181688784684,2.2450678637161054,0.01315766020630127,10,0
191,80b19f4bb81a9f931e8fe0c9f83e33161127b9d6,72e5b533b090c3707860d2ba,soccer_spain_la_liga,La Liga,Málaga vs Real Sociedad,Málaga,Real Sociedad,Real Sociedad,Betsson,2026-10-18T16:30:00Z,2026-10-01T11:57:18+00:00,412.54487657833334,2.18,0.2854133261121108,0.269165839996138,0.44542083389175113,0.44542083389175113,3.5036906426968955,3.715181688784684,2.2450678637161054,0.01315766020630127,10,0
192,c79cd2013ff4400f13c5a1075bc88f5d5e8b715c,46a9dd22b3efad00fbc6fa47,soccer_spain_la_liga,La Liga,Real Madrid vs Sevilla,Real Madrid,Sevilla,Real Madrid,1xBet,2026-10-18T19:00:00Z,2026-10-01T11:57:18+00:00,415.04487657833334,1.26,0.7641015413332748,0.14280112803007824,0.09309733063664699,0.7641015413332748,1.30872658397614,7.002745803165992,10.741446539460267,0.0018559218559217605,11,0
193,377ef93c0f1e8e3654aea8050e318c1803357043,d2633bd0553c9e19239ef93a,soccer_spain_la_liga,La Liga,Getafe vs Rayo Vallecano,Getafe,Rayo Vallecano,Rayo Vallecano,1xBet,2026-10-19T19:00:00Z,2026-10-01T11:57:18+00:00,439.04487657833334,3.5,0.4021597787813002,0.3077173997493581,0.2901228214693418,0.2901228214693418,2.4865738762597966,3.249734986759019,3.4468160585763266,0.01586057620540382,10,0
194,43ce997a9f42deff0a1486179c5912a083184f06,314ec3915f88964a9ba11389,soccer_spain_la_liga,La Liga,Real Racing Club de Santander vs Valencia,Real Racing Club de Santander,Valencia,Valencia,Unibet (NL),2026-10-11T19:00:00Z,2026-10-01T11:57:18+00:00,247.04487657833334,3.8,0.4700586988132215,0.2633204767428415,0.2666208244439371,0.2666208244439371,2.1273938819231413,3.7976537653643967,3.750644767097973,0.003758210692608177,19,0
195,50bd677ef2c6108bc6ff38dab881081cb4a9dbd4,8e7640b92a6a2ecee5b44fa9,soccer_spain_la_liga,La Liga,Celta Vigo vs Alavés,Celta Vigo,Alavés,Alavés,Nordic Bet,2026-10-18T14:15:00Z,2026-10-01T11:57:18+00:00,410.29487657833334,3.95,0.47196626566077515,0.2807932257339675,0.24724050860525734,0.24724050860525734,2.1187955003520274,3.5613394781376675,4.0446446484082985,0.03071695723247836,14,0
196,922c868a6e72553ddcdd10a3b1e2e3e27cb1e4e4,7b03ea99854c88c142e53fe5,soccer_england_league1,League One,Oxford United vs Reading,Oxford United,Reading,Oxford United,Unibet (SE),2026-11-04T19:45:00Z,2026-10-01T11:57:18+00:00,823.7948765783333,1.91,0.4919353284406989,0.2724977889421404,0.23556688261716074,0.4919353284406989,2.0327875275185616,3.669754546934436,4.245078887532688,0.06341528188785195,3,0
197,fedec163b70d388aed8f25b92b1321d0837f433d,d96d20770e463964148532af,soccer_england_league1,League One,Reading vs Bradford City,Reading,Bradford City,Bradford City,Pinnacle,2026-10-03T14:00:00Z,2026-10-01T11:57:18+00:00,50.04487657833334,3.24,0.40438606126148,0.2814302913702384,0.3141836473682816,0.3141836473682816,2.4728844433472945,3.553277776642885,3.1828518396051795,0.046454887034597325,10,0
198,a21b66daa5de1e208e7e89adbacbf6fbd14d12dd,b56544a55c65bbdf447c48b0,soccer_england_league1,League One,Bromley FC vs Wycombe Wanderers,Bromley FC,Wycombe Wanderers,Wycombe Wanderers,Unibet (NL),2026-10-03T14:00:00Z,2026-10-01T11:57:18+00:00,50.04487657833334,2.2,0.3032201379695801,0.27066792860402716,0.42611193342639275,0.42611193342639275,3.2979339917730757,3.6945640555107917,2.3468012077459024,0.034691745036572685,10,0
199,9d1b68ae1ea70f5252059207b1270eb2ed6bda74,acb788fd4fb47e8d9a871c8c,soccer_england_league1,League One,Burton Albion vs Huddersfield Town,Burton Albion,Huddersfield Town,Huddersfield Town,Pinnacle,2026-10-03T14:00:00Z,2026-10-01T11:57:18+00:00,50.04487657833334,1.83,0.24433471488683897,0.25929868285417923,0.4963666022589817,0.4963666022589817,4.0927462987121555,3.8565564197731232,2.014639976680472,0.04610500215940894,10,0
200,98c8eb110a85298b0bdb7ab100c63039d7bf78fd,51c22dcd118687e0e329b336,soccer_england_league1,League One,Luton vs Doncaster Rovers,Luton,Doncaster Rovers,Luton,Coolbet,2026-10-03T14:00:00Z,2026-10-01T11:57:18+00:00,50.04487657833334,1.83,0.5015720613064593,0.23970941872491117,0.2587185199686297,0.5015720613064593,1.9937314638205148,4.171717595909708,3.8652045478663553,0.0435150834181095,10,0
201,d652d050bea51b17c38c4911db2aa3dffff8d850,e9bd77e896865d92bcc8cb3d,soccer_england_league1,League One,Leyton Orient vs Plymouth Argyle,Leyton Orient,Plymouth Argyle,Plymouth Argyle,Unibet (SE),2026-10-03T14:00:00Z,2026-10-01T11:57:18+00:00,50.04487657833334,2.2,0.304771723448233,0.272738432105101,0.42248984444666604,0.42248984444666604,3.281144289522171,3.6665166411701207,2.3669207985571763,0.04701117804397348,10,0
202,5482b5d96ec0ff1a5ff052af5ebd50995374a3f5,a7eaa8b225afe9a86feb3a02,soccer_england_league1,League One,Peterborough United vs Notts County,Peterborough United,Notts County,Peterborough United,Unibet (NL),2026-10-03T14:00:00Z,2026-10-01T11:57:18+00:00,50.04487657833334,2.2,0.42803886476655795,0.26257597776145325,0.3093851574719887,0.42803886476655795,2.3362364549428842,3.8084215034647477,3.2322171114189233,0.05268457727474107,6,0
203,b09a6a828c85bec4461611320d543001463459d4,2cea5f3e2a40691f66b6219c,soccer_england_league1,League One,Plymouth Argyle vs Wimbledon,Plymouth Argyle,Wimbledon,Plymouth Argyle,888sport,2026-10-10T11:30:00Z,2026-10-01T11:57:18+00:00,215.54487657833334,1.44,0.628860404484032,0.2205667546694959,0.15057284084647207,0.628860404484032,1.590178031355752,4.533774827028811,6.641303932225239,0.09366925064599485,3,0
204,bede2a5ebf56e21d537c4402ed9e0260557590a4,8e17c662ac7d66889641a7c3,soccer_england_league1,League One,Stockport County FC vs Barnsley,Stockport County FC,Barnsley,Stockport County FC,888sport,2026-10-10T14:00:00Z,2026-10-01T11:57:18+00:00,218.04487657833334,1.4,0.6591293171772524,0.2006258748518456,0.140244807970902,0.6591293171772524,1.5171529682256282,4.9844019408686,7.130388742857989,0.08319217014869196,3,0
205,70743ea82318c055c1f2b3800b2e02e453976088,1a354d215b86629fc129d939,soccer_england_league1,League One,Cambridge United vs Blackpool,Cambridge United,Blackpool,Cambridge United,888sport,2026-10-10T14:00:00Z,2026-10-01T11:57:18+00:00,218.04487657833334,2.05,0.4509771703003033,0.2711844989178052,0.27783833078189146,0.4509771703003033,2.2174071457632882,3.6875264035762436,3.5992154041013857,0.07654946679336927,3,0
206,81dcdcca07703ddbedc913bd09f1a0d8aceadeb4,a6f0508a2a843845cad18243,soccer_england_league1,League One,Bradford City vs Leyton Orient,Bradford City,Leyton Orient,Bradford City,888sport,2026-10-10T14:00:00Z,2026-10-01T11:57:18+00:00,218.04487657833334,1.8,0.5180808269506548,0.27062409804588333,0.21129507500346198,0.5180808269506548,1.930200748570157,3.6951624309171964,4.732717977376498,0.060475040512371736,3,0
207,216f7ede55762c3939aa706f1038f710b466d33f,1f15983ac8884a5bdb098c9c,soccer_england_league1,League One,Mansfield Town vs Bromley FC,Mansfield Town,Bromley FC,Mansfield Town,888sport,2026-10-10T14:00:00Z,2026-10-01T11:57:18+00:00,218.04487657833334,1.85,0.5020882522131359,0.2637064371386021,0.2342053106482621,0.5020882522131359,1.9916817324287865,3.792095524290928,4.269758005196713,0.07472857472857464,3,0
208,aed4d36724d659e70c29e241f4815e7c50894b3b,b6d6ce98c5fad3d861ae9928,soccer_england_league1,League One,Doncaster Rovers vs Burton Albion,Doncaster Rovers,Burton Albion,Doncaster Rovers,888sport,2026-10-10T14:00:00Z,2026-10-01T11:57:18+00:00,218.04487657833334,1.85,0.5010949333861985,0.27100895404033176,0.22789611257346976,0.5010949333861985,1.9956298365309768,3.6899149828502686,4.387964273316059,0.07625482625482616,3,0
209,d8964b967a20f3b0ac70e886c286082a6bb08dd3,20397811817cd2da947c8f57,soccer_england_league1,League One,Huddersfield Town vs Sheffield Wednesday,Huddersfield Town,Sheffield Wednesday,Huddersfield Town,888sport,2026-10-10T14:00:00Z,2026-10-01T11:57:18+00:00,218.04487657833334,2.05,0.4509771703003033,0.2711844989178052,0.27783833078189146,0.4509771703003033,2.2174071457632882,3.6875264035762436,3.5992154041013857,0.07654946679336927,3,0
210,8a89497651760ee9026ac5d7b42eefb14f8765ca,035ee7069106d5dc40ac8e91,soccer_england_league1,League One,Leicester City vs Peterborough United,Leicester City,Peterborough United,Leicester City,William Hill,2026-10-10T14:00:00Z,2026-10-01T11:57:18+00:00,218.04487657833334,1.62,0.5741328790135034,0.22454046833400088,0.20132665265249572,0.5741328790135034,1.7417570680122647,4.453540189969292,4.967052234887508,0.07277049306034811,3,0
211,af00e8da6567ff2748fd5621d45c313dd90afbfe,cfc196dbc17e7ecace66010a,soccer_england_league1,League One,Stevenage vs Wigan Athletic,Stevenage,Wigan Athletic,Stevenage,888sport,2026-10-10T14:00:00Z,2026-10-01T11:57:18+00:00,218.04487657833334,2.2,0.41902566073182185,0.3031254002817984,0.2778489389863797,0.41902566073182185,2.3864886896270634,3.2989647158250577,3.599077986938149,0.07007575757575757,3,0
212,9aa4a0056966f1b29d9d614c4f62eb74801c126b,f80d7842be87a16e0ca715d0,soccer_england_league1,League One,Blackpool vs Leicester City,Blackpool,Leicester City,Leicester City,Unibet (NL),2026-10-03T14:00:00Z,2026-10-01T11:57:18+00:00,50.04487657833334,2.12,0.3014821713065616,0.2568374476472038,0.4416803810462347,0.4416803810462347,3.3169457273914613,3.8935132285445255,2.2640806404650355,0.06825136110856334,3,0
213,5acc634537971ac447007f93a6f7f5d62f2217f9,9f75f04c09861405b9641442,soccer_england_league1,League One,Leyton Orient vs Plymouth Argyle,Leyton Orient,Plymouth Argyle,Leyton Orient,Pinnacle,2026-10-03T14:00:00Z,2026-10-01T11:57:18+00:00,50.04487657833334,3.51,0.2913504058485424,0.25120951831784927,0.4574400758336084,0.2913504058485424,3.43229314229906,3.980740883929105,2.1860786862140715,0.03700384477083496,13,0
214,58cc5b7b240a1af11dcf5d8cc933749c070dd5b6,7c6ad8da26585c150c761214,soccer_england_league1,League One,Barnsley vs Milton Keynes Dons,Barnsley,Milton Keynes Dons,Draw,Coolbet,2026-10-03T14:00:00Z,2026-10-01T11:57:18+00:00,50.04487657833334,3.75,0.3652215186780409,0.28031903112318474,0.3544594501987744,0.28031903112318474,2.738064294841139,3.5673639281399887,2.8211971762615393,0.03846629560915282,6,0
215,059d78685a6a1ee6c6a6d77f8bc231be997922e0,69b9e9e938f713003ea6f8bc,soccer_england_league1,League One,Burton Albion vs Huddersfield Town,Burton Albion,Huddersfield Town,Draw,Pinnacle,2026-10-03T14:00:00Z,2026-10-01T11:57:18+00:00,50.04487657833334,3.97,0.24422302514151883,0.2637459552305381,0.4920310196279431,0.2637459552305381,4.094618021460239,3.7915273397307967,2.0323921868913173,0.027706501407154693,14,0
216,d83771840df1c8068234873e6ae30af52d0a0d13,ac9dda9a7621f4e1599aed3c,soccer_england_league1,League One,Burton Albion vs Huddersfield Town,Burton Albion,Huddersfield Town,Burton Albion,Nordic Bet,2026-10-03T14:00:00Z,2026-10-01T11:57:18+00:00,50.04487657833334,3.95,0.24759621095116358,0.25445644697706815,0.49794734207176833,0.24759621095116358,4.038834019948885,3.9299456228362764,2.008244477898773,0.017874238548281074,15,0
217,35a597ba4d7fe05f56d4983f8dabdab1248cdd27,5e470892852689d158cb5b3b,soccer_england_league1,League One,Bromley FC vs Wycombe Wanderers,Bromley FC,Wycombe Wanderers,Draw,Coolbet,2026-10-03T14:00:00Z,2026-10-01T11:57:18+00:00,50.04487657833334,3.6,0.29290447700500005,0.31327860731714285,0.3938169156778571,0.31327860731714285,3.4140823323193157,3.1920468766246306,2.5392510077398547,0.054903877484522745,7,0
218,166fdce9dbc0fddbb6f37cb2a989acf87a369384,1bfd80ed9cb267d69b982e93,soccer_england_league1,League One,Wigan Athletic vs Mansfield Town,Wigan Athletic,Mansfield Town,Draw,Coolbet,2026-10-03T14:00:00Z,2026-10-01T11:57:18+00:00,50.04487657833334,3.6,0.3787924517956402,0.294663337940311,0.32654421026404873,0.294663337940311,2.639968128349884,3.393703495623085,3.0623724707640183,0.05603448275862055,7,0
219,814ca5f2708eac6abbb1d49121bcb3b27af756fe,6bbdfc62ffef40fe1e75513b,soccer_england_league2,League Two,Chesterfield FC vs Tranmere Rovers,Chesterfield FC,Tranmere Rovers,Chesterfield FC,Pinnacle,2026-10-03T11:30:00Z,2026-10-01T11:57:18+00:00,47.54487657833334,1.7,0.519611087436595,0.25313633980982764,0.22725257275357735,0.519611087436595,1.9245162856961244,3.950440307192814,4.400390226095947,0.04751782881259348,8,0
220,dee8b534c2da2b271f6544330978c0568efb62e3,61ed6c6092cc9e725d89934e,soccer_england_league2,League Two,Walsall vs Crawley Town,Walsall,Crawley Town,Walsall,Pinnacle,2026-10-03T14:00:00Z,2026-10-01T11:57:18+00:00,50.04487657833334,1.7,0.5183352195968548,0.24178100390381582,0.2398837764993295,0.5183352195968548,1.9292534294269434,4.13597422400403,4.168685413383073,0.058888671747768795,8,0
221,6a0c21543669c58467ce48aec2d36499327ed77c,7e7cf44b63b9f15d008f7d77,soccer_england_league2,League Two,Salford City vs Fleetwood Town,Salford City,Fleetwood Town,Salford City,Pinnacle,2026-10-03T14:00:00Z,2026-10-01T11:57:18+00:00,50.04487657833334,1.85,0.4898764739125436,0.2626100667576922,0.2475134593297642,0.4898764739125436,2.0413309339254524,3.8079271383099353,4.040184330613277,0.0330652572031882,8,0
222,2b32dc1bdd7857738007a7393a05fb5ee98f1710,f0f9819c5dfa521652b982d7,soccer_england_league2,League Two,Gillingham vs Newport County,Gillingham,Newport County,Newport County,888sport,2026-10-03T14:00:00Z,2026-10-01T11:57:18+00:00,50.04487657833334,3.5,0.42487652641781465,0.27988800252388857,0.2952354710582969,0.2952354710582969,2.3536249658956705,3.572857682296152,3.387126880165903,0.010270774976657293,8,0
223,6a1877fd7c0b0788aa3b33559e5d030e7d24a31e,06535b59f941de10561910c8,soccer_england_league2,League Two,Grimsby Town vs Shrewsbury Town,Grimsby Town,Shrewsbury Town,Grimsby Town,Coolbet,2026-10-03T14:00:00Z,2026-10-01T11:57:18+00:00,50.04487657833334,1.65,0.5367884657612715,0.24966833507121727,0.2135431991675112,0.5367884657612715,1.862931236016414,4.005313688316752,4.682893222066805,0.06191869186918697,8,0
224,2b7654aab82c74f838d0d6d08915b58ba1f35daa,99b4a1ee0feeaaf090874820,soccer_england_league2,League Two,Gillingham vs Newport County,Gillingham,Newport County,Gillingham,Coolbet,2026-10-03T14:00:00Z,2026-10-01T11:57:18+00:00,50.04487657833334,2.05,0.4525212230477414,0.25660596993862345,0.29087280701363516,0.4525212230477414,2.2098411059374756,3.8970254676428064,3.4379287987313414,0.05238522523782341,10,0
225,0866a1facdf5893a8f4dd4298c33ce3afac87e06,67dced63089f106be65e2d7f,soccer_england_league2,League Two,Crewe Alexandra vs Bristol Rovers,Crewe Alexandra,Bristol Rovers,Crewe Alexandra,Pinnacle,2026-10-03T14:00:00Z,2026-10-01T11:57:18+00:00,50.04487657833334,3.01,0.3319986402074166,0.2701804629837398,0.3978208968088436,0.3319986402074166,3.0120605294505083,3.7012298704225057,2.513693996523538,0.029462833080404094,15,0
226,4627f2e185c8a457b6d97332adb0cb7ffeab4a81,1fb14e1cea6d6d564a7921a0,soccer_england_league2,League Two,Accrington Stanley vs Cheltenham Town,Accrington Stanley,Cheltenham Town,Draw,1xBet,2026-10-03T14:00:00Z,2026-10-01T11:57:18+00:00,50.04487657833334,3.87,0.401384926354014,0.2689851279891951,0.3296299456567909,0.2689851279891951,2.491374075961235,3.717677655547444,3.0337049566521945,0.0020405445003861544,15,0
227,2f9d270cd68bcbdb661ddc3ef253f17e8ec8f3fa,ac91327bdf862c69bc1b98c1,soccer_england_league2,League Two,Crewe Alexandra vs Bristol Rovers,Crewe Alexandra,Bristol Rovers,Draw,1xBet,2026-10-03T14:00:00Z,2026-10-01T11:57:18+00:00,50.04487657833334,3.79,0.3240306968745562,0.277246998189436,0.3987223049360079,0.277246998189436,3.0861273627638295,3.6068920728826965,2.5080111837748653,0.0076007901101817765,15,0
228,ccc78ba8c847ab69e808788063a09e49cd5b8dd1,cf011e0b3085ee2d10fdf00b,soccer_mexico_ligamx,Liga MX,América vs Tijuana,América,Tijuana,América,Unibet (SE),2026-10-29T03:00:00Z,2026-10-01T11:57:18+00:00,663.0448765783333,1.54,0.5938777031189055,0.22994508326419139,0.17617721361690306,0.5938777031189055,1.683848365998986,4.3488644584370935,5.676102939024213,0.08982683982683981,4,0
229,eb0c23921110d4f19ae5a89c0c7312fbea6a85a2,65e7e66d660ee0fca0f8be6c,soccer_mexico_ligamx,Liga MX,Querétaro vs Atlante FC,Querétaro,Atlante FC,Querétaro,1xBet,2026-10-10T23:00:00Z,2026-10-01T11:57:18+00:00,227.04487657833334,2.02,0.46061369789056067,0.26559213992105046,0.27379416218838887,0.46061369789056067,2.171016634068044,3.765171666214439,3.6523788235920547,0.06694492978709632,6,0
230,ff0bccc3858d491d95b90ab9af03b545fe8d5486,7b523e0c5692e8208f6fe338,soccer_mexico_ligamx,Liga MX,América vs Monterrey,América,Monterrey,América,1xBet,2026-10-11T03:00:00Z,2026-10-01T11:57:18+00:00,231.04487657833334,1.93,0.48263607763659255,0.2574044227014498,0.25995949966195775,0.48263607763659255,2.0719545146663565,3.8849371331892333,3.846753056919886,0.06618276307395465,8,0
231,a9a0da1a0fbb65df0273b5729c6f0b3b17e9572f,817908eb419b7aca1e523bb8,soccer_mexico_ligamx,Liga MX,Atlético San Luis vs Santos Laguna,Atlético San Luis,Santos Laguna,Atlético San Luis,1xBet,2026-10-11T23:00:00Z,2026-10-01T11:57:18+00:00,251.04487657833334,1.96,0.47412428891003855,0.2611109500552149,0.26476476103474655,0.47412428891003855,2.1091515946143446,3.8297895962943667,3.77693767135712,0.06967200025550135,8,0
232,e0916349bfa128fa1687d78463a2e8f5c60582b4,4121121e040bd5e73c47c1b4,soccer_mexico_ligamx,Liga MX,Pachuca vs Necaxa,Pachuca,Necaxa,Pachuca,1xBet,2026-10-11T23:15:00Z,2026-10-01T11:57:18+00:00,251.29487657833334,1.65,0.5593571240501647,0.24541904179580515,0.19522383415403027,0.5593571240501647,1.787766628874324,4.074663451876832,5.122325377602239,0.06988249845392702,8,0
233,15d528eedd66964932244b263639bcad6147108c,924617072e5daefc48c38a65,soccer_mexico_ligamx,Liga MX,Pumas vs Cruz Azul,Pumas,Cruz Azul,Cruz Azul,1xBet,2026-10-12T01:00:00Z,2026-10-01T11:57:18+00:00,253.04487657833334,2.05,0.2879045261367688,0.2618870961889142,0.4502083776743171,0.4502083776743171,3.47337366806436,3.818439375411771,2.2211936729516055,0.08005402510503101,6,0
234,ab2106ec3f9fd83bf90ba0618a0c315e59c6026e,2f8a841cc3716154ef96a77a,soccer_mexico_ligamx,Liga MX,Pumas vs Cruz Azul,Pumas,Cruz Azul,Pumas,Betsson,2026-10-12T01:00:00Z,2026-10-01T11:57:18+00:00,253.04487657833334,3.55,0.27165577030290977,0.25880123647952785,0.4695429932175624,0.27165577030290977,3.681129242662322,3.8639691741932762,2.129730428192442,0.04727279667162865,10,0
235,088dee1b091dedd763002be5bc2919e89831f1de,199a90524c7f8d3e695ec1db,soccer_france_ligue_one,Ligue 1,Lille vs Le Havre,Lille,Le Havre,Lille,1xBet,2026-10-10T15:15:00Z,2026-10-01T11:57:18+00:00,219.29487657833334,1.45,0.6679886703419043,0.20100005893607226,0.13101127072202348,0.6679886703419043,1.4970313785234688,4.975122919332319,7.632931079050257,0.01505597401699954,10,0
236,44aa19c81e7bab0c5df42b66c7cff968d77dd353,c4b70c8d9ef4e3829cd623ca,soccer_france_ligue_one,Ligue 1,AS Monaco vs Toulouse,AS Monaco,Toulouse,AS Monaco,1xBet,2026-10-10T18:45:00Z,2026-10-01T11:57:18+00:00,222.79487657833334,1.99,0.48831470040347663,0.25583897444574316,0.2558463251507802,0.48831470040347663,2.047859708449769,3.908708601441311,3.908596300574812,0.016654777987213265,10,0
237,23be499a30411b738e9a8a2c78516a36ab1ca3e5,7ae66f3bef4ac91f5c30d62a,soccer_france_ligue_one,Ligue 1,Brest vs Angers,Brest,Angers,Angers,1xBet,2026-10-10T18:45:00Z,2026-10-01T11:57:18+00:00,222.79487657833334,3.9,0.4898608510644187,0.25632694138250883,0.2538122075530725,0.2538122075530725,2.041396036909461,3.9012676334624175,3.9399208164205364,0.016150516150516214,10,0
238,29e70e68fb791fccdb74f5e9d27be4bd62471ffb,07a6128906c158bca6d98bdd,soccer_france_ligue_one,Ligue 1,Brest vs Angers,Brest,Angers,Brest,1xBet,2026-10-10T18:45:00Z,2026-10-01T11:57:18+00:00,222.79487657833334,2.0,0.4898608510644187,0.25632694138250883,0.2538122075530725,0.4898608510644187,2.041396036909461,3.9012676334624175,3.9399208164205364,0.016150516150516214,10,0
239,0db89d70bda3a0c4ea3b2681e6099c57466d876f,934c52750bab5ae5f5874c72,soccer_france_ligue_one,Ligue 1,Rennes vs Auxerre,Rennes,Auxerre,Rennes,1xBet,2026-10-11T15:15:00Z,2026-10-01T11:57:18+00:00,243.29487657833334,1.48,0.6507217121827362,0.19729837633809605,0.15197991147916778,0.6507217121827362,1.536755238496144,5.06846543068541,6.579816965724922,0.01702033388863944,10,0
240,679585b2dd08dc12bbfc478d922507bd50d8a14d,199e48ff414e3722175a8288,soccer_france_ligue_one,Ligue 1,Troyes vs Marseille,Troyes,Marseille,Marseille,1xBet,2026-10-11T18:45:00Z,2026-10-01T11:57:18+00:00,246.79487657833334,1.86,0.2366783634917163,0.2381693699910157,0.525152266517268,0.525152266517268,4.225143292555341,4.1986927203851705,1.9042096240617066,0.015548715198167251,10,0
241,811c7065db65cf2cfc0430d5cce0a8ca5cdee6e0,b492bf6551a96ba1755bb0a7,soccer_france_ligue_one,Ligue 1,Nice vs Strasbourg,Nice,Strasbourg,Strasbourg,1xBet,2026-10-11T13:00:00Z,2026-10-01T11:57:18+00:00,241.04487657833334,3.27,0.42247354973018836,0.2677190784816197,0.3098073717881919,0.3098073717881919,2.3670120901974747,3.7352586362972082,3.2278121538169104,0.011595716276269208,11,0
242,e26a769a6f836c84ee223d028c6917ae2020792c,9488c520145ffd74a3c905ae,soccer_france_ligue_one,Ligue 1,Troyes vs Marseille,Troyes,Marseille,Troyes,Codere (IT),2026-10-11T18:45:00Z,2026-10-01T11:57:18+00:00,246.79487657833334,4.0,0.2520011059519817,0.24758343695972582,0.5004154570882925,0.2520011059519817,3.9682365528607955,4.039042402350482,1.9983395513371636,3.769033619782647e-05,11,0
243,1d9a5397d76e7219840d720356a3467b50745258,a47dc511935c0561e3a52502,soccer_france_ligue_one,Ligue 1,Le Mans FC vs Toulouse,Le Mans FC,Toulouse,Le Mans FC,1xBet,2026-10-16T18:45:00Z,2026-10-01T11:57:18+00:00,366.79487657833334,3.27,0.29638943973369425,0.26813775761111464,0.4354728026551912,0.29638943973369425,3.373939371451626,3.7294262803909897,2.296354660733665,0.014953924376601702,10,0
244,3824de83d35eaf44d31f9a719ec1d5d2258974f6,07f93e5465b2b3f1a6480e07,soccer_france_ligue_one,Ligue 1,Strasbourg vs Paris Saint Germain,Strasbourg,Paris Saint Germain,Paris Saint Germain,1xBet,2026-10-17T15:15:00Z,2026-10-01T11:57:18+00:00,387.29487657833334,1.48,0.1565333154907552,0.17804976860497596,0.6654169159042689,0.6654169159042689,6.388416401101909,5.616407186794024,1.502817220450504,0.008806609656686781,10,0
245,f9fac9190f8d499b594df4eda5af093b9d7098bc,3bb638725f54afaf177d27bf,soccer_france_ligue_one,Ligue 1,Lille vs Brest,Lille,Brest,Lille,1xBet,2026-10-17T18:45:00Z,2026-10-01T11:57:18+00:00,390.79487657833334,1.72,0.5742303293857959,0.23059600597384375,0.1951736646403604,0.5742303293857959,1.7414614812659108,4.336588553547752,5.12364207457325,0.013856813927753064,10,0
246,bbad7438d7c5112466dc1cc24c79802df2e0f4e2,5182a03507374ced05376417,soccer_france_ligue_one,Ligue 1,Troyes vs RC Lens,Troyes,RC Lens,RC Lens,1xBet,2026-10-17T18:45:00Z,2026-10-01T11:57:18+00:00,390.79487657833334,1.86,0.23004654004533473,0.2399340230590063,0.5300194368956591,0.5300194368956591,4.3469464909271505,4.16781241464064,1.8867232602959472,0.01542130880284387,10,0
247,4adfabe6c36ed581eee65b2192ef8887ff874559,41a0b5e480d46f7c7512ca46,soccer_france_ligue_one,Ligue 1,Angers vs Marseille,Angers,Marseille,Angers,1xBet,2026-10-18T13:00:00Z,2026-10-01T11:57:18+00:00,409.04487657833334,3.45,0.28893665449571465,0.26271237385993307,0.44835097164435217,0.28893665449571465,3.4609662167831026,3.8064442314131615,2.230395523249218,0.01459814013877292,10,0
248,ed539456edf5a32496ba97b4f610fd45b8abe73b,f8fe1256b86b314482fac3b5,soccer_france_ligue_one,Ligue 1,Angers vs Marseille,Angers,Marseille,Marseille,1xBet,2026-10-18T13:00:00Z,2026-10-01T11:57:18+00:00,409.04487657833334,2.16,0.28893665449571465,0.26271237385993307,0.44835097164435217,0.44835097164435217,3.4609662167831026,3.8064442314131615,2.230395523249218,0.01459814013877292,10,0
249,923c851f7676d5a2727c3bea01559c29a3d03efd,12ff4b5aba0818f7b5db73c8,soccer_france_ligue_one,Ligue 1,Lorient vs AS Monaco,Lorient,AS Monaco,AS Monaco,1xBet,2026-10-18T15:15:00Z,2026-10-01T11:57:18+00:00,411.29487657833334,2.06,0.2541762004987125,0.26230569957208505,0.48351809992920247,0.48351809992920247,3.9342786540908476,3.8123456777010936,2.0681749041999082,0.01399435724521858,10,0
250,200a9b9f6013df23a82aa795e57943234c38cdd6,db1bcf21ef96ba63a71b3e99,soccer_france_ligue_one,Ligue 1,Lyon vs Nice,Lyon,Nice,Lyon,1xBet,2026-10-18T18:45:00Z,2026-10-01T11:57:18+00:00,414.79487657833334,1.71,0.5772831028581412,0.23208560099045844,0.19063129615140026,0.5772831028581412,1.7322523300075443,4.308755027163931,5.24572837822912,0.01373025438915354,10,0
251,301e4dae924f28ad2f875de085e2a507a2bdc5b0,f11f652b9b65dd5f93ec5619,soccer_france_ligue_one,Ligue 1,Paris FC vs Rennes,Paris FC,Rennes,Rennes,1xBet,2026-10-18T15:15:00Z,2026-10-01T11:57:18+00:00,411.29487657833334,3.27,0.4128833110416691,0.26548376027549814,0.3216329286828328,0.3216329286828328,2.4219918152591005,3.766708739405675,3.1091343914792864,0.0,10,0
252,15ee9cd907ea75a671577af04883081a965ff1ce,7c1f4cc79d4d1671d26cad36,soccer_france_ligue_one,Ligue 1,RC Lens vs Lyon,RC Lens,Lyon,Lyon,1xBet,2026-10-09T18:45:00Z,2026-10-01T11:57:18+00:00,198.79487657833334,3.21,0.4289376692433563,0.253922030090716,0.3171403006659277,0.3171403006659277,2.3313410588629218,3.938216781122696,3.1531785708098625,0.0027193448566875666,21,0
253,dc08a23ab22827f7933687507f24cc557adba548,c3c88d2a18ab3511145d37f6,soccer_france_ligue_two,Ligue 2,Sochaux vs Boulogne,Sochaux,Boulogne,Boulogne,Betsson,2026-10-09T18:00:00Z,2026-10-01T11:57:18+00:00,198.04487657833334,3.85,0.43839241714969424,0.2976749268115919,0.26393265603871396,0.26393265603871396,2.281061352524577,3.359369264690984,3.7888452873119225,0.026785714285714413,7,0
254,5cf5cd1d8cca56124ef5d0311740995a79da68d3,66f2a3508644dfa0315b5bce,soccer_france_ligue_two,Ligue 2,Sochaux vs Boulogne,Sochaux,Boulogne,Sochaux,Marathon Bet,2026-10-09T18:00:00Z,2026-10-01T11:57:18+00:00,198.04487657833334,2.2,0.43839241714969424,0.2976749268115919,0.26393265603871396,0.43839241714969424,2.281061352524577,3.359369264690984,3.7888452873119225,0.026785714285714413,7,0
255,89df144c79c7f067c8293f8670ea2b03129ae91e,1600e77fd0180811cf73f5e6,soccer_france_ligue_two,Ligue 2,Montpellier vs Grenoble,Montpellier,Grenoble,Montpellier,888sport,2026-10-09T18:00:00Z,2026-10-01T11:57:18+00:00,198.04487657833334,1.67,0.5581801811896158,0.2620933544352785,0.17972646437510564,0.5581801811896158,1.7915361987033656,3.8154343980016505,5.564010862156104,0.057751910762869896,7,0
256,f51301a1ecfaa730a83faf894fe389c035ce5cc2,5d5aeec07f2bad8a812314b8,soccer_france_ligue_two,Ligue 2,Nancy vs Guingamp,Nancy,Guingamp,Nancy,Betsson,2026-10-09T18:00:00Z,2026-10-01T11:57:18+00:00,198.04487657833334,2.2,0.4202215271654471,0.2821049563661864,0.29767351646836654,0.4202215271654471,2.379697220048144,3.5447799743792867,3.3593851810000337,0.059611975412959595,6,0
257,686f6835235eafc13e86e41778340b6d618a2d40,b2029a6394f97d38d47344fb,soccer_france_ligue_two,Ligue 2,Pau FC vs Stade Lavallois,Pau FC,Stade Lavallois,Pau FC,Betsson,2026-10-09T18:00:00Z,2026-10-01T11:57:18+00:00,198.04487657833334,2.1,0.441441475959862,0.28453899877232003,0.274019525267818,0.441441475959862,2.2653059453138584,3.5144567328718668,3.6493749816646526,0.06100579766790437,7,0
258,deefa8a75ac12236257f7432165fe6d8236b8d93,cdae4beef8cfebceac519c77,soccer_france_ligue_two,Ligue 2,Clermont vs Red Star,Clermont,Red Star,Clermont,Betsson,2026-10-10T12:00:00Z,2026-10-01T11:57:18+00:00,216.04487657833334,4.0,0.24566434339402518,0.28472735587458203,0.4696083007313928,0.24566434339402518,4.0705948050266425,3.51213179684949,2.1294342507203283,0.036054066597053014,7,0
259,cf79e3f49721b05b567c9d109c4e6e1552e42dca,a86d763e5e7bbed1d33286fa,soccer_france_ligue_two,Ligue 2,Clermont vs Red Star,Clermont,Red Star,Red Star,Marathon Bet,2026-10-10T12:00:00Z,2026-10-01T11:57:18+00:00,216.04487657833334,2.04,0.24566434339402518,0.28472735587458203,0.4696083007313928,0.4696083007313928,4.0705948050266425,3.51213179684949,2.1294342507203283,0.036054066597053014,7,0
260,dae2e691ea1b1067f534ee262a773dfbd0ba0aac,891148450dcbe653c2634285,soccer_france_ligue_two,Ligue 2,Nantes vs Stade de Reims,Nantes,Stade de Reims,Nantes,888sport,2026-10-10T12:00:00Z,2026-10-01T11:57:18+00:00,216.04487657833334,2.2,0.4231376393994669,0.27796312478350055,0.29889923581703254,0.4231376393994669,2.3632972037638584,3.5975995045345615,3.345609088850724,0.05802820439094836,7,0
261,38aed113d4173f66ae68fd9c78939f8cea132f85,ee5ae87449692a693ed7609b,soccer_france_ligue_two,Ligue 2,Saint Etienne vs Rodez AF,Saint Etienne,Rodez AF,Saint Etienne,Marathon Bet,2026-10-10T18:00:00Z,2026-10-01T11:57:18+00:00,222.04487657833334,1.39,0.6794735264432269,0.19097477723756628,0.12955169631920688,0.6794735264432269,1.47172768486596,5.236293580047135,7.718926331431938,0.04644466245185663,7,0
262,b2d06826cafa682253c9fd1a0ff2f7e7ce29c053,68c5091c6d40333649919b72,soccer_usa_mls,MLS,Seattle Sounders FC vs Sporting Kansas City,Seattle Sounders FC,Sporting Kansas City,Seattle Sounders FC,1xBet,2026-10-02T01:30:00Z,2026-10-01T11:57:18+00:00,13.544876578333334,1.49,0.646849670049759,0.1931174407513865,0.16003288919885456,0.646849670049759,1.545954255372929,5.178196211119893,6.248715529702238,0.020347288803664654,12,0
263,02def3d54448861350c51879c18b3fc4c34e406d,e169984d0b47ba46c3bb8d4c,soccer_usa_mls,MLS,Chicago Fire vs Vancouver Whitecaps FC,Chicago Fire,Vancouver Whitecaps FC,Chicago Fire,1xBet,2026-10-07T00:30:00Z,2026-10-01T11:57:18+00:00,132.54487657833334,3.68,0.26614838175634237,0.23295782378316934,0.5008937944604884,0.26614838175634237,3.757302574604776,4.292622517502448,1.9964312017023444,0.030102154979517515,12,0
264,d371ba74afc494adad2f3e8f158a09bf6594827d,acdc6f96ebc7847a44101f64,soccer_usa_mls,MLS,Chicago Fire vs Vancouver Whitecaps FC,Chicago Fire,Vancouver Whitecaps FC,Vancouver Whitecaps FC,1xBet,2026-10-07T00:30:00Z,2026-10-01T11:57:18+00:00,132.54487657833334,1.92,0.26614838175634237,0.23295782378316934,0.5008937944604884,0.5008937944604884,3.757302574604776,4.292622517502448,1.9964312017023444,0.030102154979517515,12,0
265,2ba806ecd803d315d96dfdb978c5c91233217596,b0bb07cc0000484cf50cafc9,soccer_usa_mls,MLS,Toronto FC vs CF Montreal,Toronto FC,CF Montreal,Toronto FC,1xBet,2026-10-10T17:00:00Z,2026-10-01T11:57:18+00:00,221.04487657833334,1.85,0.5273734901813553,0.2354517186702559,0.23717479114838888,0.5273734901813553,1.8961893584300493,4.247155236953162,4.216299696768145,0.0295410187806171,12,0
266,bfcbe0286ee7a21caaae5027e6b53b3b03886fa6,af2026718a4192486e6c0e3f,soccer_usa_mls,MLS,Chicago Fire vs New York City FC,Chicago Fire,New York City FC,Chicago Fire,1xBet,2026-10-10T18:30:00Z,2026-10-01T11:57:18+00:00,222.54487657833334,1.83,0.5292802669487775,0.23646572323005066,0.2342540098211718,0.5292802669487775,1.889358176462637,4.228942725145534,4.268870363258219,0.024460651680694445,12,0
267,a77152ec1721dab92370bde9ab5b1a61835a858d,9fba06186cdcb9c0ada7067a,soccer_usa_mls,MLS,Charlotte FC vs FC Dallas,Charlotte FC,FC Dallas,Charlotte FC,1xBet,2026-10-10T23:30:00Z,2026-10-01T11:57:18+00:00,227.54487657833334,1.96,0.4925766825514346,0.2437643682000071,0.26365894924855826,0.4925766825514346,2.030140758633211,4.102322285181181,3.792778522595391,0.02687074829931979,10,0
268,bbc2cd6dc968af6e1ddaf256ed0d7060d3ae7653,ee2d1ce85fe977ce2f5a00fa,soccer_usa_mls,MLS,Charlotte FC vs FC Dallas,Charlotte FC,FC Dallas,FC Dallas,1xBet,2026-10-10T23:30:00Z,2026-10-01T11:57:18+00:00,227.54487657833334,3.75,0.4925766825514346,0.2437643682000071,0.26365894924855826,0.26365894924855826,2.030140758633211,4.102322285181181,3.792778522595391,0.02687074829931979,10,0
269,6068b040ec518e2c9d7e5636300e563013b07fc2,baada986b1c1dac197073c78,soccer_usa_mls,MLS,Orlando City SC vs Columbus Crew SC,Orlando City SC,Columbus Crew SC,Orlando City SC,1xBet,2026-10-10T23:30:00Z,2026-10-01T11:57:18+00:00,227.54487657833334,2.12,0.46329412677622894,0.24231653425716057,0.29438933896661046,0.46329412677622894,2.1584560265384067,4.126833536413743,3.39686214015182,0.01654181756045392,10,0
270,670ed4ffcc4d6300fa0e1e88f0e541caff0709c6,acb49a828d55674045f808bf,soccer_usa_mls,MLS,Inter Miami CF vs D.C. United,Inter Miami CF,D.C. United,Inter Miami CF,1xBet,2026-10-10T23:30:00Z,2026-10-01T11:57:18+00:00,227.54487657833334,1.31,0.7246490096568411,0.1592279751898291,0.11612301515332979,0.7246490096568411,1.3799784263467798,6.280303437934293,8.611557309975044,0.029889383811280368,10,0
271,743d149a82d08c2fcbd488adff7cc38266fbf381,d4583e5c386fe6b1d8a460ff,soccer_usa_mls,MLS,New England Revolution vs Seattle Sounders FC,New England Revolution,Seattle Sounders FC,New England Revolution,1xBet,2026-10-10T23:30:00Z,2026-10-01T11:57:18+00:00,227.54487657833334,1.81,0.5369452535460886,0.22903223585119323,0.23402251060271823,0.5369452535460886,1.8623872608907701,4.366197606566264,4.273093205540479,0.03217145909179542,10,0
272,24a7b5dd61d48432578e3e21ad67ded6e69fe69a,e58148284f13bea6d56dc677,soccer_usa_mls,MLS,New York Red Bulls vs San Diego FC,New York Red Bulls,San Diego FC,New York Red Bulls,1xBet,2026-10-10T23:30:00Z,2026-10-01T11:57:18+00:00,227.54487657833334,2.18,0.4490072208883567,0.23830126054531423,0.3126915185663291,0.4490072208883567,2.2271356750599893,4.19636890594561,3.1980400510539493,0.01939147958680354,10,0
273,342f3f9541badec231eaf812ef570973fb33919b,19bd13710df4770c3de34ea9,soccer_usa_mls,MLS,Philadelphia Union vs Real Salt Lake,Philadelphia Union,Real Salt Lake,Philadelphia Union,1xBet,2026-10-10T23:30:00Z,2026-10-01T11:57:18+00:00,227.54487657833334,1.35,0.7008506203892523,0.1754242485736733,0.12372513103707435,0.7008506203892523,1.4268375755230127,5.70046620196881,8.08243233705163,0.03161284854648683,10,0
274,9bf20913664d816d06124e323e7556d0b6d339ab,d2cfa08ec68433d3842d0c34,soccer_usa_mls,MLS,Austin FC vs Nashville SC,Austin FC,Nashville SC,Nashville SC,1xBet,2026-10-11T00:30:00Z,2026-10-01T11:57:18+00:00,228.54487657833334,2.01,0.2663051188919413,0.25355252635860764,0.4801423547494511,0.4801423547494511,3.755091168209088,3.9439559698398243,2.082715657363371,0.031634950825278896,10,0
275,f04674c46edac20ea6dfe3b125835bd3d5bf731f,6ad0b2268e70ad3bb85de573,soccer_usa_mls,MLS,Minnesota United FC vs Houston Dynamo,Minnesota United FC,Houston Dynamo,Houston Dynamo,1xBet,2026-10-11T00:30:00Z,2026-10-01T11:57:18+00:00,228.54487657833334,3.44,0.46390810130463234,0.25508144396876126,0.28101045472660635,0.28101045472660635,2.1555993464820626,3.9203165249545386,3.5585864624606045,0.03214013999900134,10,0
276,1827477e337239844401f69d758a735d0f7df6df,dee95192066cec433a59eea6,soccer_usa_mls,MLS,Minnesota United FC vs Houston Dynamo,Minnesota United FC,Houston Dynamo,Minnesota United FC,1xBet,2026-10-11T00:30:00Z,2026-10-01T11:57:18+00:00,228.54487657833334,2.1,0.46390810130463234,0.25508144396876126,0.28101045472660635,0.46390810130463234,2.1555993464820626,3.9203165249545386,3.5585864624606045,0.03214013999900134,10,0
277,c4b514c708bd127e40e42dbeab6edf9b9c63a701,1154c2d0eb2f20eecc4a128a,soccer_usa_mls,MLS,Colorado Rapids vs San Jose Earthquakes,Colorado Rapids,San Jose Earthquakes,Colorado Rapids,1xBet,2026-10-11T01:30:00Z,2026-10-01T11:57:18+00:00,229.54487657833334,1.82,0.5322515074072081,0.23755238914840385,0.23019610344438815,0.5322515074072081,1.8788110246439058,4.209597737934261,4.344122185550307,0.032117619795344776,10,0
278,ea9776e571079005a626a5c84847389140278c19,ae58650c3cdce31cdb1830e7,soccer_usa_mls,MLS,St. Louis City SC vs LA Galaxy,St. Louis City SC,LA Galaxy,St. Louis City SC,1xBet,2026-10-11T23:00:00Z,2026-10-01T11:57:18+00:00,251.04487657833334,1.6,0.6038926419182158,0.21539504615626134,0.18071231192552284,0.6038926419182158,1.6559234714693352,4.642632306754799,5.533657277386452,0.020369199338456934,10,0
279,92a675d7b04c252bb82f8c720aba30e7e95bbfc3,19a8ac6abf7c95f2f2c7b447,soccer_usa_mls,MLS,Chicago Fire vs New York City FC,Chicago Fire,New York City FC,New York City FC,MyBookie.ag,2026-10-10T18:30:00Z,2026-10-01T11:57:18+00:00,222.54487657833334,4.0,0.5282080243384868,0.23431770910827016,0.23747426655324308,0.23747426655324308,1.8931935031702187,4.267709870524273,4.2109825814570705,0.05246913580246915,10,0
280,03528878b8553ea6028bc5513751b1241e4c4f8e,fea73630287601df8d4ef854,soccer_usa_mls,MLS,Austin FC vs Nashville SC,Austin FC,Nashville SC,Austin FC,1xBet,2026-10-11T00:30:00Z,2026-10-01T11:57:18+00:00,228.54487657833334,3.75,0.26506405047141307,0.25399642007611245,0.4809395294524746,0.26506405047141307,3.7726730509909308,3.9370633637290653,2.079263480667621,0.03191865605658717,9,0
281,029c38033b93aaea4e1fd16c2f73e4ffa346d895,f914b48b6c977a9ca204b550,soccer_epl,Premier League,Arsenal vs Leeds United,Arsenal,Leeds United,Arsenal,1xBet,2026-10-10T11:30:00Z,2026-10-01T11:57:18+00:00,215.54487657833334,1.33,0.7332491637905907,0.177195744288339,0.08955509192107036,0.7332491637905907,1.3637928952150717,5.643476393952022,11.166310910398629,0.016141185526257873,9,0
282,c4c3c7b4c3ce966ebbc8b3fbdb816c75b4548171,4e4246cb2a6fbe604d0519c1,soccer_epl,Premier League,Chelsea vs Bournemouth,Chelsea,Bournemouth,Chelsea,1xBet,2026-10-10T14:00:00Z,2026-10-01T11:57:18+00:00,218.04487657833334,1.86,0.5214201932258618,0.23630218335876016,0.24227762341537806,0.5214201932258618,1.9178390346053082,4.231869489253825,4.127496323857893,0.014972253290770121,9,0
283,dc45637d6044c8397fd826dd12b03b3c4abf0112,66905e5c9826c264646e6114,soccer_epl,Premier League,Ipswich Town vs Fulham,Ipswich Town,Fulham,Ipswich Town,1xBet,2026-10-10T14:00:00Z,2026-10-01T11:57:18+00:00,218.04487657833334,3.09,0.32260601820650314,0.2753418127777706,0.40205216901572627,0.32260601820650314,3.0997561842131867,3.6318494089639186,2.48723941086582,0.015878769866287223,8,0
284,6f80ec01ead208d5f0c0d75194e57253c4bd1494,d308c2891c1df89f9343980b,soccer_epl,Premier League,Manchester United vs Tottenham Hotspur,Manchester United,Tottenham Hotspur,Manchester United,1xBet,2026-10-10T16:30:00Z,2026-10-01T11:57:18+00:00,220.54487657833334,1.71,0.5705862016868943,0.2296316486263052,0.19978214968680055,0.5705862016868943,1.7525835658899158,4.354800420508962,5.005452196643718,0.014431486433912566,9,0
285,ea0cbd1fd836c4774417c8bf459d237f124e5b2a,53cdd15227e7bcad04dd0f14,soccer_epl,Premier League,Hull City vs Everton,Hull City,Everton,Everton,1xBet,2026-10-11T13:00:00Z,2026-10-01T11:57:18+00:00,241.04487657833334,2.11,0.24953430352237677,0.28025587838115135,0.4702098180964719,0.4702098180964719,4.007465049430873,3.5681677964306178,2.1267101653645866,0.012225441062785336,8,0
286,ae72d9cbed2be7d1950f17da759ca90cc1161389,6216c418adc38a2086bcd8b7,soccer_epl,Premier League,Hull City vs Everton,Hull City,Everton,Hull City,MyBookie.ag,2026-10-11T13:00:00Z,2026-10-01T11:57:18+00:00,241.04487657833334,3.85,0.24953430352237677,0.28025587838115135,0.4702098180964719,0.24953430352237677,4.007465049430873,3.5681677964306178,2.1267101653645866,0.012225441062785336,8,0
287,ebffc9294ef43beab9b76295d06351f6551c45f9,f66ea2856631136e79e1eb69,soccer_epl,Premier League,Coventry City vs Newcastle United,Coventry City,Newcastle United,Coventry City,1xBet,2026-10-12T19:00:00Z,2026-10-01T11:57:18+00:00,271.04487657833334,3.58,0.272994471732748,0.25341690262887717,0.4735886256383748,0.272994471732748,3.6630778405614195,3.9460666973129075,2.1115371988760243,0.01553046722296525,6,0
288,7a7eeac74e262ebb40fe4ef3b231a50efb9c8d23,bf06d07e5ae5d7437d2f4a0e,soccer_epl,Premier League,Coventry City vs Newcastle United,Coventry City,Newcastle United,Newcastle United,1xBet,2026-10-12T19:00:00Z,2026-10-01T11:57:18+00:00,271.04487657833334,2.09,0.272994471732748,0.25341690262887717,0.4735886256383748,0.4735886256383748,3.6630778405614195,3.9460666973129075,2.1115371988760243,0.01553046722296525,6,0
289,47f65d3d9a8523df9f22c6993fd819ae25ce8f4c,9d8d894a42f9b87a30d5972b,soccer_epl,Premier League,Sunderland vs Brighton and Hove Albion,Sunderland,Brighton and Hove Albion,Sunderland,1xBet,2026-10-10T14:00:00Z,2026-10-01T11:57:18+00:00,218.04487657833334,3.21,0.3088027164656965,0.2788090476351759,0.4123882358991276,0.3088027164656965,3.238313481970569,3.5866841785870194,2.4248994344363535,0.015650807306068604,11,0
290,05a21a49bdac052a7478676f9d887d99212798a1,c335c3d2bc64039d422600f4,soccer_epl,Premier League,Liverpool vs Manchester City,Liverpool,Manchester City,Liverpool,1xBet,2026-10-11T15:30:00Z,2026-10-01T11:57:18+00:00,243.54487657833334,3.27,0.30464508982186755,0.2578932439217421,0.4374616662563903,0.30464508982186755,3.2825081821759254,3.877573467195793,2.2859145775161784,0.015396863718930343,11,0
291,f3d16fbfa15959bbd6fa71362174bc055815ca96,a7f65e6e058c698c804c1af1,soccer_epl,Premier League,Ipswich Town vs Fulham,Ipswich Town,Fulham,Draw,Betfair,2026-10-10T14:00:00Z,2026-10-01T11:57:18+00:00,218.04487657833334,3.95,0.3537880755721365,0.2704124826200923,0.3757994418077712,0.2704124826200923,2.8265508903397243,3.6980541368163067,2.6609938407293314,0.0,16,0
292,0b7989c8a7e26ecc21a3b89ed9d6f54891e5f9bd,30db6743830a89b43dbb84e6,soccer_epl,Premier League,Everton vs Chelsea,Everton,Chelsea,Everton,1xBet,2026-10-17T11:30:00Z,2026-10-01T11:57:18+00:00,383.54487657833334,3.29,0.30416304260745997,0.27239434350639197,0.4234426138861481,0.30416304260745997,3.2877104050098485,3.671148185852597,2.361595095076737,0.01548271216948871,11,0
293,dfc3243f3f178225a9555d87ab2842c4e4217b0c,130c96c5deca7f2a4a4db969,soccer_epl,Premier League,Fulham vs Hull City,Fulham,Hull City,Fulham,1xBet,2026-10-17T14:00:00Z,2026-10-01T11:57:18+00:00,386.04487657833334,1.55,0.5974751414403449,0.23285056127706402,0.16967429728259112,0.5974751414403449,1.6737098008618077,4.294599912130428,5.893644565001548,0.01610082717807315,11,0
294,b1859f753ca8a8bea96f8dea1166b7698973f5b3,9a00ffbc1d4b9b8e5ef9fad9,soccer_epl,Premier League,Manchester City vs Ipswich Town,Manchester City,Ipswich Town,Manchester City,1xBet,2026-10-17T14:00:00Z,2026-10-01T11:57:18+00:00,386.04487657833334,1.23,0.7408261617110266,0.15462482846328346,0.10454900982569,0.7408261617110266,1.349844338232306,6.467266673394924,9.56489211774704,0.01640767171613655,11,0
295,54af24d56166868c7a1b73c36ac3cf4e9580abf7,a61933c3b3bd5c1e84f35b7a,soccer_epl,Premier League,Newcastle United vs Aston Villa,Newcastle United,Aston Villa,Newcastle United,1xBet,2026-10-17T16:30:00Z,2026-10-01T11:57:18+00:00,388.54487657833334,2.17,0.44278659914074,0.2588431854309061,0.29837021542835385,0.44278659914074,2.258424265640771,3.8633429670372115,3.3515409658579847,0.015332731508674424,11,0
296,36b1d50dd16964cf268ae20f811aa7b72d9f7721,c7078b6b578728170af68b35,soccer_epl,Premier League,Bournemouth vs Sunderland,Bournemouth,Sunderland,Bournemouth,1xBet,2026-10-18T13:00:00Z,2026-10-01T11:57:18+00:00,409.04487657833334,1.82,0.5191098315040972,0.25610024129592546,0.2247899271999774,0.5191098315040972,1.9263746115201583,3.904721037902083,4.448597908528085,0.014839593170218324,11,0
297,5605985e99110114a4f24532662bca01b6beafb3,a39c4bb08e342402a33c8c46,soccer_epl,Premier League,Brighton and Hove Albion vs Crystal Palace,Brighton and Hove Albion,Crystal Palace,Brighton and Hove Albion,1xBet,2026-10-18T13:00:00Z,2026-10-01T11:57:18+00:00,409.04487657833334,1.66,0.5569127657716361,0.23217502728104147,0.2109122069473225,0.5569127657716361,1.795613355377911,4.307095434469477,4.741309260728377,0.017189321626583043,11,0
298,2790282f6f6387c64db6c1e0a9c79896eb2d62ae,7b3e3192e8c14de3d63b41fd,soccer_epl,Premier League,Leeds United vs Manchester United,Leeds United,Manchester United,Leeds United,1xBet,2026-10-18T13:00:00Z,2026-10-01T11:57:18+00:00,409.04487657833334,3.23,0.30924213640071746,0.2645999620946257,0.4261579015046568,0.30924213640071746,3.2337119761202113,3.7792900349788483,2.3465480669706005,0.0164427613150524,11,0
299,d23cac566b0aa80cef7a0708f5c3b2109c0c87cf,75c1c2ef988b670e8179a420,soccer_epl,Premier League,Nottingham Forest vs Arsenal,Nottingham Forest,Arsenal,Arsenal,1xBet,2026-10-18T15:30:00Z,2026-10-01T11:57:18+00:00,411.54487657833334,1.65,0.19492816216234532,0.23898463986259963,0.566087197975055,0.566087197975055,5.130095050950889,4.184369340954021,1.7665123033643761,0.01654931452698727,11,0
300,4d51bd034b476fd76d49d30624ccabe26996165d,d7056fa8716562b9cee44ace,soccer_epl,Premier League,Tottenham Hotspur vs Coventry City,Tottenham Hotspur,Coventry City,Tottenham Hotspur,1xBet,2026-10-19T19:00:00Z,2026-10-01T11:57:18+00:00,439.04487657833334,1.55,0.5899599750225083,0.20771341331519091,0.20232661166230073,0.5899599750225083,1.6950302433005693,4.814325584658167,4.942503567791071,0.016515330276085427,8,0
301,a17b214bd2c08e99f83708d0782f13b6183c5767,96ea64295aa900f8ee024690,soccer_epl,Premier League,Brentford vs Liverpool,Brentford,Liverpool,Draw,1xBet,2026-10-17T14:00:00Z,2026-10-01T11:57:18+00:00,386.04487657833334,3.92,0.351289204909408,0.26466103455987045,0.38404976053072154,0.26466103455987045,2.846657358166996,3.7784179362216785,2.603829250194276,0.015103194518267582,11,0
302,5823464b24e203c86301a2b3620cb7946d0bc47e,fec81b888ecc6b9dfc228354,soccer_epl,Premier League,Newcastle United vs Aston Villa,Newcastle United,Aston Villa,Aston Villa,1xBet,2026-10-17T16:30:00Z,2026-10-01T11:57:18+00:00,388.54487657833334,3.75,0.474214876616452,0.2558382612224784,0.2699468621610696,0.2699468621610696,2.1087486903301147,3.9087194980988182,3.704432761301476,0.016704357002864434,11,0
303,ca2f69c0cef29179c85422dcccd883654d2f254f,3a0a670bf9a2f3f7970fd26b,soccer_epl,Premier League,Brentford vs Liverpool,Brentford,Liverpool,Brentford,1xBet,2026-10-17T14:00:00Z,2026-10-01T11:57:18+00:00,386.04487657833334,2.89,0.34723508563748184,0.25565807413046976,0.39710684023204845,0.34723508563748184,2.8798933096409893,3.911474352613917,2.5182139884965276,0.008935082696581498,15,0
304,d76a24e1d2d55a74bf4155207fec12a209b06c9c,c97529af44dc941fa131c3f3,soccer_epl,Premier League,Bournemouth vs Sunderland,Bournemouth,Sunderland,Sunderland,1xBet,2026-10-18T13:00:00Z,2026-10-01T11:57:18+00:00,409.04487657833334,3.96,0.48478250856080707,0.260877310615371,0.25434018082382187,0.25434018082382187,2.062780695138402,3.833219522392146,3.9317421131059387,0.017075517075517244,15,0
305,0efdb7185018915b56c4e86329d5efedde60ea80,34e6e93707a3992a8f86c80f,soccer_portugal_primeira_liga,Primeira Liga,Moreirense FC vs Gil Vicente,Moreirense FC,Gil Vicente,Gil Vicente,Betclic (FR),2026-10-09T17:45:00Z,2026-10-01T11:57:18+00:00,197.79487657833334,2.07,0.2659816557394387,0.28741608926821605,0.4466022549923453,0.4466022549923453,3.759657774969343,3.4792763430400804,2.2391288642667955,0.03246861372621401,11,0
306,00dba0dd9aaea0e020fdf6234cc2aa5736acfb6f,e82e769ae40f1724a46c75b9,soccer_portugal_primeira_liga,Primeira Liga,Braga vs Sporting Lisbon,Braga,Sporting Lisbon,Sporting Lisbon,Pinnacle,2026-10-09T19:15:00Z,2026-10-01T11:57:18+00:00,199.29487657833334,2.18,0.272713080724991,0.2728319773256432,0.45445494194936575,0.45445494194936575,3.6668574801823266,3.6652595117412985,2.200438168216504,0.035127556463165455,11,0
307,e73a044c4f17a3b0fcf1aefea22f6e6a599a3354,e447e18ea261d61fb4c0cec6,soccer_portugal_primeira_liga,Primeira Liga,Casa Pia vs Santa Clara,Casa Pia,Santa Clara,Santa Clara,Nordic Bet,2026-10-10T14:30:00Z,2026-10-01T11:57:18+00:00,218.54487657833334,1.92,0.21834070465353755,0.284777342369574,0.4968819529768884,0.4968819529768884,4.579998042906372,3.511515318175261,2.01255045390331,0.014950980392157032,11,0
308,505db60c2ec84483c172002c0cb2a0d2be678eb8,3642af5affe42ef88c3f18e1,soccer_portugal_primeira_liga,Primeira Liga,CS Maritimo vs FC Porto,CS Maritimo,FC Porto,FC Porto,Marathon Bet,2026-10-10T17:00:00Z,2026-10-01T11:57:18+00:00,221.04487657833334,1.31,0.10209944784510654,0.1874878683335032,0.7104126838213903,0.7104126838213903,9.794372262591315,5.333678434175811,1.4076325251132717,0.041890158622336804,11,0
309,e4f1d43ee029555733522733700672892a678d88,dd77c69e46d1ddc5eed46660,soccer_portugal_primeira_liga,Primeira Liga,Benfica vs Vitória SC,Benfica,Vitória SC,Benfica,Marathon Bet,2026-10-11T17:00:00Z,2026-10-01T11:57:18+00:00,245.04487657833334,1.23,0.7740883243898524,0.1452219129151054,0.0806897626950422,0.7740883243898524,1.2918422465397787,6.886013136217159,12.393145878732925,0.012641829715000386,11,0
310,145934dec4f08a100b10f4c04c39fd194a190cde,1043072e00697a113bfdf1ed,soccer_portugal_primeira_liga,Primeira Liga,Famalicão vs Alverca,Famalicão,Alverca,Famalicão,Pinnacle,2026-10-12T19:15:00Z,2026-10-01T11:57:18+00:00,271.29487657833334,1.93,0.5252707234480024,0.26885668709562044,0.20587258945637715,0.5252707234480024,1.9037801944029191,3.719453701534097,4.857373206605984,0.0,11,0
311,7d050db20b25f064ab02436207e8d19845343b04,33323c3698dc4c2a97dbe857,soccer_portugal_primeira_liga,Primeira Liga,Moreirense FC vs Gil Vicente,Moreirense FC,Gil Vicente,Moreirense FC,Tipico,2026-10-09T17:45:00Z,2026-10-01T11:57:18+00:00,197.79487657833334,3.9,0.2590782865602079,0.2920635879874261,0.4488581254523661,0.2590782865602079,3.859837168436758,3.423911918945034,2.227875453947023,0.04257146362409525,11,0
312,7e13c2fc73c0a7910c213977916b765893a01412,1546e8883cbcb5ebb4517e7c,soccer_portugal_primeira_liga,Primeira Liga,Arouca vs CF Estrela,Arouca,CF Estrela,Arouca,Pinnacle,2026-10-11T19:30:00Z,2026-10-01T11:57:18+00:00,247.54487657833334,2.17,0.4360436514299701,0.2755977623630256,0.2883585862070044,0.4360436514299701,2.2933483762934754,3.628476484808212,3.4679043657195927,0.03823325912655107,11,0
313,74d2730bd82b19a7e0db0a5ca5da483ad5538566,955dd4a299235a2085dfeabe,soccer_portugal_primeira_liga,Primeira Liga,Braga vs Sporting Lisbon,Braga,Sporting Lisbon,Braga,Tipico,2026-10-09T19:15:00Z,2026-10-01T11:57:18+00:00,199.29487657833334,3.5,0.28639987322336674,0.2775806893700964,0.43601943740653687,0.28639987322336674,3.4916216573185697,3.6025560793485423,2.2934757357333533,0.03232062055591456,11,0
314,b9f51aa3381ed57ee695296dc3c8b15794dba720,1e603e7af12d3e09a7bb33ab,soccer_spl,Scottish Premiership,Falkirk F.C. vs Dundee FC,Falkirk F.C.,Dundee FC,Falkirk F.C.,Nordic Bet,2026-10-10T14:00:00Z,2026-10-01T11:57:18+00:00,218.04487657833334,2.08,0.45962490928030203,0.2689026393440445,0.27147245137565346,0.45962490928030203,2.1756871305470313,3.7188180913336484,3.6836150221969937,0.032336182336182295,11,0
315,f71665c8a4ae3a1d8375d798338919e76e8c388c,af8ac5b97c790d6d8a26c683,soccer_spl,Scottish Premiership,Hearts vs St Mirren,Hearts,St Mirren,Hearts,Coolbet,2026-10-10T14:00:00Z,2026-10-01T11:57:18+00:00,218.04487657833334,1.48,0.638276961237365,0.20676319543884722,0.15495984332378793,0.638276961237365,1.5667179934889048,4.83645069364273,6.4532847901149735,0.04101740465376835,11,0
316,833e9cda8333e7143008e53ad66f92ad579447a1,1dbfb0faa08271d3c250b1d7,soccer_spl,Scottish Premiership,Motherwell vs Celtic,Motherwell,Celtic,Celtic,William Hill,2026-10-11T11:00:00Z,2026-10-01T11:57:18+00:00,239.04487657833334,1.6,0.18778021284736865,0.21330007542565815,0.5989197117269732,0.5989197117269732,5.325374728448194,4.688230878514301,1.669672880053521,0.01734449760765555,10,0
317,e7dac794e8ab80bb1b1a39d4a327f639831c0e7d,f7a3f91cc6bec6d3f2979308,soccer_spl,Scottish Premiership,Aberdeen vs St Johnstone,Aberdeen,St Johnstone,Aberdeen,Tipico,2026-10-11T13:00:00Z,2026-10-01T11:57:18+00:00,241.04487657833334,2.2,0.43013715394171,0.28142124876359526,0.2884415972946947,0.43013715394171,2.324839858254874,3.553391950300237,3.4669063317463227,0.04713934775564543,6,0
318,1d4fb5f053ae05dd5eec2b8dd117bf1aee1983ae,16b308a44784701217a739ce,soccer_spain_segunda_division,Segunda Division,Almería vs Burgos CF,Almería,Burgos CF,Almería,1xBet,2026-10-03T14:15:00Z,2026-10-01T11:57:18+00:00,50.29487657833334,1.82,0.5262409644588351,0.26377975863144487,0.20997927690972013,0.5262409644588351,1.9002701567111173,3.7910414551451908,4.762374719625054,0.034696070930055445,12,0
319,b4d75c66605863620e1360436296c92341715c64,5d3f85c015a5de412f277517,soccer_spain_segunda_division,Segunda Division,Sabadell FC vs Andorra CF,Sabadell FC,Andorra CF,Sabadell FC,Pinnacle,2026-10-03T16:30:00Z,2026-10-01T11:57:18+00:00,52.54487657833334,2.14,0.445147475016855,0.2917606629788762,0.26309186200426893,0.445147475016855,2.246446528674876,3.4274668483064183,3.800953751977984,0.03606745258300559,13,0
320,d6986712abf1fef2f7199c3e1c518534d3bd52b7,17556568fd0f979910f9be9e,soccer_spain_segunda_division,Segunda Division,Sporting Gijón vs Celta Fortuna,Sporting Gijón,Celta Fortuna,Sporting Gijón,Unibet (SE),2026-10-04T14:15:00Z,2026-10-01T11:57:18+00:00,74.29487657833333,1.61,0.6023432695738893,0.22881673079873807,0.16883999962737267,0.6023432695738893,1.66018290651346,4.370309795569875,5.922767129868425,0.024762298419587214,12,0
321,ddeae4623c8c010dc45046922fdf88ec0e2b5197,0b5600b6f3d7a1518d9dc10a,soccer_spain_segunda_division,Segunda Division,CD Castellón vs AD Ceuta FC,CD Castellón,AD Ceuta FC,CD Castellón,1xBet,2026-10-04T16:30:00Z,2026-10-01T11:57:18+00:00,76.54487657833333,1.26,0.7418995242039542,0.15962970981355476,0.098470765982491,0.7418995242039542,1.3478914157182986,6.264498013358452,10.155298275813243,0.04513888888888884,12,0
322,40b5b93169e1d1f83f680e9c1ae79793745b6b7b,9ccf1e095f38f0717e4d6d1c,soccer_spain_segunda_division,Segunda Division,Las Palmas vs Real Valladolid CF,Las Palmas,Real Valladolid CF,Las Palmas,Pinnacle,2026-10-04T16:30:00Z,2026-10-01T11:57:18+00:00,76.54487657833333,2.14,0.45487908420275774,0.28571747932523406,0.2594034364720083,0.45487908420275774,2.198386416804911,3.4999608787031664,3.854999045503809,0.012744265080713468,15,0
323,3bbfc18fd92bee297e77ff8c6e0d2f400d7c5a0e,291046b93f26c88a998982c9,soccer_spain_segunda_division,Segunda Division,Las Palmas vs Real Valladolid CF,Las Palmas,Real Valladolid CF,Real Valladolid CF,Unibet (SE),2026-10-04T16:30:00Z,2026-10-01T11:57:18+00:00,76.54487657833333,3.85,0.45487908420275774,0.28571747932523406,0.2594034364720083,0.2594034364720083,2.198386416804911,3.4999608787031664,3.854999045503809,0.012744265080713468,15,0
324,f0450834054f1f3fe9c82bf0a6dba982dc2c5884,d11c425cab2451fbd1839948,soccer_spain_segunda_division,Segunda Division,Girona FC vs Mallorca,Girona FC,Mallorca,Girona FC,Unibet (SE),2026-10-04T19:00:00Z,2026-10-01T11:57:18+00:00,79.04487657833333,2.06,0.45486658170514715,0.2748949503856201,0.27023846790923267,0.45486658170514715,2.1984468418218914,3.6377532530052266,3.7004354255585796,0.06526882597699268,11,0
325,8b00388931beb56eeeb1cdbfe89ea215e1121e63,da4c6f8e02d059fbda21e08d,soccer_spain_segunda_division,Segunda Division,Sabadell FC vs Andorra CF,Sabadell FC,Andorra CF,Andorra CF,Pinnacle,2026-10-03T16:30:00Z,2026-10-01T11:57:18+00:00,52.54487657833334,3.78,0.4343240104004646,0.29233415422257963,0.2733418353769557,0.2733418353769557,2.3024285465543546,3.4207429599163848,3.6584227899872577,0.030366024816635306,16,0
326,becc444753b9c6151ad1e08baf16d67e55daa68f,9f68f76cd9e924fe6f6db9c9,soccer_spain_segunda_division,Segunda Division,Córdoba vs Tenerife,Córdoba,Tenerife,Córdoba,1xBet,2026-10-05T18:30:00Z,2026-10-01T11:57:18+00:00,102.54487657833333,1.95,0.4901036576323601,0.2740363211222083,0.23586002124543162,0.4901036576323601,2.0403846909261936,3.6491513092311707,4.239802891221731,0.04060540930679535,6,0
327,187a9c2e50980371aec7e8e89fa0cad74161c1f1,ef5b98432f784402f31d9178,soccer_spain_segunda_division,Segunda Division,Córdoba vs Tenerife,Córdoba,Tenerife,Tenerife,1xBet,2026-10-05T18:30:00Z,2026-10-01T11:57:18+00:00,102.54487657833333,3.98,0.4842329154036831,0.270053794476464,0.24571329011985296,0.24571329011985296,2.065121903508656,3.7029659292091637,4.06978393196487,0.021787880021442163,16,0
328,a881a76f7ff9525bdd4676c97a8cd3fc02cf781c,a9795daaac8cd525d6647474,soccer_italy_serie_a,Serie A,Genoa vs Fiorentina,Genoa,Fiorentina,Genoa,1xBet,2026-10-10T13:00:00Z,2026-10-01T11:57:18+00:00,217.04487657833334,3.27,0.31079020952221353,0.2838154423285359,0.4053943481492505,0.31079020952221353,3.2176045749231545,3.523416456115278,2.4667339457624573,0.0,15,0
329,04e24ec2c95b4ea4449adabeaf5ab714a232274c,a9017f24b5f21eb0cb53744f,soccer_italy_serie_a,Serie A,Napoli vs Frosinone,Napoli,Frosinone,Napoli,1xBet,2026-10-10T18:45:00Z,2026-10-01T11:57:18+00:00,222.79487657833334,1.45,0.6648257456159773,0.2010026835896412,0.1341715707943814,0.6648257456159773,1.5041535418780685,4.975057955154265,7.453143717997495,0.013938731991470332,15,0
330,d7b2bc9c1c59dbceb577eed3c7281c093909c9d4,03a0fa513df7a8b64fa836cb,soccer_italy_serie_a,Serie A,Lecce vs Bologna,Lecce,Bologna,Bologna,1xBet,2026-10-11T13:00:00Z,2026-10-01T11:57:18+00:00,241.04487657833334,2.13,0.25691694517081276,0.28448500906739416,0.45859804576179314,0.45859804576179314,3.892308463091619,3.5151237081989835,2.180558790517446,0.004574412392894356,15,0
331,3e8733315d04dc8e109ed3ecff70056c8a202c44,b89acbbf4db3e27e85980bf9,soccer_italy_serie_a,Serie A,Lazio vs Monza,Lazio,Monza,Lazio,Unibet (SE),2026-10-11T13:00:00Z,2026-10-01T11:57:18+00:00,241.04487657833334,1.76,0.5503261181064029,0.2571398178187612,0.19253406407483595,0.5503261181064029,1.8171043806549898,3.88893485451882,5.193886104285996,0.01592842097779057,15,0
332,fec23eebc7822497e838c020b207ba0880e41b25,edac74f7ac51c722a60d680e,soccer_italy_serie_a,Serie A,Sassuolo vs AC Milan,Sassuolo,AC Milan,AC Milan,Unibet (SE),2026-10-11T16:00:00Z,2026-10-01T11:57:18+00:00,244.04487657833334,1.89,0.2181648751292523,0.2540132939256744,0.5278218309450734,0.5278218309450734,4.583689282738789,3.93680182853975,1.8945787032140828,0.0,15,0
333,f82907840f3095d51a37a34335c5414d2ddc928c,f691c33da2727c491e9202cb,soccer_italy_serie_a,Serie A,Cagliari vs Juventus,Cagliari,Juventus,Juventus,Unibet (SE),2026-10-11T18:45:00Z,2026-10-01T11:57:18+00:00,246.79487657833334,1.53,0.15005271282003593,0.21953239216470466,0.6304148950152595,0.6304148950152595,6.664324697677002,4.555136443143879,1.5862569363558494,0.017920784055395877,15,0
334,81d393721365f4bf68f4ebc56260d895935323f8,e7bb79bc56f48b51e3523aca,soccer_italy_serie_a,Serie A,Atalanta BC vs Venezia,Atalanta BC,Venezia,Atalanta BC,1xBet,2026-10-12T16:30:00Z,2026-10-01T11:57:18+00:00,268.54487657833334,1.77,0.5595498989288143,0.24200049379607588,0.1984496072751098,0.5595498989288143,1.7871507115171859,4.132222973241782,5.039062630210724,0.0,14,0
335,e1b071c80454da5106eda5c169292c9cb8b2f2f2,3f705c93e48662330743b04d,soccer_italy_serie_a,Serie A,Venezia vs Napoli,Venezia,Napoli,Napoli,1xBet,2026-10-17T13:00:00Z,2026-10-01T11:57:18+00:00,385.04487657833334,1.67,0.19223702500865672,0.2260905467296466,0.5816724282616966,0.5816724282616966,5.201911546201719,4.4230066867668505,1.7191806786999644,0.014551235005128227,12,0
336,251359db57fad8acddcaeb5b20297ed847aad424,ee7cd9bc7c6a3dcee45c7518,soccer_italy_serie_a,Serie A,Bologna vs Inter Milan,Bologna,Inter Milan,Inter Milan,1xBet,2026-10-17T16:00:00Z,2026-10-01T11:57:18+00:00,388.04487657833334,1.64,0.1825447569156092,0.21959803149344614,0.5978572115909447,0.5978572115909447,5.478108584966382,4.553774882220858,1.6726401900194896,0.014458586542049012,9,0
337,d8294d09395ba85c7d5fb664760416e5d8932824,711d72e4b05f455453f2c56b,soccer_italy_serie_a,Serie A,AS Roma vs Genoa,AS Roma,Genoa,AS Roma,1xBet,2026-10-17T18:45:00Z,2026-10-01T11:57:18+00:00,390.79487657833334,1.34,0.718039567990174,0.17495800556553331,0.10700242644429281,0.718039567990174,1.3926809114420342,5.715657290260056,9.345582462287583,0.01394542439318558,12,0
338,6a0f83e7328790d558a5d9c0c7f1c764d1b0fec3,54b6c3b3e82304ecb4c460c0,soccer_italy_serie_a,Serie A,Udinese vs Lecce,Udinese,Lecce,Udinese,1xBet,2026-10-18T10:30:00Z,2026-10-01T11:57:18+00:00,406.54487657833334,1.96,0.5024316446740913,0.26472809562004396,0.23284025970586475,0.5024316446740913,1.990320495534597,3.77746078540628,4.29478991847565,0.013837572943869558,12,0
339,8eb302fd4d853f2f24aa05b62e78ee47562652c0,ddde262a236d2db301e2cb72,soccer_italy_serie_a,Serie A,Fiorentina vs Como,Fiorentina,Como,Como,1xBet,2026-10-18T13:00:00Z,2026-10-01T11:57:18+00:00,409.04487657833334,2.14,0.2872300980701387,0.25807959314194434,0.4546903087879169,0.4546903087879169,3.48152929208627,3.8747736224537435,2.199299128819643,0.016212149602889747,12,0
340,0215701e3f32005e584c4494c6921884b33d8973,6769e3cc1a8ec6c77bccfacf,soccer_italy_serie_a,Serie A,Fiorentina vs Como,Fiorentina,Como,Fiorentina,1xBet,2026-10-18T13:00:00Z,2026-10-01T11:57:18+00:00,409.04487657833334,3.45,0.2872300980701387,0.25807959314194434,0.4546903087879169,0.2872300980701387,3.48152929208627,3.8747736224537435,2.199299128819643,0.016212149602889747,12,0
341,97650389456e361ea01d301692bd2ab1779159f4,414809cc4b46d74848c1921a,soccer_italy_serie_a,Serie A,AC Milan vs Atalanta BC,AC Milan,Atalanta BC,AC Milan,1xBet,2026-10-18T16:00:00Z,2026-10-01T11:57:18+00:00,412.04487657833334,1.86,0.5268960093001335,0.25191931270204454,0.22118467799782204,0.5268960093001335,1.8979077130006774,3.9695249612829073,4.5211088265790575,0.015518066687771448,12,0
342,d413a5c113dc7709b7acde82089ae6ae7c899d08,4f7884d716d8f42eeca4393c,soccer_italy_serie_a,Serie A,Juventus vs Lazio,Juventus,Lazio,Juventus,1xBet,2026-10-18T18:45:00Z,2026-10-01T11:57:18+00:00,414.79487657833334,1.73,0.5586541616558494,0.24766950492653292,0.19367633341761772,0.5586541616558494,1.7900162007851206,4.037638789226932,5.163253467029107,0.015424452804028821,12,0
343,cb16d7e5e3e3bf6c29725ca25182156df6ba2319,b22cd536f6a2cbd1e7812713,soccer_italy_serie_a,Serie A,Monza vs Cagliari,Monza,Cagliari,Cagliari,1xBet,2026-10-19T16:30:00Z,2026-10-01T11:57:18+00:00,436.54487657833334,3.7,0.4223211549224298,0.3014535894918076,0.27622525558576255,0.27622525558576255,2.367866227737694,3.317260218018324,3.6202337757979537,0.01086301086301078,11,0
344,adde62d69a9231dc83088c0db42c40d441e8b8b7,5ca822b58dcd7478531ced01,soccer_italy_serie_a,Serie A,Parma vs Torino,Parma,Torino,Parma,1xBet,2026-10-19T18:45:00Z,2026-10-01T11:57:18+00:00,438.79487657833334,3.23,0.3033492858284894,0.3050234064980032,0.3916273076735074,0.3033492858284894,3.29652993007338,3.2784369287625355,2.553448088031905,0.016020443265025275,11,0
345,afd0e58b733325f05a2ad829812b859ff843041a,a45d4ae0f2256f9ad14a7608,soccer_italy_serie_a,Serie A,Juventus vs Lazio,Juventus,Lazio,Draw,Tipico,2026-10-18T18:45:00Z,2026-10-01T11:57:18+00:00,414.79487657833334,4.0,0.5369844111519428,0.25780989452589004,0.20520569432216718,0.25780989452589004,1.8622514531749492,3.8788270785300565,4.873159116286647,0.020074594120228273,16,0
346,d5329350ffaf87be1b671094eed2a9fdce203dab,c7355c02bed1f3fc42872f22,soccer_italy_serie_a,Serie A,Monza vs Cagliari,Monza,Cagliari,Monza,1xBet,2026-10-19T16:30:00Z,2026-10-01T11:57:18+00:00,436.54487657833334,2.18,0.45132160488735446,0.2921542549336266,0.25652414017901903,0.45132160488735446,2.215714889717257,3.422849344525843,3.898268596874102,0.014271151885830724,13,0
347,6da6324723674a40937211c193a8703dda74e158,d47a58b2f2357ec9823c3422,soccer_italy_serie_b,Serie B,Benevento vs Cesena FC,Benevento,Cesena FC,Benevento,Betsson,2026-10-10T13:00:00Z,2026-10-01T11:57:18+00:00,217.04487657833334,1.88,0.49730689951950224,0.2650030943379822,0.2376900061425156,0.49730689951950224,2.01083073845587,3.7735408429782726,4.207160478595865,0.02899630682746679,11,0
348,83dd3a4e2a91431747eddabf6769a452043983e1,7d01582c8d8b67baf92571a8,soccer_italy_serie_b,Serie B,Empoli vs Palermo,Empoli,Palermo,Empoli,Pinnacle,2026-10-10T13:00:00Z,2026-10-01T11:57:18+00:00,217.04487657833334,3.9,0.2499926433447657,0.26636757631731267,0.4836397803379217,0.2499926433447657,4.0001177099475544,3.7542106806901354,2.067654565762342,0.041211638102829795,12,0
349,b9a040b5bc6daadc5f7525a50aa651dd61bda5ec,2c1b8e91d7ffb2795ebe79e6,soccer_italy_serie_b,Serie B,Empoli vs Palermo,Empoli,Palermo,Palermo,Pinnacle,2026-10-10T13:00:00Z,2026-10-01T11:57:18+00:00,217.04487657833334,1.93,0.2499926433447657,0.26636757631731267,0.4836397803379217,0.4836397803379217,4.0001177099475544,3.7542106806901354,2.067654565762342,0.041211638102829795,12,0
350,fa96b041d06581b3b319ae8c553166cebaefd8f3,4c8dd4517f64ec27b515f2e4,soccer_italy_serie_b,Serie B,Virtus Entella vs Juve Stabia,Virtus Entella,Juve Stabia,Virtus Entella,Pinnacle,2026-10-10T13:00:00Z,2026-10-01T11:57:18+00:00,217.04487657833334,2.05,0.47511035943936425,0.2890665031223942,0.23582313743824157,0.47511035943936425,2.1047741438010563,3.4594115513155397,4.240466015604107,0.01832914449294676,12,0
351,d371c0e3df60356f70edade05f76cca3bf2e672c,7af1e4bf2706ef47942ffa6c,soccer_italy_serie_b,Serie B,Padova vs Carrarese,Padova,Carrarese,Padova,Betsson,2026-10-11T15:15:00Z,2026-10-01T11:57:18+00:00,243.29487657833334,1.98,0.47764140553750134,0.2761298713704199,0.2462287230920788,0.47764140553750134,2.09362083857591,3.621484321986049,4.061264613820231,0.0203579740396842,12,0
352,2e56da6337de17db4f3385139e51c37b767ecc3b,a2564c82feb6ac5b0df15b3e,soccer_italy_serie_b,Serie B,Modena vs Hellas Verona,Modena,Hellas Verona,Hellas Verona,Betsson,2026-10-11T17:30:00Z,2026-10-01T11:57:18+00:00,245.54487657833334,3.95,0.46309099330493764,0.2839908374886876,0.25291816920637483,0.25291816920637483,2.159402826782072,3.52124036410095,3.9538480099625635,0.006168562302479197,12,0
353,1db42bcfebcf668ab645f57674e7b7119f74caaf,08e0e4dad992c4fe16496c6a,soccer_italy_serie_b,Serie B,Modena vs Hellas Verona,Modena,Hellas Verona,Modena,Pinnacle,2026-10-11T17:30:00Z,2026-10-01T11:57:18+00:00,245.54487657833334,2.14,0.46309099330493764,0.2839908374886876,0.25291816920637483,0.46309099330493764,2.159402826782072,3.52124036410095,3.9538480099625635,0.006168562302479197,12,0
354,0ebe19471c4927bc638ac8713015bbbcf2169922,5b6bbd9abf84dffbe917308b,soccer_italy_serie_b,Serie B,Padova vs Carrarese,Padova,Carrarese,Carrarese,Pinnacle,2026-10-11T15:15:00Z,2026-10-01T11:57:18+00:00,243.29487657833334,4.0,0.48124204133413545,0.273945899668244,0.24481205899762065,0.24481205899762065,2.077956442100787,3.6503557863469664,4.084766102186654,0.022827282728272724,13,0
355,a49b49eb5203fe1ac657a3fe5a23fec29cf632c0,62434c8c77bc4ca4af538f2f,soccer_switzerland_superleague,Swiss Super League,FC Lugano vs FC Luzern,FC Lugano,FC Luzern,FC Lugano,Pinnacle,2026-10-10T16:00:00Z,2026-10-01T11:57:18+00:00,220.04487657833334,1.63,0.585499959325701,0.21278514445920907,0.20171489621509006,0.585499959325701,1.7079420486239891,4.699576197114174,4.957492077995532,0.04306920390176816,11,0
356,cbacdcb9378aa0b1cf3d3d89ec0184c1de71dd10,c4509d4e1f64ab4eba0a8d9b,soccer_switzerland_superleague,Swiss Super League,Servette vs FC Sion,Servette,FC Sion,FC Sion,Pinnacle,2026-10-10T16:00:00Z,2026-10-01T11:57:18+00:00,220.04487657833334,2.8,0.3836633513882105,0.24778604800086043,0.36855060061092915,0.36855060061092915,2.606451714456688,4.035739736228117,2.7133316248633066,0.017559523809523858,9,0
357,8e962112c5985218b04dd971cbaab3d65951190a,87d41f72fa151c7d980bafee,soccer_switzerland_superleague,Swiss Super League,Grasshopper Zürich vs BSC Young Boys,Grasshopper Zürich,BSC Young Boys,BSC Young Boys,888sport,2026-10-11T12:00:00Z,2026-10-01T11:57:18+00:00,240.04487657833334,1.57,0.18788858529874078,0.19567285136513593,0.6164385633361233,0.6164385633361233,5.322303100052678,5.1105710016661785,1.622221677028232,0.01959573638372536,11,0
358,43b63594675a59acff6d775cb6b732f130a4f221,046b5a8923c05971ae170c25,soccer_switzerland_superleague,Swiss Super League,FC St Gallen vs FC Lausanne-Sport,FC St Gallen,FC Lausanne-Sport,FC St Gallen,Pinnacle,2026-10-11T14:30:00Z,2026-10-01T11:57:18+00:00,242.54487657833334,1.54,0.6210820851309425,0.20132039251879547,0.17759752235026194,0.6210820851309425,1.6100931325191425,4.967206687254194,5.630709183137008,0.03182858331599747,11,0
359,bcb4f07d25b0639284a7e02191aeb82455de40b9,c9386d1c3e0d663058b1867b,soccer_turkey_super_league,Turkish Super Lig,Galatasaray vs Kasimpasa SK,Galatasaray,Kasimpasa SK,Galatasaray,Betsson,2026-10-09T17:00:00Z,2026-10-01T11:57:18+00:00,197.04487657833334,1.25,0.7524074151561643,0.1620429367715042,0.0855496480723316,0.7524074151561643,1.3290671780426928,6.1712038791921815,11.68911880449242,0.026322789018713877,9,0
360,1f665dc4163d06a93f171e41d64d25a9dc28c2b8,2d57f1c6fc3c3703a5fa3279,soccer_turkey_super_league,Turkish Super Lig,Samsunspor vs Trabzonspor,Samsunspor,Trabzonspor,Samsunspor,Codere (IT),2026-10-10T13:00:00Z,2026-10-01T11:57:18+00:00,217.04487657833334,3.75,0.2575750596036785,0.25462759656918144,0.4877973438271401,0.2575750596036785,3.882363461503859,3.9273040843721096,2.0500316630554845,0.023919364217871664,13,0
361,e13463b3cfdf1ea5c802bb88d955f74a379eab21,a4baa96ecdc49b2b787db650,soccer_turkey_super_league,Turkish Super Lig,Samsunspor vs Trabzonspor,Samsunspor,Trabzonspor,Trabzonspor,Pinnacle,2026-10-10T13:00:00Z,2026-10-01T11:57:18+00:00,217.04487657833334,2.01,0.2575750596036785,0.25462759656918144,0.4877973438271401,0.4877973438271401,3.882363461503859,3.9273040843721096,2.0500316630554845,0.023919364217871664,13,0
362,c35dbfd07dd5852c78d378918b061f52642c7e21,7d17a21349efe979a7e3c987,soccer_turkey_super_league,Turkish Super Lig,Çaykur Rizespor vs Fenerbahce,Çaykur Rizespor,Fenerbahce,Fenerbahce,1xBet,2026-10-10T16:00:00Z,2026-10-01T11:57:18+00:00,220.04487657833334,1.73,0.2081395330143014,0.2399008828066629,0.5519595841790357,0.5519595841790357,4.8044693168946875,4.168388162230749,1.8117268522248111,0.031723592817887614,13,0
363,86c01d703552d45b6e6c0a09b323eb8f9321d5ae,59745755d95ac178498e21b1,soccer_turkey_super_league,Turkish Super Lig,Besiktas JK vs Kocaelispor,Besiktas JK,Kocaelispor,Besiktas JK,Coolbet,2026-10-11T16:00:00Z,2026-10-01T11:57:18+00:00,244.04487657833334,1.27,0.7475924185657863,0.1659788030317124,0.08642877840250138,0.7475924185657863,1.337627262082785,6.024865716189899,11.570220226218753,0.015071104798260793,13,0
364,8e385e2bedafee12f4eaff365de81cf0c7f971b8,72fa1102f33bb8aa4a63aad1,soccer_turkey_super_league,Turkish Super Lig,Eyüpspor vs Goztepe,Eyüpspor,Goztepe,Eyüpspor,Codere (IT),2026-10-12T17:00:00Z,2026-10-01T11:57:18+00:00,269.04487657833334,3.6,0.2867890279188484,0.2648784024255615,0.44833256965559004,0.2867890279188484,3.486883746064951,3.7753172430924375,2.230487070721188,0.0,13,0
365,ec244e3816120ea0739ec2a51801f764357a590e,01ab3f68b6f33e3f7e222eaf,soccer_turkey_super_league,Turkish Super Lig,Alanyaspor vs Erzurum BB,Alanyaspor,Erzurum BB,Alanyaspor,Coolbet,2026-10-10T13:00:00Z,2026-10-01T11:57:18+00:00,217.04487657833334,2.1,0.4656778189947178,0.2874464869315382,0.24687569407374416,0.4656778189947178,2.147407411756803,3.4789084071783156,4.050621523321329,0.004983388704318914,13,0
366,7cd4053782687b09f1dc313860350b518e6141a4,1546d6276331aff57810e65d,soccer_turkey_super_league,Turkish Super Lig,Eyüpspor vs Goztepe,Eyüpspor,Goztepe,Goztepe,Betsson,2026-10-12T17:00:00Z,2026-10-01T11:57:18+00:00,269.04487657833334,2.02,0.2657867071402497,0.2637927358447884,0.47042055701496194,0.47042055701496194,3.7624153997751373,3.7908549558710543,2.125757442118318,0.026998262439866583,13,0
367,0d22d51bd7eea68545fb7aa6d0e57dd7eac33ba9,df62382ee15bc338fd3ea3d8,soccer_uefa_champs_league,UEFA Champions League,Sabah FK vs Slavia Praha,Sabah FK,Slavia Praha,Sabah FK,1xBet,2026-10-13T16:45:00Z,2026-10-01T11:57:18+00:00,292.79487657833334,3.61,0.29412875967962265,0.2504909999232492,0.4553802403971282,0.29412875967962265,3.399871542957043,3.9921594001636844,2.1959670431196567,0.009609042850040161,14,0
368,9009f90dce591c60516bb9a14c397a32f9581a31,080016ed3926aac8983de332,soccer_uefa_champs_league,UEFA Champions League,Sabah FK vs Slavia Praha,Sabah FK,Slavia Praha,Slavia Praha,Betfair,2026-10-13T16:45:00Z,2026-10-01T11:57:18+00:00,292.79487657833334,2.1,0.29412875967962265,0.2504909999232492,0.4553802403971282,0.4553802403971282,3.399871542957043,3.9921594001636844,2.1959670431196567,0.009609042850040161,14,0
369,0dd59202c4a029c8b704a3bb174b8ce5aa0f1a06,84cdb403e5dcfe65df9f5e48,soccer_uefa_champs_league,UEFA Champions League,Arsenal vs Lille,Arsenal,Lille,Arsenal,PMU (FR),2026-10-13T19:00:00Z,2026-10-01T11:57:18+00:00,295.04487657833334,1.26,0.7664598110862585,0.1557777686034441,0.07776242031029747,0.7664598110862585,1.3046998492755395,6.419401233982567,12.859682041912704,0.002185848339694374,16,0
370,210611ced46cacc2df09778ba8927e9c75f0efa6,c79ec283d884d2c98eec7be7,soccer_uefa_champs_league,UEFA Champions League,Galatasaray vs Barcelona,Galatasaray,Barcelona,Barcelona,1xBet,2026-10-13T19:00:00Z,2026-10-01T11:57:18+00:00,295.04487657833334,1.37,0.1545407445334242,0.17057497703843746,0.6748842784281384,0.6748842784281384,6.470785442500047,5.862524605673313,1.481735509277358,0.010158792233249336,16,0
371,ba36b8fe230020dfcd769f8f4ee1afcbac21ff30,fca21958d420119391eda03e,soccer_uefa_champs_league,UEFA Champions League,Inter Milan vs Club Brugge,Inter Milan,Club Brugge,Inter Milan,1xBet,2026-10-13T19:00:00Z,2026-10-01T11:57:18+00:00,295.04487657833334,1.33,0.6905703132972796,0.18863421156984667,0.12079547513287377,0.6905703132972796,1.448078466080131,5.301265299002902,8.278455785699013,0.017452198601958457,15,0
372,c1117134b28432c70c3a0ff53a2a984af98ba98d,48301c3338f74382a63aef04,soccer_uefa_champs_league,UEFA Champions League,RB Leipzig vs PSV Eindhoven,RB Leipzig,PSV Eindhoven,PSV Eindhoven,PMU (FR),2026-10-13T19:00:00Z,2026-10-01T11:57:18+00:00,295.04487657833334,3.45,0.46473830269153704,0.2374109174973308,0.29785077981113217,0.29785077981113217,2.1517486168204534,4.212106210369382,3.357385871657285,0.0,15,0
373,9f3223a715c22a288ea2e259c7b54c3129503c2c,8cef61ef76c5c3008152f0d3,soccer_uefa_champs_league,UEFA Champions League,RB Leipzig vs PSV Eindhoven,RB Leipzig,PSV Eindhoven,RB Leipzig,Betsson,2026-10-13T19:00:00Z,2026-10-01T11:57:18+00:00,295.04487657833334,2.12,0.46473830269153704,0.2374109174973308,0.29785077981113217,0.46473830269153704,2.1517486168204534,4.212106210369382,3.357385871657285,0.0,15,0
374,87aff28580fc5ee7054c89ef95e4d2bc1344faa0,60d8fa2ff5fe845a9e43a535,soccer_uefa_champs_league,UEFA Champions League,Feyenoord vs Como,Feyenoord,Como,Como,LeoVegas (SE),2026-10-14T16:45:00Z,2026-10-01T11:57:18+00:00,316.79487657833334,2.05,0.27448949940093076,0.25222425842037044,0.4732862421786989,0.4732862421786989,3.6431266120652523,3.9647257018924265,2.1128862639164345,0.005086483221596438,11,0
375,ae7821c09a351ef1a802b970b4a41024f9633a1f,497e09bf09c94dfabe33fea0,soccer_uefa_champs_league,UEFA Champions League,Feyenoord vs Como,Feyenoord,Como,Feyenoord,1xBet,2026-10-14T16:45:00Z,2026-10-01T11:57:18+00:00,316.79487657833334,3.65,0.27448949940093076,0.25222425842037044,0.4732862421786989,0.27448949940093076,3.6431266120652523,3.9647257018924265,2.1128862639164345,0.005086483221596438,11,0
376,06cb170260fb003c73a2aa176cd79acdea48c655,75092aba1e31023c6e349db9,soccer_uefa_champs_league,UEFA Champions League,LASK vs Liverpool,LASK,Liverpool,Liverpool,1xBet,2026-10-14T16:45:00Z,2026-10-01T11:57:18+00:00,316.79487657833334,1.27,0.10214343114993223,0.1586909359859651,0.7391656328641028,0.7391656328641028,9.790154772969593,6.301557135490346,1.352876751216398,0.010054927156929905,16,0
377,2f738080eaa22c22985f9af41898741c7f47b291,3c1ffae3910168770036f6cd,soccer_uefa_champs_league,UEFA Champions League,AS Roma vs Real Madrid,AS Roma,Real Madrid,Real Madrid,Betsson,2026-10-14T19:00:00Z,2026-10-01T11:57:18+00:00,319.04487657833334,1.95,0.24912562628433818,0.23585305041819782,0.5150213232974641,0.5150213232974641,4.014039081064489,4.239928202017618,1.9416671791323556,0.0,16,0
378,023262e31d15af3192239f80531f5b6eaf4e65b4,41413c23a962d11dae11acdb,soccer_uefa_champs_league,UEFA Champions League,Aston Villa vs Fenerbahce,Aston Villa,Fenerbahce,Aston Villa,1xBet,2026-10-14T19:00:00Z,2026-10-01T11:57:18+00:00,319.04487657833334,1.77,0.5442356182597584,0.2430085309456051,0.21275585079463644,0.5442356182597584,1.8374394590298748,4.115081870207427,4.700223266551925,0.013113238222980828,16,0
379,b012954d3d32ae4961c20b12aaa08b130ccaa7bb,6aec71fd5cae8fcb1c21b712,soccer_uefa_champs_league,UEFA Champions League,Bodø/Glimt vs Borussia Dortmund,Bodø/Glimt,Borussia Dortmund,Bodø/Glimt,Codere (IT),2026-10-14T19:00:00Z,2026-10-01T11:57:18+00:00,319.04487657833334,3.5,0.2926128828251444,0.24104073626885675,0.4663463809059987,0.2926128828251444,3.417484528859812,4.148676341930023,2.1443288528523388,0.004013207694917753,15,0
380,0b313a99bde04c4e273e7d5f8334432f59421540,289618f3d724ae78be6b549d,soccer_uefa_champs_league,UEFA Champions League,Bodø/Glimt vs Borussia Dortmund,Bodø/Glimt,Borussia Dortmund,Borussia Dortmund,1xBet,2026-10-14T19:00:00Z,2026-10-01T11:57:18+00:00,319.04487657833334,2.08,0.2926128828251444,0.24104073626885675,0.4663463809059987,0.4663463809059987,3.417484528859812,4.148676341930023,2.1443288528523388,0.004013207694917753,15,0
381,24d3c294db65171b5296b4af6f32247459769c6d,d40992ef71995d18a0cfee1c,soccer_uefa_champs_league,UEFA Champions League,ŠK Slovan Bratislava vs VfB Stuttgart,ŠK Slovan Bratislava,VfB Stuttgart,VfB Stuttgart,1xBet,2026-10-14T19:00:00Z,2026-10-01T11:57:18+00:00,319.04487657833334,1.38,0.1491047353371189,0.1746576952094774,0.6762375694534037,0.6762375694534037,6.706695114270156,5.7254849195200945,1.4787702505323541,0.011517301529246016,16,0
382,596f3be67c255c47bde88379dcced04ec3e343d2,d47298adb61a5760e1150c10,soccer_uefa_champs_league,UEFA Champions League,AS Roma vs Real Madrid,AS Roma,Real Madrid,AS Roma,PMU (FR),2026-10-14T19:00:00Z,2026-10-01T11:57:18+00:00,319.04487657833334,3.95,0.2554928789060677,0.2368502065971474,0.507656914496785,0.2554928789060677,3.914003412860878,4.222077803380915,1.9698342944688347,0.0,16,0
383,5a6cf038d22856114a771ce95a6ac42583548ee5,5ad5199fcedd5e2d0de4c7af,soccer_uefa_champs_league,UEFA Champions League,Sabah FK vs Slavia Praha,Sabah FK,Slavia Praha,Draw,Coolbet,2026-10-13T16:45:00Z,2026-10-01T11:57:18+00:00,292.79487657833334,4.0,0.26526518753270906,0.2617530643244454,0.4729817481428456,0.2617530643244454,3.7698124254495062,3.8203946249144596,2.1142464882133023,0.004254097504958754,17,0
384,67abf92ef2d39e6bd388722635402ae19be153ab,0abc1019e3e6a172f33c6c95,soccer_uefa_champs_league,UEFA Champions League,Real Betis vs Porto,Real Betis,Porto,Draw,Coolbet,2026-10-14T19:00:00Z,2026-10-01T11:57:18+00:00,319.04487657833334,3.85,0.4204045727501373,0.2703115031951455,0.30928392405471716,0.2703115031951455,2.378661091763002,3.6994356073632266,3.233275066126891,0.007934274188144297,19,0
385,ed0dc28d32bde314f79781b128ac23e1193b7cb1,bca23eff37a7ab9b6ef04c43,soccer_uefa_champs_league,UEFA Champions League,Real Betis vs Porto,Real Betis,Porto,Porto,1xBet,2026-10-14T19:00:00Z,2026-10-01T11:57:18+00:00,319.04487657833334,3.56,0.45501384525014216,0.26010526195344547,0.28488089279641227,0.28488089279641227,2.197735322647718,3.844597346819471,3.5102389289219253,0.0,20,0
386,2da82c1bb23e0d0fe4ea847a20b4d3ca264f95dd,fa5f4c0c6030bdbd6eb77f1b,soccer_uefa_champs_league,UEFA Champions League,Real Betis vs Porto,Real Betis,Porto,Real Betis,Coolbet,2026-10-14T19:00:00Z,2026-10-01T11:57:18+00:00,319.04487657833334,2.17,0.45501384525014216,0.26010526195344547,0.28488089279641227,0.45501384525014216,2.197735322647718,3.844597346819471,3.5102389289219253,0.0,20,0
387,e1fd2d8908af371b17d9739b8617ad409675315d,635943e1154a445b9853a8e4,soccer_uefa_champs_league,UEFA Champions League,Villarreal vs Napoli,Villarreal,Napoli,Draw,Coolbet,2026-10-13T19:00:00Z,2026-10-01T11:57:18+00:00,295.04487657833334,3.85,0.4097500850731147,0.27082021674441814,0.31942969818246725,0.27082021674441814,2.4405120009226176,3.692486521210241,3.130579297072033,0.0,20,0
388,b876223180c4007053a056400a44478eb1a9932d,bc1f30a2b9bd2a965abdf61a,soccer_uefa_europa_conference_league,UEFA Conference League,Riga FC vs FC Kairat,Riga FC,FC Kairat,FC Kairat,Suprabets,2026-10-15T16:45:00Z,2026-10-01T11:57:18+00:00,340.79487657833334,3.56,0.4281035252444008,0.2807554175016726,0.2911410572539265,0.2911410572539265,2.335883591309154,3.5618190697746464,3.4347611753289162,0.012972700270101,7,0
389,71b55b1282148e203b911ccbf84b8871043695e8,09fd7d7037220e324fef2e1f,soccer_uefa_europa_conference_league,UEFA Conference League,Universitatea Craiova vs Getafe,Universitatea Craiova,Getafe,Universitatea Craiova,1xBet,2026-10-15T16:45:00Z,2026-10-01T11:57:18+00:00,340.79487657833334,3.85,0.26418930405134583,0.2741821327568332,0.46162856319182094,0.26418930405134583,3.7851645947242725,3.6472106695839317,2.166243772018217,0.04057851665407619,7,0
390,047794a1447c01195ceac49e85530eb90526a5d7,fcd0ca1f3615ca4fe7439143,soccer_uefa_europa_conference_league,UEFA Conference League,Hajduk Split vs Ajax,Hajduk Split,Ajax,Hajduk Split,Betsson,2026-10-15T16:45:00Z,2026-10-01T11:57:18+00:00,340.79487657833334,3.55,0.27963710833802363,0.25771645574944074,0.46264643591253557,0.27963710833802363,3.5760632984060403,3.880233402605181,2.161477798975312,0.032982825020568374,11,0
391,86a2df2fb74ff709e836c9ee88fc4524fdf0bb03,b97c18014561661cb02ee213,soccer_uefa_europa_conference_league,UEFA Conference League,FC Lugano vs Red Star Belgrade,FC Lugano,Red Star Belgrade,Red Star Belgrade,Unibet (NL),2026-10-15T16:45:00Z,2026-10-01T11:57:18+00:00,340.79487657833334,2.88,0.35745637224709764,0.2697332344031913,0.3728103933497111,0.3728103933497111,2.797544197390146,3.707366658812321,2.6823286524149017,0.0,11,0
392,3788c6c7bdb73247c646f61d09a708b332cb93fa,acdf2ada76024f2ee2c86d7a,soccer_uefa_europa_conference_league,UEFA Conference League,Gent vs AGF Aarhus,Gent,AGF Aarhus,Gent,1xBet,2026-10-15T16:45:00Z,2026-10-01T11:57:18+00:00,340.79487657833334,1.64,0.5823972085843498,0.23409915791556563,0.18350363350008456,0.5823972085843498,1.7170411967302,4.27169413552815,5.449483374941124,0.03222996515679433,10,0
393,4584ae2b9968511fdbf4c81ffe03666227efcf99,79c53d78b5e4e514731580ea,soccer_uefa_europa_conference_league,UEFA Conference League,PFC CSKA Sofia vs AS Monaco,PFC CSKA Sofia,AS Monaco,AS Monaco,1xBet,2026-10-15T16:45:00Z,2026-10-01T11:57:18+00:00,340.79487657833334,1.55,0.19137158842766652,0.2145840884841934,0.5940443230881401,0.5940443230881401,5.2254360650717695,4.660177774894346,1.6833760733567804,0.04066090893432728,12,0
394,82fa586f39368f9938972d4ff2d93040a606f519,b7f6656e271806c840d2a94b,soccer_uefa_europa_conference_league,UEFA Conference League,Hajduk Split vs Ajax,Hajduk Split,Ajax,Ajax,William Hill,2026-10-15T16:45:00Z,2026-10-01T11:57:18+00:00,340.79487657833334,1.91,0.25298499192880863,0.25283844483473944,0.4941765632364519,0.4941765632364519,3.9528036520103353,3.9550947272026655,2.023568243404379,0.028398508380029774,12,0
395,630b71f36e1ae93385da73482448cb9dab274b40,6f6b0258b1db5b3d22352ccd,soccer_uefa_europa_conference_league,UEFA Conference League,Riga FC vs FC Kairat,Riga FC,FC Kairat,Riga FC,Unibet (NL),2026-10-15T16:45:00Z,2026-10-01T11:57:18+00:00,340.79487657833334,1.96,0.49162431556244085,0.27125093821568397,0.2371247462218752,0.49162431556244085,2.0340735157819725,3.6866231931882,4.217189542352995,0.02372572804192652,12,0
396,536dfb705579f336578af51db7683698d2711235,771752b40d9b1f3d6cc5eee0,soccer_uefa_europa_conference_league,UEFA Conference League,KF Egnatia vs FC Midtjylland,KF Egnatia,FC Midtjylland,FC Midtjylland,Unibet (NL),2026-10-15T16:45:00Z,2026-10-01T11:57:18+00:00,340.79487657833334,1.63,0.20225868126489938,0.23074145645352984,0.5669998622815708,0.5669998622815708,4.944163552071687,4.333854936039181,1.7636688587120013,0.02051814915046757,12,0
397,00c6b6d40536128d161e427f726ea9b5e8e6a80a,a41cf8804c815cd8fbc199b3,soccer_uefa_europa_conference_league,UEFA Conference League,Panathinaikos FC vs FK Borac Banja Luka,Panathinaikos FC,FK Borac Banja Luka,Panathinaikos FC,1xBet,2026-10-15T16:45:00Z,2026-10-01T11:57:18+00:00,340.79487657833334,1.21,0.7446483218457731,0.1475747176316768,0.10777696052255009,0.7446483218457731,1.3429158042299512,6.776228449210672,9.27842087169243,0.04407368282966373,12,0
398,4ddbe0ca8ef7ce0cd81e733cea8ee4ecc88cb7b1,91aae4165dea6f27d65b6cfa,soccer_uefa_europa_conference_league,UEFA Conference League,Universitatea Craiova vs Getafe,Universitatea Craiova,Getafe,Getafe,1xBet,2026-10-15T16:45:00Z,2026-10-01T11:57:18+00:00,340.79487657833334,2.14,0.26468863109215385,0.2794708795865683,0.45584048932127785,0.45584048932127785,3.7780239970028804,3.5781903341032786,2.193749838872248,0.01274426508071369,9,0
399,0475170441366838effe137ef8be2643db40e4fd,11473516fe4bd3dd0849b578,soccer_uefa_europa_conference_league,UEFA Conference League,Universitatea Craiova vs Getafe,Universitatea Craiova,Getafe,Universitatea Craiova,Unibet (NL),2026-10-15T16:45:00Z,2026-10-01T11:57:18+00:00,340.79487657833334,3.85,0.26468863109215385,0.2794708795865683,0.45584048932127785,0.26468863109215385,3.7780239970028804,3.5781903341032786,2.193749838872248,0.01274426508071369,9,0
400,cda952e53db7c0639af4225fb0f7399867070dc4,d79bf28c902b288ee248fc6e,soccer_uefa_europa_conference_league,UEFA Conference League,Mjällby AIF vs Inter Club d'Escaldes,Mjällby AIF,Inter Club d'Escaldes,Mjällby AIF,Betfair,2026-10-15T16:45:00Z,2026-10-01T11:57:18+00:00,340.79487657833334,1.26,0.748651739016179,0.14755268368657704,0.10379557729724405,0.748651739016179,1.3357345583864184,6.777240338943226,9.63432186649201,0.007124981412404141,11,0
401,03394aaeb60978d3f1bef02cd18918a012eff9d7,ff001e509f37dad3bc6aa8f1,soccer_uefa_europa_conference_league,UEFA Conference League,KuPS Kuopio vs Trabzonspor,KuPS Kuopio,Trabzonspor,Trabzonspor,Unibet (NL),2026-10-15T16:45:00Z,2026-10-01T11:57:18+00:00,340.79487657833334,1.68,0.1973843469265276,0.24274149935724929,0.5598741537162231,0.5598741537162231,5.066257864775013,4.119608730472051,1.7861156714636597,0.03731537689622222,12,0
402,52e5f39ca3e907b4904f6af1ce85c94009129e91,3740a8e8f3da33c4a193bffb,soccer_uefa_europa_conference_league,UEFA Conference League,Atalanta BC vs Pafos FC,Atalanta BC,Pafos FC,Atalanta BC,1xBet,2026-10-15T19:00:00Z,2026-10-01T11:57:18+00:00,343.04487657833334,1.36,0.6938069005363201,0.1909364557689591,0.11525664369472087,0.6938069005363201,1.441323225852884,5.23734451848232,8.676289434982074,0.04272893089582541,12,0
403,d63f2fb92d2e72512bab6d450aa6cec098a85b38,24af656e7785d88cb9f04070,soccer_uefa_europa_conference_league,UEFA Conference League,Sint Truiden vs FC Iberia 1999,Sint Truiden,FC Iberia 1999,Sint Truiden,1xBet,2026-10-15T19:00:00Z,2026-10-01T11:57:18+00:00,343.04487657833334,1.34,0.6689281453605385,0.17953301130091595,0.1515388433385454,0.6689281453605385,1.4949288752994847,5.570006277697288,6.598968145519956,0.042985633577843574,9,0
404,440be1215d499e811a0724fe94e45c117cbb97b2,3e073ee02c8dee45b761de18,soccer_uefa_europa_conference_league,UEFA Conference League,FC Twente Enschede vs FC Thun,FC Twente Enschede,FC Thun,FC Twente Enschede,Unibet (NL),2026-10-15T19:00:00Z,2026-10-01T11:57:18+00:00,343.04487657833334,1.22,0.7366723242085106,0.1415547757539384,0.1217729000375509,0.7366723242085106,1.3574556381962792,7.064403123623878,8.212007759457414,0.02828241849798596,11,0
405,2acc88682b05139b1044232ced135dca11520f00,1b17b738a6d5082159d4ac1e,soccer_uefa_europa_conference_league,UEFA Conference League,SC Freiburg vs FK Jablonec,SC Freiburg,FK Jablonec,SC Freiburg,Unibet (NL),2026-10-15T19:00:00Z,2026-10-01T11:57:18+00:00,343.04487657833334,1.33,0.6874670297516093,0.17144869736921942,0.1410842728791713,0.6874670297516093,1.4546152131271122,5.832648572689199,7.087962248325363,0.029268976637397692,12,0
406,3ededded5114d16e13d20a79a365268038a8c754,604d0e4b2fddc95b69c619b8,soccer_uefa_europa_conference_league,UEFA Conference League,FC Copenhagen vs SC Braga,FC Copenhagen,SC Braga,SC Braga,1xBet,2026-10-15T19:00:00Z,2026-10-01T11:57:18+00:00,343.04487657833334,3.11,0.3698550759465827,0.29731307128270373,0.33283185277071364,0.33283185277071364,2.703761730025378,3.3634579054519196,3.004520125328556,0.01566105541895224,8,0
407,5033af00d73eff8a703d1d5e0bca84a42373e355,953c0ca98195c823a7e7fc17,soccer_uefa_europa_conference_league,UEFA Conference League,FC Copenhagen vs SC Braga,FC Copenhagen,SC Braga,Draw,Coolbet,2026-10-15T19:00:00Z,2026-10-01T11:57:18+00:00,343.04487657833334,3.6,0.38858632171801905,0.29368092802263335,0.31773275025934766,0.29368092802263335,2.5734307774365215,3.4050559794026944,3.1472991033620406,0.0,9,0
408,5c6a23f61bdebbddc0d4549496139f88e5a2dd6d,a3b2ae46ce7facc46e26474e,soccer_uefa_europa_conference_league,UEFA Conference League,SK Brann vs Lincoln Red Imps FC,SK Brann,Lincoln Red Imps FC,SK Brann,Betfair,2026-10-15T19:00:00Z,2026-10-01T11:57:18+00:00,343.04487657833334,1.2,0.8054897183723798,0.13173049740916734,0.06277978421845287,0.8054897183723798,1.2414807752241197,7.59125654019134,15.928694442789592,0.0,14,0
409,e5e1595514625a8e592ccd8df00f9b4ccdc8017c,2ca903811600613a00bb6031,soccer_uefa_europa_conference_league,UEFA Conference League,Hearts vs FC Nordsjaelland,Hearts,FC Nordsjaelland,Draw,Coolbet,2026-10-15T19:00:00Z,2026-10-01T11:57:18+00:00,343.04487657833334,3.85,0.33441164317309335,0.2705300281195603,0.3950583287073464,0.2705300281195603,2.9903265045182486,3.6964473295291707,2.5312717827568845,0.02377541116737869,14,0
410,e27b9bf0aaaa117a8f68ace9dabdb6a3828617a9,d943d90759cebe6dd591e71a,soccer_uefa_europa_league,UEFA Europa League,Torreense vs Sunderland,Torreense,Sunderland,Sunderland,Codere (IT),2026-10-15T16:45:00Z,2026-10-01T11:57:18+00:00,340.79487657833334,1.41,0.1374242249498029,0.18902108478113244,0.6735546902690648,0.6735546902690648,7.276737419223366,5.290415093945208,1.484660435814841,0.022926421862591972,10,0
411,743b694becc76989b180c75d2264801ba324e7fa,ddeb05fb48a73f9029df5513,soccer_uefa_europa_league,UEFA Europa League,Salzburg vs AC Milan,Salzburg,AC Milan,AC Milan,1xBet,2026-10-15T16:45:00Z,2026-10-01T11:57:18+00:00,340.79487657833334,1.88,0.24017828750629705,0.249100422586262,0.510721289907441,0.510721289907441,4.163573695119221,4.014445216983548,1.9580151048358134,0.024463057920910636,13,0
412,b9219dde39832b2e5e4b61dfbd59d77f8ce9970c,0b49e526fd84a6528846ba76,soccer_uefa_europa_league,UEFA Europa League,AZ Alkmaar vs Hapoel Be'er Sheva,AZ Alkmaar,Hapoel Be'er Sheva,AZ Alkmaar,Nordic Bet,2026-10-15T16:45:00Z,2026-10-01T11:57:18+00:00,340.79487657833334,1.35,0.6802492143323877,0.1927686809172979,0.1269821047503143,0.6802492143323877,1.4700494744142014,5.187564677215499,7.875125412090989,0.020273954385265025,13,0
413,e6236292f5a3ae4b5cc43761f3d95fac6b8da688,916bbda50a43e4820f0504e5,soccer_uefa_europa_league,UEFA Europa League,Lech Poznań vs Bayer Leverkusen,Lech Poznań,Bayer Leverkusen,Bayer Leverkusen,1xBet,2026-10-15T16:45:00Z,2026-10-01T11:57:18+00:00,340.79487657833334,1.63,0.19990728167933855,0.22036712464697047,0.579725593673691,0.579725593673691,5.002319033100809,4.5378819622119515,1.7249540315497403,0.03246508131463077,13,0
414,1c719e92563a12a9597495c1a172c35308974ca8,c23c19171185df796fd1e98a,soccer_uefa_europa_league,UEFA Europa League,Sparta Prague vs Lillestrom,Sparta Prague,Lillestrom,Sparta Prague,Nordic Bet,2026-10-15T16:45:00Z,2026-10-01T11:57:18+00:00,340.79487657833334,1.38,0.663068228861982,0.20089272108478012,0.13603905005323794,0.663068228861982,1.508140424276233,4.977781149064048,7.350830512331989,0.02371871708256168,12,0
415,213cef837c7549ad3296d90e4481d51d57761ef1,b889413410cf57cba48d71f9,soccer_uefa_europa_league,UEFA Europa League,Dinamo Zagreb vs Anderlecht,Dinamo Zagreb,Anderlecht,Anderlecht,Betfair,2026-10-15T19:00:00Z,2026-10-01T11:57:18+00:00,343.04487657833334,4.0,0.48158011568427106,0.26569013889945353,0.2527297454162753,0.2527297454162753,2.076497694634075,3.7637828943980307,3.956795818999792,0.019022107690221057,13,0
416,cd1e8fa9a959a01dbcd8c8eac2d09e6ee27a1453,c74905aa9365de86237a4892,soccer_uefa_europa_league,UEFA Europa League,Dinamo Zagreb vs Anderlecht,Dinamo Zagreb,Anderlecht,Dinamo Zagreb,Nordic Bet,2026-10-15T19:00:00Z,2026-10-01T11:57:18+00:00,343.04487657833334,2.02,0.48158011568427106,0.26569013889945353,0.2527297454162753,0.48158011568427106,2.076497694634075,3.7637828943980307,3.956795818999792,0.019022107690221057,13,0
417,5d963e60a6422c5345acc3698947f5e071075fda,19ac59f43705e6bcca33c1ff,soccer_uefa_europa_league,UEFA Europa League,Benfica vs Celtic,Benfica,Celtic,Benfica,Nordic Bet,2026-10-15T19:00:00Z,2026-10-01T11:57:18+00:00,343.04487657833334,1.26,0.7258660922603949,0.1664912281196594,0.10764267961994571,0.7258660922603949,1.3776645729323629,6.006322442893429,9.289995413814507,0.020050701665051296,13,0
418,4dc9b1ba9a0b72b7f99e256e3eb8f3def3dc6d6e,d497341ec2c67562aea22a61,soccer_uefa_europa_league,UEFA Europa League,TSG Hoffenheim vs Besiktas JK,TSG Hoffenheim,Besiktas JK,TSG Hoffenheim,1xBet,2026-10-15T19:00:00Z,2026-10-01T11:57:18+00:00,343.04487657833334,2.04,0.47007813732108894,0.24730610471223088,0.28261575796668026,0.47007813732108894,2.1273059106702203,4.043571836464025,3.538373115478924,0.025286922749149454,12,0
419,9830d2d53cf7fa29a11ccf56ebd71814e82ba95b,65e16759073608953d9e8fa5,soccer_uefa_europa_league,UEFA Europa League,Bournemouth vs SK Sturm Graz,Bournemouth,SK Sturm Graz,Bournemouth,1xBet,2026-10-15T19:00:00Z,2026-10-01T11:57:18+00:00,343.04487657833334,1.24,0.7380322841820617,0.16238239580771577,0.09958532001022259,0.7380322841820617,1.3549542769775567,6.158303029252903,10.041640674522595,0.016384755214591706,13,0
420,52535c3a650b2640ed351f389b550732c18554bb,0d444b1aa9990d66902e7d93,soccer_uefa_europa_league,UEFA Europa League,Celta Vigo vs Juventus,Celta Vigo,Juventus,Juventus,Betfair,2026-10-15T19:00:00Z,2026-10-01T11:57:18+00:00,343.04487657833334,2.1,0.27453053942108313,0.2682264076181359,0.457243052960781,0.457243052960781,3.6425819950988045,3.7281936886082576,2.1870206524182505,0.041234370843309165,12,0
421,60244050f0ad8863592e4e3b2d0c0c1cd596c101,5e80f51a27d2edd3497b0c96,soccer_uefa_europa_league,UEFA Europa League,Jagiellonia Białystok vs FC Ararat-Armenia,Jagiellonia Białystok,FC Ararat-Armenia,Jagiellonia Białystok,Nordic Bet,2026-10-15T19:00:00Z,2026-10-01T11:57:18+00:00,343.04487657833334,1.44,0.6382166282843662,0.20947117100447693,0.15231220071115675,0.6382166282843662,1.5668661010731864,4.773926622955803,6.565462223846332,0.025927477540380828,13,0
422,39c315e9b00c290c9709282e1bcaf19d56d6aefd,adc0b33a73473d702a5cdfa3,soccer_uefa_europa_league,UEFA Europa League,Ferencváros TC vs Viktoria Plzeň,Ferencváros TC,Viktoria Plzeň,Ferencváros TC,1xBet,2026-10-15T19:00:00Z,2026-10-01T11:57:18+00:00,343.04487657833334,2.01,0.4796211666368083,0.25314196600261096,0.2672368673605806,0.4796211666368083,2.084978874081358,3.950352506899965,3.7419986616244376,0.022577037294149394,13,0
423,e91e72ffae57b83f2db32ddb2a1a17efa9a3273b,d7b700ad511db3fe10a7d8b1,soccer_uefa_europa_league,UEFA Europa League,Ferencváros TC vs Viktoria Plzeň,Ferencváros TC,Viktoria Plzeň,Viktoria Plzeň,Nordic Bet,2026-10-15T19:00:00Z,2026-10-01T11:57:18+00:00,343.04487657833334,3.75,0.4796211666368083,0.25314196600261096,0.2672368673605806,0.2672368673605806,2.084978874081358,3.950352506899965,3.7419986616244376,0.022577037294149394,13,0
424,9e64a98ac510de4b00d067548e235f2c38d26faa,cebd05fed3cba62d06fd0fcf,soccer_uefa_europa_league,UEFA Europa League,Marseille vs Olympiakos Piraeus,Marseille,Olympiakos Piraeus,Marseille,Nordic Bet,2026-10-15T19:00:00Z,2026-10-01T11:57:18+00:00,343.04487657833334,2.15,0.4571669315912673,0.2578479352649123,0.28498513314382046,0.4571669315912673,2.1873848060691663,3.8782548286555123,3.5089549723821576,0.019819363310982663,13,0
425,d8c9094a4514008b0aacca60a10e1232b34c8e2f,2b011dc58c0c02cfc679c9ea,soccer_uefa_europa_league,UEFA Europa League,NEC Nijmegen vs PFC Levski Sofia,NEC Nijmegen,PFC Levski Sofia,NEC Nijmegen,Nordic Bet,2026-10-15T19:00:00Z,2026-10-01T11:57:18+00:00,343.04487657833334,1.88,0.5096605085421975,0.25153092271378036,0.2388085687440222,0.5096605085421975,1.9620904175219311,3.9756543219853344,4.187454433730539,0.023174688674284738,12,0
426,6e0acd2f296054e5a5dfd707c567dcad6938e954,42c4684f35e6966384200254,soccer_uefa_europa_league,UEFA Europa League,Rennes vs OFI Crete,Rennes,OFI Crete,Rennes,Nordic Bet,2026-10-15T19:00:00Z,2026-10-01T11:57:18+00:00,343.04487657833334,1.36,0.6813383545159296,0.17778451591815442,0.14087712956591603,0.6813383545159296,1.4676995554000036,5.624786809107515,7.098384266355333,0.021278966131907273,13,0
427,75a77c70a5956d5a8e704ca68139ffa1df804afa,4522ab94461e1fd2435ce5c8,soccer_uefa_europa_league,UEFA Europa League,TSG Hoffenheim vs Besiktas JK,TSG Hoffenheim,Besiktas JK,Besiktas JK,Nordic Bet,2026-10-15T19:00:00Z,2026-10-01T11:57:18+00:00,343.04487657833334,3.5,0.4672335624723342,0.24507354792679223,0.2876928896008735,0.2876928896008735,2.1402572082120317,4.0804077325338985,3.475928798196352,0.017421602787456525,12,0
428,a48d20feebcc7214ba0591aef2cad04ed4d0e5f3,29a79aefc575940c21005947,soccer_uefa_europa_league,UEFA Europa League,Marseille vs Olympiakos Piraeus,Marseille,Olympiakos Piraeus,Olympiakos Piraeus,1xBet,2026-10-15T19:00:00Z,2026-10-01T11:57:18+00:00,343.04487657833334,3.39,0.4476811916311735,0.25348576451132004,0.2988330438575064,0.2988330438575064,2.233732438828611,3.9449947097733076,3.346350146193449,0.026768196473897277,17,0
429,2c66dcb76f990658600de71c00cfdbeaa9d152ed,45ca534871d2e512e40c4c30,soccer_uefa_europa_league,UEFA Europa League,Celta Vigo vs Juventus,Celta Vigo,Juventus,Celta Vigo,Nordic Bet,2026-10-15T19:00:00Z,2026-10-01T11:57:18+00:00,343.04487657833334,3.6,0.2784635084404409,0.280806489309655,0.44073000224990416,0.2784635084404409,3.5911348154757765,3.5611712623110554,2.26896284549509,0.031166031830395236,16,0
430,0731983694e2c25ef0ad59fec1c0fd0754c84240,d4ddc49210afeb719bd06451,soccer_uefa_nations_league,UEFA Nations League,Greece vs Netherlands,Greece,Netherlands,Greece,Suprabets,2026-10-01T18:45:00Z,2026-10-01T11:57:18+00:00,6.794876578333333,3.73,0.2666740966023773,0.2922350011588479,0.4410909022387749,0.2666740966023773,3.749895519440134,3.4219035914060063,2.2671063831161766,0.0898270761287403,5,1
431,e7ff1af952f56726727a59c7466e4cb6594c0f57,4d30ef993e9fdc7149433954,soccer_uefa_nations_league,UEFA Nations League,Greece vs Netherlands,Greece,Netherlands,Netherlands,Suprabets,2026-10-01T18:45:00Z,2026-10-01T11:57:18+00:00,6.794876578333333,1.96,0.2666740966023773,0.2922350011588479,0.4410909022387749,0.4410909022387749,3.749895519440134,3.4219035914060063,2.2671063831161766,0.0898270761287403,5,1
432,7261a24577b96f1fb755bb5f94af51f8b9857721,97742380b43136cb186fee64,soccer_uefa_nations_league,UEFA Nations League,Denmark vs Portugal,Denmark,Portugal,Portugal,William Hill,2026-10-01T18:45:00Z,2026-10-01T11:57:18+00:00,6.794876578333333,1.95,0.2698486294987076,0.2666566260045784,0.463494744496714,0.463494744496714,3.7057812813712636,3.750141202127227,2.157521766694141,0.10105580693815996,4,1
433,a4bea0bbbc60fb1b0ae0e590b9def942eeef0fea,fadd19afa81bfc5e2ec3076b,soccer_uefa_nations_league,UEFA Nations League,Germany vs Serbia,Germany,Serbia,Germany,William Hill,2026-10-01T18:45:00Z,2026-10-01T11:57:18+00:00,6.794876578333333,1.3,0.6972407132389352,0.1820238485818246,0.12073543817924012,0.6972407132389352,1.4342249111567775,5.493785609914039,8.282572334026987,0.09423076923076912,4,1
434,ddc07967aded5011ffab6dbc4d6b09f768c1baa9,9c0506b6d5ff551a328cc358,soccer_uefa_nations_league,UEFA Nations League,Wales vs Norway,Wales,Norway,Norway,William Hill,2026-10-01T18:45:00Z,2026-10-01T11:57:18+00:00,6.794876578333333,1.95,0.27535818550534275,0.25631567624639773,0.46832613824825947,0.46832613824825947,3.6316334601231497,3.9014390951207147,2.1352641211537513,0.098835098835099,4,1
435,122ab3467da669586ce0d1070cf25671019eacbc,a7fefcf6becc9592ec7d3d0f,soccer_uefa_nations_league,UEFA Nations League,Wales vs Norway,Wales,Norway,Wales,Betclic (FR),2026-10-01T18:45:00Z,2026-10-01T11:57:18+00:00,6.794876578333333,3.53,0.29146980782222887,0.24881212201671024,0.45971807016106087,0.29146980782222887,3.43088708731682,4.019096786340819,2.175246232217178,0.08182091751496845,5,1
436,207323d5f4c5d4c1b31ba5280d49452d01bc37ff,e9b68e565aa5a52b07640de6,soccer_uefa_nations_league,UEFA Nations League,Republic of Ireland vs Austria,Republic of Ireland,Austria,Republic of Ireland,1xBet,2026-10-01T18:45:00Z,2026-10-01T11:57:18+00:00,6.794876578333333,3.92,0.26570001904428486,0.28408268162528993,0.45021729933042515,0.26570001904428486,3.7636429368615425,3.520101944542391,2.221149657037226,0.0,9,1
437,490c9fe66717c657de27413b10f0b2e75465b831,7e3b722d48ec31a24aee5e0d,soccer_uefa_nations_league,UEFA Nations League,Denmark vs Portugal,Denmark,Portugal,Denmark,1xBet,2026-10-01T18:45:00Z,2026-10-01T11:57:18+00:00,6.794876578333333,3.59,0.2688660227243118,0.26690134327473164,0.4642326340009567,0.2688660227243118,3.719324553795977,3.7467027618915436,2.1540924242692063,0.02368709822162396,10,1
438,6baf57ecdee528dfb6d85ef6e9604632fcb89216,e3b453de18627d91ab4e1e3d,soccer_uefa_nations_league,UEFA Nations League,Kazakhstan vs Moldova,Kazakhstan,Moldova,Kazakhstan,1xBet,2026-10-02T14:00:00Z,2026-10-01T11:57:18+00:00,26.044876578333334,1.71,0.5199713418549349,0.27132050701274585,0.20870815113231925,0.5199713418549349,1.9231829131825244,3.6856779128494805,4.7913797068999395,0.030833789454479232,6,0
439,333dfdf92119a66ab22c871e01ba671f5c42a1bf,b728fa87218e1a78229542f4,soccer_uefa_nations_league,UEFA Nations League,Latvia vs Montenegro,Latvia,Montenegro,Montenegro,Betfair,2026-10-02T16:00:00Z,2026-10-01T11:57:18+00:00,28.044876578333334,2.0,0.2277828202920088,0.29090546684668667,0.48131171286130464,0.48131171286130464,4.390146713953399,3.437542823927132,2.077655650753218,0.0,7,0
440,cd3f6bd38d806e56a9ce7a88f330c1aad904a963,01268af3884af89dce99d0b8,soccer_uefa_nations_league,UEFA Nations League,Malta vs Gibraltar,Malta,Gibraltar,Malta,1xBet,2026-10-01T18:45:00Z,2026-10-01T11:57:18+00:00,6.794876578333333,1.31,0.6809482293396139,0.20721871168429543,0.11183305897609078,0.6809482293396139,1.4685404218905214,4.825819019295579,8.94189973122164,0.03477366007514893,9,1
441,215acd2224b1f8cfe61c70e8f698ae1896e38ab6,e50ac012ffe04908ebfdf46d,soccer_uefa_nations_league,UEFA Nations League,Israel vs Kosovo,Israel,Kosovo,Israel,Betfair,2026-10-01T18:45:00Z,2026-10-01T11:57:18+00:00,6.794876578333333,3.4,0.30457222020412866,0.28126534460671837,0.414162435189153,0.30457222020412866,3.283293529954195,3.555361579999336,2.4145115902249508,0.007701533081913681,9,1
442,bd05bdccf25bd5d6f86e573b332c1e81da16856a,8756cafa75e37a19d5aea0cd,soccer_uefa_nations_league,UEFA Nations League,Wales vs Denmark,Wales,Denmark,Denmark,Winamax (DE),2026-10-04T18:45:00Z,2026-10-01T11:57:18+00:00,78.79487657833333,1.98,0.305471116180842,0.275835723658825,0.4186931601603329,0.4186931601603329,3.2736319312363067,3.625346226861019,2.388383893391197,0.11748622267556352,4,0
443,ed2570914b60a3807cec27f59f97c26d0b23ba75,7c06da02ed428d529018cc62,soccer_uefa_nations_league,UEFA Nations League,Belgium vs Turkey,Belgium,Turkey,Belgium,1xBet,2026-10-02T18:45:00Z,2026-10-01T11:57:18+00:00,30.794876578333334,1.43,0.622257213871286,0.19691063067216752,0.1808321554565465,0.622257213871286,1.6070524820092327,5.078445976158999,5.529989937217208,0.08224080819362145,7,0
444,7102b435875c66db9a1de448483bbd2bea91942c,7a64ac42f61f43b89df0c1aa,soccer_uefa_nations_league,UEFA Nations League,Wales vs Denmark,Wales,Denmark,Draw,1xBet,2026-10-04T18:45:00Z,2026-10-01T11:57:18+00:00,78.79487657833333,3.99,0.23698719776504498,0.27435197174623954,0.48866083048871545,0.27435197174623954,4.219637218510955,3.6449528451902102,2.0464091607258315,0.01048319724041269,6,0
445,bbaef8ceddd8359e7e91bf71c3852cf0d0c030ad,8f709839a9b8163f96c13ded,soccer_uefa_nations_league,UEFA Nations League,Cyprus vs Armenia,Cyprus,Armenia,Armenia,Betfair,2026-10-02T16:00:00Z,2026-10-01T11:57:18+00:00,28.044876578333334,3.4,0.41040754985833666,0.286476509939077,0.3031159402025865,0.3031159402025865,2.4366023489216446,3.4906875967340683,3.299067674671459,0.011964107676969205,12,0
446,badb5b470c4b82a13fae77c8e3d37d5c88b19f0e,bffdb10c7350120121e8edd4,soccer_uefa_nations_league,UEFA Nations League,Bosnia & Herzegovina vs Sweden,Bosnia & Herzegovina,Sweden,Sweden,Betfair,2026-10-02T18:45:00Z,2026-10-01T11:57:18+00:00,30.794876578333334,2.0,0.2881787567727036,0.2524195217777438,0.45940172144955266,0.45940172144955266,3.4700684089241665,3.961658721786595,2.1767441289612384,0.01385224274406327,10,0
447,2f33b3f58f93d47624b4e47d3045279953559ce3,ff22e4bfb7527387ea1e3ced,soccer_uefa_nations_league,UEFA Nations League,France vs Italy,France,Italy,France,1xBet,2026-10-02T18:45:00Z,2026-10-01T11:57:18+00:00,30.794876578333334,1.46,0.6565517604216485,0.1934720526361004,0.1499761869422511,0.6565517604216485,1.5231091595242745,5.168705176663886,6.667725192833805,0.005444327362135626,14,0
448,b7f2b504c4ee35beee5c1f1cf9663419d867d680,a98ff7c8bb5768c8796de50d,soccer_uefa_nations_league,UEFA Nations League,Hungary vs Georgia,Hungary,Georgia,Hungary,Unibet (SE),2026-10-02T18:45:00Z,2026-10-01T11:57:18+00:00,30.794876578333334,2.1,0.47873380604508287,0.2598980831412897,0.2613681108136275,0.47873380604508287,2.0888435021148872,3.847662083203457,3.8260214564318646,0.0,10,0
449,ab9e105bf5360e41e9d599c94fa46ff8f684c503,a71da85549e7927a7c79342d,soccer_uefa_nations_league,UEFA Nations League,Ukraine vs Northern Ireland,Ukraine,Northern Ireland,Ukraine,Betfair,2026-10-02T18:45:00Z,2026-10-01T11:57:18+00:00,30.794876578333334,1.9,0.5053759430585276,0.27878241926241726,0.21584163767905507,0.5053759430585276,1.9787249744180837,3.5870267667729157,4.63302637411854,0.02827162231186997,12,0
450,7cae5b00b0279ddb49e8dd6400cef5c49704f4e9,3eb6c9d9e5c2217b724a0f2f,soccer_uefa_nations_league,UEFA Nations League,Poland vs Romania,Poland,Romania,Poland,Unibet (SE),2026-10-02T18:45:00Z,2026-10-01T11:57:18+00:00,30.794876578333334,1.66,0.5782506262252949,0.23763857455616597,0.1841107992185391,0.5782506262252949,1.7293539421267923,4.2080710249490645,5.431511916978875,0.02616819268652093,12,0
451,648d5911284ff9f51e1538017494e12ca7979630,31bf83c1c1775f6d79f89248,soccer_uefa_nations_league,UEFA Nations League,Croatia vs England,Croatia,England,England,LeoVegas (SE),2026-10-03T16:00:00Z,2026-10-01T11:57:18+00:00,52.04487657833334,2.12,0.29236571322171867,0.2612318945002351,0.4464023922780462,0.4464023922780462,3.420373712705632,3.828016490532706,2.2401313642090432,0.008861326008994697,12,0
452,7231ad0620f8cf3f208b9d46669057c7fba4bbdd,3266491378d6990a31e15840,soccer_uefa_nations_league,UEFA Nations League,Spain vs Czech Republic,Spain,Czech Republic,Spain,1xBet,2026-10-03T18:45:00Z,2026-10-01T11:57:18+00:00,54.79487657833334,1.25,0.7795357164834738,0.14435937163264587,0.07610491188388037,0.7795357164834738,1.2828148587098127,6.927156780265847,13.139756360611567,0.007849640685461567,12,0
453,47b407ee9fb5e3e50d2d199eab5dffa671abc2e7,53d3af68dc760d1eea27375c,soccer_uefa_nations_league,UEFA Nations League,Greece vs Germany,Greece,Germany,Greece,LeoVegas (SE),2026-10-04T18:45:00Z,2026-10-01T11:57:18+00:00,78.79487657833333,3.5,0.2847043194722838,0.2551552833712038,0.4601403971565123,0.2847043194722838,3.512415975470828,3.919182024325104,2.173249743294892,0.0,13,0
454,6531920b8a38466b9ba7cc6b585cbc5a71dd44e5,a37bc2d1ef1210f5c03dce96,soccer_uefa_nations_league,UEFA Nations League,Republic of Ireland vs Israel,Republic of Ireland,Israel,Israel,1xBet,2026-10-04T18:45:00Z,2026-10-01T11:57:18+00:00,78.79487657833333,3.85,0.4568471768885719,0.2752706020265453,0.2678822210848829,0.2678822210848829,2.1889157919518167,3.6327889452705397,3.7329838312902948,0.030031013495254832,9,0
455,ad3b339769f8c872dc3fab0940150ca33f689d9c,225e2e36bb2c99298c28b711,soccer_uefa_nations_league,UEFA Nations League,Republic of Ireland vs Israel,Republic of Ireland,Israel,Republic of Ireland,1xBet,2026-10-04T18:45:00Z,2026-10-01T11:57:18+00:00,78.79487657833333,2.05,0.4568471768885719,0.2752706020265453,0.2678822210848829,0.4568471768885719,2.1889157919518167,3.6327889452705397,3.7329838312902948,0.030031013495254832,9,0
456,c123f299b6e46fd2f297424acb8d03c930485a0f,9160e523eb2b449142256ffe,soccer_uefa_nations_league,UEFA Nations League,Portugal vs Norway,Portugal,Norway,Portugal,Betfair,2026-10-04T18:45:00Z,2026-10-01T11:57:18+00:00,78.79487657833333,1.77,0.5234899117112368,0.23885267698178222,0.237657411306981,0.5234899117112368,1.9102564875244659,4.186681148548618,4.207737492807681,0.01202469846537646,12,0
457,5b3a6bc33121c74e4af835827acb2cb9b6776799,49e3888de8b5d262824e3635,soccer_uefa_nations_league,UEFA Nations League,Bosnia & Herzegovina vs Sweden,Bosnia & Herzegovina,Sweden,Bosnia & Herzegovina,Unibet (SE),2026-10-02T18:45:00Z,2026-10-01T11:57:18+00:00,30.794876578333334,3.6,0.28724837006211984,0.2637165759636129,0.4490350539742672,0.28724837006211984,3.4813078305152496,3.791949733709488,2.2269976278005834,0.00406236275801497,13,0
458,a0d7b37dbc52ea180993aecb065ac3c7d42f5fcc,62fab111c93af43211685979,soccer_uefa_nations_league,UEFA Nations League,Faroe Islands vs Slovakia,Faroe Islands,Slovakia,Slovakia,1xBet,2026-10-02T18:45:00Z,2026-10-01T11:57:18+00:00,30.794876578333334,1.66,0.15858409037712146,0.25254013150610244,0.5888757781167762,0.5888757781167762,6.305802792839726,3.9597666875208537,1.6981510144601268,0.020108035144434044,13,0
459,523731922de6b723df8b727b20046abe71a41bfb,463a274745de1371e726840b,soccer_uefa_nations_league,UEFA Nations League,Hungary vs Georgia,Hungary,Georgia,Georgia,Betfair,2026-10-02T18:45:00Z,2026-10-01T11:57:18+00:00,30.794876578333334,4.0,0.4635634017103748,0.2778116747202018,0.25862492356942346,0.25862492356942346,2.1572022215523825,3.599560749227514,3.8666033659805685,0.016483516483516425,13,0
460,cf237b16ca23dd1093d77371c142068c377bda3f,0f4251f5e05d2f1f7dde48ea,soccer_uefa_nations_league,UEFA Nations League,Croatia vs England,Croatia,England,Croatia,Betfair,2026-10-03T16:00:00Z,2026-10-01T11:57:18+00:00,52.04487657833334,3.5,0.2792967570196547,0.2517284832972657,0.4689747596830797,0.2792967570196547,3.580421092857974,3.972534164197469,2.1323109172778776,0.0015659254619480034,14,0
461,dd8ca057407cc04f3c1509c01540937fbc76818f,ed0893f6cac4239ea000903c,soccer_uefa_nations_league,UEFA Nations League,Greece vs Germany,Greece,Germany,Germany,Betfair,2026-10-04T18:45:00Z,2026-10-01T11:57:18+00:00,78.79487657833333,2.2,0.27995138508694484,0.24858244775645216,0.47146616715660294,0.47146616715660294,3.5720487672866086,4.022810174352079,2.1210429711870256,0.0,14,0
462,4a836522711f10f115a1db4262c014df2d848dca,595c6a1f3c1f3956541d64e4,soccer_uefa_nations_league,UEFA Nations League,Netherlands vs Serbia,Netherlands,Serbia,Netherlands,1xBet,2026-10-04T18:45:00Z,2026-10-01T11:57:18+00:00,78.79487657833333,1.27,0.752332117226252,0.16263369783100354,0.08503418494274441,0.752332117226252,1.329200199091415,6.148787203000963,11.759976304510056,0.030404119332411605,11,0
463,f78a7d0b6fbd13f300db2243a4083491c41a2617,9b5ee6cf75befd05a84c6731,soccer_uefa_nations_league,UEFA Nations League,Republic of Ireland vs Austria,Republic of Ireland,Austria,Austria,1xBet,2026-10-01T18:45:00Z,2026-10-01T11:57:18+00:00,6.794876578333333,2.17,0.26890236971116205,0.2910813980436076,0.4400162322452303,0.4400162322452303,3.7188218202544547,3.4354651541497256,2.2726434315784036,0.030187671141387762,11,1
464,b373843d55fa611ce239c8d8a8dc7a7b78fb93cd,53a4deaa6bc982d6b2631a4d,soccer_uefa_nations_league,UEFA Nations League,Finland vs Albania,Finland,Albania,Albania,Unibet (SE),2026-10-03T13:00:00Z,2026-10-01T11:57:18+00:00,49.04487657833334,3.6,0.4236011477529688,0.2889569977155126,0.28744185453151866,0.28744185453151866,2.360711261772051,3.460722557010133,3.4789644731099787,0.0,12,0
465,74bee4b8569d66e9912f940d7ba1fb20b1683114,d0196cbe7ffc53c6782fa0e4,soccer_uefa_nations_league,UEFA Nations League,Iceland vs Bulgaria,Iceland,Bulgaria,Iceland,1xBet,2026-10-03T16:00:00Z,2026-10-01T11:57:18+00:00,52.04487657833334,1.59,0.6011247314298496,0.24548924973381395,0.15338601883633662,0.6011247314298496,1.66354825831467,4.073498131116978,6.51949902335625,0.03101507549489302,12,0
466,19168abc71dc936c791e18a373b08f313ec04910,d0551086c021cda674e370f9,soccer_uefa_nations_league,UEFA Nations League,Switzerland vs Slovenia,Switzerland,Slovenia,Switzerland,LeoVegas (SE),2026-10-03T18:45:00Z,2026-10-01T11:57:18+00:00,54.79487657833334,1.42,0.6691282574106953,0.2052167206503807,0.12565502193892408,0.6691282574106953,1.4944817961651609,4.872897280644392,7.958297126286447,0.029747148027020165,12,0
467,7a977488fd89c2b8aac1180b358ae44fd854f5c3,00d6c822684c748bb71960b0,soccer_uefa_nations_league,UEFA Nations League,North Macedonia vs Scotland,North Macedonia,Scotland,Scotland,Unibet (SE),2026-10-03T18:45:00Z,2026-10-01T11:57:18+00:00,54.79487657833334,1.81,0.20126747189797012,0.2675713440957947,0.5311611840062352,0.5311611840062352,4.968512748582328,3.737320987713783,1.8826676912977534,0.03012477836507066,11,0
468,f062f8cd6749426cad2a2ea9c8b74509853a85a4,5ace17fdb14d24e3cc5d303e,soccer_uefa_nations_league,UEFA Nations League,Estonia vs Luxembourg,Estonia,Luxembourg,Estonia,Betfair,2026-10-03T16:00:00Z,2026-10-01T11:57:18+00:00,52.04487657833334,3.2,0.3194663003610437,0.30520652158738126,0.37532717805157517,0.3194663003610437,3.130220617541987,3.2764699613854678,2.6643420953187302,0.011800699300699158,10,0
469,6681928d09612a2f46255ef4d7f0c968fe6a4e22,488979150ae4f5fe9d0ba7e0,soccer_uefa_nations_league,UEFA Nations League,France vs Belgium,France,Belgium,France,MyBookie.ag,2026-10-05T18:45:00Z,2026-10-01T11:57:18+00:00,102.79487657833333,1.49,0.5706568404168396,0.23250709368838568,0.19683606589477481,0.5706568404168396,1.7523666224162742,4.300944044916908,5.080369776007324,0.07193459039096628,8,0
470,05ac4294411c2e051bc3219cbaa4969b66d9d131,4f3c220eb3fc9c8b7c6804ee,soccer_uefa_nations_league,UEFA Nations League,Italy vs Turkey,Italy,Turkey,Italy,1xBet,2026-10-05T18:45:00Z,2026-10-01T11:57:18+00:00,102.79487657833333,1.72,0.5637514217263305,0.2396829553070453,0.19656562296662403,0.5637514217263305,1.773831446735479,4.172178195645795,5.087359554065034,0.01012711090230467,8,0
471,520b0ef2774ec9e9b1696527ccb212ced9d872e2,648f52c84f90c807be1763ea,soccer_uefa_nations_league,UEFA Nations League,Croatia vs Spain,Croatia,Spain,Spain,MyBookie.ag,2026-10-06T18:45:00Z,2026-10-01T11:57:18+00:00,126.79487657833333,1.42,0.1698570572868807,0.22284262911585062,0.6073003135972688,0.6073003135972688,5.887303218205685,4.4874717371967625,1.6466317859719566,0.05541582830315228,8,0
